<?xml version="1.0" encoding="UTF-8"?>
<!--
  ##################################################################################################
  ###                      This transcription is automatically generated by                      ###
  ###                              X-MI, Cross-Media interaction                                 ###
  ###                                    http://x-mi.nl                                          ###
  ##################################################################################################
-->
<shout_metadata>
  <model_info>
    <version>Standaard systeem 28-02-2012</version>
    <description>Academia</description>
  </model_info>
  <segments>
  <speech label="SPK01-001" begintime="0.00" endtime="2.79" >
    <wordsequence>
      <word confidence="0.750" wordID="SIL" beginTime="0.000" endTime="0.310"/>
      <word confidence="0.774" wordID="ja" beginTime="0.310" endTime="2.790"/>
    </wordsequence>
  </speech>
  <speech label="SPK03-002" begintime="2.81" endtime="5.48" >
    <wordsequence>
      <word confidence="0.750" wordID="SIL" beginTime="2.810" endTime="2.930"/>
      <word confidence="0.739" wordID="ja" beginTime="2.930" endTime="3.510"/>
      <word confidence="0.885" wordID="SIL" beginTime="3.510" endTime="3.570"/>
      <word confidence="0.758" wordID="ik" beginTime="3.570" endTime="3.990"/>
      <word confidence="0.857" wordID="SIL" beginTime="3.990" endTime="4.000"/>
      <word confidence="0.792" wordID="moet" beginTime="4.000" endTime="4.710"/>
      <word confidence="0.752" wordID="SIL" beginTime="4.710" endTime="4.750"/>
      <word confidence="0.763" wordID="ik" beginTime="4.750" endTime="5.070"/>
      <word confidence="0.729" wordID="SIL" beginTime="5.070" endTime="5.100"/>
      <word confidence="0.820" wordID="doen" beginTime="5.100" endTime="5.310"/>
      <word confidence="0.865" wordID="SIL" beginTime="5.310" endTime="5.320"/>
      <word confidence="0.768" wordID="om" beginTime="5.320" endTime="5.480"/>
    </wordsequence>
  </speech>
  <speech label="SPK15-003" begintime="5.50" endtime="9.03" >
    <wordsequence>
      <word confidence="0.691" wordID="SIL" beginTime="5.500" endTime="5.620"/>
      <word confidence="0.723" wordID="ja" beginTime="5.620" endTime="5.790"/>
      <word confidence="0.876" wordID="SIL" beginTime="5.790" endTime="5.870"/>
      <word confidence="0.806" wordID="ja" beginTime="5.870" endTime="6.000"/>
      <word confidence="0.790" wordID="SIL" beginTime="6.000" endTime="6.240"/>
      <word confidence="0.756" wordID="ja" beginTime="6.240" endTime="6.650"/>
      <word confidence="0.769" wordID="SIL" beginTime="6.650" endTime="6.660"/>
      <word confidence="0.765" wordID="ja" beginTime="6.660" endTime="7.260"/>
      <word confidence="0.821" wordID="SIL" beginTime="7.260" endTime="7.290"/>
      <word confidence="0.785" wordID="ja" beginTime="7.290" endTime="7.460"/>
      <word confidence="0.677" wordID="SIL" beginTime="7.460" endTime="7.470"/>
      <word confidence="0.763" wordID="ja" beginTime="7.470" endTime="8.380"/>
      <word confidence="0.733" wordID="SIL" beginTime="8.380" endTime="8.420"/>
      <word confidence="0.796" wordID="ja" beginTime="8.420" endTime="9.030"/>
    </wordsequence>
  </speech>
  <speech label="SPK14-004" begintime="9.05" endtime="11.73" >
    <wordsequence>
      <word confidence="0.725" wordID="SIL" beginTime="9.050" endTime="9.180"/>
      <word confidence="0.740" wordID="hij" beginTime="9.180" endTime="9.270"/>
      <word confidence="0.760" wordID="SIL" beginTime="9.270" endTime="9.820"/>
      <word confidence="0.832" wordID="deed" beginTime="9.820" endTime="10.310"/>
      <word confidence="0.788" wordID="er" beginTime="10.310" endTime="11.390"/>
      <word confidence="0.774" wordID="SIL" beginTime="11.390" endTime="11.400"/>
      <word confidence="0.793" wordID="ruim" beginTime="11.400" endTime="11.730"/>
    </wordsequence>
  </speech>
  <speech label="SPK02-005" begintime="11.75" endtime="14.44" >
    <wordsequence>
      <word confidence="0.750" wordID="SIL" beginTime="11.750" endTime="11.760"/>
      <word confidence="0.738" wordID="ja" beginTime="11.760" endTime="14.420"/>
      <word confidence="0.650" wordID="SIL" beginTime="14.420" endTime="14.440"/>
    </wordsequence>
  </speech>
  <speech label="SPK01-006" begintime="14.46" endtime="16.78" >
    <wordsequence>
      <word confidence="0.725" wordID="SIL" beginTime="14.460" endTime="14.520"/>
      <word confidence="0.792" wordID="uh" beginTime="14.520" endTime="14.690"/>
      <word confidence="0.761" wordID="onderhandelen" beginTime="14.690" endTime="16.210"/>
      <word confidence="0.763" wordID="en" beginTime="16.210" endTime="16.780"/>
    </wordsequence>
  </speech>
  <speech label="SPK02-007" begintime="16.80" endtime="19.26" >
    <wordsequence>
      <word confidence="0.715" wordID="je" beginTime="16.800" endTime="17.860"/>
      <word confidence="0.712" wordID="SIL" beginTime="17.860" endTime="17.870"/>
      <word confidence="0.781" wordID="moet" beginTime="17.870" endTime="18.150"/>
      <word confidence="0.743" wordID="SIL" beginTime="18.150" endTime="18.280"/>
      <word confidence="0.826" wordID="er" beginTime="18.280" endTime="18.580"/>
      <word confidence="0.832" wordID="een" beginTime="18.580" endTime="18.830"/>
      <word confidence="0.665" wordID="SIL" beginTime="18.830" endTime="18.900"/>
      <word confidence="0.795" wordID="hele" beginTime="18.900" endTime="19.260"/>
    </wordsequence>
  </speech>
  <speech label="SPK13-008" begintime="19.28" endtime="22.17" >
    <wordsequence>
      <word confidence="0.752" wordID="ja" beginTime="19.280" endTime="19.520"/>
      <word confidence="0.831" wordID="SIL" beginTime="19.520" endTime="19.530"/>
      <word confidence="0.773" wordID="ja" beginTime="19.530" endTime="21.270"/>
      <word confidence="0.780" wordID="SIL" beginTime="21.270" endTime="21.350"/>
      <word confidence="0.801" wordID="heel" beginTime="21.350" endTime="21.770"/>
      <word confidence="0.815" wordID="erg" beginTime="21.770" endTime="22.120"/>
      <word confidence="0.764" wordID="SIL" beginTime="22.120" endTime="22.170"/>
    </wordsequence>
  </speech>
  <speech label="SPK02-009" begintime="22.19" endtime="25.70" >
    <wordsequence>
      <word confidence="0.718" wordID="SIL" beginTime="22.190" endTime="22.310"/>
      <word confidence="0.787" wordID="de" beginTime="22.310" endTime="22.520"/>
      <word confidence="0.733" wordID="SIL" beginTime="22.520" endTime="22.630"/>
      <word confidence="0.797" wordID="rand" beginTime="22.630" endTime="23.260"/>
      <word confidence="0.755" wordID="SIL" beginTime="23.260" endTime="23.570"/>
      <word confidence="0.740" wordID="van" beginTime="23.570" endTime="23.660"/>
      <word confidence="0.593" wordID="SIL" beginTime="23.660" endTime="23.670"/>
      <word confidence="0.816" wordID="een" beginTime="23.670" endTime="23.930"/>
      <word confidence="0.764" wordID="SIL" beginTime="23.930" endTime="23.960"/>
      <word confidence="0.791" wordID="ander" beginTime="23.960" endTime="24.290"/>
      <word confidence="0.782" wordID="land" beginTime="24.290" endTime="24.650"/>
      <word confidence="0.732" wordID="SIL" beginTime="24.650" endTime="24.780"/>
      <word confidence="0.814" wordID="heeft" beginTime="24.780" endTime="24.920"/>
      <word confidence="0.808" wordID="SIL" beginTime="24.920" endTime="25.010"/>
      <word confidence="0.781" wordID="een" beginTime="25.010" endTime="25.700"/>
    </wordsequence>
  </speech>
  <speech label="SPK01-010" begintime="25.72" endtime="28.17" >
    <wordsequence>
      <word confidence="0.750" wordID="SIL" beginTime="25.720" endTime="25.740"/>
      <word confidence="0.758" wordID="een" beginTime="25.740" endTime="26.980"/>
      <word confidence="0.754" wordID="SIL" beginTime="26.980" endTime="27.090"/>
      <word confidence="0.796" wordID="ander" beginTime="27.090" endTime="27.300"/>
      <word confidence="0.820" wordID="geluid" beginTime="27.300" endTime="27.670"/>
      <word confidence="0.732" wordID="SIL" beginTime="27.670" endTime="27.700"/>
      <word confidence="0.789" wordID="horen" beginTime="27.700" endTime="28.170"/>
    </wordsequence>
  </speech>
  <speech label="SPK02-011" begintime="28.19" endtime="32.05" >
    <wordsequence>
      <word confidence="0.683" wordID="die" beginTime="28.190" endTime="28.300"/>
      <word confidence="0.755" wordID="een" beginTime="28.300" endTime="28.820"/>
      <word confidence="0.748" wordID="SIL" beginTime="28.820" endTime="28.960"/>
      <word confidence="0.762" wordID="ramp" beginTime="28.960" endTime="31.220"/>
      <word confidence="0.756" wordID="SIL" beginTime="31.220" endTime="31.420"/>
      <word confidence="0.720" wordID="voor" beginTime="31.420" endTime="31.730"/>
      <word confidence="0.733" wordID="SIL" beginTime="31.730" endTime="31.770"/>
      <word confidence="0.935" wordID="het" beginTime="31.770" endTime="32.050"/>
    </wordsequence>
  </speech>
  <speech label="SPK05-012" begintime="32.07" endtime="35.47" >
    <wordsequence>
      <word confidence="0.750" wordID="SIL" beginTime="32.070" endTime="32.350"/>
      <word confidence="0.808" wordID="daar" beginTime="32.350" endTime="32.560"/>
      <word confidence="0.746" wordID="SIL" beginTime="32.560" endTime="32.580"/>
      <word confidence="0.816" wordID="stond" beginTime="32.580" endTime="33.040"/>
      <word confidence="0.748" wordID="SIL" beginTime="33.040" endTime="33.070"/>
      <word confidence="0.847" wordID="bij" beginTime="33.070" endTime="33.360"/>
      <word confidence="0.742" wordID="SIL" beginTime="33.360" endTime="33.370"/>
      <word confidence="0.798" wordID="ik" beginTime="33.370" endTime="33.710"/>
      <word confidence="0.748" wordID="SIL" beginTime="33.710" endTime="33.740"/>
      <word confidence="0.824" wordID="als" beginTime="33.740" endTime="34.180"/>
      <word confidence="0.735" wordID="SIL" beginTime="34.180" endTime="34.190"/>
      <word confidence="0.829" wordID="ik" beginTime="34.190" endTime="34.430"/>
      <word confidence="0.749" wordID="SIL" beginTime="34.430" endTime="34.540"/>
      <word confidence="0.827" wordID="dat" beginTime="34.540" endTime="34.710"/>
      <word confidence="0.743" wordID="SIL" beginTime="34.710" endTime="34.720"/>
      <word confidence="0.816" wordID="mensen" beginTime="34.720" endTime="35.040"/>
      <word confidence="0.748" wordID="SIL" beginTime="35.040" endTime="35.080"/>
      <word confidence="0.856" wordID="eerder" beginTime="35.080" endTime="35.320"/>
      <word confidence="0.935" wordID="in" beginTime="35.320" endTime="35.430"/>
      <word confidence="0.745" wordID="SIL" beginTime="35.430" endTime="35.470"/>
    </wordsequence>
  </speech>
  <speech label="SPK05-013" begintime="35.49" endtime="41.25" >
    <wordsequence>
      <word confidence="0.750" wordID="SIL" beginTime="35.490" endTime="35.550"/>
      <word confidence="0.774" wordID="je" beginTime="35.550" endTime="35.980"/>
      <word confidence="0.799" wordID="SIL" beginTime="35.980" endTime="35.990"/>
      <word confidence="0.875" wordID="moet" beginTime="35.990" endTime="36.220"/>
      <word confidence="0.742" wordID="nog" beginTime="36.220" endTime="36.320"/>
      <word confidence="0.748" wordID="SIL" beginTime="36.320" endTime="36.370"/>
      <word confidence="0.819" wordID="even" beginTime="36.370" endTime="36.590"/>
      <word confidence="0.924" wordID="SIL" beginTime="36.590" endTime="36.600"/>
      <word confidence="0.928" wordID="en" beginTime="36.600" endTime="36.750"/>
      <word confidence="0.774" wordID="SIL" beginTime="36.750" endTime="36.790"/>
      <word confidence="0.824" wordID="ja" beginTime="36.790" endTime="37.110"/>
      <word confidence="0.851" wordID="SIL" beginTime="37.110" endTime="37.150"/>
      <word confidence="0.852" wordID="dat" beginTime="37.150" endTime="37.430"/>
      <word confidence="0.817" wordID="SIL" beginTime="37.430" endTime="37.440"/>
      <word confidence="0.809" wordID="je" beginTime="37.440" endTime="37.900"/>
      <word confidence="0.741" wordID="SIL" beginTime="37.900" endTime="37.910"/>
      <word confidence="0.782" wordID="je" beginTime="37.910" endTime="38.260"/>
      <word confidence="0.717" wordID="SIL" beginTime="38.260" endTime="38.270"/>
      <word confidence="0.804" wordID="kunt" beginTime="38.270" endTime="38.500"/>
      <word confidence="0.701" wordID="SIL" beginTime="38.500" endTime="38.510"/>
      <word confidence="0.818" wordID="er" beginTime="38.510" endTime="38.750"/>
      <word confidence="0.741" wordID="SIL" beginTime="38.750" endTime="38.880"/>
      <word confidence="0.841" wordID="niet" beginTime="38.880" endTime="39.110"/>
      <word confidence="0.823" wordID="SIL" beginTime="39.110" endTime="39.610"/>
      <word confidence="0.824" wordID="van" beginTime="39.610" endTime="39.950"/>
      <word confidence="0.685" wordID="SIL" beginTime="39.950" endTime="39.960"/>
      <word confidence="0.891" wordID="maar" beginTime="39.960" endTime="40.100"/>
      <word confidence="0.791" wordID="ik" beginTime="40.100" endTime="40.220"/>
      <word confidence="0.710" wordID="SIL" beginTime="40.220" endTime="40.230"/>
      <word confidence="0.778" wordID="ben" beginTime="40.230" endTime="40.430"/>
      <word confidence="0.740" wordID="SIL" beginTime="40.430" endTime="40.440"/>
      <word confidence="0.798" wordID="een" beginTime="40.440" endTime="40.540"/>
      <word confidence="0.793" wordID="land" beginTime="40.540" endTime="40.910"/>
      <word confidence="0.830" wordID="SIL" beginTime="40.910" endTime="41.250"/>
    </wordsequence>
  </speech>
  <speech label="SPK05-014" begintime="41.27" endtime="45.54" >
    <wordsequence>
      <word confidence="0.750" wordID="SIL" beginTime="41.270" endTime="41.670"/>
      <word confidence="0.785" wordID="ja" beginTime="41.670" endTime="42.390"/>
      <word confidence="0.742" wordID="SIL" beginTime="42.390" endTime="42.400"/>
      <word confidence="0.880" wordID="daar" beginTime="42.400" endTime="42.530"/>
      <word confidence="0.835" wordID="had" beginTime="42.530" endTime="42.860"/>
      <word confidence="0.801" wordID="je" beginTime="42.860" endTime="43.050"/>
      <word confidence="0.791" wordID="in" beginTime="43.050" endTime="43.200"/>
      <word confidence="0.738" wordID="SIL" beginTime="43.200" endTime="43.210"/>
      <word confidence="0.807" wordID="een" beginTime="43.210" endTime="43.330"/>
      <word confidence="0.809" wordID="renner" beginTime="43.330" endTime="43.660"/>
      <word confidence="0.759" wordID="SIL" beginTime="43.660" endTime="43.700"/>
      <word confidence="0.793" wordID="wel" beginTime="43.700" endTime="44.010"/>
      <word confidence="0.944" wordID="SIL" beginTime="44.010" endTime="44.020"/>
      <word confidence="0.845" wordID="wat" beginTime="44.020" endTime="44.220"/>
      <word confidence="0.730" wordID="SIL" beginTime="44.220" endTime="44.310"/>
      <word confidence="0.730" wordID="voor" beginTime="44.310" endTime="44.500"/>
      <word confidence="0.767" wordID="SIL" beginTime="44.500" endTime="44.850"/>
      <word confidence="0.763" wordID="een" beginTime="44.850" endTime="45.130"/>
      <word confidence="0.939" wordID="SIL" beginTime="45.130" endTime="45.540"/>
    </wordsequence>
  </speech>
  <speech label="SPK12-015" begintime="46.56" endtime="50.04" >
    <wordsequence>
      <word confidence="0.750" wordID="SIL" beginTime="46.560" endTime="46.670"/>
      <word confidence="0.754" wordID="en" beginTime="46.670" endTime="46.920"/>
      <word confidence="0.751" wordID="SIL" beginTime="46.920" endTime="46.950"/>
      <word confidence="0.773" wordID="voor" beginTime="46.950" endTime="47.970"/>
      <word confidence="0.763" wordID="SIL" beginTime="47.970" endTime="48.300"/>
      <word confidence="0.748" wordID="iedere" beginTime="48.300" endTime="49.280"/>
      <word confidence="0.740" wordID="SIL" beginTime="49.280" endTime="49.520"/>
      <word confidence="0.751" wordID="dag" beginTime="49.520" endTime="49.710"/>
      <word confidence="0.732" wordID="SIL" beginTime="49.710" endTime="49.870"/>
      <word confidence="0.758" wordID="een" beginTime="49.870" endTime="50.030"/>
      <word confidence="0.710" wordID="SIL" beginTime="50.030" endTime="50.040"/>
    </wordsequence>
  </speech>
  <speech label="SPK14-016" begintime="50.06" endtime="53.64" >
    <wordsequence>
      <word confidence="0.749" wordID="nee" beginTime="50.060" endTime="52.800"/>
      <word confidence="0.770" wordID="SIL" beginTime="52.800" endTime="52.850"/>
      <word confidence="0.814" wordID="er" beginTime="52.850" endTime="53.060"/>
      <word confidence="0.861" wordID="SIL" beginTime="53.060" endTime="53.100"/>
      <word confidence="0.804" wordID="komt" beginTime="53.100" endTime="53.270"/>
      <word confidence="0.805" wordID="SIL" beginTime="53.270" endTime="53.420"/>
      <word confidence="0.765" wordID="een" beginTime="53.420" endTime="53.640"/>
    </wordsequence>
  </speech>
  <speech label="SPK16-017" begintime="53.66" endtime="55.50" >
    <wordsequence>
      <word confidence="0.750" wordID="SIL" beginTime="53.660" endTime="53.670"/>
      <word confidence="0.747" wordID="lurling" beginTime="53.670" endTime="55.180"/>
      <word confidence="0.868" wordID="SIL" beginTime="55.180" endTime="55.500"/>
    </wordsequence>
  </speech>
  <speech label="SPK16-018" begintime="56.05" endtime="57.70" >
    <wordsequence>
      <word confidence="0.750" wordID="SIL" beginTime="56.050" endTime="56.400"/>
      <word confidence="0.812" wordID="het" beginTime="56.400" endTime="56.640"/>
      <word confidence="0.750" wordID="SIL" beginTime="56.640" endTime="57.240"/>
      <word confidence="0.811" wordID="is" beginTime="57.240" endTime="57.400"/>
      <word confidence="0.749" wordID="SIL" beginTime="57.400" endTime="57.700"/>
    </wordsequence>
  </speech>

  </segments>
</shout_metadata>
