<?xml version="1.0" encoding="UTF-8"?>
<!--
  ##################################################################################################
  ###                      This transcription is automatically generated by                      ###
  ###                              X-MI, Cross-Media interaction                                 ###
  ###                                    http://x-mi.nl                                          ###
  ##################################################################################################
-->
<shout_metadata>
  <model_info>
    <version>Standaard systeem 28-02-2012</version>
    <description>Academia</description>
  </model_info>
  <segments>
  <speech label="SPK01-001" begintime="0.66" endtime="4.23" >
    <wordsequence>
      <word confidence="0.750" wordID="SIL" beginTime="0.660" endTime="1.120"/>
      <word confidence="0.915" wordID="van" beginTime="1.120" endTime="1.340"/>
      <word confidence="0.749" wordID="SIL" beginTime="1.340" endTime="1.460"/>
      <word confidence="0.944" wordID="de" beginTime="1.460" endTime="1.560"/>
      <word confidence="0.896" wordID="kartels" beginTime="1.560" endTime="2.010"/>
      <word confidence="0.905" wordID="schoolgebouwen" beginTime="2.010" endTime="2.700"/>
      <word confidence="1.000" wordID="zo" beginTime="2.700" endTime="2.820"/>
      <word confidence="0.941" wordID="snel" beginTime="2.820" endTime="3.070"/>
      <word confidence="1.000" wordID="mogelijk" beginTime="3.070" endTime="3.420"/>
      <word confidence="1.000" wordID="aan" beginTime="3.420" endTime="3.570"/>
      <word confidence="0.966" wordID="te" beginTime="3.570" endTime="3.670"/>
      <word confidence="0.946" wordID="vullen" beginTime="3.670" endTime="3.950"/>
      <word confidence="0.750" wordID="SIL" beginTime="3.950" endTime="4.230"/>
    </wordsequence>
  </speech>
  <speech label="SPK02-002" begintime="4.25" endtime="8.11" >
    <wordsequence>
      <word confidence="0.900" wordID="zijn" beginTime="4.250" endTime="4.450"/>
      <word confidence="0.977" wordID="in" beginTime="4.450" endTime="4.520"/>
      <word confidence="1.000" wordID="de" beginTime="4.520" endTime="4.620"/>
      <word confidence="1.000" wordID="laatste" beginTime="4.620" endTime="4.950"/>
      <word confidence="0.875" wordID="tijd" beginTime="4.950" endTime="5.190"/>
      <word confidence="0.967" wordID="in" beginTime="5.190" endTime="5.290"/>
      <word confidence="0.934" wordID="verschillende" beginTime="5.290" endTime="5.700"/>
      <word confidence="0.905" wordID="gemeenten" beginTime="5.700" endTime="6.090"/>
      <word confidence="0.965" wordID="van" beginTime="6.090" endTime="6.220"/>
      <word confidence="1.000" wordID="ons" beginTime="6.220" endTime="6.350"/>
      <word confidence="1.000" wordID="land" beginTime="6.350" endTime="6.580"/>
      <word confidence="0.928" wordID="nogal" beginTime="6.580" endTime="6.910"/>
      <word confidence="0.743" wordID="SIL" beginTime="6.910" endTime="6.950"/>
      <word confidence="0.953" wordID="een" beginTime="6.950" endTime="7.060"/>
      <word confidence="1.000" wordID="schoolgebouw" beginTime="7.060" endTime="7.730"/>
      <word confidence="0.790" wordID="SIL" beginTime="7.730" endTime="7.780"/>
      <word confidence="0.815" wordID="in" beginTime="7.780" endTime="7.980"/>
      <word confidence="0.854" wordID="SIL" beginTime="7.980" endTime="8.110"/>
    </wordsequence>
  </speech>
  <speech label="SPK02-003" begintime="8.13" endtime="14.71" >
    <wordsequence>
      <word confidence="0.750" wordID="SIL" beginTime="8.130" endTime="8.490"/>
      <word confidence="0.950" wordID="wat" beginTime="8.490" endTime="8.600"/>
      <word confidence="1.000" wordID="materiaal" beginTime="8.600" endTime="9.040"/>
      <word confidence="0.965" wordID="hiervoor" beginTime="9.040" endTime="9.590"/>
      <word confidence="0.738" wordID="SIL" beginTime="9.590" endTime="9.600"/>
      <word confidence="0.951" wordID="te" beginTime="9.600" endTime="9.730"/>
      <word confidence="0.882" wordID="importeren" beginTime="9.730" endTime="10.370"/>
      <word confidence="0.745" wordID="SIL" beginTime="10.370" endTime="10.390"/>
      <word confidence="1.000" wordID="finland" beginTime="10.390" endTime="10.840"/>
      <word confidence="0.750" wordID="SIL" beginTime="10.840" endTime="11.230"/>
      <word confidence="0.946" wordID="binnen" beginTime="11.230" endTime="11.470"/>
      <word confidence="0.979" wordID="het" beginTime="11.470" endTime="11.590"/>
      <word confidence="0.930" wordID="rampen" beginTime="11.590" endTime="11.940"/>
      <word confidence="1.000" wordID="want" beginTime="11.940" endTime="12.070"/>
      <word confidence="0.987" wordID="tussen" beginTime="12.070" endTime="12.280"/>
      <word confidence="0.986" wordID="nederland" beginTime="12.280" endTime="12.680"/>
      <word confidence="0.988" wordID="en" beginTime="12.680" endTime="12.770"/>
      <word confidence="0.931" wordID="finland" beginTime="12.770" endTime="13.110"/>
      <word confidence="1.000" wordID="bestanden" beginTime="13.110" endTime="13.450"/>
      <word confidence="0.914" wordID="andere" beginTime="13.450" endTime="13.780"/>
      <word confidence="0.989" wordID="overeenkomst" beginTime="13.780" endTime="14.370"/>
      <word confidence="0.750" wordID="SIL" beginTime="14.370" endTime="14.710"/>
    </wordsequence>
  </speech>
  <speech label="SPK02-004" begintime="14.84" endtime="19.31" >
    <wordsequence>
      <word confidence="0.750" wordID="SIL" beginTime="14.840" endTime="15.310"/>
      <word confidence="0.845" wordID="een" beginTime="15.310" endTime="15.470"/>
      <word confidence="0.902" wordID="besparing" beginTime="15.470" endTime="15.920"/>
      <word confidence="1.000" wordID="van" beginTime="15.920" endTime="16.050"/>
      <word confidence="0.962" wordID="deviezen" beginTime="16.050" endTime="16.500"/>
      <word confidence="0.749" wordID="SIL" beginTime="16.500" endTime="16.710"/>
      <word confidence="0.872" wordID="wordt" beginTime="16.710" endTime="16.870"/>
      <word confidence="1.000" wordID="een" beginTime="16.870" endTime="16.940"/>
      <word confidence="0.900" wordID="belangrijk" beginTime="16.940" endTime="17.340"/>
      <word confidence="1.000" wordID="deel" beginTime="17.340" endTime="17.520"/>
      <word confidence="1.000" wordID="van" beginTime="17.520" endTime="17.630"/>
      <word confidence="0.885" wordID="de" beginTime="17.630" endTime="17.730"/>
      <word confidence="0.738" wordID="SIL" beginTime="17.730" endTime="17.740"/>
      <word confidence="1.000" wordID="material" beginTime="17.740" endTime="18.210"/>
      <word confidence="0.968" wordID="in" beginTime="18.210" endTime="18.340"/>
      <word confidence="0.938" wordID="nederland" beginTime="18.340" endTime="18.740"/>
      <word confidence="0.959" wordID="bewerkte" beginTime="18.740" endTime="19.240"/>
      <word confidence="0.747" wordID="SIL" beginTime="19.240" endTime="19.310"/>
    </wordsequence>
  </speech>
  <speech label="SPK02-005" begintime="19.34" endtime="22.88" >
    <wordsequence>
      <word confidence="0.750" wordID="SIL" beginTime="19.340" endTime="20.230"/>
      <word confidence="0.870" wordID="de" beginTime="20.230" endTime="20.310"/>
      <word confidence="0.742" wordID="SIL" beginTime="20.310" endTime="20.320"/>
      <word confidence="0.901" wordID="school" beginTime="20.320" endTime="20.630"/>
      <word confidence="0.742" wordID="SIL" beginTime="20.630" endTime="20.640"/>
      <word confidence="0.871" wordID="wordt" beginTime="20.640" endTime="20.870"/>
      <word confidence="1.000" wordID="op" beginTime="20.870" endTime="20.980"/>
      <word confidence="1.000" wordID="een" beginTime="20.980" endTime="21.050"/>
      <word confidence="0.890" wordID="betonnen" beginTime="21.050" endTime="21.490"/>
      <word confidence="0.741" wordID="SIL" beginTime="21.490" endTime="21.500"/>
      <word confidence="0.951" wordID="fundering" beginTime="21.500" endTime="21.980"/>
      <word confidence="0.743" wordID="SIL" beginTime="21.980" endTime="21.990"/>
      <word confidence="0.995" wordID="opgetrokken" beginTime="21.990" endTime="22.570"/>
      <word confidence="0.749" wordID="SIL" beginTime="22.570" endTime="22.880"/>
    </wordsequence>
  </speech>
  <speech label="SPK02-006" begintime="22.95" endtime="27.08" >
    <wordsequence>
      <word confidence="0.750" wordID="SIL" beginTime="22.950" endTime="23.310"/>
      <word confidence="0.967" wordID="de" beginTime="23.310" endTime="23.380"/>
      <word confidence="0.892" wordID="ballen" beginTime="23.380" endTime="23.800"/>
      <word confidence="1.000" wordID="van" beginTime="23.800" endTime="24.080"/>
      <word confidence="0.741" wordID="SIL" beginTime="24.080" endTime="24.090"/>
      <word confidence="0.972" wordID="keulen" beginTime="24.090" endTime="24.330"/>
      <word confidence="0.879" wordID="dertig" beginTime="24.330" endTime="24.690"/>
      <word confidence="0.951" wordID="arbeiders" beginTime="24.690" endTime="25.280"/>
      <word confidence="0.745" wordID="SIL" beginTime="25.280" endTime="25.320"/>
      <word confidence="1.000" wordID="in" beginTime="25.320" endTime="25.430"/>
      <word confidence="1.000" wordID="ongeveer" beginTime="25.430" endTime="25.770"/>
      <word confidence="0.934" wordID="twee" beginTime="25.770" endTime="26.070"/>
      <word confidence="1.000" wordID="maanden" beginTime="26.070" endTime="26.410"/>
      <word confidence="0.904" wordID="oud" beginTime="26.410" endTime="26.590"/>
      <word confidence="0.742" wordID="SIL" beginTime="26.590" endTime="26.610"/>
      <word confidence="0.991" wordID="voeren" beginTime="26.610" endTime="27.060"/>
      <word confidence="0.744" wordID="SIL" beginTime="27.060" endTime="27.080"/>
    </wordsequence>
  </speech>
  <speech label="SPK07-007" begintime="27.11" endtime="29.30" >
    <wordsequence>
      <word confidence="0.673" wordID="SIL" beginTime="27.110" endTime="27.160"/>
      <word confidence="0.790" wordID="ja" beginTime="27.160" endTime="27.700"/>
      <word confidence="0.760" wordID="SIL" beginTime="27.700" endTime="27.850"/>
      <word confidence="0.819" wordID="en" beginTime="27.850" endTime="28.070"/>
      <word confidence="0.675" wordID="SIL" beginTime="28.070" endTime="28.080"/>
      <word confidence="0.760" wordID="nee" beginTime="28.080" endTime="29.300"/>
    </wordsequence>
  </speech>
  <speech label="SPK08-008" begintime="29.32" endtime="32.47" >
    <wordsequence>
      <word confidence="0.740" wordID="jongeren" beginTime="29.320" endTime="30.290"/>
      <word confidence="0.708" wordID="SIL" beginTime="30.290" endTime="30.340"/>
      <word confidence="0.756" wordID="willen" beginTime="30.340" endTime="30.770"/>
      <word confidence="0.769" wordID="inleveren" beginTime="30.770" endTime="31.520"/>
      <word confidence="0.819" wordID="SIL" beginTime="31.520" endTime="31.550"/>
      <word confidence="0.806" wordID="en" beginTime="31.550" endTime="31.790"/>
      <word confidence="0.800" wordID="SIL" beginTime="31.790" endTime="32.470"/>
    </wordsequence>
  </speech>
  <speech label="SPK15-009" begintime="32.49" endtime="35.13" >
    <wordsequence>
      <word confidence="0.762" wordID="ja" beginTime="32.490" endTime="33.270"/>
      <word confidence="0.733" wordID="SIL" beginTime="33.270" endTime="33.420"/>
      <word confidence="0.745" wordID="ja" beginTime="33.420" endTime="34.480"/>
      <word confidence="0.738" wordID="SIL" beginTime="34.480" endTime="34.570"/>
      <word confidence="0.769" wordID="maar" beginTime="34.570" endTime="34.770"/>
      <word confidence="0.733" wordID="SIL" beginTime="34.770" endTime="35.130"/>
    </wordsequence>
  </speech>
  <speech label="SPK07-010" begintime="35.15" endtime="37.68" >
    <wordsequence>
      <word confidence="0.750" wordID="SIL" beginTime="35.150" endTime="35.280"/>
      <word confidence="0.751" wordID="ik" beginTime="35.280" endTime="35.400"/>
      <word confidence="0.746" wordID="SIL" beginTime="35.400" endTime="35.510"/>
      <word confidence="0.814" wordID="heb" beginTime="35.510" endTime="35.640"/>
      <word confidence="0.695" wordID="SIL" beginTime="35.640" endTime="35.840"/>
      <word confidence="0.772" wordID="er" beginTime="35.840" endTime="36.160"/>
      <word confidence="0.829" wordID="SIL" beginTime="36.160" endTime="36.320"/>
      <word confidence="0.755" wordID="niet" beginTime="36.320" endTime="36.820"/>
      <word confidence="0.715" wordID="SIL" beginTime="36.820" endTime="36.920"/>
      <word confidence="0.791" wordID="in" beginTime="36.920" endTime="37.030"/>
      <word confidence="0.852" wordID="de" beginTime="37.030" endTime="37.160"/>
      <word confidence="0.805" wordID="hele" beginTime="37.160" endTime="37.680"/>
    </wordsequence>
  </speech>
  <speech label="SPK10-011" begintime="37.70" endtime="40.90" >
    <wordsequence>
      <word confidence="0.744" wordID="ja" beginTime="37.700" endTime="38.180"/>
      <word confidence="0.757" wordID="SIL" beginTime="38.180" endTime="38.260"/>
      <word confidence="0.824" wordID="er" beginTime="38.260" endTime="38.660"/>
      <word confidence="1.000" wordID="SIL" beginTime="38.660" endTime="38.690"/>
      <word confidence="0.831" wordID="d&apos;r" beginTime="38.690" endTime="39.230"/>
      <word confidence="0.775" wordID="SIL" beginTime="39.230" endTime="39.250"/>
      <word confidence="0.839" wordID="een" beginTime="39.250" endTime="39.770"/>
      <word confidence="0.750" wordID="SIL" beginTime="39.770" endTime="40.250"/>
      <word confidence="0.841" wordID="hele" beginTime="40.250" endTime="40.900"/>
    </wordsequence>
  </speech>
  <speech label="SPK15-012" begintime="40.92" endtime="45.17" >
    <wordsequence>
      <word confidence="0.725" wordID="SIL" beginTime="40.920" endTime="41.040"/>
      <word confidence="0.771" wordID="nee" beginTime="41.040" endTime="41.480"/>
      <word confidence="0.783" wordID="SIL" beginTime="41.480" endTime="41.640"/>
      <word confidence="0.711" wordID="nee" beginTime="41.640" endTime="41.890"/>
      <word confidence="0.748" wordID="SIL" beginTime="41.890" endTime="41.900"/>
      <word confidence="0.760" wordID="nee" beginTime="41.900" endTime="42.190"/>
      <word confidence="0.779" wordID="SIL" beginTime="42.190" endTime="42.200"/>
      <word confidence="0.803" wordID="nee" beginTime="42.200" endTime="42.430"/>
      <word confidence="0.772" wordID="nee" beginTime="42.430" endTime="42.840"/>
      <word confidence="0.748" wordID="SIL" beginTime="42.840" endTime="42.850"/>
      <word confidence="0.736" wordID="we" beginTime="42.850" endTime="42.970"/>
      <word confidence="0.765" wordID="hebben" beginTime="42.970" endTime="43.350"/>
      <word confidence="0.666" wordID="SIL" beginTime="43.350" endTime="43.380"/>
      <word confidence="0.764" wordID="een" beginTime="43.380" endTime="43.880"/>
      <word confidence="0.767" wordID="SIL" beginTime="43.880" endTime="44.040"/>
      <word confidence="0.779" wordID="natuurlijk" beginTime="44.040" endTime="44.950"/>
      <word confidence="0.773" wordID="SIL" beginTime="44.950" endTime="45.170"/>
    </wordsequence>
  </speech>
  <speech label="SPK02-013" begintime="45.19" endtime="48.47" >
    <wordsequence>
      <word confidence="0.686" wordID="SIL" beginTime="45.190" endTime="45.260"/>
      <word confidence="0.998" wordID="want" beginTime="45.260" endTime="45.520"/>
      <word confidence="0.970" wordID="dan" beginTime="45.520" endTime="45.690"/>
      <word confidence="0.839" wordID="worden" beginTime="45.690" endTime="45.950"/>
      <word confidence="0.852" wordID="wat" beginTime="45.950" endTime="46.070"/>
      <word confidence="0.866" wordID="waren" beginTime="46.070" endTime="46.320"/>
      <word confidence="0.776" wordID="SIL" beginTime="46.320" endTime="46.330"/>
      <word confidence="0.996" wordID="die" beginTime="46.330" endTime="46.480"/>
      <word confidence="0.859" wordID="het" beginTime="46.480" endTime="46.550"/>
      <word confidence="0.961" wordID="roulerende" beginTime="46.550" endTime="47.030"/>
      <word confidence="0.854" wordID="geluiddempend" beginTime="47.030" endTime="47.670"/>
      <word confidence="0.955" wordID="materiaal" beginTime="47.670" endTime="48.110"/>
      <word confidence="0.854" wordID="begint" beginTime="48.110" endTime="48.470"/>
    </wordsequence>
  </speech>
  <speech label="SPK02-014" begintime="48.49" endtime="51.46" >
    <wordsequence>
      <word confidence="0.750" wordID="SIL" beginTime="48.490" endTime="48.750"/>
      <word confidence="0.893" wordID="maar" beginTime="48.750" endTime="48.900"/>
      <word confidence="0.934" wordID="daarop" beginTime="48.900" endTime="49.240"/>
      <word confidence="0.740" wordID="SIL" beginTime="49.240" endTime="49.250"/>
      <word confidence="0.943" wordID="worden" beginTime="49.250" endTime="49.550"/>
      <word confidence="0.737" wordID="SIL" beginTime="49.550" endTime="49.560"/>
      <word confidence="0.898" wordID="tweedehands" beginTime="49.560" endTime="50.200"/>
      <word confidence="0.749" wordID="SIL" beginTime="50.200" endTime="50.280"/>
      <word confidence="1.000" wordID="beschieting" beginTime="50.280" endTime="50.710"/>
      <word confidence="0.894" wordID="getimmerd" beginTime="50.710" endTime="51.160"/>
      <word confidence="1.000" wordID="en" beginTime="51.160" endTime="51.400"/>
      <word confidence="0.746" wordID="SIL" beginTime="51.400" endTime="51.460"/>
    </wordsequence>
  </speech>
  <speech label="SPK02-015" begintime="51.48" endtime="54.50" >
    <wordsequence>
      <word confidence="0.750" wordID="SIL" beginTime="51.480" endTime="51.880"/>
      <word confidence="0.959" wordID="twee" beginTime="51.880" endTime="52.120"/>
      <word confidence="0.911" wordID="nog" beginTime="52.120" endTime="52.410"/>
      <word confidence="0.743" wordID="SIL" beginTime="52.410" endTime="52.430"/>
      <word confidence="0.927" wordID="wat" beginTime="52.430" endTime="52.640"/>
      <word confidence="0.917" wordID="er" beginTime="52.640" endTime="52.720"/>
      <word confidence="1.000" wordID="in" beginTime="52.720" endTime="52.810"/>
      <word confidence="1.000" wordID="het" beginTime="52.810" endTime="52.890"/>
      <word confidence="0.734" wordID="SIL" beginTime="52.890" endTime="52.900"/>
      <word confidence="0.918" wordID="water" beginTime="52.900" endTime="53.180"/>
      <word confidence="1.000" wordID="wat" beginTime="53.180" endTime="53.340"/>
      <word confidence="0.927" wordID="bevorderen" beginTime="53.340" endTime="53.860"/>
      <word confidence="1.000" wordID="de" beginTime="53.860" endTime="53.920"/>
      <word confidence="0.951" wordID="isolatie" beginTime="53.920" endTime="54.500"/>
    </wordsequence>
  </speech>
  <speech label="SPK16-016" begintime="54.52" endtime="57.84" >
    <wordsequence>
      <word confidence="0.680" wordID="SIL" beginTime="54.520" endTime="54.610"/>
      <word confidence="0.765" wordID="het" beginTime="54.610" endTime="54.740"/>
      <word confidence="0.776" wordID="SIL" beginTime="54.740" endTime="55.280"/>
      <word confidence="0.733" wordID="is" beginTime="55.280" endTime="55.530"/>
      <word confidence="0.780" wordID="SIL" beginTime="55.530" endTime="55.840"/>
      <word confidence="0.854" wordID="een" beginTime="55.840" endTime="56.110"/>
      <word confidence="0.749" wordID="SIL" beginTime="56.110" endTime="56.220"/>
      <word confidence="0.824" wordID="runnen" beginTime="56.220" endTime="56.990"/>
      <word confidence="0.737" wordID="SIL" beginTime="56.990" endTime="57.000"/>
      <word confidence="0.801" wordID="van" beginTime="57.000" endTime="57.110"/>
      <word confidence="0.872" wordID="een" beginTime="57.110" endTime="57.250"/>
      <word confidence="0.796" wordID="andere" beginTime="57.250" endTime="57.840"/>
    </wordsequence>
  </speech>
  <speech label="SPK15-017" begintime="57.86" endtime="60.35" >
    <wordsequence>
      <word confidence="0.695" wordID="SIL" beginTime="57.860" endTime="57.900"/>
      <word confidence="0.780" wordID="namen" beginTime="57.900" endTime="58.660"/>
      <word confidence="0.853" wordID="van" beginTime="58.660" endTime="58.780"/>
      <word confidence="0.740" wordID="SIL" beginTime="58.780" endTime="58.790"/>
      <word confidence="0.806" wordID="de" beginTime="58.790" endTime="58.940"/>
      <word confidence="0.792" wordID="SIL" beginTime="58.940" endTime="59.030"/>
      <word confidence="0.775" wordID="andere" beginTime="59.030" endTime="59.540"/>
      <word confidence="0.706" wordID="SIL" beginTime="59.540" endTime="59.570"/>
      <word confidence="0.773" wordID="leden" beginTime="59.570" endTime="60.140"/>
      <word confidence="0.807" wordID="moeten" beginTime="60.140" endTime="60.350"/>
    </wordsequence>
  </speech>
  <speech label="SPK16-018" begintime="60.37" endtime="63.13" >
    <wordsequence>
      <word confidence="0.726" wordID="nee" beginTime="60.370" endTime="61.100"/>
      <word confidence="0.759" wordID="SIL" beginTime="61.100" endTime="61.140"/>
      <word confidence="0.764" wordID="dan" beginTime="61.140" endTime="61.270"/>
      <word confidence="0.817" wordID="heb" beginTime="61.270" endTime="61.510"/>
      <word confidence="0.798" wordID="je" beginTime="61.510" endTime="61.620"/>
      <word confidence="0.768" wordID="een" beginTime="61.620" endTime="61.870"/>
      <word confidence="0.718" wordID="SIL" beginTime="61.870" endTime="62.060"/>
      <word confidence="0.764" wordID="heel" beginTime="62.060" endTime="62.230"/>
      <word confidence="0.716" wordID="SIL" beginTime="62.230" endTime="62.290"/>
      <word confidence="0.776" wordID="erg" beginTime="62.290" endTime="62.440"/>
      <word confidence="0.806" wordID="SIL" beginTime="62.440" endTime="63.130"/>
    </wordsequence>
  </speech>
  <speech label="SPK11-019" begintime="63.15" endtime="65.65" >
    <wordsequence>
      <word confidence="0.673" wordID="SIL" beginTime="63.150" endTime="63.300"/>
      <word confidence="0.803" wordID="er" beginTime="63.300" endTime="63.650"/>
      <word confidence="0.854" wordID="SIL" beginTime="63.650" endTime="63.660"/>
      <word confidence="0.769" wordID="moet" beginTime="63.660" endTime="64.000"/>
      <word confidence="0.699" wordID="SIL" beginTime="64.000" endTime="64.010"/>
      <word confidence="0.767" wordID="er" beginTime="64.010" endTime="64.390"/>
      <word confidence="0.832" wordID="een" beginTime="64.390" endTime="65.170"/>
      <word confidence="0.745" wordID="SIL" beginTime="65.170" endTime="65.190"/>
      <word confidence="0.779" wordID="hoop" beginTime="65.190" endTime="65.650"/>
    </wordsequence>
  </speech>
  <speech label="SPK02-020" begintime="65.67" endtime="67.20" >
    <wordsequence>
      <word confidence="0.802" wordID="als" beginTime="65.670" endTime="65.870"/>
      <word confidence="0.925" wordID="SIL" beginTime="65.870" endTime="65.880"/>
      <word confidence="0.934" wordID="or-voorzitter" beginTime="65.880" endTime="66.630"/>
      <word confidence="0.812" wordID="SIL" beginTime="66.630" endTime="66.640"/>
      <word confidence="0.967" wordID="klassen" beginTime="66.640" endTime="67.160"/>
      <word confidence="0.745" wordID="SIL" beginTime="67.160" endTime="67.200"/>
    </wordsequence>
  </speech>
  <speech label="SPK02-021" begintime="67.22" endtime="72.40" >
    <wordsequence>
      <word confidence="0.750" wordID="SIL" beginTime="67.220" endTime="67.450"/>
      <word confidence="0.918" wordID="er" beginTime="67.450" endTime="67.560"/>
      <word confidence="0.909" wordID="worden" beginTime="67.560" endTime="67.860"/>
      <word confidence="0.744" wordID="SIL" beginTime="67.860" endTime="67.880"/>
      <word confidence="1.000" wordID="gebouwd" beginTime="67.880" endTime="68.260"/>
      <word confidence="0.739" wordID="SIL" beginTime="68.260" endTime="68.270"/>
      <word confidence="0.968" wordID="van" beginTime="68.270" endTime="68.430"/>
      <word confidence="0.867" wordID="twee" beginTime="68.430" endTime="68.720"/>
      <word confidence="0.748" wordID="SIL" beginTime="68.720" endTime="68.850"/>
      <word confidence="0.974" wordID="zes" beginTime="68.850" endTime="69.250"/>
      <word confidence="0.738" wordID="SIL" beginTime="69.250" endTime="69.260"/>
      <word confidence="0.931" wordID="zeven" beginTime="69.260" endTime="69.680"/>
      <word confidence="0.976" wordID="en" beginTime="69.680" endTime="69.780"/>
      <word confidence="0.883" wordID="acht" beginTime="69.780" endTime="70.040"/>
      <word confidence="1.000" wordID="ook" beginTime="70.040" endTime="70.190"/>
      <word confidence="1.000" wordID="al" beginTime="70.190" endTime="70.380"/>
      <word confidence="0.906" wordID="een" beginTime="70.380" endTime="70.620"/>
      <word confidence="0.746" wordID="SIL" beginTime="70.620" endTime="70.670"/>
      <word confidence="0.893" wordID="is" beginTime="70.670" endTime="70.810"/>
      <word confidence="0.970" wordID="ongeveer" beginTime="70.810" endTime="71.160"/>
      <word confidence="0.999" wordID="vier" beginTime="71.160" endTime="71.390"/>
      <word confidence="0.840" wordID="en" beginTime="71.390" endTime="71.480"/>
      <word confidence="0.953" wordID="zestig" beginTime="71.480" endTime="71.830"/>
      <word confidence="0.909" wordID="meter" beginTime="71.830" endTime="72.070"/>
      <word confidence="1.000" wordID="lang" beginTime="72.070" endTime="72.380"/>
      <word confidence="0.744" wordID="SIL" beginTime="72.380" endTime="72.400"/>
    </wordsequence>
  </speech>
  <speech label="SPK03-022" begintime="72.43" endtime="75.30" >
    <wordsequence>
      <word confidence="0.750" wordID="SIL" beginTime="72.430" endTime="72.440"/>
      <word confidence="0.767" wordID="ja" beginTime="72.440" endTime="74.270"/>
      <word confidence="0.743" wordID="SIL" beginTime="74.270" endTime="74.360"/>
      <word confidence="0.740" wordID="de" beginTime="74.360" endTime="75.300"/>
    </wordsequence>
  </speech>
  <speech label="SPK04-023" begintime="75.32" endtime="78.41" >
    <wordsequence>
      <word confidence="0.750" wordID="SIL" beginTime="75.320" endTime="75.340"/>
      <word confidence="0.777" wordID="er" beginTime="75.340" endTime="77.050"/>
      <word confidence="0.817" wordID="SIL" beginTime="77.050" endTime="77.090"/>
      <word confidence="0.812" wordID="is" beginTime="77.090" endTime="77.270"/>
      <word confidence="0.749" wordID="SIL" beginTime="77.270" endTime="77.380"/>
      <word confidence="0.826" wordID="ook" beginTime="77.380" endTime="77.570"/>
      <word confidence="0.749" wordID="SIL" beginTime="77.570" endTime="77.700"/>
      <word confidence="0.838" wordID="al" beginTime="77.700" endTime="78.000"/>
      <word confidence="0.783" wordID="te" beginTime="78.000" endTime="78.290"/>
      <word confidence="0.749" wordID="SIL" beginTime="78.290" endTime="78.410"/>
    </wordsequence>
  </speech>
  <speech label="SPK05-024" begintime="78.43" endtime="83.17" >
    <wordsequence>
      <word confidence="0.679" wordID="SIL" beginTime="78.430" endTime="78.480"/>
      <word confidence="0.789" wordID="de" beginTime="78.480" endTime="78.620"/>
      <word confidence="0.792" wordID="SIL" beginTime="78.620" endTime="78.630"/>
      <word confidence="0.787" wordID="winter" beginTime="78.630" endTime="78.940"/>
      <word confidence="0.711" wordID="SIL" beginTime="78.940" endTime="78.950"/>
      <word confidence="0.956" wordID="jongens" beginTime="78.950" endTime="79.180"/>
      <word confidence="0.920" wordID="addertjes" beginTime="79.180" endTime="79.630"/>
      <word confidence="0.764" wordID="SIL" beginTime="79.630" endTime="79.660"/>
      <word confidence="0.833" wordID="onder" beginTime="79.660" endTime="79.960"/>
      <word confidence="0.744" wordID="SIL" beginTime="79.960" endTime="79.970"/>
      <word confidence="0.764" wordID="het" beginTime="79.970" endTime="80.140"/>
      <word confidence="0.743" wordID="SIL" beginTime="80.140" endTime="80.160"/>
      <word confidence="1.000" wordID="oog" beginTime="80.160" endTime="80.400"/>
      <word confidence="0.917" wordID="op" beginTime="80.400" endTime="80.560"/>
      <word confidence="0.750" wordID="SIL" beginTime="80.560" endTime="81.200"/>
      <word confidence="0.823" wordID="een" beginTime="81.200" endTime="81.620"/>
      <word confidence="0.750" wordID="SIL" beginTime="81.620" endTime="81.950"/>
      <word confidence="0.789" wordID="eigen" beginTime="81.950" endTime="83.170"/>
    </wordsequence>
  </speech>
  <speech label="SPK15-025" begintime="83.19" endtime="85.64" >
    <wordsequence>
      <word confidence="0.746" wordID="ja" beginTime="83.190" endTime="85.030"/>
      <word confidence="0.801" wordID="SIL" beginTime="85.030" endTime="85.050"/>
      <word confidence="0.742" wordID="je" beginTime="85.050" endTime="85.280"/>
      <word confidence="0.830" wordID="moet" beginTime="85.280" endTime="85.560"/>
      <word confidence="0.685" wordID="SIL" beginTime="85.560" endTime="85.640"/>
    </wordsequence>
  </speech>
  <speech label="SPK07-026" begintime="85.66" endtime="89.31" >
    <wordsequence>
      <word confidence="0.647" wordID="SIL" beginTime="85.660" endTime="85.700"/>
      <word confidence="0.721" wordID="het" beginTime="85.700" endTime="86.200"/>
      <word confidence="0.831" wordID="SIL" beginTime="86.200" endTime="86.420"/>
      <word confidence="0.821" wordID="gaat" beginTime="86.420" endTime="86.740"/>
      <word confidence="0.706" wordID="SIL" beginTime="86.740" endTime="86.750"/>
      <word confidence="0.785" wordID="over" beginTime="86.750" endTime="87.510"/>
      <word confidence="0.872" wordID="SIL" beginTime="87.510" endTime="87.520"/>
      <word confidence="0.786" wordID="de" beginTime="87.520" endTime="87.650"/>
      <word confidence="0.634" wordID="SIL" beginTime="87.650" endTime="87.660"/>
      <word confidence="0.768" wordID="raad" beginTime="87.660" endTime="89.310"/>
    </wordsequence>
  </speech>
  <speech label="SPK09-027" begintime="89.33" endtime="92.04" >
    <wordsequence>
      <word confidence="0.780" wordID="ja" beginTime="89.330" endTime="89.640"/>
      <word confidence="0.815" wordID="normen" beginTime="89.640" endTime="90.450"/>
      <word confidence="0.839" wordID="SIL" beginTime="90.450" endTime="90.460"/>
      <word confidence="0.835" wordID="in" beginTime="90.460" endTime="90.810"/>
      <word confidence="0.746" wordID="SIL" beginTime="90.810" endTime="91.000"/>
      <word confidence="0.807" wordID="de" beginTime="91.000" endTime="91.100"/>
      <word confidence="0.752" wordID="SIL" beginTime="91.100" endTime="91.250"/>
      <word confidence="0.861" wordID="eveneens" beginTime="91.250" endTime="91.750"/>
      <word confidence="0.753" wordID="SIL" beginTime="91.750" endTime="92.040"/>
    </wordsequence>
  </speech>
  <speech label="SPK08-028" begintime="92.06" endtime="94.46" >
    <wordsequence>
      <word confidence="0.737" wordID="SIL" beginTime="92.060" endTime="92.240"/>
      <word confidence="0.773" wordID="dat" beginTime="92.240" endTime="92.690"/>
      <word confidence="0.690" wordID="SIL" beginTime="92.690" endTime="92.700"/>
      <word confidence="0.768" wordID="was" beginTime="92.700" endTime="93.090"/>
      <word confidence="0.793" wordID="SIL" beginTime="93.090" endTime="93.330"/>
      <word confidence="0.838" wordID="een" beginTime="93.330" endTime="93.610"/>
      <word confidence="0.750" wordID="SIL" beginTime="93.610" endTime="93.870"/>
      <word confidence="0.791" wordID="uh" beginTime="93.870" endTime="93.980"/>
      <word confidence="0.890" wordID="hans" beginTime="93.980" endTime="94.380"/>
      <word confidence="0.749" wordID="SIL" beginTime="94.380" endTime="94.460"/>
    </wordsequence>
  </speech>
  <speech label="SPK09-029" begintime="94.48" endtime="97.97" >
    <wordsequence>
      <word confidence="0.692" wordID="SIL" beginTime="94.480" endTime="94.550"/>
      <word confidence="0.749" wordID="dan" beginTime="94.550" endTime="94.730"/>
      <word confidence="0.774" wordID="SIL" beginTime="94.730" endTime="94.740"/>
      <word confidence="0.784" wordID="moet" beginTime="94.740" endTime="94.920"/>
      <word confidence="0.859" wordID="ik" beginTime="94.920" endTime="95.010"/>
      <word confidence="0.665" wordID="SIL" beginTime="95.010" endTime="95.020"/>
      <word confidence="0.810" wordID="zeggen" beginTime="95.020" endTime="95.480"/>
      <word confidence="0.921" wordID="ze" beginTime="95.480" endTime="95.570"/>
      <word confidence="0.698" wordID="SIL" beginTime="95.570" endTime="95.590"/>
      <word confidence="0.819" wordID="anders" beginTime="95.590" endTime="96.030"/>
      <word confidence="0.746" wordID="SIL" beginTime="96.030" endTime="96.160"/>
      <word confidence="0.807" wordID="had" beginTime="96.160" endTime="96.490"/>
      <word confidence="0.765" wordID="SIL" beginTime="96.490" endTime="96.570"/>
      <word confidence="0.804" wordID="ik" beginTime="96.570" endTime="97.160"/>
      <word confidence="0.716" wordID="SIL" beginTime="97.160" endTime="97.270"/>
      <word confidence="0.871" wordID="ook" beginTime="97.270" endTime="97.530"/>
      <word confidence="0.757" wordID="SIL" beginTime="97.530" endTime="97.540"/>
      <word confidence="0.808" wordID="een" beginTime="97.540" endTime="97.740"/>
      <word confidence="0.749" wordID="SIL" beginTime="97.740" endTime="97.970"/>
    </wordsequence>
  </speech>
  <speech label="SPK02-030" begintime="97.99" endtime="99.72" >
    <wordsequence>
      <word confidence="0.868" wordID="een" beginTime="97.990" endTime="98.110"/>
      <word confidence="0.961" wordID="dertigtal" beginTime="98.110" endTime="98.690"/>
      <word confidence="0.935" wordID="is" beginTime="98.690" endTime="98.830"/>
      <word confidence="0.985" wordID="nog" beginTime="98.830" endTime="98.990"/>
      <word confidence="0.844" wordID="een" beginTime="98.990" endTime="99.080"/>
      <word confidence="1.000" wordID="allemaal" beginTime="99.080" endTime="99.500"/>
      <word confidence="0.834" wordID="SIL" beginTime="99.500" endTime="99.720"/>
    </wordsequence>
  </speech>
  <speech label="SPK02-031" begintime="99.75" endtime="103.45" >
    <wordsequence>
      <word confidence="0.750" wordID="SIL" beginTime="99.750" endTime="99.990"/>
      <word confidence="0.863" wordID="en" beginTime="99.990" endTime="100.130"/>
      <word confidence="0.916" wordID="op" beginTime="100.130" endTime="100.270"/>
      <word confidence="0.737" wordID="SIL" beginTime="100.270" endTime="100.280"/>
      <word confidence="0.956" wordID="deze" beginTime="100.280" endTime="100.510"/>
      <word confidence="0.741" wordID="SIL" beginTime="100.510" endTime="100.520"/>
      <word confidence="1.000" wordID="laatste" beginTime="100.520" endTime="100.870"/>
      <word confidence="0.979" wordID="nog" beginTime="100.870" endTime="101.060"/>
      <word confidence="0.744" wordID="SIL" beginTime="101.060" endTime="101.090"/>
      <word confidence="0.920" wordID="voor" beginTime="101.090" endTime="101.280"/>
      <word confidence="1.000" wordID="het" beginTime="101.280" endTime="101.350"/>
      <word confidence="0.978" wordID="begin" beginTime="101.350" endTime="101.650"/>
      <word confidence="0.739" wordID="SIL" beginTime="101.650" endTime="101.660"/>
      <word confidence="0.901" wordID="van" beginTime="101.660" endTime="101.770"/>
      <word confidence="0.884" wordID="een" beginTime="101.770" endTime="101.840"/>
      <word confidence="0.735" wordID="SIL" beginTime="101.840" endTime="101.850"/>
      <word confidence="0.958" wordID="nieuwe" beginTime="101.850" endTime="102.070"/>
      <word confidence="1.000" wordID="school" beginTime="102.070" endTime="102.370"/>
      <word confidence="0.912" wordID="ian" beginTime="102.370" endTime="102.540"/>
      <word confidence="0.987" wordID="gereed" beginTime="102.540" endTime="102.840"/>
      <word confidence="0.924" wordID="te" beginTime="102.840" endTime="102.920"/>
      <word confidence="0.905" wordID="hebben" beginTime="102.920" endTime="103.450"/>
    </wordsequence>
  </speech>
  <speech label="SPK02-032" begintime="103.47" endtime="107.73" >
    <wordsequence>
      <word confidence="0.750" wordID="SIL" beginTime="103.470" endTime="103.790"/>
      <word confidence="1.000" wordID="dan" beginTime="103.790" endTime="103.960"/>
      <word confidence="0.887" wordID="zat" beginTime="103.960" endTime="104.120"/>
      <word confidence="1.000" wordID="nederlanders" beginTime="104.120" endTime="104.550"/>
      <word confidence="0.891" wordID="ik" beginTime="104.550" endTime="104.700"/>
      <word confidence="0.922" wordID="acht" beginTime="104.700" endTime="104.880"/>
      <word confidence="0.885" wordID="en" beginTime="104.880" endTime="104.970"/>
      <word confidence="0.735" wordID="SIL" beginTime="104.970" endTime="104.980"/>
      <word confidence="0.976" wordID="dertig" beginTime="104.980" endTime="105.280"/>
      <word confidence="0.741" wordID="SIL" beginTime="105.280" endTime="105.300"/>
      <word confidence="0.968" wordID="tachtig" beginTime="105.300" endTime="105.730"/>
      <word confidence="0.920" wordID="permanent" beginTime="105.730" endTime="106.310"/>
      <word confidence="0.740" wordID="SIL" beginTime="106.310" endTime="106.320"/>
      <word confidence="0.978" wordID="ongewoon" beginTime="106.320" endTime="106.840"/>
      <word confidence="0.909" wordID="rijk" beginTime="106.840" endTime="107.060"/>
      <word confidence="0.748" wordID="SIL" beginTime="107.060" endTime="107.110"/>
      <word confidence="0.885" wordID="zijn" beginTime="107.110" endTime="107.300"/>
      <word confidence="0.915" wordID="geworden" beginTime="107.300" endTime="107.660"/>
      <word confidence="0.747" wordID="SIL" beginTime="107.660" endTime="107.730"/>
    </wordsequence>
  </speech>
  <speech label="SPK02-033" begintime="107.75" endtime="111.04" >
    <wordsequence>
      <word confidence="0.750" wordID="SIL" beginTime="107.750" endTime="107.960"/>
      <word confidence="1.000" wordID="plaats" beginTime="107.960" endTime="108.240"/>
      <word confidence="1.000" wordID="bieden" beginTime="108.240" endTime="108.560"/>
      <word confidence="0.747" wordID="SIL" beginTime="108.560" endTime="108.600"/>
      <word confidence="0.994" wordID="aan" beginTime="108.600" endTime="108.770"/>
      <word confidence="0.945" wordID="in" beginTime="108.770" endTime="108.860"/>
      <word confidence="0.937" wordID="totaal" beginTime="108.860" endTime="109.280"/>
      <word confidence="0.928" wordID="zitten" beginTime="109.280" endTime="109.550"/>
      <word confidence="1.000" wordID="een" beginTime="109.550" endTime="109.620"/>
      <word confidence="0.970" wordID="trend" beginTime="109.620" endTime="109.840"/>
      <word confidence="0.978" wordID="om" beginTime="109.840" endTime="109.950"/>
      <word confidence="1.000" wordID="de" beginTime="109.950" endTime="110.020"/>
      <word confidence="0.930" wordID="als" beginTime="110.020" endTime="110.220"/>
      <word confidence="0.749" wordID="SIL" beginTime="110.220" endTime="110.300"/>
      <word confidence="0.964" wordID="leerlingen" beginTime="110.300" endTime="111.020"/>
      <word confidence="0.741" wordID="SIL" beginTime="111.020" endTime="111.040"/>
    </wordsequence>
  </speech>
  <speech label="SPK02-034" begintime="111.07" endtime="114.72" >
    <wordsequence>
      <word confidence="0.750" wordID="SIL" beginTime="111.070" endTime="111.390"/>
      <word confidence="1.000" wordID="ze" beginTime="111.390" endTime="111.520"/>
      <word confidence="0.741" wordID="SIL" beginTime="111.520" endTime="111.530"/>
      <word confidence="0.878" wordID="zijn" beginTime="111.530" endTime="111.670"/>
      <word confidence="0.954" wordID="hoofdzakelijk" beginTime="111.670" endTime="112.230"/>
      <word confidence="0.747" wordID="SIL" beginTime="112.230" endTime="112.250"/>
      <word confidence="0.948" wordID="staan" beginTime="112.250" endTime="112.570"/>
      <word confidence="0.749" wordID="SIL" beginTime="112.570" endTime="112.640"/>
      <word confidence="0.997" wordID="voor" beginTime="112.640" endTime="112.870"/>
      <word confidence="0.742" wordID="SIL" beginTime="112.870" endTime="112.880"/>
      <word confidence="0.920" wordID="lagere" beginTime="112.880" endTime="113.320"/>
      <word confidence="0.983" wordID="montessorionderwijs" beginTime="113.320" endTime="114.470"/>
      <word confidence="0.749" wordID="SIL" beginTime="114.470" endTime="114.720"/>
    </wordsequence>
  </speech>
  <speech label="SPK02-035" begintime="114.75" endtime="119.69" >
    <wordsequence>
      <word confidence="0.750" wordID="SIL" beginTime="114.750" endTime="115.060"/>
      <word confidence="1.000" wordID="in" beginTime="115.060" endTime="115.200"/>
      <word confidence="0.869" wordID="vele" beginTime="115.200" endTime="115.480"/>
      <word confidence="0.944" wordID="gemeenten" beginTime="115.480" endTime="115.930"/>
      <word confidence="1.000" wordID="is" beginTime="115.930" endTime="116.020"/>
      <word confidence="1.000" wordID="dankzij" beginTime="116.020" endTime="116.380"/>
      <word confidence="0.945" wordID="deze" beginTime="116.380" endTime="116.690"/>
      <word confidence="0.925" wordID="scholen" beginTime="116.690" endTime="117.120"/>
      <word confidence="0.748" wordID="SIL" beginTime="117.120" endTime="117.210"/>
      <word confidence="0.804" wordID="in" beginTime="117.210" endTime="117.320"/>
      <word confidence="0.740" wordID="SIL" beginTime="117.320" endTime="117.330"/>
      <word confidence="0.999" wordID="het" beginTime="117.330" endTime="117.470"/>
      <word confidence="1.000" wordID="nijpend" beginTime="117.470" endTime="117.790"/>
      <word confidence="0.934" wordID="tekort" beginTime="117.790" endTime="118.100"/>
      <word confidence="0.940" wordID="aan" beginTime="118.100" endTime="118.190"/>
      <word confidence="0.998" wordID="scholen" beginTime="118.190" endTime="118.590"/>
      <word confidence="0.885" wordID="op" beginTime="118.590" endTime="118.680"/>
      <word confidence="0.947" wordID="de" beginTime="118.680" endTime="118.760"/>
      <word confidence="0.985" wordID="rits" beginTime="118.760" endTime="118.980"/>
      <word confidence="1.000" wordID="als" beginTime="118.980" endTime="119.150"/>
      <word confidence="0.961" wordID="in" beginTime="119.150" endTime="119.280"/>
      <word confidence="0.909" wordID="het" beginTime="119.280" endTime="119.430"/>
      <word confidence="1.000" wordID="om" beginTime="119.430" endTime="119.550"/>
      <word confidence="0.891" wordID="in" beginTime="119.550" endTime="119.690"/>
    </wordsequence>
  </speech>
  <speech label="SPK15-036" begintime="119.71" endtime="122.78" >
    <wordsequence>
      <word confidence="0.718" wordID="het" beginTime="119.710" endTime="120.300"/>
      <word confidence="0.850" wordID="SIL" beginTime="120.300" endTime="120.810"/>
      <word confidence="0.731" wordID="is" beginTime="120.810" endTime="121.100"/>
      <word confidence="0.797" wordID="SIL" beginTime="121.100" endTime="121.110"/>
      <word confidence="0.830" wordID="een" beginTime="121.110" endTime="121.450"/>
      <word confidence="0.856" wordID="heel" beginTime="121.450" endTime="121.850"/>
      <word confidence="0.760" wordID="SIL" beginTime="121.850" endTime="122.190"/>
      <word confidence="0.793" wordID="gelaten" beginTime="122.190" endTime="122.780"/>
    </wordsequence>
  </speech>
  <speech label="SPK01-037" begintime="122.80" endtime="125.31" >
    <wordsequence>
      <word confidence="0.750" wordID="SIL" beginTime="122.800" endTime="122.820"/>
      <word confidence="0.725" wordID="er" beginTime="122.820" endTime="123.380"/>
      <word confidence="0.685" wordID="SIL" beginTime="123.380" endTime="123.420"/>
      <word confidence="0.943" wordID="waren" beginTime="123.420" endTime="124.100"/>
      <word confidence="0.730" wordID="SIL" beginTime="124.100" endTime="124.110"/>
      <word confidence="0.994" wordID="de" beginTime="124.110" endTime="124.220"/>
      <word confidence="0.948" wordID="corner" beginTime="124.220" endTime="124.520"/>
      <word confidence="0.860" wordID="verder" beginTime="124.520" endTime="124.780"/>
      <word confidence="0.749" wordID="SIL" beginTime="124.780" endTime="124.890"/>
      <word confidence="0.937" wordID="lancelot" beginTime="124.890" endTime="125.310"/>
    </wordsequence>
  </speech>

  </segments>
</shout_metadata>
