<?xml version="1.0" encoding="UTF-8"?>
<!--
  ##################################################################################################
  ###                      This transcription is automatically generated by                      ###
  ###                              X-MI, Cross-Media interaction                                 ###
  ###                                    http://x-mi.nl                                          ###
  ##################################################################################################
-->
<shout_metadata>
  <model_info>
    <version>Standaard systeem 28-02-2012</version>
    <description>Academia</description>
  </model_info>
  <segments>
  <speech label="SPK01-001" begintime="1.15" endtime="6.47" >
    <wordsequence>
      <word confidence="0.750" wordID="SIL" beginTime="1.150" endTime="1.640"/>
      <word confidence="0.847" wordID="er" beginTime="1.640" endTime="1.820"/>
      <word confidence="0.742" wordID="SIL" beginTime="1.820" endTime="1.830"/>
      <word confidence="0.978" wordID="is" beginTime="1.830" endTime="1.930"/>
      <word confidence="0.882" wordID="hier" beginTime="1.930" endTime="2.150"/>
      <word confidence="0.967" wordID="besmettelijke" beginTime="2.150" endTime="2.750"/>
      <word confidence="0.909" wordID="pluimvee" beginTime="2.750" endTime="3.180"/>
      <word confidence="1.000" wordID="is" beginTime="3.180" endTime="3.260"/>
      <word confidence="0.996" wordID="die" beginTime="3.260" endTime="3.430"/>
      <word confidence="0.748" wordID="SIL" beginTime="3.430" endTime="3.480"/>
      <word confidence="1.000" wordID="de" beginTime="3.480" endTime="3.590"/>
      <word confidence="0.935" wordID="de" beginTime="3.590" endTime="3.690"/>
      <word confidence="0.976" wordID="pseudo-vogelpest" beginTime="3.690" endTime="4.870"/>
      <word confidence="0.742" wordID="SIL" beginTime="4.870" endTime="4.880"/>
      <word confidence="0.980" wordID="welke" beginTime="4.880" endTime="5.120"/>
      <word confidence="1.000" wordID="doelen" beginTime="5.120" endTime="5.330"/>
      <word confidence="1.000" wordID="virus" beginTime="5.330" endTime="5.720"/>
      <word confidence="0.865" wordID="veroorzaakt" beginTime="5.720" endTime="6.270"/>
      <word confidence="0.926" wordID="wordt" beginTime="6.270" endTime="6.470"/>
    </wordsequence>
  </speech>
  <speech label="SPK01-002" begintime="6.49" endtime="10.49" >
    <wordsequence>
      <word confidence="0.750" wordID="SIL" beginTime="6.490" endTime="6.510"/>
      <word confidence="0.819" wordID="het" beginTime="6.510" endTime="6.580"/>
      <word confidence="0.977" wordID="bedrijf" beginTime="6.580" endTime="6.970"/>
      <word confidence="0.910" wordID="tot" beginTime="6.970" endTime="7.230"/>
      <word confidence="0.741" wordID="SIL" beginTime="7.230" endTime="7.240"/>
      <word confidence="0.990" wordID="twintig" beginTime="7.240" endTime="7.550"/>
      <word confidence="0.830" wordID="miljoen" beginTime="7.550" endTime="7.820"/>
      <word confidence="0.713" wordID="SIL" beginTime="7.820" endTime="7.830"/>
      <word confidence="0.933" wordID="kippen" beginTime="7.830" endTime="8.140"/>
      <word confidence="0.753" wordID="SIL" beginTime="8.140" endTime="8.570"/>
      <word confidence="0.977" wordID="duizenden" beginTime="8.570" endTime="9.070"/>
      <word confidence="1.000" wordID="dieren" beginTime="9.070" endTime="9.400"/>
      <word confidence="1.000" wordID="zijn" beginTime="9.400" endTime="9.610"/>
      <word confidence="1.000" wordID="reeds" beginTime="9.610" endTime="9.830"/>
      <word confidence="0.983" wordID="gestorven" beginTime="9.830" endTime="10.340"/>
      <word confidence="0.749" wordID="SIL" beginTime="10.340" endTime="10.490"/>
    </wordsequence>
  </speech>
  <speech label="SPK01-003" begintime="10.52" endtime="16.35" >
    <wordsequence>
      <word confidence="0.750" wordID="SIL" beginTime="10.520" endTime="10.870"/>
      <word confidence="1.000" wordID="kippen" beginTime="10.870" endTime="11.110"/>
      <word confidence="1.000" wordID="die" beginTime="11.110" endTime="11.210"/>
      <word confidence="0.922" wordID="door" beginTime="11.210" endTime="11.320"/>
      <word confidence="0.965" wordID="de" beginTime="11.320" endTime="11.390"/>
      <word confidence="0.933" wordID="ziekte" beginTime="11.390" endTime="11.670"/>
      <word confidence="0.945" wordID="zijn" beginTime="11.670" endTime="11.810"/>
      <word confidence="0.893" wordID="aangetast" beginTime="11.810" endTime="12.430"/>
      <word confidence="0.748" wordID="SIL" beginTime="12.430" endTime="12.480"/>
      <word confidence="0.859" wordID="van" beginTime="12.480" endTime="12.640"/>
      <word confidence="1.000" wordID="donner" beginTime="12.640" endTime="12.900"/>
      <word confidence="1.000" wordID="onder" beginTime="12.900" endTime="13.110"/>
      <word confidence="1.000" wordID="andere" beginTime="13.110" endTime="13.330"/>
      <word confidence="0.970" wordID="benauwdheid" beginTime="13.330" endTime="13.820"/>
      <word confidence="0.746" wordID="SIL" beginTime="13.820" endTime="13.840"/>
      <word confidence="1.000" wordID="verschijnselen" beginTime="13.840" endTime="14.560"/>
      <word confidence="0.734" wordID="SIL" beginTime="14.560" endTime="14.570"/>
      <word confidence="1.000" wordID="uitstel" beginTime="14.570" endTime="14.970"/>
      <word confidence="1.000" wordID="van" beginTime="14.970" endTime="15.080"/>
      <word confidence="0.734" wordID="SIL" beginTime="15.080" endTime="15.090"/>
      <word confidence="0.993" wordID="vaak" beginTime="15.090" endTime="15.310"/>
      <word confidence="1.000" wordID="binnen" beginTime="15.310" endTime="15.520"/>
      <word confidence="1.000" wordID="enkele" beginTime="15.520" endTime="15.780"/>
      <word confidence="0.895" wordID="dagen" beginTime="15.780" endTime="16.150"/>
      <word confidence="0.749" wordID="SIL" beginTime="16.150" endTime="16.350"/>
    </wordsequence>
  </speech>
  <speech label="SPK01-004" begintime="16.37" endtime="20.76" >
    <wordsequence>
      <word confidence="0.750" wordID="SIL" beginTime="16.370" endTime="16.740"/>
      <word confidence="0.963" wordID="wanneer" beginTime="16.740" endTime="17.020"/>
      <word confidence="1.000" wordID="op" beginTime="17.020" endTime="17.120"/>
      <word confidence="1.000" wordID="een" beginTime="17.120" endTime="17.190"/>
      <word confidence="0.904" wordID="bedrijf" beginTime="17.190" endTime="17.520"/>
      <word confidence="0.736" wordID="SIL" beginTime="17.520" endTime="17.530"/>
      <word confidence="0.974" wordID="pseudo-vogelpest" beginTime="17.530" endTime="18.400"/>
      <word confidence="0.902" wordID="gecontracteerd" beginTime="18.400" endTime="19.010"/>
      <word confidence="0.936" wordID="is" beginTime="19.010" endTime="19.140"/>
      <word confidence="1.000" wordID="een" beginTime="19.140" endTime="19.370"/>
      <word confidence="0.732" wordID="SIL" beginTime="19.370" endTime="19.380"/>
      <word confidence="1.000" wordID="worden" beginTime="19.380" endTime="19.580"/>
      <word confidence="0.935" wordID="direct" beginTime="19.580" endTime="19.870"/>
      <word confidence="0.980" wordID="maatregelen" beginTime="19.870" endTime="20.380"/>
      <word confidence="1.000" wordID="genomen" beginTime="20.380" endTime="20.760"/>
    </wordsequence>
  </speech>
  <speech label="SPK01-005" begintime="20.78" endtime="24.02" >
    <wordsequence>
      <word confidence="0.750" wordID="SIL" beginTime="20.780" endTime="20.790"/>
      <word confidence="1.000" wordID="een" beginTime="20.790" endTime="21.250"/>
      <word confidence="0.747" wordID="SIL" beginTime="21.250" endTime="21.320"/>
      <word confidence="0.983" wordID="alle" beginTime="21.320" endTime="21.680"/>
      <word confidence="0.725" wordID="SIL" beginTime="21.680" endTime="21.690"/>
      <word confidence="1.000" wordID="nog" beginTime="21.690" endTime="21.850"/>
      <word confidence="0.974" wordID="aanwezige" beginTime="21.850" endTime="22.350"/>
      <word confidence="1.000" wordID="levende" beginTime="22.350" endTime="22.790"/>
      <word confidence="0.915" wordID="pluimvee" beginTime="22.790" endTime="23.230"/>
      <word confidence="0.889" wordID="wordt" beginTime="23.230" endTime="23.430"/>
      <word confidence="0.876" wordID="gedood" beginTime="23.430" endTime="23.890"/>
      <word confidence="0.749" wordID="SIL" beginTime="23.890" endTime="24.020"/>
    </wordsequence>
  </speech>
  <speech label="SPK01-006" begintime="24.05" endtime="27.32" >
    <wordsequence>
      <word confidence="0.948" wordID="maar" beginTime="24.050" endTime="24.320"/>
      <word confidence="0.956" wordID="na" beginTime="24.320" endTime="24.510"/>
      <word confidence="0.743" wordID="SIL" beginTime="24.510" endTime="24.540"/>
      <word confidence="0.979" wordID="de" beginTime="24.540" endTime="24.630"/>
      <word confidence="1.000" wordID="ritzen" beginTime="24.630" endTime="24.980"/>
      <word confidence="0.977" wordID="stromen" beginTime="24.980" endTime="25.360"/>
      <word confidence="0.942" wordID="exemplaren" beginTime="25.360" endTime="25.950"/>
      <word confidence="1.000" wordID="door" beginTime="25.950" endTime="26.130"/>
      <word confidence="1.000" wordID="verbranding" beginTime="26.130" endTime="26.660"/>
      <word confidence="0.883" wordID="vernietigen" beginTime="26.660" endTime="27.240"/>
      <word confidence="0.949" wordID="SIL" beginTime="27.240" endTime="27.320"/>
    </wordsequence>
  </speech>
  <speech label="SPK01-007" begintime="27.35" endtime="31.40" >
    <wordsequence>
      <word confidence="0.750" wordID="SIL" beginTime="27.350" endTime="27.360"/>
      <word confidence="0.919" wordID="en" beginTime="27.360" endTime="27.810"/>
      <word confidence="0.740" wordID="SIL" beginTime="27.810" endTime="27.820"/>
      <word confidence="0.881" wordID="wij" beginTime="27.820" endTime="27.930"/>
      <word confidence="0.918" wordID="waren" beginTime="27.930" endTime="28.270"/>
      <word confidence="0.926" wordID="getuige" beginTime="28.270" endTime="28.710"/>
      <word confidence="1.000" wordID="van" beginTime="28.710" endTime="28.870"/>
      <word confidence="1.000" wordID="dat" beginTime="28.870" endTime="29.010"/>
      <word confidence="0.905" wordID="ik" beginTime="29.010" endTime="29.250"/>
      <word confidence="0.892" wordID="ben" beginTime="29.250" endTime="29.480"/>
      <word confidence="1.000" wordID="weer" beginTime="29.480" endTime="29.670"/>
      <word confidence="0.922" wordID="op" beginTime="29.670" endTime="29.860"/>
      <word confidence="0.740" wordID="SIL" beginTime="29.860" endTime="29.870"/>
      <word confidence="1.000" wordID="op" beginTime="29.870" endTime="29.960"/>
      <word confidence="0.986" wordID="deze" beginTime="29.960" endTime="30.190"/>
      <word confidence="1.000" wordID="wijze" beginTime="30.190" endTime="30.450"/>
      <word confidence="1.000" wordID="dertien" beginTime="30.450" endTime="30.840"/>
      <word confidence="1.000" wordID="honderd" beginTime="30.840" endTime="31.100"/>
      <word confidence="1.000" wordID="keer" beginTime="31.100" endTime="31.240"/>
      <word confidence="0.917" wordID="per" beginTime="31.240" endTime="31.400"/>
    </wordsequence>
  </speech>
  <speech label="SPK13-008" begintime="31.42" endtime="32.76" >
    <wordsequence>
      <word confidence="0.780" wordID="eigenlijk" beginTime="31.420" endTime="31.750"/>
      <word confidence="0.781" wordID="SIL" beginTime="31.750" endTime="32.760"/>
    </wordsequence>
  </speech>
  <speech label="SPK01-009" begintime="32.78" endtime="34.31" >
    <wordsequence>
      <word confidence="0.843" wordID="deze" beginTime="32.780" endTime="32.940"/>
      <word confidence="0.996" wordID="maatregelen" beginTime="32.940" endTime="33.430"/>
      <word confidence="0.869" wordID="zijn" beginTime="33.430" endTime="33.560"/>
      <word confidence="0.939" wordID="hart" beginTime="33.560" endTime="33.920"/>
      <word confidence="0.908" wordID="SIL" beginTime="33.920" endTime="34.190"/>
      <word confidence="0.945" wordID="bij" beginTime="34.190" endTime="34.310"/>
    </wordsequence>
  </speech>
  <speech label="SPK15-010" begintime="34.33" endtime="37.07" >
    <wordsequence>
      <word confidence="0.850" wordID="de" beginTime="34.330" endTime="34.650"/>
      <word confidence="0.737" wordID="SIL" beginTime="34.650" endTime="34.660"/>
      <word confidence="0.872" wordID="nog" beginTime="34.660" endTime="35.190"/>
      <word confidence="0.748" wordID="SIL" beginTime="35.190" endTime="35.290"/>
      <word confidence="1.000" wordID="op" beginTime="35.290" endTime="35.450"/>
      <word confidence="0.743" wordID="SIL" beginTime="35.450" endTime="35.460"/>
      <word confidence="0.884" wordID="alle" beginTime="35.460" endTime="35.700"/>
      <word confidence="0.742" wordID="SIL" beginTime="35.700" endTime="35.710"/>
      <word confidence="0.871" wordID="kleding" beginTime="35.710" endTime="36.040"/>
      <word confidence="0.955" wordID="op" beginTime="36.040" endTime="36.130"/>
      <word confidence="0.853" wordID="de" beginTime="36.130" endTime="36.200"/>
      <word confidence="0.849" wordID="ziekte" beginTime="36.200" endTime="36.480"/>
      <word confidence="0.855" wordID="tegen" beginTime="36.480" endTime="36.800"/>
      <word confidence="0.899" wordID="te" beginTime="36.800" endTime="36.880"/>
      <word confidence="0.846" wordID="gaan" beginTime="36.880" endTime="37.070"/>
    </wordsequence>
  </speech>
  <speech label="SPK07-011" begintime="37.09" endtime="37.63" >
    <wordsequence>
      <word confidence="0.750" wordID="SIL" beginTime="37.090" endTime="37.630"/>
    </wordsequence>
  </speech>
  <speech label="SPK07-012" begintime="37.97" endtime="41.62" >
    <wordsequence>
      <word confidence="0.750" wordID="SIL" beginTime="37.970" endTime="38.430"/>
      <word confidence="1.000" wordID="hoe" beginTime="38.430" endTime="40.670"/>
      <word confidence="0.735" wordID="SIL" beginTime="40.670" endTime="40.680"/>
      <word confidence="1.000" wordID="een" beginTime="40.680" endTime="41.280"/>
      <word confidence="0.734" wordID="SIL" beginTime="41.280" endTime="41.290"/>
      <word confidence="0.826" wordID="van" beginTime="41.290" endTime="41.460"/>
      <word confidence="0.740" wordID="SIL" beginTime="41.460" endTime="41.470"/>
      <word confidence="0.791" wordID="de" beginTime="41.470" endTime="41.620"/>
    </wordsequence>
  </speech>
  <speech label="SPK01-013" begintime="41.64" endtime="45.87" >
    <wordsequence>
      <word confidence="0.840" wordID="de" beginTime="41.640" endTime="41.710"/>
      <word confidence="0.937" wordID="heen" beginTime="41.710" endTime="42.000"/>
      <word confidence="1.000" wordID="en" beginTime="42.000" endTime="42.070"/>
      <word confidence="0.903" wordID="erdogan" beginTime="42.070" endTime="42.530"/>
      <word confidence="0.897" wordID="waarin" beginTime="42.530" endTime="42.720"/>
      <word confidence="1.000" wordID="de" beginTime="42.720" endTime="42.790"/>
      <word confidence="0.993" wordID="zieke" beginTime="42.790" endTime="43.030"/>
      <word confidence="1.000" wordID="dieren" beginTime="43.030" endTime="43.270"/>
      <word confidence="0.879" wordID="werden" beginTime="43.270" endTime="43.640"/>
      <word confidence="0.917" wordID="door" beginTime="43.640" endTime="43.850"/>
      <word confidence="0.896" wordID="SIL" beginTime="43.850" endTime="43.880"/>
      <word confidence="0.949" wordID="de" beginTime="43.880" endTime="44.000"/>
      <word confidence="0.921" wordID="boven" beginTime="44.000" endTime="44.270"/>
      <word confidence="1.000" wordID="ons" beginTime="44.270" endTime="44.470"/>
      <word confidence="0.703" wordID="SIL" beginTime="44.470" endTime="44.480"/>
      <word confidence="1.000" wordID="wat" beginTime="44.480" endTime="44.710"/>
      <word confidence="0.712" wordID="SIL" beginTime="44.710" endTime="44.720"/>
      <word confidence="0.973" wordID="wat" beginTime="44.720" endTime="44.860"/>
      <word confidence="0.997" wordID="oplossing" beginTime="44.860" endTime="45.340"/>
      <word confidence="0.947" wordID="dan" beginTime="45.340" endTime="45.460"/>
      <word confidence="1.000" wordID="want" beginTime="45.460" endTime="45.690"/>
      <word confidence="1.000" wordID="om" beginTime="45.690" endTime="45.870"/>
    </wordsequence>
  </speech>
  <speech label="SPK11-014" begintime="45.89" endtime="46.50" >
    <wordsequence>
      <word confidence="0.723" wordID="SIL" beginTime="45.890" endTime="46.180"/>
      <word confidence="0.857" wordID="een" beginTime="46.180" endTime="46.500"/>
    </wordsequence>
  </speech>
  <speech label="SPK11-015" begintime="47.18" endtime="50.01" >
    <wordsequence>
      <word confidence="0.750" wordID="SIL" beginTime="47.180" endTime="47.540"/>
      <word confidence="0.885" wordID="en" beginTime="47.540" endTime="48.240"/>
      <word confidence="0.750" wordID="SIL" beginTime="48.240" endTime="48.420"/>
      <word confidence="0.796" wordID="ik" beginTime="48.420" endTime="48.730"/>
      <word confidence="0.749" wordID="SIL" beginTime="48.730" endTime="48.800"/>
      <word confidence="0.756" wordID="heb" beginTime="48.800" endTime="49.280"/>
      <word confidence="0.739" wordID="SIL" beginTime="49.280" endTime="49.300"/>
      <word confidence="0.792" wordID="ik" beginTime="49.300" endTime="49.550"/>
      <word confidence="0.742" wordID="SIL" beginTime="49.550" endTime="49.560"/>
      <word confidence="0.823" wordID="in" beginTime="49.560" endTime="49.710"/>
      <word confidence="0.749" wordID="SIL" beginTime="49.710" endTime="49.790"/>
      <word confidence="0.840" wordID="een" beginTime="49.790" endTime="49.950"/>
      <word confidence="0.749" wordID="SIL" beginTime="49.950" endTime="50.010"/>
    </wordsequence>
  </speech>
  <speech label="SPK01-016" begintime="50.03" endtime="52.64" >
    <wordsequence>
      <word confidence="0.971" wordID="eerst" beginTime="50.030" endTime="50.320"/>
      <word confidence="1.000" wordID="SIL" beginTime="50.320" endTime="50.330"/>
      <word confidence="1.000" wordID="komt" beginTime="50.330" endTime="50.530"/>
      <word confidence="0.922" wordID="voor" beginTime="50.530" endTime="50.650"/>
      <word confidence="0.969" wordID="deze" beginTime="50.650" endTime="50.850"/>
      <word confidence="1.000" wordID="behandeling" beginTime="50.850" endTime="51.220"/>
      <word confidence="0.902" wordID="niet-nederlander" beginTime="51.220" endTime="51.880"/>
      <word confidence="0.911" wordID="die" beginTime="51.880" endTime="51.990"/>
      <word confidence="0.967" wordID="na" beginTime="51.990" endTime="52.110"/>
      <word confidence="0.899" wordID="worden" beginTime="52.110" endTime="52.490"/>
      <word confidence="1.000" wordID="alle" beginTime="52.490" endTime="52.640"/>
    </wordsequence>
  </speech>
  <speech label="SPK13-017" begintime="52.66" endtime="56.27" >
    <wordsequence>
      <word confidence="0.689" wordID="SIL" beginTime="52.660" endTime="52.760"/>
      <word confidence="0.836" wordID="een" beginTime="52.760" endTime="54.280"/>
      <word confidence="0.731" wordID="SIL" beginTime="54.280" endTime="54.290"/>
      <word confidence="0.883" wordID="uh" beginTime="54.290" endTime="54.560"/>
      <word confidence="0.749" wordID="SIL" beginTime="54.560" endTime="54.770"/>
      <word confidence="0.887" wordID="hoe" beginTime="54.770" endTime="56.050"/>
      <word confidence="0.749" wordID="SIL" beginTime="56.050" endTime="56.270"/>
    </wordsequence>
  </speech>
  <speech label="SPK01-018" begintime="56.30" endtime="60.06" >
    <wordsequence>
      <word confidence="1.000" wordID="broer" beginTime="56.300" endTime="56.800"/>
      <word confidence="0.898" wordID="het" beginTime="56.800" endTime="56.910"/>
      <word confidence="0.924" wordID="gehele" beginTime="56.910" endTime="57.240"/>
      <word confidence="1.000" wordID="land" beginTime="57.240" endTime="57.440"/>
      <word confidence="1.000" wordID="dus" beginTime="57.440" endTime="57.560"/>
      <word confidence="1.000" wordID="onmiddellijk" beginTime="57.560" endTime="57.910"/>
      <word confidence="0.931" wordID="nadat" beginTime="57.910" endTime="58.300"/>
      <word confidence="0.949" wordID="bleek" beginTime="58.300" endTime="58.520"/>
      <word confidence="0.740" wordID="SIL" beginTime="58.520" endTime="58.530"/>
      <word confidence="0.845" wordID="dat" beginTime="58.530" endTime="58.740"/>
      <word confidence="0.918" wordID="er" beginTime="58.740" endTime="58.920"/>
      <word confidence="0.881" wordID="onder" beginTime="58.920" endTime="59.330"/>
      <word confidence="0.887" wordID="het" beginTime="59.330" endTime="59.480"/>
      <word confidence="0.745" wordID="SIL" beginTime="59.480" endTime="59.500"/>
      <word confidence="0.938" wordID="ook" beginTime="59.500" endTime="59.670"/>
      <word confidence="0.695" wordID="SIL" beginTime="59.670" endTime="59.680"/>
      <word confidence="0.858" wordID="goed" beginTime="59.680" endTime="60.060"/>
    </wordsequence>
  </speech>
  <speech label="SPK13-019" begintime="60.08" endtime="62.61" >
    <wordsequence>
      <word confidence="0.750" wordID="SIL" beginTime="60.080" endTime="60.100"/>
      <word confidence="0.775" wordID="ja" beginTime="60.100" endTime="61.070"/>
      <word confidence="0.855" wordID="SIL" beginTime="61.070" endTime="61.110"/>
      <word confidence="0.768" wordID="ik" beginTime="61.110" endTime="61.840"/>
      <word confidence="0.750" wordID="SIL" beginTime="61.840" endTime="62.610"/>
    </wordsequence>
  </speech>
  <speech label="SPK15-020" begintime="62.63" endtime="65.27" >
    <wordsequence>
      <word confidence="0.750" wordID="SIL" beginTime="62.630" endTime="63.040"/>
      <word confidence="0.976" wordID="op" beginTime="63.040" endTime="63.180"/>
      <word confidence="0.817" wordID="die" beginTime="63.180" endTime="63.260"/>
      <word confidence="0.946" wordID="niet" beginTime="63.260" endTime="63.460"/>
      <word confidence="0.906" wordID="aangepast" beginTime="63.460" endTime="63.980"/>
      <word confidence="0.743" wordID="SIL" beginTime="63.980" endTime="63.990"/>
      <word confidence="0.853" wordID="bedreven" beginTime="63.990" endTime="64.400"/>
      <word confidence="0.887" wordID="wordt" beginTime="64.400" endTime="64.580"/>
      <word confidence="0.745" wordID="SIL" beginTime="64.580" endTime="64.600"/>
      <word confidence="0.936" wordID="dus" beginTime="64.600" endTime="64.780"/>
      <word confidence="0.745" wordID="SIL" beginTime="64.780" endTime="64.800"/>
      <word confidence="0.790" wordID="een" beginTime="64.800" endTime="65.270"/>
    </wordsequence>
  </speech>
  <speech label="SPK16-021" begintime="65.29" endtime="67.70" >
    <wordsequence>
      <word confidence="0.750" wordID="SIL" beginTime="65.290" endTime="65.300"/>
      <word confidence="0.786" wordID="ja" beginTime="65.300" endTime="65.790"/>
      <word confidence="0.756" wordID="SIL" beginTime="65.790" endTime="65.880"/>
      <word confidence="0.763" wordID="ik" beginTime="65.880" endTime="66.080"/>
      <word confidence="0.729" wordID="SIL" beginTime="66.080" endTime="66.160"/>
      <word confidence="0.808" wordID="heb" beginTime="66.160" endTime="66.340"/>
      <word confidence="0.725" wordID="SIL" beginTime="66.340" endTime="66.350"/>
      <word confidence="0.976" wordID="uh" beginTime="66.350" endTime="66.850"/>
      <word confidence="0.734" wordID="SIL" beginTime="66.850" endTime="66.860"/>
      <word confidence="0.828" wordID="zelfs" beginTime="66.860" endTime="67.160"/>
      <word confidence="0.749" wordID="SIL" beginTime="67.160" endTime="67.230"/>
      <word confidence="0.854" wordID="schoeisel" beginTime="67.230" endTime="67.700"/>
    </wordsequence>
  </speech>
  <speech label="SPK01-022" begintime="67.72" endtime="69.02" >
    <wordsequence>
      <word confidence="0.778" wordID="in" beginTime="67.720" endTime="67.900"/>
      <word confidence="1.000" wordID="ons" beginTime="67.900" endTime="68.110"/>
      <word confidence="0.989" wordID="metterwoon" beginTime="68.110" endTime="68.700"/>
      <word confidence="0.806" wordID="SIL" beginTime="68.700" endTime="69.020"/>
    </wordsequence>
  </speech>
  <speech label="SPK01-023" begintime="69.43" endtime="75.45" >
    <wordsequence>
      <word confidence="0.910" wordID="uh" beginTime="69.430" endTime="69.890"/>
      <word confidence="0.712" wordID="SIL" beginTime="69.890" endTime="69.900"/>
      <word confidence="0.898" wordID="een" beginTime="69.900" endTime="70.010"/>
      <word confidence="0.981" wordID="directie" beginTime="70.010" endTime="70.550"/>
      <word confidence="0.741" wordID="SIL" beginTime="70.550" endTime="70.560"/>
      <word confidence="0.876" wordID="van" beginTime="70.560" endTime="70.680"/>
      <word confidence="0.919" wordID="een" beginTime="70.680" endTime="70.780"/>
      <word confidence="1.000" wordID="richting" beginTime="70.780" endTime="71.080"/>
      <word confidence="0.967" wordID="in" beginTime="71.080" endTime="71.150"/>
      <word confidence="1.000" wordID="rotterdam" beginTime="71.150" endTime="71.620"/>
      <word confidence="0.739" wordID="SIL" beginTime="71.620" endTime="71.630"/>
      <word confidence="0.960" wordID="komen" beginTime="71.630" endTime="71.860"/>
      <word confidence="0.936" wordID="dagelijks" beginTime="71.860" endTime="72.300"/>
      <word confidence="0.879" wordID="tolken" beginTime="72.300" endTime="72.880"/>
      <word confidence="1.000" wordID="binnen" beginTime="72.880" endTime="73.150"/>
      <word confidence="0.749" wordID="SIL" beginTime="73.150" endTime="73.370"/>
      <word confidence="1.000" wordID="op" beginTime="73.370" endTime="73.490"/>
      <word confidence="0.819" wordID="de" beginTime="73.490" endTime="73.550"/>
      <word confidence="1.000" wordID="radio" beginTime="73.550" endTime="73.830"/>
      <word confidence="0.742" wordID="SIL" beginTime="73.830" endTime="73.840"/>
      <word confidence="0.948" wordID="door" beginTime="73.840" endTime="74.030"/>
      <word confidence="0.742" wordID="SIL" beginTime="74.030" endTime="74.040"/>
      <word confidence="0.889" wordID="zo&apos;n" beginTime="74.040" endTime="74.320"/>
      <word confidence="0.942" wordID="zak" beginTime="74.320" endTime="74.560"/>
      <word confidence="0.915" wordID="maar" beginTime="74.560" endTime="74.690"/>
      <word confidence="1.000" wordID="geen" beginTime="74.690" endTime="74.870"/>
      <word confidence="0.951" wordID="zekerheid" beginTime="74.870" endTime="75.320"/>
      <word confidence="0.741" wordID="SIL" beginTime="75.320" endTime="75.330"/>
      <word confidence="0.900" wordID="en" beginTime="75.330" endTime="75.450"/>
    </wordsequence>
  </speech>
  <speech label="SPK02-024" begintime="75.47" endtime="78.57" >
    <wordsequence>
      <word confidence="0.710" wordID="SIL" beginTime="75.470" endTime="75.560"/>
      <word confidence="0.788" wordID="uh" beginTime="75.560" endTime="76.150"/>
      <word confidence="0.740" wordID="SIL" beginTime="76.150" endTime="76.160"/>
      <word confidence="0.976" wordID="om" beginTime="76.160" endTime="76.290"/>
      <word confidence="1.000" wordID="vast" beginTime="76.290" endTime="76.520"/>
      <word confidence="0.880" wordID="te" beginTime="76.520" endTime="76.610"/>
      <word confidence="0.928" wordID="stellen" beginTime="76.610" endTime="76.860"/>
      <word confidence="0.776" wordID="maar" beginTime="76.860" endTime="77.030"/>
      <word confidence="0.907" wordID="die" beginTime="77.030" endTime="77.200"/>
      <word confidence="0.748" wordID="SIL" beginTime="77.200" endTime="77.230"/>
      <word confidence="0.897" wordID="absurde" beginTime="77.230" endTime="77.680"/>
      <word confidence="0.739" wordID="SIL" beginTime="77.680" endTime="77.690"/>
      <word confidence="0.941" wordID="komt" beginTime="77.690" endTime="77.880"/>
      <word confidence="0.820" wordID="de" beginTime="77.880" endTime="77.990"/>
      <word confidence="0.740" wordID="SIL" beginTime="77.990" endTime="78.000"/>
      <word confidence="0.817" wordID="weg" beginTime="78.000" endTime="78.250"/>
      <word confidence="0.747" wordID="SIL" beginTime="78.250" endTime="78.280"/>
      <word confidence="0.839" wordID="stond" beginTime="78.280" endTime="78.570"/>
    </wordsequence>
  </speech>
  <speech label="SPK01-025" begintime="78.59" endtime="80.44" >
    <wordsequence>
      <word confidence="0.930" wordID="deze" beginTime="78.590" endTime="78.820"/>
      <word confidence="0.813" wordID="SIL" beginTime="78.820" endTime="79.040"/>
      <word confidence="0.912" wordID="korte" beginTime="79.040" endTime="79.300"/>
      <word confidence="0.740" wordID="SIL" beginTime="79.300" endTime="79.310"/>
      <word confidence="1.000" wordID="hevige" beginTime="79.310" endTime="79.740"/>
      <word confidence="1.000" wordID="brak" beginTime="79.740" endTime="80.060"/>
      <word confidence="0.748" wordID="SIL" beginTime="80.060" endTime="80.110"/>
      <word confidence="0.912" wordID="een" beginTime="80.110" endTime="80.440"/>
    </wordsequence>
  </speech>
  <speech label="SPK01-026" begintime="81.16" endtime="85.06" >
    <wordsequence>
      <word confidence="0.750" wordID="SIL" beginTime="81.160" endTime="81.410"/>
      <word confidence="0.959" wordID="dan" beginTime="81.410" endTime="81.740"/>
      <word confidence="0.940" wordID="start" beginTime="81.740" endTime="82.020"/>
      <word confidence="0.995" wordID="hiervan" beginTime="82.020" endTime="82.440"/>
      <word confidence="0.980" wordID="wordt" beginTime="82.440" endTime="82.630"/>
      <word confidence="0.947" wordID="met" beginTime="82.630" endTime="82.740"/>
      <word confidence="0.783" wordID="de" beginTime="82.740" endTime="82.810"/>
      <word confidence="0.989" wordID="vloeistof" beginTime="82.810" endTime="83.300"/>
      <word confidence="0.748" wordID="SIL" beginTime="83.300" endTime="83.400"/>
      <word confidence="0.982" wordID="in" beginTime="83.400" endTime="83.540"/>
      <word confidence="0.955" wordID="het" beginTime="83.540" endTime="83.650"/>
      <word confidence="1.000" wordID="buisje" beginTime="83.650" endTime="84.060"/>
      <word confidence="0.943" wordID="bijeengepakt" beginTime="84.060" endTime="84.770"/>
      <word confidence="0.749" wordID="SIL" beginTime="84.770" endTime="85.060"/>
    </wordsequence>
  </speech>
  <speech label="SPK11-027" begintime="86.86" endtime="90.00" >
    <wordsequence>
      <word confidence="0.750" wordID="SIL" beginTime="86.860" endTime="87.370"/>
      <word confidence="0.854" wordID="er" beginTime="87.370" endTime="89.070"/>
      <word confidence="0.750" wordID="SIL" beginTime="89.070" endTime="90.000"/>
    </wordsequence>
  </speech>
  <speech label="SPK01-028" begintime="90.02" endtime="94.51" >
    <wordsequence>
      <word confidence="0.860" wordID="rol" beginTime="90.020" endTime="90.170"/>
      <word confidence="1.000" wordID="van" beginTime="90.170" endTime="90.300"/>
      <word confidence="1.000" wordID="de" beginTime="90.300" endTime="90.360"/>
      <word confidence="1.000" wordID="emulsie" beginTime="90.360" endTime="90.890"/>
      <word confidence="0.857" wordID="niet" beginTime="90.890" endTime="91.020"/>
      <word confidence="1.000" wordID="dan" beginTime="91.020" endTime="91.270"/>
      <word confidence="1.000" wordID="stappen" beginTime="91.270" endTime="91.610"/>
      <word confidence="0.833" wordID="we" beginTime="91.610" endTime="91.850"/>
      <word confidence="0.832" wordID="in" beginTime="91.850" endTime="92.010"/>
      <word confidence="1.000" wordID="een" beginTime="92.010" endTime="92.230"/>
      <word confidence="0.951" wordID="geïnjecteerd" beginTime="92.230" endTime="93.030"/>
      <word confidence="0.943" wordID="SIL" beginTime="93.030" endTime="93.040"/>
      <word confidence="1.000" wordID="dat" beginTime="93.040" endTime="93.200"/>
      <word confidence="1.000" wordID="SIL" beginTime="93.200" endTime="93.230"/>
      <word confidence="0.908" wordID="tien" beginTime="93.230" endTime="93.450"/>
      <word confidence="1.000" wordID="dagen" beginTime="93.450" endTime="93.720"/>
      <word confidence="0.898" wordID="broodjes" beginTime="93.720" endTime="94.340"/>
      <word confidence="1.000" wordID="SIL" beginTime="94.340" endTime="94.510"/>
    </wordsequence>
  </speech>
  <speech label="SPK01-029" begintime="94.53" endtime="101.07" >
    <wordsequence>
      <word confidence="0.750" wordID="SIL" beginTime="94.530" endTime="94.730"/>
      <word confidence="1.000" wordID="in" beginTime="94.730" endTime="94.840"/>
      <word confidence="0.922" wordID="de" beginTime="94.840" endTime="94.920"/>
      <word confidence="0.986" wordID="tijd" beginTime="94.920" endTime="95.200"/>
      <word confidence="1.000" wordID="die" beginTime="95.200" endTime="95.310"/>
      <word confidence="1.000" wordID="het" beginTime="95.310" endTime="95.410"/>
      <word confidence="1.000" wordID="een" beginTime="95.410" endTime="95.570"/>
      <word confidence="1.000" wordID="darmen" beginTime="95.570" endTime="95.820"/>
      <word confidence="0.981" wordID="opnieuw" beginTime="95.820" endTime="96.260"/>
      <word confidence="0.942" wordID="in" beginTime="96.260" endTime="96.350"/>
      <word confidence="1.000" wordID="de" beginTime="96.350" endTime="96.410"/>
      <word confidence="1.000" wordID="broedstoof" beginTime="96.410" endTime="96.850"/>
      <word confidence="0.963" wordID="doorbrengt" beginTime="96.850" endTime="97.360"/>
      <word confidence="0.749" wordID="SIL" beginTime="97.360" endTime="97.550"/>
      <word confidence="0.994" wordID="vermeerderd" beginTime="97.550" endTime="98.150"/>
      <word confidence="1.000" wordID="heb" beginTime="98.150" endTime="98.300"/>
      <word confidence="0.958" wordID="ik" beginTime="98.300" endTime="98.440"/>
      <word confidence="0.877" wordID="heb" beginTime="98.440" endTime="98.560"/>
      <word confidence="0.930" wordID="je" beginTime="98.560" endTime="98.620"/>
      <word confidence="1.000" wordID="weer" beginTime="98.620" endTime="98.780"/>
      <word confidence="1.000" wordID="aanwezig" beginTime="98.780" endTime="99.160"/>
      <word confidence="0.812" wordID="het" beginTime="99.160" endTime="99.250"/>
      <word confidence="0.736" wordID="SIL" beginTime="99.250" endTime="99.260"/>
      <word confidence="1.000" wordID="virus" beginTime="99.260" endTime="99.570"/>
      <word confidence="1.000" wordID="zich" beginTime="99.570" endTime="99.840"/>
      <word confidence="0.736" wordID="SIL" beginTime="99.840" endTime="99.850"/>
      <word confidence="0.971" wordID="millioenen" beginTime="99.850" endTime="100.350"/>
      <word confidence="1.000" wordID="fouten" beginTime="100.350" endTime="100.790"/>
      <word confidence="0.749" wordID="SIL" beginTime="100.790" endTime="101.070"/>
    </wordsequence>
  </speech>
  <speech label="SPK01-030" begintime="101.21" endtime="104.06" >
    <wordsequence>
      <word confidence="0.750" wordID="SIL" beginTime="101.210" endTime="101.650"/>
      <word confidence="0.980" wordID="een" beginTime="101.650" endTime="101.820"/>
      <word confidence="0.904" wordID="druppel" beginTime="101.820" endTime="102.210"/>
      <word confidence="1.000" wordID="van" beginTime="102.210" endTime="102.330"/>
      <word confidence="1.000" wordID="deze" beginTime="102.330" endTime="102.580"/>
      <word confidence="0.997" wordID="geconcentreerde" beginTime="102.580" endTime="103.350"/>
      <word confidence="1.000" wordID="zien" beginTime="103.350" endTime="103.530"/>
      <word confidence="0.742" wordID="SIL" beginTime="103.530" endTime="103.550"/>
      <word confidence="1.000" wordID="te" beginTime="103.550" endTime="103.650"/>
      <word confidence="0.912" wordID="verwerken" beginTime="103.650" endTime="104.060"/>
    </wordsequence>
  </speech>
  <speech label="SPK07-031" begintime="104.08" endtime="108.70" >
    <wordsequence>
      <word confidence="0.750" wordID="SIL" beginTime="104.080" endTime="104.490"/>
      <word confidence="0.779" wordID="ik" beginTime="104.490" endTime="105.230"/>
      <word confidence="0.750" wordID="SIL" beginTime="105.230" endTime="105.530"/>
      <word confidence="0.781" wordID="heb" beginTime="105.530" endTime="105.770"/>
      <word confidence="0.749" wordID="SIL" beginTime="105.770" endTime="105.890"/>
      <word confidence="0.813" wordID="ik" beginTime="105.890" endTime="106.160"/>
      <word confidence="0.749" wordID="SIL" beginTime="106.160" endTime="106.250"/>
      <word confidence="0.770" wordID="&apos;t" beginTime="106.250" endTime="106.470"/>
      <word confidence="0.749" wordID="SIL" beginTime="106.470" endTime="106.590"/>
      <word confidence="0.816" wordID="is" beginTime="106.590" endTime="106.900"/>
      <word confidence="0.750" wordID="SIL" beginTime="106.900" endTime="107.110"/>
      <word confidence="0.816" wordID="weer" beginTime="107.110" endTime="107.320"/>
      <word confidence="0.750" wordID="SIL" beginTime="107.320" endTime="108.040"/>
      <word confidence="0.878" wordID="een" beginTime="108.040" endTime="108.340"/>
      <word confidence="0.749" wordID="SIL" beginTime="108.340" endTime="108.700"/>
    </wordsequence>
  </speech>
  <speech label="SPK07-032" begintime="108.73" endtime="111.63" >
    <wordsequence>
      <word confidence="0.750" wordID="SIL" beginTime="108.730" endTime="109.330"/>
      <word confidence="0.798" wordID="er" beginTime="109.330" endTime="110.420"/>
      <word confidence="0.750" wordID="SIL" beginTime="110.420" endTime="110.940"/>
      <word confidence="0.859" wordID="gebeuren" beginTime="110.940" endTime="111.490"/>
      <word confidence="0.749" wordID="SIL" beginTime="111.490" endTime="111.630"/>
    </wordsequence>
  </speech>
  <speech label="SPK01-033" begintime="111.65" endtime="116.25" >
    <wordsequence>
      <word confidence="0.775" wordID="en" beginTime="111.650" endTime="111.770"/>
      <word confidence="1.000" wordID="vergeleken" beginTime="111.770" endTime="112.370"/>
      <word confidence="0.977" wordID="dat" beginTime="112.370" endTime="112.560"/>
      <word confidence="0.909" wordID="regime" beginTime="112.560" endTime="113.040"/>
      <word confidence="0.949" wordID="zweetdruppels" beginTime="113.040" endTime="113.590"/>
      <word confidence="0.957" wordID="voor" beginTime="113.590" endTime="113.700"/>
      <word confidence="1.000" wordID="het" beginTime="113.700" endTime="113.790"/>
      <word confidence="1.000" wordID="zelfde" beginTime="113.790" endTime="114.100"/>
      <word confidence="1.000" wordID="bloed" beginTime="114.100" endTime="114.410"/>
      <word confidence="1.000" wordID="SIL" beginTime="114.410" endTime="114.500"/>
      <word confidence="0.959" wordID="of" beginTime="114.500" endTime="114.620"/>
      <word confidence="1.000" wordID="andere" beginTime="114.620" endTime="114.850"/>
      <word confidence="0.982" wordID="echter" beginTime="114.850" endTime="115.140"/>
      <word confidence="1.000" wordID="met" beginTime="115.140" endTime="115.260"/>
      <word confidence="0.861" wordID="het" beginTime="115.260" endTime="115.340"/>
      <word confidence="1.000" wordID="viere-zes" beginTime="115.340" endTime="115.800"/>
      <word confidence="0.878" wordID="moment" beginTime="115.800" endTime="116.240"/>
      <word confidence="0.737" wordID="SIL" beginTime="116.240" endTime="116.250"/>
    </wordsequence>
  </speech>
  <speech label="SPK01-034" begintime="116.28" endtime="118.57" >
    <wordsequence>
      <word confidence="0.750" wordID="SIL" beginTime="116.280" endTime="116.490"/>
      <word confidence="0.974" wordID="de" beginTime="116.490" endTime="116.570"/>
      <word confidence="0.928" wordID="körmeling" beginTime="116.570" endTime="117.100"/>
      <word confidence="1.000" wordID="wel" beginTime="117.100" endTime="117.250"/>
      <word confidence="0.960" wordID="kinderrechter" beginTime="117.250" endTime="117.860"/>
      <word confidence="0.948" wordID="druppel" beginTime="117.860" endTime="118.150"/>
      <word confidence="0.939" wordID="optreedt" beginTime="118.150" endTime="118.570"/>
    </wordsequence>
  </speech>
  <speech label="SPK08-035" begintime="118.59" endtime="120.96" >
    <wordsequence>
      <word confidence="0.721" wordID="SIL" beginTime="118.590" endTime="118.690"/>
      <word confidence="0.859" wordID="de" beginTime="118.690" endTime="118.870"/>
      <word confidence="0.825" wordID="lancé" beginTime="118.870" endTime="119.490"/>
      <word confidence="0.820" wordID="nogal" beginTime="119.490" endTime="119.820"/>
      <word confidence="0.685" wordID="SIL" beginTime="119.820" endTime="119.910"/>
      <word confidence="0.869" wordID="eens" beginTime="119.910" endTime="120.200"/>
      <word confidence="0.776" wordID="SIL" beginTime="120.200" endTime="120.960"/>
    </wordsequence>
  </speech>
  <speech label="SPK08-036" begintime="121.77" endtime="123.71" >
    <wordsequence>
      <word confidence="0.750" wordID="SIL" beginTime="121.770" endTime="122.240"/>
      <word confidence="0.878" wordID="uh" beginTime="122.240" endTime="122.640"/>
      <word confidence="0.748" wordID="SIL" beginTime="122.640" endTime="122.700"/>
      <word confidence="0.826" wordID="uh" beginTime="122.700" endTime="123.710"/>
    </wordsequence>
  </speech>
  <speech label="SPK01-037" begintime="123.73" endtime="128.23" >
    <wordsequence>
      <word confidence="0.670" wordID="SIL" beginTime="123.730" endTime="123.880"/>
      <word confidence="0.879" wordID="ik" beginTime="123.880" endTime="123.990"/>
      <word confidence="0.763" wordID="SIL" beginTime="123.990" endTime="124.000"/>
      <word confidence="0.969" wordID="zie" beginTime="124.000" endTime="124.250"/>
      <word confidence="0.742" wordID="SIL" beginTime="124.250" endTime="124.260"/>
      <word confidence="0.787" wordID="geen" beginTime="124.260" endTime="124.350"/>
      <word confidence="0.883" wordID="reden" beginTime="124.350" endTime="124.500"/>
      <word confidence="1.000" wordID="richting" beginTime="124.500" endTime="124.890"/>
      <word confidence="0.716" wordID="SIL" beginTime="124.890" endTime="124.950"/>
      <word confidence="0.832" wordID="waardoor" beginTime="124.950" endTime="125.440"/>
      <word confidence="0.824" wordID="SIL" beginTime="125.440" endTime="125.460"/>
      <word confidence="0.849" wordID="een" beginTime="125.460" endTime="125.540"/>
      <word confidence="0.945" wordID="aanslag" beginTime="125.540" endTime="125.980"/>
      <word confidence="1.000" wordID="SIL" beginTime="125.980" endTime="126.150"/>
      <word confidence="1.000" wordID="welke" beginTime="126.150" endTime="126.370"/>
      <word confidence="0.939" wordID="de" beginTime="126.370" endTime="126.450"/>
      <word confidence="0.984" wordID="gezonde" beginTime="126.450" endTime="126.840"/>
      <word confidence="0.938" wordID="dieren" beginTime="126.840" endTime="127.160"/>
      <word confidence="0.942" wordID="voor" beginTime="127.160" endTime="127.300"/>
      <word confidence="0.886" wordID="besmetting" beginTime="127.300" endTime="127.850"/>
      <word confidence="0.941" wordID="SIL" beginTime="127.850" endTime="128.230"/>
    </wordsequence>
  </speech>
  <speech label="SPK01-038" begintime="128.25" endtime="131.59" >
    <wordsequence>
      <word confidence="0.750" wordID="SIL" beginTime="128.250" endTime="128.440"/>
      <word confidence="1.000" wordID="door" beginTime="128.440" endTime="128.590"/>
      <word confidence="1.000" wordID="de" beginTime="128.590" endTime="128.650"/>
      <word confidence="0.920" wordID="inenting" beginTime="128.650" endTime="129.060"/>
      <word confidence="0.896" wordID="van" beginTime="129.060" endTime="129.160"/>
      <word confidence="1.000" wordID="de" beginTime="129.160" endTime="129.230"/>
      <word confidence="0.849" wordID="kinderen" beginTime="129.230" endTime="129.550"/>
      <word confidence="0.660" wordID="SIL" beginTime="129.550" endTime="129.560"/>
      <word confidence="0.965" wordID="kan" beginTime="129.560" endTime="129.730"/>
      <word confidence="0.761" wordID="SIL" beginTime="129.730" endTime="129.780"/>
      <word confidence="0.905" wordID="wederom" beginTime="129.780" endTime="130.150"/>
      <word confidence="1.000" wordID="heel" beginTime="130.150" endTime="130.320"/>
      <word confidence="0.934" wordID="worden" beginTime="130.320" endTime="130.550"/>
      <word confidence="0.990" wordID="voorkomen" beginTime="130.550" endTime="131.400"/>
      <word confidence="1.000" wordID="SIL" beginTime="131.400" endTime="131.590"/>
    </wordsequence>
  </speech>
  <speech label="SPK01-039" begintime="131.61" endtime="137.35" >
    <wordsequence>
      <word confidence="0.750" wordID="SIL" beginTime="131.610" endTime="131.770"/>
      <word confidence="0.991" wordID="zo" beginTime="131.770" endTime="131.990"/>
      <word confidence="0.890" wordID="wordt" beginTime="131.990" endTime="132.190"/>
      <word confidence="1.000" wordID="alles" beginTime="132.190" endTime="132.440"/>
      <word confidence="0.954" wordID="gaat" beginTime="132.440" endTime="132.570"/>
      <word confidence="1.000" wordID="dan" beginTime="132.570" endTime="132.750"/>
      <word confidence="1.000" wordID="om" beginTime="132.750" endTime="132.840"/>
      <word confidence="1.000" wordID="te" beginTime="132.840" endTime="132.930"/>
      <word confidence="0.997" wordID="vermijden" beginTime="132.930" endTime="133.440"/>
      <word confidence="0.749" wordID="SIL" beginTime="133.440" endTime="133.610"/>
      <word confidence="0.988" wordID="dat" beginTime="133.610" endTime="133.730"/>
      <word confidence="0.893" wordID="het" beginTime="133.730" endTime="133.820"/>
      <word confidence="0.740" wordID="SIL" beginTime="133.820" endTime="133.830"/>
      <word confidence="1.000" wordID="zo" beginTime="133.830" endTime="134.000"/>
      <word confidence="1.000" wordID="de" beginTime="134.000" endTime="134.070"/>
      <word confidence="1.000" wordID="opvolger" beginTime="134.070" endTime="134.520"/>
      <word confidence="0.914" wordID="als" beginTime="134.520" endTime="134.690"/>
      <word confidence="0.745" wordID="SIL" beginTime="134.690" endTime="134.710"/>
      <word confidence="0.889" wordID="er" beginTime="134.710" endTime="134.930"/>
      <word confidence="0.991" wordID="al" beginTime="134.930" endTime="135.100"/>
      <word confidence="0.915" wordID="iets" beginTime="135.100" endTime="135.280"/>
      <word confidence="1.000" wordID="meer" beginTime="135.280" endTime="135.480"/>
      <word confidence="0.975" wordID="dan" beginTime="135.480" endTime="135.630"/>
      <word confidence="1.000" wordID="SIL" beginTime="135.630" endTime="135.640"/>
      <word confidence="0.872" wordID="vijftigduizend" beginTime="135.640" endTime="136.340"/>
      <word confidence="0.855" wordID="kinderen" beginTime="136.340" endTime="136.720"/>
      <word confidence="0.996" wordID="overwinnen" beginTime="136.720" endTime="137.220"/>
      <word confidence="1.000" wordID="SIL" beginTime="137.220" endTime="137.350"/>
    </wordsequence>
  </speech>
  <speech label="SPK01-040" begintime="137.37" endtime="140.02" >
    <wordsequence>
      <word confidence="0.750" wordID="SIL" beginTime="137.370" endTime="137.560"/>
      <word confidence="1.000" wordID="afmetingen" beginTime="137.560" endTime="138.170"/>
      <word confidence="1.000" wordID="al" beginTime="138.170" endTime="138.330"/>
      <word confidence="1.000" wordID="neemt" beginTime="138.330" endTime="138.640"/>
      <word confidence="0.743" wordID="SIL" beginTime="138.640" endTime="138.670"/>
      <word confidence="1.000" wordID="welke" beginTime="138.670" endTime="139.110"/>
      <word confidence="1.000" wordID="voor" beginTime="139.110" endTime="139.250"/>
      <word confidence="1.000" wordID="ons" beginTime="139.250" endTime="139.400"/>
      <word confidence="0.747" wordID="SIL" beginTime="139.400" endTime="139.430"/>
      <word confidence="0.896" wordID="daar" beginTime="139.430" endTime="139.740"/>
      <word confidence="0.742" wordID="SIL" beginTime="139.740" endTime="139.750"/>
      <word confidence="1.000" wordID="wist" beginTime="139.750" endTime="140.020"/>
    </wordsequence>
  </speech>
  <speech label="SPK16-041" begintime="140.04" endtime="143.13" >
    <wordsequence>
      <word confidence="0.701" wordID="SIL" beginTime="140.040" endTime="140.150"/>
      <word confidence="0.831" wordID="ik" beginTime="140.150" endTime="140.350"/>
      <word confidence="0.803" wordID="SIL" beginTime="140.350" endTime="140.430"/>
      <word confidence="0.841" wordID="was" beginTime="140.430" endTime="140.610"/>
      <word confidence="0.695" wordID="SIL" beginTime="140.610" endTime="140.620"/>
      <word confidence="0.869" wordID="niet" beginTime="140.620" endTime="140.760"/>
      <word confidence="0.662" wordID="SIL" beginTime="140.760" endTime="140.770"/>
      <word confidence="0.845" wordID="alleen" beginTime="140.770" endTime="141.060"/>
      <word confidence="0.742" wordID="SIL" beginTime="141.060" endTime="141.070"/>
      <word confidence="0.847" wordID="in" beginTime="141.070" endTime="141.170"/>
      <word confidence="0.742" wordID="SIL" beginTime="141.170" endTime="141.180"/>
      <word confidence="0.882" wordID="een" beginTime="141.180" endTime="141.390"/>
      <word confidence="0.748" wordID="SIL" beginTime="141.390" endTime="141.440"/>
      <word confidence="0.860" wordID="jogger" beginTime="141.440" endTime="141.880"/>
      <word confidence="0.741" wordID="SIL" beginTime="141.880" endTime="141.890"/>
      <word confidence="0.841" wordID="een" beginTime="141.890" endTime="143.130"/>
    </wordsequence>
  </speech>

  </segments>
</shout_metadata>
