<?xml version="1.0" encoding="UTF-8"?>
<!--
  ##################################################################################################
  ###                      This transcription is automatically generated by                      ###
  ###                              X-MI, Cross-Media interaction                                 ###
  ###                                    http://x-mi.nl                                          ###
  ##################################################################################################
-->
<shout_metadata>
  <model_info>
    <version>Standaard systeem 28-02-2012</version>
    <description>Academia</description>
  </model_info>
  <segments>
  <speech label="SPK02-001" begintime="1.13" endtime="4.13" >
    <wordsequence>
      <word confidence="0.750" wordID="SIL" beginTime="1.130" endTime="1.560"/>
      <word confidence="0.864" wordID="meer" beginTime="1.560" endTime="1.880"/>
      <word confidence="1.000" wordID="dan" beginTime="1.880" endTime="2.040"/>
      <word confidence="1.000" wordID="honderd" beginTime="2.040" endTime="2.410"/>
      <word confidence="0.734" wordID="SIL" beginTime="2.410" endTime="2.420"/>
      <word confidence="0.881" wordID="vijftig" beginTime="2.420" endTime="2.850"/>
      <word confidence="0.994" wordID="boeken" beginTime="2.850" endTime="3.160"/>
      <word confidence="1.000" wordID="op" beginTime="3.160" endTime="3.260"/>
      <word confidence="1.000" wordID="het" beginTime="3.260" endTime="3.340"/>
      <word confidence="1.000" wordID="gebied" beginTime="3.340" endTime="3.620"/>
      <word confidence="0.927" wordID="hermetisch" beginTime="3.620" endTime="4.130"/>
    </wordsequence>
  </speech>
  <speech label="SPK03-002" begintime="4.15" endtime="6.82" >
    <wordsequence>
      <word confidence="0.714" wordID="SIL" beginTime="4.150" endTime="4.230"/>
      <word confidence="0.945" wordID="een" beginTime="4.230" endTime="4.300"/>
      <word confidence="0.984" wordID="exacte" beginTime="4.300" endTime="4.740"/>
      <word confidence="0.953" wordID="wetenschappen" beginTime="4.740" endTime="5.470"/>
      <word confidence="0.749" wordID="SIL" beginTime="5.470" endTime="5.600"/>
      <word confidence="0.998" wordID="worden" beginTime="5.600" endTime="5.820"/>
      <word confidence="0.945" wordID="aangeboden" beginTime="5.820" endTime="6.370"/>
      <word confidence="1.000" wordID="aan" beginTime="6.370" endTime="6.450"/>
      <word confidence="0.980" wordID="de" beginTime="6.450" endTime="6.520"/>
      <word confidence="0.938" wordID="pupil" beginTime="6.520" endTime="6.820"/>
    </wordsequence>
  </speech>
  <speech label="SPK02-003" begintime="6.84" endtime="11.48" >
    <wordsequence>
      <word confidence="0.881" wordID="twee" beginTime="6.840" endTime="7.030"/>
      <word confidence="0.867" wordID="SIL" beginTime="7.030" endTime="7.040"/>
      <word confidence="1.000" wordID="jaar" beginTime="7.040" endTime="7.190"/>
      <word confidence="1.000" wordID="legt" beginTime="7.190" endTime="7.440"/>
      <word confidence="1.000" wordID="universiteit" beginTime="7.440" endTime="8.200"/>
      <word confidence="0.821" wordID="SIL" beginTime="8.200" endTime="8.730"/>
      <word confidence="0.916" wordID="de" beginTime="8.730" endTime="8.810"/>
      <word confidence="1.000" wordID="weiden" beginTime="8.810" endTime="9.100"/>
      <word confidence="0.908" wordID="van" beginTime="9.100" endTime="9.230"/>
      <word confidence="1.000" wordID="het" beginTime="9.230" endTime="9.340"/>
      <word confidence="0.997" wordID="geschenk" beginTime="9.340" endTime="9.670"/>
      <word confidence="1.000" wordID="bedraagt" beginTime="9.670" endTime="9.970"/>
      <word confidence="0.962" wordID="circa" beginTime="9.970" endTime="10.220"/>
      <word confidence="0.948" wordID="vijf" beginTime="10.220" endTime="10.440"/>
      <word confidence="0.999" wordID="en" beginTime="10.440" endTime="10.530"/>
      <word confidence="0.888" wordID="twintig" beginTime="10.530" endTime="10.810"/>
      <word confidence="0.997" wordID="om" beginTime="10.810" endTime="10.910"/>
      <word confidence="1.000" wordID="tot" beginTime="10.910" endTime="11.030"/>
      <word confidence="1.000" wordID="gulden" beginTime="11.030" endTime="11.360"/>
      <word confidence="0.747" wordID="SIL" beginTime="11.360" endTime="11.480"/>
    </wordsequence>
  </speech>
  <speech label="SPK02-004" begintime="11.51" endtime="15.41" >
    <wordsequence>
      <word confidence="0.750" wordID="SIL" beginTime="11.510" endTime="11.660"/>
      <word confidence="1.000" wordID="die" beginTime="11.660" endTime="11.750"/>
      <word confidence="1.000" wordID="werden" beginTime="11.750" endTime="11.960"/>
      <word confidence="1.000" wordID="meegebracht" beginTime="11.960" endTime="12.610"/>
      <word confidence="0.739" wordID="SIL" beginTime="12.610" endTime="12.620"/>
      <word confidence="0.953" wordID="door" beginTime="12.620" endTime="12.780"/>
      <word confidence="0.965" wordID="particuliere" beginTime="12.780" endTime="13.460"/>
      <word confidence="0.990" wordID="organisaties" beginTime="13.460" endTime="14.170"/>
      <word confidence="1.000" wordID="in" beginTime="14.170" endTime="14.240"/>
      <word confidence="1.000" wordID="de" beginTime="14.240" endTime="14.320"/>
      <word confidence="1.000" wordID="verenigde" beginTime="14.320" endTime="14.710"/>
      <word confidence="1.000" wordID="staten" beginTime="14.710" endTime="15.200"/>
      <word confidence="0.749" wordID="SIL" beginTime="15.200" endTime="15.410"/>
    </wordsequence>
  </speech>
  <speech label="SPK02-005" begintime="15.45" endtime="18.45" >
    <wordsequence>
      <word confidence="0.750" wordID="SIL" beginTime="15.450" endTime="15.910"/>
      <word confidence="0.961" wordID="namens" beginTime="15.910" endTime="16.190"/>
      <word confidence="1.000" wordID="de" beginTime="16.190" endTime="16.290"/>
      <word confidence="1.000" wordID="kermis" beginTime="16.290" endTime="16.730"/>
      <word confidence="1.000" wordID="die" beginTime="16.730" endTime="16.860"/>
      <word confidence="1.000" wordID="in" beginTime="16.860" endTime="16.970"/>
      <word confidence="1.000" wordID="nederland" beginTime="16.970" endTime="17.370"/>
      <word confidence="0.923" wordID="en" beginTime="17.370" endTime="17.640"/>
      <word confidence="0.708" wordID="SIL" beginTime="17.640" endTime="17.650"/>
      <word confidence="0.998" wordID="worden" beginTime="17.650" endTime="17.890"/>
      <word confidence="1.000" wordID="de" beginTime="17.890" endTime="17.950"/>
      <word confidence="0.988" wordID="boeken" beginTime="17.950" endTime="18.300"/>
      <word confidence="0.886" wordID="die" beginTime="18.300" endTime="18.450"/>
    </wordsequence>
  </speech>
  <speech label="SPK09-006" begintime="18.47" endtime="20.95" >
    <wordsequence>
      <word confidence="0.597" wordID="SIL" beginTime="18.470" endTime="18.500"/>
      <word confidence="0.960" wordID="wordt" beginTime="18.500" endTime="18.790"/>
      <word confidence="0.606" wordID="SIL" beginTime="18.790" endTime="18.800"/>
      <word confidence="0.910" wordID="er" beginTime="18.800" endTime="18.950"/>
      <word confidence="0.878" wordID="SIL" beginTime="18.950" endTime="19.130"/>
      <word confidence="0.962" wordID="in" beginTime="19.130" endTime="19.250"/>
      <word confidence="0.933" wordID="de" beginTime="19.250" endTime="19.330"/>
      <word confidence="0.926" wordID="senaat" beginTime="19.330" endTime="19.830"/>
      <word confidence="0.741" wordID="SIL" beginTime="19.830" endTime="19.840"/>
      <word confidence="0.885" wordID="zal" beginTime="19.840" endTime="20.160"/>
      <word confidence="1.000" wordID="overhandigen" beginTime="20.160" endTime="20.800"/>
      <word confidence="1.000" wordID="aan" beginTime="20.800" endTime="20.870"/>
      <word confidence="1.000" wordID="de" beginTime="20.870" endTime="20.950"/>
    </wordsequence>
  </speech>
  <speech label="SPK02-007" begintime="20.97" endtime="24.76" >
    <wordsequence>
      <word confidence="0.936" wordID="rector-magnificus" beginTime="20.970" endTime="21.750"/>
      <word confidence="0.920" wordID="de" beginTime="21.750" endTime="21.860"/>
      <word confidence="0.999" wordID="lens" beginTime="21.860" endTime="22.090"/>
      <word confidence="0.912" wordID="universiteiten" beginTime="22.090" endTime="22.960"/>
      <word confidence="0.745" wordID="SIL" beginTime="22.960" endTime="22.980"/>
      <word confidence="0.972" wordID="over" beginTime="22.980" endTime="23.250"/>
      <word confidence="0.954" wordID="sommige" beginTime="23.250" endTime="23.600"/>
      <word confidence="0.935" wordID="woningen" beginTime="23.600" endTime="24.020"/>
      <word confidence="0.790" wordID="SIL" beginTime="24.020" endTime="24.430"/>
      <word confidence="0.985" wordID="die" beginTime="24.430" endTime="24.550"/>
      <word confidence="0.955" wordID="voor" beginTime="24.550" endTime="24.760"/>
    </wordsequence>
  </speech>
  <speech label="SPK07-008" begintime="24.78" endtime="27.43" >
    <wordsequence>
      <word confidence="0.805" wordID="verschrikkelijke" beginTime="24.780" endTime="25.670"/>
      <word confidence="0.905" wordID="worden" beginTime="25.670" endTime="26.020"/>
      <word confidence="0.845" wordID="danken" beginTime="26.020" endTime="26.500"/>
      <word confidence="0.968" wordID="SIL" beginTime="26.500" endTime="27.030"/>
      <word confidence="0.848" wordID="aan" beginTime="27.030" endTime="27.270"/>
      <word confidence="0.746" wordID="SIL" beginTime="27.270" endTime="27.320"/>
      <word confidence="0.832" wordID="de" beginTime="27.320" endTime="27.430"/>
    </wordsequence>
  </speech>
  <speech label="SPK02-009" begintime="27.45" endtime="29.50" >
    <wordsequence>
      <word confidence="0.750" wordID="SIL" beginTime="27.450" endTime="27.470"/>
      <word confidence="0.863" wordID="het" beginTime="27.470" endTime="27.580"/>
      <word confidence="0.894" wordID="zijn" beginTime="27.580" endTime="27.750"/>
      <word confidence="0.944" wordID="immers" beginTime="27.750" endTime="27.950"/>
      <word confidence="0.879" wordID="die" beginTime="27.950" endTime="28.030"/>
      <word confidence="1.000" wordID="tijdens" beginTime="28.030" endTime="28.340"/>
      <word confidence="1.000" wordID="de" beginTime="28.340" endTime="28.430"/>
      <word confidence="1.000" wordID="oudste" beginTime="28.430" endTime="28.740"/>
      <word confidence="1.000" wordID="van" beginTime="28.740" endTime="28.870"/>
      <word confidence="1.000" wordID="nederland" beginTime="28.870" endTime="29.280"/>
      <word confidence="1.000" wordID="SIL" beginTime="29.280" endTime="29.500"/>
    </wordsequence>
  </speech>
  <speech label="SPK02-010" begintime="29.52" endtime="33.53" >
    <wordsequence>
      <word confidence="0.750" wordID="SIL" beginTime="29.520" endTime="29.830"/>
      <word confidence="1.000" wordID="toen" beginTime="29.830" endTime="29.990"/>
      <word confidence="1.000" wordID="europa" beginTime="29.990" endTime="30.430"/>
      <word confidence="0.986" wordID="bestaat" beginTime="30.430" endTime="30.740"/>
      <word confidence="0.964" wordID="al" beginTime="30.740" endTime="30.860"/>
      <word confidence="1.000" wordID="terug" beginTime="30.860" endTime="31.060"/>
      <word confidence="0.907" wordID="als" beginTime="31.060" endTime="31.310"/>
      <word confidence="1.000" wordID="als" beginTime="31.310" endTime="31.470"/>
      <word confidence="0.749" wordID="SIL" beginTime="31.470" endTime="31.660"/>
      <word confidence="1.000" wordID="als" beginTime="31.660" endTime="31.830"/>
      <word confidence="1.000" wordID="ik" beginTime="31.830" endTime="31.910"/>
      <word confidence="1.000" wordID="de" beginTime="31.910" endTime="31.970"/>
      <word confidence="1.000" wordID="eerste" beginTime="31.970" endTime="32.320"/>
      <word confidence="1.000" wordID="die" beginTime="32.320" endTime="32.430"/>
      <word confidence="1.000" wordID="haar" beginTime="32.430" endTime="32.550"/>
      <word confidence="0.971" wordID="deuren" beginTime="32.550" endTime="32.860"/>
      <word confidence="0.993" wordID="sloot" beginTime="32.860" endTime="33.250"/>
      <word confidence="0.749" wordID="SIL" beginTime="33.250" endTime="33.530"/>
    </wordsequence>
  </speech>
  <speech label="SPK02-011" begintime="33.56" endtime="37.34" >
    <wordsequence>
      <word confidence="0.750" wordID="SIL" beginTime="33.560" endTime="33.890"/>
      <word confidence="1.000" wordID="dit" beginTime="33.890" endTime="34.070"/>
      <word confidence="1.000" wordID="werd" beginTime="34.070" endTime="34.320"/>
      <word confidence="1.000" wordID="dit" beginTime="34.320" endTime="34.510"/>
      <word confidence="1.000" wordID="in" beginTime="34.510" endTime="34.570"/>
      <word confidence="1.000" wordID="de" beginTime="34.570" endTime="34.640"/>
      <word confidence="0.995" wordID="verenigde" beginTime="34.640" endTime="34.990"/>
      <word confidence="0.964" wordID="staten" beginTime="34.990" endTime="35.330"/>
      <word confidence="1.000" wordID="veel" beginTime="35.330" endTime="35.510"/>
      <word confidence="1.000" wordID="indruk" beginTime="35.510" endTime="35.800"/>
      <word confidence="0.974" wordID="gemaakt" beginTime="35.800" endTime="36.190"/>
      <word confidence="0.750" wordID="SIL" beginTime="36.190" endTime="36.710"/>
      <word confidence="0.972" wordID="daarom" beginTime="36.710" endTime="37.030"/>
      <word confidence="1.000" wordID="is" beginTime="37.030" endTime="37.160"/>
      <word confidence="0.964" wordID="het" beginTime="37.160" endTime="37.340"/>
    </wordsequence>
  </speech>
  <speech label="SPK07-012" begintime="37.36" endtime="39.80" >
    <wordsequence>
      <word confidence="0.830" wordID="als" beginTime="37.360" endTime="37.520"/>
      <word confidence="0.976" wordID="de" beginTime="37.520" endTime="37.640"/>
      <word confidence="0.880" wordID="eerste" beginTime="37.640" endTime="38.030"/>
      <word confidence="0.810" wordID="die" beginTime="38.030" endTime="38.140"/>
      <word confidence="0.811" wordID="nieuwe" beginTime="38.140" endTime="38.330"/>
      <word confidence="0.866" wordID="studieboeken" beginTime="38.330" endTime="38.860"/>
      <word confidence="0.757" wordID="SIL" beginTime="38.860" endTime="38.890"/>
      <word confidence="0.865" wordID="gesorteerde" beginTime="38.890" endTime="39.520"/>
      <word confidence="0.949" wordID="SIL" beginTime="39.520" endTime="39.800"/>
    </wordsequence>
  </speech>
  <speech label="SPK09-013" begintime="39.82" endtime="42.46" >
    <wordsequence>
      <word confidence="0.750" wordID="SIL" beginTime="39.820" endTime="39.970"/>
      <word confidence="1.000" wordID="op" beginTime="39.970" endTime="40.130"/>
      <word confidence="0.972" wordID="dat" beginTime="40.130" endTime="40.240"/>
      <word confidence="0.999" wordID="de" beginTime="40.240" endTime="40.300"/>
      <word confidence="0.987" wordID="achterstand" beginTime="40.300" endTime="40.840"/>
      <word confidence="0.938" wordID="hierdoor" beginTime="40.840" endTime="41.300"/>
      <word confidence="0.745" wordID="SIL" beginTime="41.300" endTime="41.320"/>
      <word confidence="0.967" wordID="ontstaan" beginTime="41.320" endTime="41.780"/>
      <word confidence="1.000" wordID="is" beginTime="41.780" endTime="41.980"/>
      <word confidence="0.739" wordID="SIL" beginTime="41.980" endTime="41.990"/>
      <word confidence="0.905" wordID="geen" beginTime="41.990" endTime="42.170"/>
      <word confidence="0.952" wordID="spoelen" beginTime="42.170" endTime="42.460"/>
    </wordsequence>
  </speech>
  <speech label="SPK03-014" begintime="42.48" endtime="43.82" >
    <wordsequence>
      <word confidence="0.913" wordID="mogelijk" beginTime="42.480" endTime="42.880"/>
      <word confidence="0.870" wordID="andere" beginTime="42.880" endTime="43.120"/>
      <word confidence="0.981" wordID="migranten" beginTime="43.120" endTime="43.730"/>
      <word confidence="0.970" wordID="SIL" beginTime="43.730" endTime="43.820"/>
    </wordsequence>
  </speech>
  <speech label="SPK03-015" begintime="43.84" endtime="48.03" >
    <wordsequence>
      <word confidence="0.750" wordID="SIL" beginTime="43.840" endTime="44.560"/>
      <word confidence="0.976" wordID="en" beginTime="44.560" endTime="44.690"/>
      <word confidence="0.928" wordID="de" beginTime="44.690" endTime="44.770"/>
      <word confidence="0.749" wordID="SIL" beginTime="44.770" endTime="44.860"/>
      <word confidence="0.983" wordID="tweede" beginTime="44.860" endTime="45.060"/>
      <word confidence="0.939" wordID="professoren" beginTime="45.060" endTime="45.710"/>
      <word confidence="0.749" wordID="SIL" beginTime="45.710" endTime="45.910"/>
      <word confidence="0.946" wordID="ongezonder" beginTime="45.910" endTime="46.540"/>
      <word confidence="0.913" wordID="toch" beginTime="46.540" endTime="46.860"/>
      <word confidence="0.864" wordID="wel" beginTime="46.860" endTime="47.080"/>
      <word confidence="0.739" wordID="SIL" beginTime="47.080" endTime="47.090"/>
      <word confidence="0.901" wordID="heel" beginTime="47.090" endTime="47.360"/>
      <word confidence="0.739" wordID="SIL" beginTime="47.360" endTime="47.370"/>
      <word confidence="0.951" wordID="brede" beginTime="47.370" endTime="47.680"/>
      <word confidence="0.982" wordID="over" beginTime="47.680" endTime="47.990"/>
      <word confidence="0.746" wordID="SIL" beginTime="47.990" endTime="48.030"/>
    </wordsequence>
  </speech>
  <speech label="SPK14-016" begintime="48.05" endtime="50.91" >
    <wordsequence>
      <word confidence="0.675" wordID="SIL" beginTime="48.050" endTime="48.260"/>
      <word confidence="0.887" wordID="om" beginTime="48.260" endTime="48.470"/>
      <word confidence="0.735" wordID="SIL" beginTime="48.470" endTime="48.720"/>
      <word confidence="0.818" wordID="over" beginTime="48.720" endTime="48.980"/>
      <word confidence="0.853" wordID="wat" beginTime="48.980" endTime="49.240"/>
      <word confidence="0.917" wordID="SIL" beginTime="49.240" endTime="49.380"/>
      <word confidence="0.843" wordID="er" beginTime="49.380" endTime="49.470"/>
      <word confidence="0.766" wordID="SIL" beginTime="49.470" endTime="49.620"/>
      <word confidence="0.734" wordID="in" beginTime="49.620" endTime="49.760"/>
      <word confidence="0.975" wordID="SIL" beginTime="49.760" endTime="49.820"/>
      <word confidence="0.833" wordID="een" beginTime="49.820" endTime="49.920"/>
      <word confidence="0.920" wordID="SIL" beginTime="49.920" endTime="49.960"/>
      <word confidence="0.829" wordID="aangename" beginTime="49.960" endTime="50.910"/>
    </wordsequence>
  </speech>
  <speech label="SPK07-017" begintime="50.93" endtime="53.36" >
    <wordsequence>
      <word confidence="0.905" wordID="rongen" beginTime="50.930" endTime="52.910"/>
      <word confidence="0.747" wordID="SIL" beginTime="52.910" endTime="52.950"/>
      <word confidence="0.816" wordID="is" beginTime="52.950" endTime="53.310"/>
      <word confidence="0.749" wordID="SIL" beginTime="53.310" endTime="53.360"/>
    </wordsequence>
  </speech>

  </segments>
</shout_metadata>
