<?xml version="1.0" encoding="UTF-8"?>
<!--
  ##################################################################################################
  ###                      This transcription is automatically generated by                      ###
  ###                              X-MI, Cross-Media interaction                                 ###
  ###                                    http://x-mi.nl                                          ###
  ##################################################################################################
-->
<shout_metadata>
  <model_info>
    <version>Standaard systeem 28-02-2012</version>
    <description>Academia</description>
  </model_info>
  <segments>
  <speech label="SPK01-001" begintime="0.00" endtime="3.43" >
    <wordsequence>
      <word confidence="0.789" wordID="johnny" beginTime="0.000" endTime="0.480"/>
      <word confidence="0.737" wordID="SIL" beginTime="0.480" endTime="0.490"/>
      <word confidence="0.771" wordID="ja" beginTime="0.490" endTime="3.430"/>
    </wordsequence>
  </speech>
  <speech label="SPK01-002" begintime="3.45" endtime="6.66" >
    <wordsequence>
      <word confidence="0.750" wordID="SIL" beginTime="3.450" endTime="3.460"/>
      <word confidence="0.739" wordID="ja" beginTime="3.460" endTime="6.660"/>
    </wordsequence>
  </speech>
  <speech label="SPK01-003" begintime="6.68" endtime="10.42" >
    <wordsequence>
      <word confidence="0.739" wordID="ja" beginTime="6.680" endTime="10.420"/>
    </wordsequence>
  </speech>
  <speech label="SPK01-004" begintime="10.44" endtime="14.30" >
    <wordsequence>
      <word confidence="0.737" wordID="ja" beginTime="10.440" endTime="14.290"/>
      <word confidence="0.756" wordID="SIL" beginTime="14.290" endTime="14.300"/>
    </wordsequence>
  </speech>

  </segments>
</shout_metadata>
