<?xml version="1.0" encoding="UTF-8"?>
<!--
  ##################################################################################################
  ###                      This transcription is automatically generated by                      ###
  ###                              X-MI, Cross-Media interaction                                 ###
  ###                                    http://x-mi.nl                                          ###
  ##################################################################################################
-->
<shout_metadata>
  <model_info>
    <version>Standaard systeem 28-02-2012</version>
    <description>Academia</description>
  </model_info>
  <segments>
  <speech label="SPK02-001" begintime="0.00" endtime="3.84" >
    <wordsequence>
      <word confidence="0.750" wordID="SIL" beginTime="0.000" endTime="0.530"/>
      <word confidence="0.797" wordID="en" beginTime="0.530" endTime="1.460"/>
      <word confidence="0.718" wordID="SIL" beginTime="1.460" endTime="1.470"/>
      <word confidence="0.861" wordID="met" beginTime="1.470" endTime="1.650"/>
      <word confidence="0.993" wordID="korfbalseizoen" beginTime="1.650" endTime="2.520"/>
      <word confidence="0.972" wordID="zelf" beginTime="2.520" endTime="2.770"/>
      <word confidence="1.000" wordID="weer" beginTime="2.770" endTime="2.910"/>
      <word confidence="1.000" wordID="voor" beginTime="2.910" endTime="3.050"/>
      <word confidence="0.891" wordID="de" beginTime="3.050" endTime="3.140"/>
      <word confidence="1.000" wordID="duur" beginTime="3.140" endTime="3.430"/>
      <word confidence="0.750" wordID="SIL" beginTime="3.430" endTime="3.840"/>
    </wordsequence>
  </speech>
  <speech label="SPK03-002" begintime="3.86" endtime="6.83" >
    <wordsequence>
      <word confidence="1.000" wordID="amsterdam" beginTime="3.860" endTime="4.400"/>
      <word confidence="1.000" wordID="is" beginTime="4.400" endTime="4.490"/>
      <word confidence="1.000" wordID="het" beginTime="4.490" endTime="4.590"/>
      <word confidence="1.000" wordID="onofficiële" beginTime="4.590" endTime="5.160"/>
      <word confidence="1.000" wordID="al" beginTime="5.160" endTime="5.240"/>
      <word confidence="1.000" wordID="begonnen" beginTime="5.240" endTime="5.620"/>
      <word confidence="0.977" wordID="met" beginTime="5.620" endTime="5.770"/>
      <word confidence="0.925" wordID="een" beginTime="5.770" endTime="5.860"/>
      <word confidence="0.963" wordID="vriendschappelijk" beginTime="5.860" endTime="6.400"/>
      <word confidence="1.000" wordID="SIL" beginTime="6.400" endTime="6.430"/>
      <word confidence="0.989" wordID="toernooi" beginTime="6.430" endTime="6.830"/>
    </wordsequence>
  </speech>
  <speech label="SPK05-003" begintime="6.85" endtime="9.90" >
    <wordsequence>
      <word confidence="0.750" wordID="SIL" beginTime="6.850" endTime="7.170"/>
      <word confidence="0.900" wordID="drie" beginTime="7.170" endTime="7.400"/>
      <word confidence="0.898" wordID="leden" beginTime="7.400" endTime="7.670"/>
      <word confidence="0.749" wordID="SIL" beginTime="7.670" endTime="7.730"/>
      <word confidence="0.955" wordID="van" beginTime="7.730" endTime="7.880"/>
      <word confidence="1.000" wordID="het" beginTime="7.880" endTime="7.980"/>
      <word confidence="0.990" wordID="weet" beginTime="7.980" endTime="8.170"/>
      <word confidence="1.000" wordID="dat" beginTime="8.170" endTime="8.350"/>
      <word confidence="0.741" wordID="SIL" beginTime="8.350" endTime="8.360"/>
      <word confidence="0.893" wordID="vijftig" beginTime="8.360" endTime="8.760"/>
      <word confidence="0.924" wordID="jaar" beginTime="8.760" endTime="8.940"/>
      <word confidence="0.943" wordID="gedegen" beginTime="8.940" endTime="9.340"/>
      <word confidence="1.000" wordID="korfbal" beginTime="9.340" endTime="9.820"/>
      <word confidence="1.000" wordID="in" beginTime="9.820" endTime="9.900"/>
    </wordsequence>
  </speech>
  <speech label="SPK03-004" begintime="9.92" endtime="13.64" >
    <wordsequence>
      <word confidence="1.000" wordID="ons" beginTime="9.920" endTime="10.070"/>
      <word confidence="1.000" wordID="land" beginTime="10.070" endTime="10.310"/>
      <word confidence="1.000" wordID="een" beginTime="10.310" endTime="10.390"/>
      <word confidence="1.000" wordID="intrede" beginTime="10.390" endTime="10.790"/>
      <word confidence="1.000" wordID="deed" beginTime="10.790" endTime="11.080"/>
      <word confidence="0.883" wordID="SIL" beginTime="11.080" endTime="11.740"/>
      <word confidence="0.940" wordID="met" beginTime="11.740" endTime="11.860"/>
      <word confidence="1.000" wordID="als" beginTime="11.860" endTime="11.970"/>
      <word confidence="1.000" wordID="doel" beginTime="11.970" endTime="12.150"/>
      <word confidence="0.905" wordID="het" beginTime="12.150" endTime="12.230"/>
      <word confidence="0.738" wordID="SIL" beginTime="12.230" endTime="12.240"/>
      <word confidence="1.000" wordID="eerste" beginTime="12.240" endTime="12.630"/>
      <word confidence="1.000" wordID="gemengd" beginTime="12.630" endTime="13.080"/>
      <word confidence="1.000" wordID="is" beginTime="13.080" endTime="13.250"/>
      <word confidence="0.742" wordID="SIL" beginTime="13.250" endTime="13.260"/>
      <word confidence="1.000" wordID="wel" beginTime="13.260" endTime="13.440"/>
      <word confidence="1.000" wordID="in" beginTime="13.440" endTime="13.540"/>
      <word confidence="1.000" wordID="de" beginTime="13.540" endTime="13.640"/>
    </wordsequence>
  </speech>
  <speech label="SPK05-005" begintime="13.66" endtime="16.73" >
    <wordsequence>
      <word confidence="0.750" wordID="SIL" beginTime="13.660" endTime="13.670"/>
      <word confidence="0.949" wordID="want" beginTime="13.670" endTime="14.010"/>
      <word confidence="0.909" wordID="SIL" beginTime="14.010" endTime="14.270"/>
      <word confidence="0.890" wordID="daar" beginTime="14.270" endTime="14.420"/>
      <word confidence="0.934" wordID="wat" beginTime="14.420" endTime="14.660"/>
      <word confidence="0.932" wordID="aan" beginTime="14.660" endTime="14.760"/>
      <word confidence="1.000" wordID="nogal" beginTime="14.760" endTime="14.970"/>
      <word confidence="1.000" wordID="wat" beginTime="14.970" endTime="15.090"/>
      <word confidence="1.000" wordID="bezwaren" beginTime="15.090" endTime="15.500"/>
      <word confidence="0.940" wordID="tegen" beginTime="15.500" endTime="15.840"/>
      <word confidence="0.750" wordID="SIL" beginTime="15.840" endTime="16.730"/>
    </wordsequence>
  </speech>
  <speech label="SPK03-006" begintime="16.75" endtime="21.67" >
    <wordsequence>
      <word confidence="0.779" wordID="het" beginTime="16.750" endTime="16.880"/>
      <word confidence="1.000" wordID="lijkt" beginTime="16.880" endTime="17.080"/>
      <word confidence="1.000" wordID="wat" beginTime="17.080" endTime="17.230"/>
      <word confidence="0.940" wordID="overdreven" beginTime="17.230" endTime="17.810"/>
      <word confidence="1.000" wordID="als" beginTime="17.810" endTime="17.930"/>
      <word confidence="1.000" wordID="we" beginTime="17.930" endTime="18.010"/>
      <word confidence="0.975" wordID="nu" beginTime="18.010" endTime="18.210"/>
      <word confidence="0.893" wordID="zien" beginTime="18.210" endTime="18.490"/>
      <word confidence="0.908" wordID="in" beginTime="18.490" endTime="18.600"/>
      <word confidence="1.000" wordID="wat" beginTime="18.600" endTime="18.800"/>
      <word confidence="1.000" wordID="SIL" beginTime="18.800" endTime="18.810"/>
      <word confidence="1.000" wordID="voor" beginTime="18.810" endTime="18.960"/>
      <word confidence="0.787" wordID="SIL" beginTime="18.960" endTime="18.970"/>
      <word confidence="1.000" wordID="kledij" beginTime="18.970" endTime="19.440"/>
      <word confidence="1.000" wordID="rond" beginTime="19.440" endTime="19.620"/>
      <word confidence="0.902" wordID="de" beginTime="19.620" endTime="19.710"/>
      <word confidence="1.000" wordID="grote" beginTime="19.710" endTime="20.010"/>
      <word confidence="1.000" wordID="ouders" beginTime="20.010" endTime="20.250"/>
      <word confidence="1.000" wordID="doen" beginTime="20.250" endTime="20.400"/>
      <word confidence="1.000" wordID="op" beginTime="20.400" endTime="20.490"/>
      <word confidence="1.000" wordID="het" beginTime="20.490" endTime="20.580"/>
      <word confidence="1.000" wordID="veld" beginTime="20.580" endTime="20.800"/>
      <word confidence="1.000" wordID="verschenen" beginTime="20.800" endTime="21.320"/>
      <word confidence="1.000" wordID="SIL" beginTime="21.320" endTime="21.670"/>
    </wordsequence>
  </speech>
  <speech label="SPK03-007" begintime="21.83" endtime="28.42" >
    <wordsequence>
      <word confidence="0.750" wordID="SIL" beginTime="21.830" endTime="21.840"/>
      <word confidence="0.850" wordID="in" beginTime="21.840" endTime="22.000"/>
      <word confidence="0.749" wordID="SIL" beginTime="22.000" endTime="22.290"/>
      <word confidence="0.944" wordID="de" beginTime="22.290" endTime="22.390"/>
      <word confidence="1.000" wordID="mannen" beginTime="22.390" endTime="22.660"/>
      <word confidence="0.959" wordID="droegen" beginTime="22.660" endTime="23.050"/>
      <word confidence="0.748" wordID="SIL" beginTime="23.050" endTime="23.140"/>
      <word confidence="1.000" wordID="we" beginTime="23.140" endTime="23.240"/>
      <word confidence="1.000" wordID="al" beginTime="23.240" endTime="23.460"/>
      <word confidence="1.000" wordID="de" beginTime="23.460" endTime="23.550"/>
      <word confidence="1.000" wordID="grote" beginTime="23.550" endTime="23.880"/>
      <word confidence="0.992" wordID="sloan" beginTime="23.880" endTime="24.350"/>
      <word confidence="0.749" wordID="SIL" beginTime="24.350" endTime="24.610"/>
      <word confidence="0.998" wordID="lange" beginTime="24.610" endTime="24.840"/>
      <word confidence="1.000" wordID="pantalons" beginTime="24.840" endTime="25.420"/>
      <word confidence="1.000" wordID="en" beginTime="25.420" endTime="25.510"/>
      <word confidence="1.000" wordID="dan" beginTime="25.510" endTime="25.600"/>
      <word confidence="1.000" wordID="komt" beginTime="25.600" endTime="25.840"/>
      <word confidence="1.000" wordID="de" beginTime="25.840" endTime="25.910"/>
      <word confidence="0.954" wordID="eer" beginTime="25.910" endTime="26.370"/>
      <word confidence="0.744" wordID="SIL" beginTime="26.370" endTime="26.410"/>
      <word confidence="1.000" wordID="en" beginTime="26.410" endTime="26.600"/>
      <word confidence="1.000" wordID="veelal" beginTime="26.600" endTime="26.920"/>
      <word confidence="1.000" wordID="zelfs" beginTime="26.920" endTime="27.150"/>
      <word confidence="1.000" wordID="een" beginTime="27.150" endTime="27.250"/>
      <word confidence="1.000" wordID="topfoto" beginTime="27.250" endTime="27.660"/>
      <word confidence="1.000" wordID="van" beginTime="27.660" endTime="27.790"/>
      <word confidence="0.746" wordID="SIL" beginTime="27.790" endTime="27.820"/>
      <word confidence="0.919" wordID="het" beginTime="27.820" endTime="28.080"/>
      <word confidence="0.749" wordID="SIL" beginTime="28.080" endTime="28.420"/>
    </wordsequence>
  </speech>
  <speech label="SPK03-008" begintime="28.57" endtime="33.73" >
    <wordsequence>
      <word confidence="0.750" wordID="SIL" beginTime="28.570" endTime="29.010"/>
      <word confidence="0.904" wordID="bij" beginTime="29.010" endTime="29.120"/>
      <word confidence="1.000" wordID="de" beginTime="29.120" endTime="29.210"/>
      <word confidence="1.000" wordID="vrouwen" beginTime="29.210" endTime="29.620"/>
      <word confidence="0.958" wordID="liepen" beginTime="29.620" endTime="29.940"/>
      <word confidence="1.000" wordID="om" beginTime="29.940" endTime="30.040"/>
      <word confidence="1.000" wordID="maar" beginTime="30.040" endTime="30.170"/>
      <word confidence="1.000" wordID="iets" beginTime="30.170" endTime="30.340"/>
      <word confidence="1.000" wordID="te" beginTime="30.340" endTime="30.450"/>
      <word confidence="1.000" wordID="noemen" beginTime="30.450" endTime="30.780"/>
      <word confidence="0.749" wordID="SIL" beginTime="30.780" endTime="31.020"/>
      <word confidence="0.952" wordID="met" beginTime="31.020" endTime="31.160"/>
      <word confidence="0.927" wordID="roken" beginTime="31.160" endTime="31.510"/>
      <word confidence="1.000" wordID="tot" beginTime="31.510" endTime="31.690"/>
      <word confidence="1.000" wordID="over" beginTime="31.690" endTime="31.930"/>
      <word confidence="0.934" wordID="de" beginTime="31.930" endTime="32.000"/>
      <word confidence="1.000" wordID="enkels" beginTime="32.000" endTime="32.400"/>
      <word confidence="1.000" wordID="over" beginTime="32.400" endTime="32.640"/>
      <word confidence="1.000" wordID="&apos;t" beginTime="32.640" endTime="32.710"/>
      <word confidence="1.000" wordID="veld" beginTime="32.710" endTime="32.950"/>
      <word confidence="1.000" wordID="te" beginTime="32.950" endTime="33.030"/>
      <word confidence="1.000" wordID="draven" beginTime="33.030" endTime="33.510"/>
      <word confidence="0.749" wordID="SIL" beginTime="33.510" endTime="33.730"/>
    </wordsequence>
  </speech>
  <speech label="SPK03-009" begintime="33.76" endtime="34.83" >
    <wordsequence>
      <word confidence="0.750" wordID="SIL" beginTime="33.760" endTime="34.040"/>
      <word confidence="1.000" wordID="voor" beginTime="34.040" endTime="34.160"/>
      <word confidence="0.935" wordID="zover" beginTime="34.160" endTime="34.420"/>
      <word confidence="1.000" wordID="die" beginTime="34.420" endTime="34.500"/>
      <word confidence="1.000" wordID="rokende" beginTime="34.500" endTime="34.830"/>
    </wordsequence>
  </speech>
  <speech label="SPK02-010" begintime="34.85" endtime="36.67" >
    <wordsequence>
      <word confidence="0.750" wordID="SIL" beginTime="34.850" endTime="34.860"/>
      <word confidence="0.949" wordID="de" beginTime="34.860" endTime="34.960"/>
      <word confidence="0.949" wordID="beste" beginTime="34.960" endTime="35.230"/>
      <word confidence="0.957" wordID="toelieten" beginTime="35.230" endTime="35.670"/>
      <word confidence="0.817" wordID="SIL" beginTime="35.670" endTime="36.460"/>
      <word confidence="0.915" wordID="dat" beginTime="36.460" endTime="36.570"/>
      <word confidence="0.881" wordID="zo" beginTime="36.570" endTime="36.670"/>
    </wordsequence>
  </speech>
  <speech label="SPK03-011" begintime="36.69" endtime="39.60" >
    <wordsequence>
      <word confidence="0.750" wordID="SIL" beginTime="36.690" endTime="36.710"/>
      <word confidence="0.857" wordID="dus" beginTime="36.710" endTime="36.860"/>
      <word confidence="0.970" wordID="niemand" beginTime="36.860" endTime="37.140"/>
      <word confidence="1.000" wordID="verwonderen" beginTime="37.140" endTime="37.640"/>
      <word confidence="0.927" wordID="SIL" beginTime="37.640" endTime="37.960"/>
      <word confidence="1.000" wordID="dat" beginTime="37.960" endTime="38.080"/>
      <word confidence="1.000" wordID="het" beginTime="38.080" endTime="38.190"/>
      <word confidence="1.000" wordID="spel" beginTime="38.190" endTime="38.480"/>
      <word confidence="1.000" wordID="nu" beginTime="38.480" endTime="38.570"/>
      <word confidence="0.919" wordID="niet" beginTime="38.570" endTime="38.740"/>
      <word confidence="1.000" wordID="bepaald" beginTime="38.740" endTime="39.090"/>
      <word confidence="1.000" wordID="dat" beginTime="39.090" endTime="39.300"/>
      <word confidence="0.733" wordID="SIL" beginTime="39.300" endTime="39.310"/>
      <word confidence="1.000" wordID="dit" beginTime="39.310" endTime="39.600"/>
    </wordsequence>
  </speech>
  <speech label="SPK05-012" begintime="39.62" endtime="42.12" >
    <wordsequence>
      <word confidence="0.697" wordID="SIL" beginTime="39.620" endTime="39.650"/>
      <word confidence="0.878" wordID="de" beginTime="39.650" endTime="39.780"/>
      <word confidence="1.000" wordID="karakter" beginTime="39.780" endTime="40.240"/>
      <word confidence="0.702" wordID="SIL" beginTime="40.240" endTime="40.250"/>
      <word confidence="0.991" wordID="had" beginTime="40.250" endTime="40.500"/>
      <word confidence="0.959" wordID="SIL" beginTime="40.500" endTime="40.550"/>
      <word confidence="1.000" wordID="dat" beginTime="40.550" endTime="40.700"/>
      <word confidence="1.000" wordID="korfbal" beginTime="40.700" endTime="41.090"/>
      <word confidence="0.985" wordID="van" beginTime="41.090" endTime="41.210"/>
      <word confidence="0.968" wordID="tegenwoordig" beginTime="41.210" endTime="41.770"/>
      <word confidence="0.951" wordID="kenbaar" beginTime="41.770" endTime="42.120"/>
    </wordsequence>
  </speech>
  <speech label="SPK06-013" begintime="42.14" endtime="44.94" >
    <wordsequence>
      <word confidence="0.750" wordID="SIL" beginTime="42.140" endTime="42.710"/>
      <word confidence="1.000" wordID="het" beginTime="42.710" endTime="42.840"/>
      <word confidence="1.000" wordID="ging" beginTime="42.840" endTime="43.000"/>
      <word confidence="0.914" wordID="hier" beginTime="43.000" endTime="43.240"/>
      <word confidence="0.748" wordID="SIL" beginTime="43.240" endTime="43.280"/>
      <word confidence="0.980" wordID="de" beginTime="43.280" endTime="43.390"/>
      <word confidence="1.000" wordID="zouden" beginTime="43.390" endTime="43.760"/>
      <word confidence="0.749" wordID="SIL" beginTime="43.760" endTime="44.130"/>
      <word confidence="0.984" wordID="zo" beginTime="44.130" endTime="44.300"/>
      <word confidence="0.955" wordID="echt" beginTime="44.300" endTime="44.570"/>
      <word confidence="1.000" wordID="helemaal" beginTime="44.570" endTime="44.940"/>
    </wordsequence>
  </speech>
  <speech label="SPK03-014" begintime="44.96" endtime="47.58" >
    <wordsequence>
      <word confidence="0.868" wordID="en" beginTime="44.960" endTime="45.070"/>
      <word confidence="0.904" wordID="de" beginTime="45.070" endTime="45.140"/>
      <word confidence="1.000" wordID="geest" beginTime="45.140" endTime="45.450"/>
      <word confidence="1.000" wordID="van" beginTime="45.450" endTime="45.570"/>
      <word confidence="0.979" wordID="de" beginTime="45.570" endTime="45.650"/>
      <word confidence="0.942" wordID="tijd" beginTime="45.650" endTime="45.980"/>
      <word confidence="0.749" wordID="SIL" beginTime="45.980" endTime="46.240"/>
      <word confidence="1.000" wordID="die" beginTime="46.240" endTime="46.350"/>
      <word confidence="1.000" wordID="goeie" beginTime="46.350" endTime="46.680"/>
      <word confidence="1.000" wordID="ouwe" beginTime="46.680" endTime="46.940"/>
      <word confidence="0.917" wordID="tijd" beginTime="46.940" endTime="47.320"/>
      <word confidence="0.749" wordID="SIL" beginTime="47.320" endTime="47.580"/>
    </wordsequence>
  </speech>
  <speech label="SPK03-015" begintime="47.66" endtime="52.44" >
    <wordsequence>
      <word confidence="0.750" wordID="SIL" beginTime="47.660" endTime="48.140"/>
      <word confidence="0.926" wordID="en" beginTime="48.140" endTime="48.230"/>
      <word confidence="0.925" wordID="daar" beginTime="48.230" endTime="48.370"/>
      <word confidence="0.897" wordID="een" beginTime="48.370" endTime="48.450"/>
      <word confidence="0.890" wordID="leerlinge" beginTime="48.450" endTime="48.840"/>
      <word confidence="1.000" wordID="van" beginTime="48.840" endTime="48.970"/>
      <word confidence="1.000" wordID="amsterdamse" beginTime="48.970" endTime="49.490"/>
      <word confidence="1.000" wordID="rabiaat" beginTime="49.490" endTime="49.860"/>
      <word confidence="1.000" wordID="z&apos;n" beginTime="49.860" endTime="50.020"/>
      <word confidence="0.990" wordID="die" beginTime="50.020" endTime="50.130"/>
      <word confidence="0.888" wordID="kort" beginTime="50.130" endTime="50.360"/>
      <word confidence="1.000" wordID="bal" beginTime="50.360" endTime="50.510"/>
      <word confidence="1.000" wordID="voor" beginTime="50.510" endTime="50.670"/>
      <word confidence="0.947" wordID="het" beginTime="50.670" endTime="50.760"/>
      <word confidence="1.000" wordID="eerst" beginTime="50.760" endTime="50.980"/>
      <word confidence="0.938" wordID="in" beginTime="50.980" endTime="51.080"/>
      <word confidence="0.942" wordID="clubverband" beginTime="51.080" endTime="51.610"/>
      <word confidence="1.000" wordID="gingen" beginTime="51.610" endTime="51.820"/>
      <word confidence="0.990" wordID="spelen" beginTime="51.820" endTime="52.140"/>
      <word confidence="0.749" wordID="SIL" beginTime="52.140" endTime="52.440"/>
    </wordsequence>
  </speech>
  <speech label="SPK03-016" begintime="52.46" endtime="55.36" >
    <wordsequence>
      <word confidence="0.750" wordID="SIL" beginTime="52.460" endTime="53.060"/>
      <word confidence="1.000" wordID="we" beginTime="53.060" endTime="53.120"/>
      <word confidence="0.964" wordID="kunnen" beginTime="53.120" endTime="53.340"/>
      <word confidence="0.970" wordID="nu" beginTime="53.340" endTime="53.470"/>
      <word confidence="1.000" wordID="lachen" beginTime="53.470" endTime="53.850"/>
      <word confidence="1.000" wordID="om" beginTime="53.850" endTime="53.930"/>
      <word confidence="0.971" wordID="de" beginTime="53.930" endTime="54.020"/>
      <word confidence="1.000" wordID="wijze" beginTime="54.020" endTime="54.300"/>
      <word confidence="1.000" wordID="waarop" beginTime="54.300" endTime="54.540"/>
      <word confidence="1.000" wordID="dat" beginTime="54.540" endTime="54.700"/>
      <word confidence="1.000" wordID="gebeurde" beginTime="54.700" endTime="55.240"/>
      <word confidence="0.748" wordID="SIL" beginTime="55.240" endTime="55.360"/>
    </wordsequence>
  </speech>
  <speech label="SPK03-017" begintime="55.39" endtime="59.88" >
    <wordsequence>
      <word confidence="0.750" wordID="SIL" beginTime="55.390" endTime="55.600"/>
      <word confidence="0.895" wordID="maar" beginTime="55.600" endTime="55.760"/>
      <word confidence="0.953" wordID="zij" beginTime="55.760" endTime="55.920"/>
      <word confidence="0.966" wordID="zijn" beginTime="55.920" endTime="56.110"/>
      <word confidence="0.857" wordID="er" beginTime="56.110" endTime="56.170"/>
      <word confidence="1.000" wordID="toch" beginTime="56.170" endTime="56.350"/>
      <word confidence="1.000" wordID="geweest" beginTime="56.350" endTime="56.780"/>
      <word confidence="0.741" wordID="SIL" beginTime="56.780" endTime="56.790"/>
      <word confidence="0.953" wordID="die" beginTime="56.790" endTime="56.890"/>
      <word confidence="1.000" wordID="de" beginTime="56.890" endTime="56.980"/>
      <word confidence="1.000" wordID="basis" beginTime="56.980" endTime="57.400"/>
      <word confidence="1.000" wordID="hebben" beginTime="57.400" endTime="57.610"/>
      <word confidence="0.741" wordID="SIL" beginTime="57.610" endTime="57.620"/>
      <word confidence="1.000" wordID="gelegd" beginTime="57.620" endTime="57.990"/>
      <word confidence="0.749" wordID="SIL" beginTime="57.990" endTime="58.270"/>
      <word confidence="1.000" wordID="voor" beginTime="58.270" endTime="58.390"/>
      <word confidence="0.905" wordID="een" beginTime="58.390" endTime="58.460"/>
      <word confidence="1.000" wordID="mooi" beginTime="58.460" endTime="58.780"/>
      <word confidence="1.000" wordID="aan" beginTime="58.780" endTime="58.970"/>
      <word confidence="1.000" wordID="gezonde" beginTime="58.970" endTime="59.410"/>
      <word confidence="0.983" wordID="sprak" beginTime="59.410" endTime="59.750"/>
      <word confidence="0.749" wordID="SIL" beginTime="59.750" endTime="59.880"/>
    </wordsequence>
  </speech>
  <speech label="SPK03-018" begintime="59.91" endtime="64.68" >
    <wordsequence>
      <word confidence="0.750" wordID="SIL" beginTime="59.910" endTime="60.100"/>
      <word confidence="1.000" wordID="die" beginTime="60.100" endTime="60.250"/>
      <word confidence="0.733" wordID="SIL" beginTime="60.250" endTime="60.260"/>
      <word confidence="1.000" wordID="tandsteen" beginTime="60.260" endTime="60.660"/>
      <word confidence="1.000" wordID="halveren" beginTime="60.660" endTime="61.210"/>
      <word confidence="1.000" wordID="hoe" beginTime="61.210" endTime="61.280"/>
      <word confidence="0.961" wordID="later" beginTime="61.280" endTime="61.720"/>
      <word confidence="0.748" wordID="SIL" beginTime="61.720" endTime="61.900"/>
      <word confidence="1.000" wordID="duizenden" beginTime="61.900" endTime="62.390"/>
      <word confidence="1.000" wordID="enthousiaste" beginTime="62.390" endTime="62.940"/>
      <word confidence="1.000" wordID="boel" beginTime="62.940" endTime="63.110"/>
      <word confidence="1.000" wordID="van" beginTime="63.110" endTime="63.270"/>
      <word confidence="1.000" wordID="uitstel" beginTime="63.270" endTime="63.690"/>
      <word confidence="0.750" wordID="SIL" beginTime="63.690" endTime="64.390"/>
      <word confidence="0.824" wordID="en" beginTime="64.390" endTime="64.680"/>
    </wordsequence>
  </speech>

  </segments>
</shout_metadata>
