<?xml version="1.0" encoding="UTF-8"?>
<!--
  ##################################################################################################
  ###                      This transcription is automatically generated by                      ###
  ###                              X-MI, Cross-Media interaction                                 ###
  ###                                    http://x-mi.nl                                          ###
  ##################################################################################################
-->
<shout_metadata>
  <model_info>
    <version>Standaard systeem 28-02-2012</version>
    <description>Academia</description>
  </model_info>
  <segments>
  <speech label="SPK04-001" begintime="0.00" endtime="5.87" >
    <wordsequence>
      <word confidence="0.820" wordID="uw" beginTime="0.000" endTime="0.560"/>
      <word confidence="0.804" wordID="SIL" beginTime="0.560" endTime="0.590"/>
      <word confidence="0.795" wordID="ja" beginTime="0.590" endTime="5.870"/>
    </wordsequence>
  </speech>
  <speech label="SPK04-002" begintime="5.89" endtime="10.38" >
    <wordsequence>
      <word confidence="0.741" wordID="SIL" beginTime="5.890" endTime="5.960"/>
      <word confidence="0.754" wordID="glenn" beginTime="5.960" endTime="10.380"/>
    </wordsequence>
  </speech>
  <speech label="SPK04-003" begintime="10.40" endtime="13.84" >
    <wordsequence>
      <word confidence="0.747" wordID="ja" beginTime="10.400" endTime="13.820"/>
      <word confidence="0.742" wordID="SIL" beginTime="13.820" endTime="13.840"/>
    </wordsequence>
  </speech>
  <speech label="SPK04-004" begintime="13.86" endtime="17.48" >
    <wordsequence>
      <word confidence="0.750" wordID="SIL" beginTime="13.860" endTime="13.880"/>
      <word confidence="0.748" wordID="ja" beginTime="13.880" endTime="17.480"/>
    </wordsequence>
  </speech>
  <speech label="SPK04-005" begintime="17.50" endtime="20.06" >
    <wordsequence>
      <word confidence="0.754" wordID="ja" beginTime="17.500" endTime="20.060"/>
    </wordsequence>
  </speech>
  <speech label="SPK04-006" begintime="20.08" endtime="22.67" >
    <wordsequence>
      <word confidence="0.747" wordID="ja" beginTime="20.080" endTime="22.670"/>
    </wordsequence>
  </speech>
  <speech label="SPK04-007" begintime="22.69" endtime="28.55" >
    <wordsequence>
      <word confidence="0.748" wordID="ja" beginTime="22.690" endTime="28.530"/>
      <word confidence="0.746" wordID="SIL" beginTime="28.530" endTime="28.550"/>
    </wordsequence>
  </speech>
  <speech label="SPK04-008" begintime="28.57" endtime="32.87" >
    <wordsequence>
      <word confidence="0.751" wordID="ja" beginTime="28.570" endTime="32.870"/>
    </wordsequence>
  </speech>
  <speech label="SPK04-009" begintime="32.89" endtime="36.12" >
    <wordsequence>
      <word confidence="0.751" wordID="ja" beginTime="32.890" endTime="36.120"/>
    </wordsequence>
  </speech>
  <speech label="SPK04-010" begintime="36.14" endtime="39.47" >
    <wordsequence>
      <word confidence="0.750" wordID="ja" beginTime="36.140" endTime="39.470"/>
    </wordsequence>
  </speech>
  <speech label="SPK04-011" begintime="39.49" endtime="43.00" >
    <wordsequence>
      <word confidence="0.750" wordID="SIL" beginTime="39.490" endTime="39.510"/>
      <word confidence="0.750" wordID="ja" beginTime="39.510" endTime="43.000"/>
    </wordsequence>
  </speech>
  <speech label="SPK04-012" begintime="43.02" endtime="46.50" >
    <wordsequence>
      <word confidence="0.752" wordID="ja" beginTime="43.020" endTime="46.500"/>
    </wordsequence>
  </speech>
  <speech label="SPK04-013" begintime="46.52" endtime="49.16" >
    <wordsequence>
      <word confidence="0.736" wordID="SIL" beginTime="46.520" endTime="46.560"/>
      <word confidence="0.746" wordID="ja" beginTime="46.560" endTime="49.140"/>
      <word confidence="0.727" wordID="SIL" beginTime="49.140" endTime="49.160"/>
    </wordsequence>
  </speech>
  <speech label="SPK04-014" begintime="49.18" endtime="51.72" >
    <wordsequence>
      <word confidence="0.748" wordID="ja" beginTime="49.180" endTime="51.560"/>
      <word confidence="0.727" wordID="SIL" beginTime="51.560" endTime="51.720"/>
    </wordsequence>
  </speech>
  <speech label="SPK04-015" begintime="51.74" endtime="55.48" >
    <wordsequence>
      <word confidence="0.749" wordID="ja" beginTime="51.740" endTime="55.480"/>
    </wordsequence>
  </speech>
  <speech label="SPK04-016" begintime="55.50" endtime="59.28" >
    <wordsequence>
      <word confidence="0.750" wordID="ja" beginTime="55.500" endTime="59.280"/>
    </wordsequence>
  </speech>
  <speech label="SPK04-017" begintime="59.30" endtime="63.52" >
    <wordsequence>
      <word confidence="0.748" wordID="ja" beginTime="59.300" endTime="63.280"/>
      <word confidence="0.751" wordID="SIL" beginTime="63.280" endTime="63.310"/>
      <word confidence="0.771" wordID="ik" beginTime="63.310" endTime="63.500"/>
      <word confidence="0.703" wordID="SIL" beginTime="63.500" endTime="63.520"/>
    </wordsequence>
  </speech>
  <speech label="SPK04-018" begintime="63.54" endtime="69.22" >
    <wordsequence>
      <word confidence="0.748" wordID="ja" beginTime="63.540" endTime="69.200"/>
      <word confidence="0.734" wordID="SIL" beginTime="69.200" endTime="69.220"/>
    </wordsequence>
  </speech>
  <speech label="SPK04-019" begintime="69.24" endtime="71.75" >
    <wordsequence>
      <word confidence="0.751" wordID="ja" beginTime="69.240" endTime="71.690"/>
      <word confidence="0.764" wordID="SIL" beginTime="71.690" endTime="71.750"/>
    </wordsequence>
  </speech>
  <speech label="SPK04-020" begintime="71.77" endtime="76.47" >
    <wordsequence>
      <word confidence="0.750" wordID="ja" beginTime="71.770" endTime="76.470"/>
    </wordsequence>
  </speech>
  <speech label="SPK04-021" begintime="76.49" endtime="79.05" >
    <wordsequence>
      <word confidence="0.748" wordID="ja" beginTime="76.490" endTime="79.050"/>
    </wordsequence>
  </speech>
  <speech label="SPK04-022" begintime="79.07" endtime="82.89" >
    <wordsequence>
      <word confidence="0.744" wordID="ja" beginTime="79.070" endTime="82.890"/>
    </wordsequence>
  </speech>
  <speech label="SPK04-023" begintime="82.91" endtime="88.34" >
    <wordsequence>
      <word confidence="0.750" wordID="ja" beginTime="82.910" endTime="88.340"/>
    </wordsequence>
  </speech>
  <speech label="SPK04-024" begintime="88.36" endtime="93.92" >
    <wordsequence>
      <word confidence="0.751" wordID="ja" beginTime="88.360" endTime="93.920"/>
    </wordsequence>
  </speech>
  <speech label="SPK04-025" begintime="93.94" endtime="96.76" >
    <wordsequence>
      <word confidence="0.753" wordID="ja" beginTime="93.940" endTime="96.760"/>
    </wordsequence>
  </speech>
  <speech label="SPK04-026" begintime="96.78" endtime="101.53" >
    <wordsequence>
      <word confidence="0.750" wordID="SIL" beginTime="96.780" endTime="96.790"/>
      <word confidence="0.749" wordID="ja" beginTime="96.790" endTime="101.530"/>
    </wordsequence>
  </speech>
  <speech label="SPK04-027" begintime="101.55" endtime="105.46" >
    <wordsequence>
      <word confidence="0.750" wordID="SIL" beginTime="101.550" endTime="101.560"/>
      <word confidence="0.747" wordID="ja" beginTime="101.560" endTime="105.460"/>
    </wordsequence>
  </speech>
  <speech label="SPK04-028" begintime="105.48" endtime="108.27" >
    <wordsequence>
      <word confidence="0.749" wordID="ja" beginTime="105.480" endTime="108.270"/>
    </wordsequence>
  </speech>
  <speech label="SPK04-029" begintime="108.29" endtime="111.03" >
    <wordsequence>
      <word confidence="0.750" wordID="ja" beginTime="108.290" endTime="110.010"/>
      <word confidence="0.675" wordID="SIL" beginTime="110.010" endTime="110.020"/>
      <word confidence="0.772" wordID="ik" beginTime="110.020" endTime="110.940"/>
      <word confidence="0.743" wordID="SIL" beginTime="110.940" endTime="111.030"/>
    </wordsequence>
  </speech>
  <speech label="SPK04-030" begintime="111.05" endtime="114.68" >
    <wordsequence>
      <word confidence="0.752" wordID="ja" beginTime="111.050" endTime="114.680"/>
    </wordsequence>
  </speech>
  <speech label="SPK04-031" begintime="114.70" endtime="119.15" >
    <wordsequence>
      <word confidence="0.739" wordID="een" beginTime="114.700" endTime="115.100"/>
      <word confidence="0.679" wordID="SIL" beginTime="115.100" endTime="115.110"/>
      <word confidence="0.755" wordID="klaterende" beginTime="115.110" endTime="119.150"/>
    </wordsequence>
  </speech>
  <speech label="SPK04-032" begintime="119.17" endtime="122.88" >
    <wordsequence>
      <word confidence="0.749" wordID="ja" beginTime="119.170" endTime="122.860"/>
      <word confidence="0.790" wordID="SIL" beginTime="122.860" endTime="122.880"/>
    </wordsequence>
  </speech>
  <speech label="SPK04-033" begintime="122.90" endtime="125.92" >
    <wordsequence>
      <word confidence="0.750" wordID="ja" beginTime="122.900" endTime="125.920"/>
    </wordsequence>
  </speech>
  <speech label="SPK04-034" begintime="125.94" endtime="129.09" >
    <wordsequence>
      <word confidence="0.747" wordID="ja" beginTime="125.940" endTime="129.090"/>
    </wordsequence>
  </speech>
  <speech label="SPK04-035" begintime="129.11" endtime="132.83" >
    <wordsequence>
      <word confidence="0.728" wordID="SIL" beginTime="129.110" endTime="129.140"/>
      <word confidence="0.749" wordID="ja" beginTime="129.140" endTime="132.830"/>
    </wordsequence>
  </speech>
  <speech label="SPK04-036" begintime="132.85" endtime="136.13" >
    <wordsequence>
      <word confidence="0.742" wordID="ja" beginTime="132.850" endTime="136.110"/>
      <word confidence="0.795" wordID="SIL" beginTime="136.110" endTime="136.130"/>
    </wordsequence>
  </speech>
  <speech label="SPK04-037" begintime="136.15" endtime="139.63" >
    <wordsequence>
      <word confidence="0.750" wordID="SIL" beginTime="136.150" endTime="136.170"/>
      <word confidence="0.747" wordID="ja" beginTime="136.170" endTime="139.630"/>
    </wordsequence>
  </speech>
  <speech label="SPK04-038" begintime="139.65" endtime="144.07" >
    <wordsequence>
      <word confidence="0.750" wordID="ja" beginTime="139.650" endTime="144.070"/>
    </wordsequence>
  </speech>
  <speech label="SPK04-039" begintime="144.09" endtime="147.68" >
    <wordsequence>
      <word confidence="0.752" wordID="ja" beginTime="144.090" endTime="147.680"/>
    </wordsequence>
  </speech>
  <speech label="SPK04-040" begintime="147.70" endtime="151.86" >
    <wordsequence>
      <word confidence="0.745" wordID="ja" beginTime="147.700" endTime="151.860"/>
    </wordsequence>
  </speech>
  <speech label="SPK04-041" begintime="151.88" endtime="154.74" >
    <wordsequence>
      <word confidence="0.749" wordID="ja" beginTime="151.880" endTime="154.740"/>
    </wordsequence>
  </speech>
  <speech label="SPK04-042" begintime="154.76" endtime="157.51" >
    <wordsequence>
      <word confidence="0.747" wordID="ja" beginTime="154.760" endTime="157.510"/>
    </wordsequence>
  </speech>
  <speech label="SPK04-043" begintime="157.53" endtime="161.81" >
    <wordsequence>
      <word confidence="0.747" wordID="ja" beginTime="157.530" endTime="161.810"/>
    </wordsequence>
  </speech>
  <speech label="SPK04-044" begintime="161.83" endtime="167.53" >
    <wordsequence>
      <word confidence="0.690" wordID="SIL" beginTime="161.830" endTime="161.880"/>
      <word confidence="0.750" wordID="klaar" beginTime="161.880" endTime="167.500"/>
      <word confidence="0.754" wordID="SIL" beginTime="167.500" endTime="167.530"/>
    </wordsequence>
  </speech>
  <speech label="SPK04-045" begintime="167.55" endtime="171.05" >
    <wordsequence>
      <word confidence="0.750" wordID="ja" beginTime="167.550" endTime="171.050"/>
    </wordsequence>
  </speech>
  <speech label="SPK04-046" begintime="171.07" endtime="174.00" >
    <wordsequence>
      <word confidence="0.748" wordID="ja" beginTime="171.070" endTime="173.980"/>
      <word confidence="0.724" wordID="SIL" beginTime="173.980" endTime="174.000"/>
    </wordsequence>
  </speech>
  <speech label="SPK04-047" begintime="174.02" endtime="176.76" >
    <wordsequence>
      <word confidence="0.747" wordID="ja" beginTime="174.020" endTime="176.760"/>
    </wordsequence>
  </speech>
  <speech label="SPK04-048" begintime="176.78" endtime="180.34" >
    <wordsequence>
      <word confidence="0.756" wordID="glenn" beginTime="176.780" endTime="180.230"/>
      <word confidence="0.717" wordID="SIL" beginTime="180.230" endTime="180.340"/>
    </wordsequence>
  </speech>
  <speech label="SPK04-049" begintime="180.36" endtime="183.49" >
    <wordsequence>
      <word confidence="0.750" wordID="ja" beginTime="180.360" endTime="183.480"/>
      <word confidence="0.765" wordID="SIL" beginTime="183.480" endTime="183.490"/>
    </wordsequence>
  </speech>
  <speech label="SPK04-050" begintime="183.51" endtime="186.68" >
    <wordsequence>
      <word confidence="0.750" wordID="SIL" beginTime="183.510" endTime="183.560"/>
      <word confidence="0.752" wordID="ja" beginTime="183.560" endTime="186.680"/>
    </wordsequence>
  </speech>
  <speech label="SPK04-051" begintime="186.70" endtime="191.72" >
    <wordsequence>
      <word confidence="0.742" wordID="ja" beginTime="186.700" endTime="187.180"/>
      <word confidence="0.745" wordID="SIL" beginTime="187.180" endTime="187.190"/>
      <word confidence="0.757" wordID="glenn" beginTime="187.190" endTime="191.720"/>
    </wordsequence>
  </speech>
  <speech label="SPK04-052" begintime="191.74" endtime="194.68" >
    <wordsequence>
      <word confidence="0.752" wordID="ja" beginTime="191.740" endTime="194.670"/>
      <word confidence="0.741" wordID="SIL" beginTime="194.670" endTime="194.680"/>
    </wordsequence>
  </speech>
  <speech label="SPK04-053" begintime="194.70" endtime="199.38" >
    <wordsequence>
      <word confidence="0.750" wordID="SIL" beginTime="194.700" endTime="194.710"/>
      <word confidence="0.751" wordID="ja" beginTime="194.710" endTime="199.100"/>
      <word confidence="0.766" wordID="SIL" beginTime="199.100" endTime="199.120"/>
      <word confidence="0.768" wordID="ik" beginTime="199.120" endTime="199.380"/>
    </wordsequence>
  </speech>
  <speech label="SPK04-054" begintime="199.40" endtime="205.30" >
    <wordsequence>
      <word confidence="0.750" wordID="ja" beginTime="199.400" endTime="205.300"/>
    </wordsequence>
  </speech>

  </segments>
</shout_metadata>
