<?xml version="1.0" encoding="UTF-8"?>
<!--
  ##################################################################################################
  ###                      This transcription is automatically generated by                      ###
  ###                              X-MI, Cross-Media interaction                                 ###
  ###                                    http://x-mi.nl                                          ###
  ##################################################################################################
-->
<shout_metadata>
  <model_info>
    <version>Standaard systeem 28-02-2012</version>
    <description>Academia</description>
  </model_info>
  <segments>
  <speech label="SPK01-001" begintime="0.02" endtime="2.93" >
    <wordsequence>
      <word confidence="0.750" wordID="SIL" beginTime="0.020" endTime="0.530"/>
      <word confidence="0.796" wordID="maar" beginTime="0.530" endTime="0.690"/>
      <word confidence="0.750" wordID="SIL" beginTime="0.690" endTime="1.610"/>
      <word confidence="0.850" wordID="ik" beginTime="1.610" endTime="1.720"/>
      <word confidence="1.000" wordID="denk" beginTime="1.720" endTime="1.910"/>
      <word confidence="0.912" wordID="ik" beginTime="1.910" endTime="2.150"/>
      <word confidence="0.735" wordID="SIL" beginTime="2.150" endTime="2.160"/>
      <word confidence="1.000" wordID="ben" beginTime="2.160" endTime="2.350"/>
      <word confidence="0.906" wordID="is" beginTime="2.350" endTime="2.610"/>
      <word confidence="0.749" wordID="SIL" beginTime="2.610" endTime="2.930"/>
    </wordsequence>
  </speech>
  <speech label="SPK01-002" begintime="2.95" endtime="8.53" >
    <wordsequence>
      <word confidence="0.750" wordID="SIL" beginTime="2.950" endTime="3.260"/>
      <word confidence="0.933" wordID="van" beginTime="3.260" endTime="3.430"/>
      <word confidence="1.000" wordID="der" beginTime="3.430" endTime="3.600"/>
      <word confidence="0.908" wordID="de" beginTime="3.600" endTime="3.700"/>
      <word confidence="1.000" wordID="eerste" beginTime="3.700" endTime="4.110"/>
      <word confidence="0.946" wordID="is" beginTime="4.110" endTime="4.270"/>
      <word confidence="0.745" wordID="SIL" beginTime="4.270" endTime="4.290"/>
      <word confidence="0.906" wordID="een" beginTime="4.290" endTime="4.430"/>
      <word confidence="0.736" wordID="SIL" beginTime="4.430" endTime="4.440"/>
      <word confidence="1.000" wordID="van" beginTime="4.440" endTime="4.700"/>
      <word confidence="1.000" wordID="de" beginTime="4.700" endTime="4.820"/>
      <word confidence="0.959" wordID="bovendien" beginTime="4.820" endTime="5.440"/>
      <word confidence="0.749" wordID="SIL" beginTime="5.440" endTime="5.580"/>
      <word confidence="0.911" wordID="kijkt" beginTime="5.580" endTime="5.950"/>
      <word confidence="0.746" wordID="SIL" beginTime="5.950" endTime="5.970"/>
      <word confidence="0.846" wordID="er" beginTime="5.970" endTime="6.210"/>
      <word confidence="0.736" wordID="SIL" beginTime="6.210" endTime="6.220"/>
      <word confidence="1.000" wordID="van" beginTime="6.220" endTime="6.440"/>
      <word confidence="1.000" wordID="holland" beginTime="6.440" endTime="6.860"/>
      <word confidence="0.749" wordID="SIL" beginTime="6.860" endTime="7.080"/>
      <word confidence="1.000" wordID="in" beginTime="7.080" endTime="7.290"/>
      <word confidence="1.000" wordID="nederland" beginTime="7.290" endTime="7.840"/>
      <word confidence="0.747" wordID="SIL" beginTime="7.840" endTime="7.890"/>
      <word confidence="0.935" wordID="aan" beginTime="7.890" endTime="8.240"/>
      <word confidence="0.749" wordID="SIL" beginTime="8.240" endTime="8.530"/>
    </wordsequence>
  </speech>
  <speech label="SPK06-003" begintime="8.93" endtime="12.15" >
    <wordsequence>
      <word confidence="0.750" wordID="SIL" beginTime="8.930" endTime="8.980"/>
      <word confidence="0.718" wordID="het" beginTime="8.980" endTime="9.410"/>
      <word confidence="0.666" wordID="SIL" beginTime="9.410" endTime="9.420"/>
      <word confidence="0.844" wordID="is" beginTime="9.420" endTime="9.730"/>
      <word confidence="0.728" wordID="SIL" beginTime="9.730" endTime="9.750"/>
      <word confidence="0.776" wordID="eigenlijk" beginTime="9.750" endTime="10.190"/>
      <word confidence="0.789" wordID="SIL" beginTime="10.190" endTime="10.200"/>
      <word confidence="0.809" wordID="een" beginTime="10.200" endTime="10.380"/>
      <word confidence="0.780" wordID="SIL" beginTime="10.380" endTime="10.390"/>
      <word confidence="0.763" wordID="nederlander" beginTime="10.390" endTime="11.880"/>
      <word confidence="0.756" wordID="SIL" beginTime="11.880" endTime="12.150"/>
    </wordsequence>
  </speech>
  <speech label="SPK08-004" begintime="12.17" endtime="14.70" >
    <wordsequence>
      <word confidence="0.709" wordID="SIL" beginTime="12.170" endTime="12.320"/>
      <word confidence="0.771" wordID="ja" beginTime="12.320" endTime="13.910"/>
      <word confidence="0.678" wordID="SIL" beginTime="13.910" endTime="13.920"/>
      <word confidence="0.748" wordID="ja" beginTime="13.920" endTime="14.680"/>
      <word confidence="0.731" wordID="SIL" beginTime="14.680" endTime="14.700"/>
    </wordsequence>
  </speech>
  <speech label="SPK10-005" begintime="14.72" endtime="17.19" >
    <wordsequence>
      <word confidence="0.752" wordID="ja" beginTime="14.720" endTime="17.020"/>
      <word confidence="0.739" wordID="SIL" beginTime="17.020" endTime="17.190"/>
    </wordsequence>
  </speech>
  <speech label="SPK11-006" begintime="17.21" endtime="19.70" >
    <wordsequence>
      <word confidence="0.685" wordID="SIL" beginTime="17.210" endTime="17.280"/>
      <word confidence="0.757" wordID="ja" beginTime="17.280" endTime="17.810"/>
      <word confidence="0.661" wordID="SIL" beginTime="17.810" endTime="17.880"/>
      <word confidence="0.721" wordID="je" beginTime="17.880" endTime="18.320"/>
      <word confidence="0.806" wordID="SIL" beginTime="18.320" endTime="18.330"/>
      <word confidence="0.833" wordID="moet" beginTime="18.330" endTime="18.590"/>
      <word confidence="0.805" wordID="SIL" beginTime="18.590" endTime="18.600"/>
      <word confidence="0.806" wordID="wel" beginTime="18.600" endTime="18.720"/>
      <word confidence="0.690" wordID="SIL" beginTime="18.720" endTime="18.730"/>
      <word confidence="0.775" wordID="heel" beginTime="18.730" endTime="19.130"/>
      <word confidence="0.789" wordID="erg" beginTime="19.130" endTime="19.610"/>
      <word confidence="0.741" wordID="SIL" beginTime="19.610" endTime="19.700"/>
    </wordsequence>
  </speech>
  <speech label="SPK13-007" begintime="19.72" endtime="22.18" >
    <wordsequence>
      <word confidence="0.779" wordID="ja" beginTime="19.720" endTime="20.280"/>
      <word confidence="0.752" wordID="SIL" beginTime="20.280" endTime="20.300"/>
      <word confidence="0.790" wordID="ja" beginTime="20.300" endTime="20.630"/>
      <word confidence="0.737" wordID="SIL" beginTime="20.630" endTime="20.720"/>
      <word confidence="0.753" wordID="ja" beginTime="20.720" endTime="22.180"/>
    </wordsequence>
  </speech>
  <speech label="SPK15-008" begintime="22.20" endtime="24.69" >
    <wordsequence>
      <word confidence="0.744" wordID="SIL" beginTime="22.200" endTime="22.270"/>
      <word confidence="0.742" wordID="ja" beginTime="22.270" endTime="23.540"/>
      <word confidence="0.687" wordID="SIL" beginTime="23.540" endTime="23.550"/>
      <word confidence="0.825" wordID="en" beginTime="23.550" endTime="23.710"/>
      <word confidence="0.736" wordID="SIL" beginTime="23.710" endTime="24.080"/>
      <word confidence="0.758" wordID="nee" beginTime="24.080" endTime="24.570"/>
      <word confidence="0.774" wordID="SIL" beginTime="24.570" endTime="24.690"/>
    </wordsequence>
  </speech>
  <speech label="SPK01-009" begintime="24.71" endtime="27.64" >
    <wordsequence>
      <word confidence="0.930" wordID="als" beginTime="24.710" endTime="24.990"/>
      <word confidence="0.855" wordID="SIL" beginTime="24.990" endTime="25.020"/>
      <word confidence="0.900" wordID="eerste" beginTime="25.020" endTime="25.410"/>
      <word confidence="0.765" wordID="SIL" beginTime="25.410" endTime="25.420"/>
      <word confidence="1.000" wordID="stap" beginTime="25.420" endTime="25.700"/>
      <word confidence="1.000" wordID="dan" beginTime="25.700" endTime="25.870"/>
      <word confidence="0.988" wordID="bal" beginTime="25.870" endTime="26.290"/>
      <word confidence="1.000" wordID="SIL" beginTime="26.290" endTime="26.320"/>
      <word confidence="0.928" wordID="ingenieur" beginTime="26.320" endTime="27.020"/>
      <word confidence="0.876" wordID="SIL" beginTime="27.020" endTime="27.060"/>
      <word confidence="0.909" wordID="heeft" beginTime="27.060" endTime="27.530"/>
      <word confidence="0.988" wordID="SIL" beginTime="27.530" endTime="27.640"/>
    </wordsequence>
  </speech>
  <speech label="SPK01-010" begintime="27.66" endtime="30.71" >
    <wordsequence>
      <word confidence="0.750" wordID="SIL" beginTime="27.660" endTime="27.900"/>
      <word confidence="0.919" wordID="president-directeur" beginTime="27.900" endTime="29.030"/>
      <word confidence="1.000" wordID="van" beginTime="29.030" endTime="29.180"/>
      <word confidence="1.000" wordID="de" beginTime="29.180" endTime="29.280"/>
      <word confidence="1.000" wordID="nederlandse" beginTime="29.280" endTime="29.820"/>
      <word confidence="0.892" wordID="spoorwegen" beginTime="29.820" endTime="30.630"/>
      <word confidence="1.000" wordID="SIL" beginTime="30.630" endTime="30.710"/>
    </wordsequence>
  </speech>
  <speech label="SPK01-011" begintime="30.73" endtime="33.76" >
    <wordsequence>
      <word confidence="0.750" wordID="SIL" beginTime="30.730" endTime="31.190"/>
      <word confidence="0.961" wordID="bijvoorbeeld" beginTime="31.190" endTime="31.610"/>
      <word confidence="0.749" wordID="SIL" beginTime="31.610" endTime="31.760"/>
      <word confidence="0.931" wordID="door" beginTime="31.760" endTime="32.070"/>
      <word confidence="0.907" wordID="een" beginTime="32.070" endTime="32.330"/>
      <word confidence="1.000" wordID="je" beginTime="32.330" endTime="32.520"/>
      <word confidence="0.740" wordID="SIL" beginTime="32.520" endTime="32.530"/>
      <word confidence="1.000" wordID="waar" beginTime="32.530" endTime="32.810"/>
      <word confidence="1.000" wordID="ik" beginTime="32.810" endTime="32.910"/>
      <word confidence="0.958" wordID="heb" beginTime="32.910" endTime="33.020"/>
      <word confidence="0.944" wordID="er" beginTime="33.020" endTime="33.230"/>
      <word confidence="0.750" wordID="SIL" beginTime="33.230" endTime="33.760"/>
    </wordsequence>
  </speech>
  <speech label="SPK07-012" begintime="33.79" endtime="38.28" >
    <wordsequence>
      <word confidence="0.704" wordID="SIL" beginTime="33.790" endTime="33.880"/>
      <word confidence="0.777" wordID="negen" beginTime="33.880" endTime="34.720"/>
      <word confidence="0.702" wordID="SIL" beginTime="34.720" endTime="34.730"/>
      <word confidence="0.784" wordID="jaar" beginTime="34.730" endTime="35.420"/>
      <word confidence="0.805" wordID="SIL" beginTime="35.420" endTime="35.550"/>
      <word confidence="0.764" wordID="en" beginTime="35.550" endTime="35.720"/>
      <word confidence="0.793" wordID="nog" beginTime="35.720" endTime="36.120"/>
      <word confidence="0.794" wordID="SIL" beginTime="36.120" endTime="36.200"/>
      <word confidence="0.808" wordID="vele" beginTime="36.200" endTime="36.550"/>
      <word confidence="0.754" wordID="SIL" beginTime="36.550" endTime="36.700"/>
      <word confidence="0.745" wordID="jaren" beginTime="36.700" endTime="38.250"/>
      <word confidence="0.772" wordID="SIL" beginTime="38.250" endTime="38.280"/>
    </wordsequence>
  </speech>
  <speech label="SPK09-013" begintime="38.30" endtime="40.83" >
    <wordsequence>
      <word confidence="0.786" wordID="de" beginTime="38.300" endTime="38.460"/>
      <word confidence="0.635" wordID="SIL" beginTime="38.460" endTime="38.490"/>
      <word confidence="0.802" wordID="hele" beginTime="38.490" endTime="38.830"/>
      <word confidence="0.784" wordID="elementen" beginTime="38.830" endTime="39.630"/>
      <word confidence="0.845" wordID="SIL" beginTime="39.630" endTime="39.680"/>
      <word confidence="0.802" wordID="allemaal" beginTime="39.680" endTime="40.830"/>
    </wordsequence>
  </speech>
  <speech label="SPK10-014" begintime="40.85" endtime="43.32" >
    <wordsequence>
      <word confidence="0.733" wordID="nou" beginTime="40.850" endTime="41.270"/>
      <word confidence="0.709" wordID="SIL" beginTime="41.270" endTime="41.280"/>
      <word confidence="0.750" wordID="ja" beginTime="41.280" endTime="42.030"/>
      <word confidence="0.834" wordID="SIL" beginTime="42.030" endTime="42.060"/>
      <word confidence="0.745" wordID="ja" beginTime="42.060" endTime="43.270"/>
      <word confidence="0.723" wordID="SIL" beginTime="43.270" endTime="43.320"/>
    </wordsequence>
  </speech>
  <speech label="SPK12-015" begintime="43.34" endtime="45.82" >
    <wordsequence>
      <word confidence="0.742" wordID="ja" beginTime="43.340" endTime="45.770"/>
      <word confidence="0.783" wordID="SIL" beginTime="45.770" endTime="45.820"/>
    </wordsequence>
  </speech>
  <speech label="SPK14-016" begintime="45.84" endtime="49.00" >
    <wordsequence>
      <word confidence="0.729" wordID="SIL" beginTime="45.840" endTime="46.370"/>
      <word confidence="0.810" wordID="je" beginTime="46.370" endTime="46.920"/>
      <word confidence="0.740" wordID="SIL" beginTime="46.920" endTime="46.930"/>
      <word confidence="0.756" wordID="hebt" beginTime="46.930" endTime="47.260"/>
      <word confidence="0.754" wordID="SIL" beginTime="47.260" endTime="47.350"/>
      <word confidence="0.787" wordID="een" beginTime="47.350" endTime="47.620"/>
      <word confidence="0.780" wordID="SIL" beginTime="47.620" endTime="47.670"/>
      <word confidence="0.797" wordID="miljoen" beginTime="47.670" endTime="48.300"/>
      <word confidence="0.650" wordID="SIL" beginTime="48.300" endTime="48.310"/>
      <word confidence="0.770" wordID="runderen" beginTime="48.310" endTime="49.000"/>
    </wordsequence>
  </speech>
  <speech label="SPK15-017" begintime="49.02" endtime="51.68" >
    <wordsequence>
      <word confidence="0.745" wordID="ja" beginTime="49.020" endTime="50.010"/>
      <word confidence="0.715" wordID="SIL" beginTime="50.010" endTime="50.020"/>
      <word confidence="0.751" wordID="ja" beginTime="50.020" endTime="51.620"/>
      <word confidence="0.753" wordID="SIL" beginTime="51.620" endTime="51.680"/>
    </wordsequence>
  </speech>

  </segments>
</shout_metadata>
