<?xml version="1.0" encoding="UTF-8"?>
<!--
  ##################################################################################################
  ###                      This transcription is automatically generated by                      ###
  ###                              X-MI, Cross-Media interaction                                 ###
  ###                                    http://x-mi.nl                                          ###
  ##################################################################################################
-->
<shout_metadata>
  <model_info>
    <version>Standaard systeem 28-02-2012</version>
    <description>Academia</description>
  </model_info>
  <segments>
  <speech label="SPK01-001" begintime="1.14" endtime="6.11" >
    <wordsequence>
      <word confidence="0.750" wordID="SIL" beginTime="1.140" endTime="1.720"/>
      <word confidence="0.820" wordID="de" beginTime="1.720" endTime="1.850"/>
      <word confidence="1.000" wordID="vooral" beginTime="1.850" endTime="2.080"/>
      <word confidence="0.867" wordID="gasleidingen" beginTime="2.080" endTime="2.740"/>
      <word confidence="0.944" wordID="te" beginTime="2.740" endTime="2.860"/>
      <word confidence="0.964" wordID="verblijven" beginTime="2.860" endTime="3.290"/>
      <word confidence="0.929" wordID="trekken" beginTime="3.290" endTime="3.630"/>
      <word confidence="0.740" wordID="SIL" beginTime="3.630" endTime="3.640"/>
      <word confidence="0.928" wordID="is" beginTime="3.640" endTime="3.760"/>
      <word confidence="0.911" wordID="dan" beginTime="3.760" endTime="3.870"/>
      <word confidence="1.000" wordID="op" beginTime="3.870" endTime="3.940"/>
      <word confidence="1.000" wordID="het" beginTime="3.940" endTime="4.020"/>
      <word confidence="0.846" wordID="volgende" beginTime="4.020" endTime="4.450"/>
      <word confidence="0.742" wordID="SIL" beginTime="4.450" endTime="4.460"/>
      <word confidence="0.976" wordID="station" beginTime="4.460" endTime="4.860"/>
      <word confidence="0.748" wordID="SIL" beginTime="4.860" endTime="4.910"/>
      <word confidence="1.000" wordID="was" beginTime="4.910" endTime="5.140"/>
      <word confidence="0.748" wordID="SIL" beginTime="5.140" endTime="5.170"/>
      <word confidence="0.862" wordID="letterlijk" beginTime="5.170" endTime="5.580"/>
      <word confidence="0.943" wordID="in" beginTime="5.580" endTime="5.660"/>
      <word confidence="0.881" wordID="de" beginTime="5.660" endTime="5.750"/>
      <word confidence="0.738" wordID="SIL" beginTime="5.750" endTime="5.760"/>
      <word confidence="0.928" wordID="weer" beginTime="5.760" endTime="6.070"/>
      <word confidence="0.746" wordID="SIL" beginTime="6.070" endTime="6.110"/>
    </wordsequence>
  </speech>
  <speech label="SPK01-002" begintime="6.13" endtime="12.29" >
    <wordsequence>
      <word confidence="0.750" wordID="SIL" beginTime="6.130" endTime="6.360"/>
      <word confidence="0.818" wordID="de" beginTime="6.360" endTime="6.480"/>
      <word confidence="0.912" wordID="wereldhandel" beginTime="6.480" endTime="6.950"/>
      <word confidence="0.724" wordID="SIL" beginTime="6.950" endTime="6.960"/>
      <word confidence="1.000" wordID="voor" beginTime="6.960" endTime="7.190"/>
      <word confidence="0.720" wordID="SIL" beginTime="7.190" endTime="7.200"/>
      <word confidence="1.000" wordID="ons" beginTime="7.200" endTime="7.380"/>
      <word confidence="0.885" wordID="verleden" beginTime="7.380" endTime="7.770"/>
      <word confidence="0.868" wordID="en" beginTime="7.770" endTime="7.860"/>
      <word confidence="0.790" wordID="de" beginTime="7.860" endTime="7.920"/>
      <word confidence="0.969" wordID="overvliegende" beginTime="7.920" endTime="8.540"/>
      <word confidence="0.926" wordID="drinken" beginTime="8.540" endTime="8.940"/>
      <word confidence="0.915" wordID="en" beginTime="8.940" endTime="9.030"/>
      <word confidence="1.000" wordID="andere" beginTime="9.030" endTime="9.270"/>
      <word confidence="1.000" wordID="zangvogels" beginTime="9.270" endTime="9.810"/>
      <word confidence="0.963" wordID="afkomstig" beginTime="9.810" endTime="10.240"/>
      <word confidence="0.933" wordID="uit" beginTime="10.240" endTime="10.350"/>
      <word confidence="0.910" wordID="noord-europa" beginTime="10.350" endTime="10.970"/>
      <word confidence="0.909" wordID="opgesteld" beginTime="10.970" endTime="11.350"/>
      <word confidence="1.000" wordID="die" beginTime="11.350" endTime="11.450"/>
      <word confidence="0.868" wordID="niet" beginTime="11.450" endTime="11.630"/>
      <word confidence="1.000" wordID="te" beginTime="11.630" endTime="11.700"/>
      <word confidence="0.961" wordID="strijken" beginTime="11.700" endTime="12.060"/>
      <word confidence="1.000" wordID="SIL" beginTime="12.060" endTime="12.290"/>
    </wordsequence>
  </speech>
  <speech label="SPK01-003" begintime="12.31" endtime="15.71" >
  </speech>
  <speech label="SPK06-004" begintime="15.73" endtime="19.02" >
    <wordsequence>
      <word confidence="0.705" wordID="SIL" beginTime="15.730" endTime="15.800"/>
      <word confidence="0.855" wordID="uh" beginTime="15.800" endTime="16.140"/>
      <word confidence="0.749" wordID="SIL" beginTime="16.140" endTime="16.270"/>
      <word confidence="0.843" wordID="hoog" beginTime="16.270" endTime="17.010"/>
      <word confidence="0.748" wordID="SIL" beginTime="17.010" endTime="17.090"/>
      <word confidence="0.918" wordID="voor" beginTime="17.090" endTime="17.240"/>
      <word confidence="0.738" wordID="SIL" beginTime="17.240" endTime="17.260"/>
      <word confidence="0.962" wordID="een" beginTime="17.260" endTime="17.650"/>
      <word confidence="0.749" wordID="SIL" beginTime="17.650" endTime="17.780"/>
      <word confidence="0.791" wordID="goed" beginTime="17.780" endTime="18.180"/>
      <word confidence="0.739" wordID="SIL" beginTime="18.180" endTime="18.190"/>
      <word confidence="0.824" wordID="versus" beginTime="18.190" endTime="18.620"/>
      <word confidence="0.750" wordID="SIL" beginTime="18.620" endTime="19.020"/>
    </wordsequence>
  </speech>
  <speech label="SPK07-005" begintime="19.04" endtime="22.23" >
    <wordsequence>
      <word confidence="0.693" wordID="SIL" beginTime="19.040" endTime="19.110"/>
      <word confidence="0.748" wordID="hoe" beginTime="19.110" endTime="20.470"/>
      <word confidence="0.808" wordID="SIL" beginTime="20.470" endTime="20.480"/>
      <word confidence="0.870" wordID="uh" beginTime="20.480" endTime="20.750"/>
      <word confidence="0.713" wordID="SIL" beginTime="20.750" endTime="20.760"/>
      <word confidence="0.795" wordID="ja" beginTime="20.760" endTime="21.390"/>
      <word confidence="0.784" wordID="SIL" beginTime="21.390" endTime="21.560"/>
      <word confidence="0.823" wordID="ook" beginTime="21.560" endTime="22.100"/>
      <word confidence="0.824" wordID="SIL" beginTime="22.100" endTime="22.230"/>
    </wordsequence>
  </speech>
  <speech label="SPK01-006" begintime="22.25" endtime="25.17" >
    <wordsequence>
      <word confidence="0.750" wordID="SIL" beginTime="22.250" endTime="22.260"/>
      <word confidence="0.782" wordID="die" beginTime="22.260" endTime="22.510"/>
      <word confidence="0.989" wordID="SIL" beginTime="22.510" endTime="22.520"/>
      <word confidence="0.917" wordID="voorzichtig" beginTime="22.520" endTime="23.060"/>
      <word confidence="0.843" wordID="moet" beginTime="23.060" endTime="23.250"/>
      <word confidence="0.710" wordID="SIL" beginTime="23.250" endTime="23.260"/>
      <word confidence="0.788" wordID="de" beginTime="23.260" endTime="23.340"/>
      <word confidence="0.891" wordID="diertjes" beginTime="23.340" endTime="23.670"/>
      <word confidence="0.876" wordID="die" beginTime="23.670" endTime="23.760"/>
      <word confidence="1.000" wordID="onder" beginTime="23.760" endTime="23.980"/>
      <word confidence="0.965" wordID="het" beginTime="23.980" endTime="24.060"/>
      <word confidence="0.998" wordID="net" beginTime="24.060" endTime="24.210"/>
      <word confidence="1.000" wordID="vandaan" beginTime="24.210" endTime="24.520"/>
      <word confidence="0.966" wordID="gehaald" beginTime="24.520" endTime="25.030"/>
      <word confidence="0.741" wordID="SIL" beginTime="25.030" endTime="25.170"/>
    </wordsequence>
  </speech>
  <speech label="SPK03-007" begintime="25.19" endtime="27.67" >
    <wordsequence>
      <word confidence="0.750" wordID="SIL" beginTime="25.190" endTime="25.490"/>
      <word confidence="0.793" wordID="uh" beginTime="25.490" endTime="26.120"/>
      <word confidence="0.749" wordID="SIL" beginTime="26.120" endTime="26.360"/>
      <word confidence="0.834" wordID="ja" beginTime="26.360" endTime="26.960"/>
      <word confidence="0.737" wordID="SIL" beginTime="26.960" endTime="26.970"/>
      <word confidence="0.876" wordID="uh" beginTime="26.970" endTime="27.640"/>
      <word confidence="0.747" wordID="SIL" beginTime="27.640" endTime="27.670"/>
    </wordsequence>
  </speech>
  <speech label="SPK01-008" begintime="27.69" endtime="29.22" >
    <wordsequence>
      <word confidence="0.796" wordID="wat" beginTime="27.690" endTime="28.070"/>
      <word confidence="0.816" wordID="SIL" beginTime="28.070" endTime="28.080"/>
      <word confidence="0.794" wordID="er" beginTime="28.080" endTime="28.200"/>
      <word confidence="0.795" wordID="SIL" beginTime="28.200" endTime="28.270"/>
      <word confidence="0.816" wordID="vroeger" beginTime="28.270" endTime="28.800"/>
      <word confidence="0.830" wordID="in" beginTime="28.800" endTime="29.010"/>
      <word confidence="0.739" wordID="SIL" beginTime="29.010" endTime="29.030"/>
      <word confidence="0.949" wordID="het" beginTime="29.030" endTime="29.140"/>
      <word confidence="0.846" wordID="SIL" beginTime="29.140" endTime="29.220"/>
    </wordsequence>
  </speech>
  <speech label="SPK01-009" begintime="29.24" endtime="33.30" >
    <wordsequence>
      <word confidence="0.750" wordID="SIL" beginTime="29.240" endTime="29.310"/>
      <word confidence="0.906" wordID="op" beginTime="29.310" endTime="29.410"/>
      <word confidence="0.793" wordID="het" beginTime="29.410" endTime="29.760"/>
      <word confidence="0.900" wordID="SIL" beginTime="29.760" endTime="29.770"/>
      <word confidence="0.960" wordID="is" beginTime="29.770" endTime="29.860"/>
      <word confidence="0.859" wordID="dan" beginTime="29.860" endTime="30.040"/>
      <word confidence="0.922" wordID="de" beginTime="30.040" endTime="30.120"/>
      <word confidence="0.822" wordID="anderen" beginTime="30.120" endTime="30.560"/>
      <word confidence="0.866" wordID="dan" beginTime="30.560" endTime="30.700"/>
      <word confidence="0.780" wordID="in" beginTime="30.700" endTime="30.830"/>
      <word confidence="0.775" wordID="SIL" beginTime="30.830" endTime="30.840"/>
      <word confidence="1.000" wordID="het" beginTime="30.840" endTime="30.980"/>
      <word confidence="0.923" wordID="adressen" beginTime="30.980" endTime="31.390"/>
      <word confidence="0.868" wordID="in" beginTime="31.390" endTime="31.560"/>
      <word confidence="1.000" wordID="de" beginTime="31.560" endTime="31.620"/>
      <word confidence="1.000" wordID="buitenlandse" beginTime="31.620" endTime="32.130"/>
      <word confidence="0.937" wordID="van" beginTime="32.130" endTime="32.300"/>
      <word confidence="0.907" wordID="dat" beginTime="32.300" endTime="32.480"/>
      <word confidence="1.000" wordID="kan" beginTime="32.480" endTime="32.630"/>
      <word confidence="1.000" wordID="op" beginTime="32.630" endTime="32.750"/>
      <word confidence="0.992" wordID="sturen" beginTime="32.750" endTime="33.130"/>
      <word confidence="0.877" wordID="SIL" beginTime="33.130" endTime="33.300"/>
    </wordsequence>
  </speech>
  <speech label="SPK01-010" begintime="33.33" endtime="37.81" >
    <wordsequence>
      <word confidence="0.750" wordID="SIL" beginTime="33.330" endTime="33.570"/>
      <word confidence="0.914" wordID="indringend" beginTime="33.570" endTime="33.980"/>
      <word confidence="1.000" wordID="geschiedt" beginTime="33.980" endTime="34.300"/>
      <word confidence="1.000" wordID="om" beginTime="34.300" endTime="34.430"/>
      <word confidence="0.945" wordID="gegevens" beginTime="34.430" endTime="34.850"/>
      <word confidence="1.000" wordID="te" beginTime="34.850" endTime="34.960"/>
      <word confidence="0.861" wordID="verzamelen" beginTime="34.960" endTime="35.420"/>
      <word confidence="0.957" wordID="over" beginTime="35.420" endTime="35.600"/>
      <word confidence="0.935" wordID="de" beginTime="35.600" endTime="35.670"/>
      <word confidence="0.879" wordID="trekken" beginTime="35.670" endTime="35.990"/>
      <word confidence="0.958" wordID="rond" beginTime="35.990" endTime="36.170"/>
      <word confidence="0.907" wordID="en" beginTime="36.170" endTime="36.330"/>
      <word confidence="0.878" wordID="de" beginTime="36.330" endTime="36.400"/>
      <word confidence="0.879" wordID="winter" beginTime="36.400" endTime="36.770"/>
      <word confidence="0.936" wordID="blijven" beginTime="36.770" endTime="37.010"/>
      <word confidence="0.744" wordID="SIL" beginTime="37.010" endTime="37.040"/>
      <word confidence="1.000" wordID="van" beginTime="37.040" endTime="37.160"/>
      <word confidence="0.991" wordID="de" beginTime="37.160" endTime="37.220"/>
      <word confidence="1.000" wordID="vogels" beginTime="37.220" endTime="37.680"/>
      <word confidence="0.748" wordID="SIL" beginTime="37.680" endTime="37.810"/>
    </wordsequence>
  </speech>
  <speech label="SPK01-011" begintime="37.83" endtime="40.22" >
    <wordsequence>
      <word confidence="0.750" wordID="SIL" beginTime="37.830" endTime="38.000"/>
      <word confidence="0.919" wordID="gegevens" beginTime="38.000" endTime="38.470"/>
      <word confidence="1.000" wordID="die" beginTime="38.470" endTime="38.570"/>
      <word confidence="0.991" wordID="goed" beginTime="38.570" endTime="38.720"/>
      <word confidence="0.954" wordID="ornithologen" beginTime="38.720" endTime="39.430"/>
      <word confidence="1.000" wordID="van" beginTime="39.430" endTime="39.560"/>
      <word confidence="1.000" wordID="groot" beginTime="39.560" endTime="39.780"/>
      <word confidence="0.930" wordID="belang" beginTime="39.780" endTime="40.050"/>
      <word confidence="0.944" wordID="zijn" beginTime="40.050" endTime="40.220"/>
    </wordsequence>
  </speech>
  <speech label="SPK03-012" begintime="40.24" endtime="43.17" >
    <wordsequence>
      <word confidence="0.750" wordID="SIL" beginTime="40.240" endTime="41.010"/>
      <word confidence="0.823" wordID="dan" beginTime="41.010" endTime="41.350"/>
      <word confidence="0.750" wordID="SIL" beginTime="41.350" endTime="41.880"/>
      <word confidence="0.839" wordID="uh" beginTime="41.880" endTime="43.000"/>
      <word confidence="0.735" wordID="SIL" beginTime="43.000" endTime="43.010"/>
      <word confidence="0.867" wordID="is" beginTime="43.010" endTime="43.110"/>
      <word confidence="0.749" wordID="SIL" beginTime="43.110" endTime="43.170"/>
    </wordsequence>
  </speech>
  <speech label="SPK01-013" begintime="43.19" endtime="46.52" >
    <wordsequence>
      <word confidence="0.827" wordID="op" beginTime="43.190" endTime="43.270"/>
      <word confidence="0.872" wordID="andere" beginTime="43.270" endTime="43.510"/>
      <word confidence="0.703" wordID="SIL" beginTime="43.510" endTime="43.530"/>
      <word confidence="0.953" wordID="plaatsen" beginTime="43.530" endTime="43.870"/>
      <word confidence="0.774" wordID="in" beginTime="43.870" endTime="43.960"/>
      <word confidence="1.000" wordID="ons" beginTime="43.960" endTime="44.110"/>
      <word confidence="1.000" wordID="land" beginTime="44.110" endTime="44.300"/>
      <word confidence="0.932" wordID="kan" beginTime="44.300" endTime="44.450"/>
      <word confidence="0.812" wordID="SIL" beginTime="44.450" endTime="44.470"/>
      <word confidence="0.836" wordID="in" beginTime="44.470" endTime="44.590"/>
      <word confidence="0.830" wordID="dit" beginTime="44.590" endTime="44.730"/>
      <word confidence="1.000" wordID="jaargetijde" beginTime="44.730" endTime="45.200"/>
      <word confidence="0.952" wordID="trainde" beginTime="45.200" endTime="45.500"/>
      <word confidence="1.000" wordID="gasten" beginTime="45.500" endTime="45.850"/>
      <word confidence="0.972" wordID="aantreffen" beginTime="45.850" endTime="46.340"/>
      <word confidence="0.876" wordID="SIL" beginTime="46.340" endTime="46.520"/>
    </wordsequence>
  </speech>
  <speech label="SPK01-014" begintime="46.54" endtime="50.24" >
    <wordsequence>
      <word confidence="0.750" wordID="SIL" beginTime="46.540" endTime="46.760"/>
      <word confidence="1.000" wordID="op" beginTime="46.760" endTime="46.910"/>
      <word confidence="1.000" wordID="het" beginTime="46.910" endTime="47.000"/>
      <word confidence="0.983" wordID="zwartewater" beginTime="47.000" endTime="47.550"/>
      <word confidence="0.930" wordID="beginnen" beginTime="47.550" endTime="47.900"/>
      <word confidence="0.864" wordID="naar" beginTime="47.900" endTime="48.080"/>
      <word confidence="1.000" wordID="de" beginTime="48.080" endTime="48.160"/>
      <word confidence="0.855" wordID="bijvoorbeeld" beginTime="48.160" endTime="48.700"/>
      <word confidence="0.739" wordID="SIL" beginTime="48.700" endTime="48.710"/>
      <word confidence="0.924" wordID="gebleven" beginTime="48.710" endTime="49.070"/>
      <word confidence="0.934" wordID="enige" beginTime="49.070" endTime="49.290"/>
      <word confidence="0.957" wordID="duizenden" beginTime="49.290" endTime="49.700"/>
      <word confidence="1.000" wordID="blad" beginTime="49.700" endTime="49.940"/>
      <word confidence="1.000" wordID="opdroeg" beginTime="49.940" endTime="50.240"/>
    </wordsequence>
  </speech>
  <speech label="SPK03-015" begintime="50.26" endtime="52.19" >
    <wordsequence>
      <word confidence="0.792" wordID="ik" beginTime="50.260" endTime="50.500"/>
      <word confidence="0.746" wordID="SIL" beginTime="50.500" endTime="50.520"/>
      <word confidence="0.799" wordID="kies" beginTime="50.520" endTime="50.780"/>
      <word confidence="0.720" wordID="SIL" beginTime="50.780" endTime="50.790"/>
      <word confidence="0.816" wordID="ik" beginTime="50.790" endTime="51.140"/>
      <word confidence="0.750" wordID="SIL" beginTime="51.140" endTime="51.600"/>
      <word confidence="0.842" wordID="ben" beginTime="51.600" endTime="51.750"/>
      <word confidence="0.740" wordID="SIL" beginTime="51.750" endTime="51.760"/>
      <word confidence="0.856" wordID="al" beginTime="51.760" endTime="52.010"/>
      <word confidence="0.750" wordID="SIL" beginTime="52.010" endTime="52.190"/>
    </wordsequence>
  </speech>
  <speech label="SPK01-016" begintime="52.21" endtime="55.82" >
    <wordsequence>
      <word confidence="0.869" wordID="en" beginTime="52.210" endTime="52.440"/>
      <word confidence="0.802" wordID="er" beginTime="52.440" endTime="52.700"/>
      <word confidence="0.934" wordID="een" beginTime="52.700" endTime="52.770"/>
      <word confidence="0.849" wordID="ander" beginTime="52.770" endTime="52.990"/>
      <word confidence="0.999" wordID="SIL" beginTime="52.990" endTime="53.000"/>
      <word confidence="0.906" wordID="voedsel" beginTime="53.000" endTime="53.420"/>
      <word confidence="0.867" wordID="aan" beginTime="53.420" endTime="53.580"/>
      <word confidence="0.897" wordID="de" beginTime="53.580" endTime="53.650"/>
      <word confidence="0.907" wordID="natie" beginTime="53.650" endTime="53.990"/>
      <word confidence="0.985" wordID="die" beginTime="53.990" endTime="54.190"/>
      <word confidence="0.603" wordID="SIL" beginTime="54.190" endTime="54.200"/>
      <word confidence="0.846" wordID="niet" beginTime="54.200" endTime="54.330"/>
      <word confidence="1.000" wordID="rusland" beginTime="54.330" endTime="54.830"/>
      <word confidence="0.782" wordID="SIL" beginTime="54.830" endTime="54.880"/>
      <word confidence="0.945" wordID="sazias" beginTime="54.880" endTime="55.480"/>
      <word confidence="0.810" wordID="SIL" beginTime="55.480" endTime="55.490"/>
      <word confidence="0.923" wordID="doen" beginTime="55.490" endTime="55.720"/>
      <word confidence="0.953" wordID="SIL" beginTime="55.720" endTime="55.820"/>
    </wordsequence>
  </speech>
  <speech label="SPK01-017" begintime="55.84" endtime="57.95" >
    <wordsequence>
      <word confidence="0.750" wordID="SIL" beginTime="55.840" endTime="56.090"/>
      <word confidence="0.940" wordID="en" beginTime="56.090" endTime="56.200"/>
      <word confidence="0.930" wordID="gemengde" beginTime="56.200" endTime="56.550"/>
      <word confidence="0.902" wordID="onderschatten" beginTime="56.550" endTime="57.060"/>
      <word confidence="0.739" wordID="SIL" beginTime="57.060" endTime="57.070"/>
      <word confidence="1.000" wordID="die" beginTime="57.070" endTime="57.240"/>
      <word confidence="0.901" wordID="lijkt" beginTime="57.240" endTime="57.470"/>
      <word confidence="0.954" wordID="op" beginTime="57.470" endTime="57.560"/>
      <word confidence="0.791" wordID="de" beginTime="57.560" endTime="57.630"/>
      <word confidence="0.958" wordID="wieken" beginTime="57.630" endTime="57.910"/>
      <word confidence="0.747" wordID="SIL" beginTime="57.910" endTime="57.950"/>
    </wordsequence>
  </speech>
  <speech label="SPK07-018" begintime="57.97" endtime="58.60" >
    <wordsequence>
      <word confidence="0.712" wordID="SIL" beginTime="57.970" endTime="58.420"/>
      <word confidence="0.791" wordID="ik" beginTime="58.420" endTime="58.600"/>
    </wordsequence>
  </speech>
  <speech label="SPK07-019" begintime="58.62" endtime="63.96" >
    <wordsequence>
      <word confidence="0.737" wordID="ja" beginTime="58.620" endTime="59.010"/>
      <word confidence="0.742" wordID="SIL" beginTime="59.010" endTime="59.320"/>
      <word confidence="0.757" wordID="ja" beginTime="59.320" endTime="60.410"/>
      <word confidence="0.712" wordID="SIL" beginTime="60.410" endTime="60.450"/>
      <word confidence="0.738" wordID="ja" beginTime="60.450" endTime="61.680"/>
      <word confidence="0.776" wordID="SIL" beginTime="61.680" endTime="62.100"/>
      <word confidence="0.739" wordID="ja" beginTime="62.100" endTime="63.670"/>
      <word confidence="0.735" wordID="die" beginTime="63.670" endTime="63.960"/>
    </wordsequence>
  </speech>
  <speech label="SPK07-020" begintime="63.98" endtime="64.10" >
    <wordsequence>
      <word confidence="0.761" wordID="het" beginTime="63.980" endTime="64.100"/>
    </wordsequence>
  </speech>
  <speech label="SPK01-021" begintime="64.12" endtime="68.18" >
    <wordsequence>
      <word confidence="0.810" wordID="op" beginTime="64.120" endTime="64.220"/>
      <word confidence="1.000" wordID="de" beginTime="64.220" endTime="64.290"/>
      <word confidence="0.925" wordID="vogels" beginTime="64.290" endTime="64.650"/>
      <word confidence="0.896" wordID="nog" beginTime="64.650" endTime="64.840"/>
      <word confidence="0.904" wordID="beter" beginTime="64.840" endTime="65.120"/>
      <word confidence="0.975" wordID="te" beginTime="65.120" endTime="65.210"/>
      <word confidence="0.902" wordID="kunnen" beginTime="65.210" endTime="65.380"/>
      <word confidence="1.000" wordID="gadeslaan" beginTime="65.380" endTime="65.980"/>
      <word confidence="0.769" wordID="SIL" beginTime="65.980" endTime="66.220"/>
      <word confidence="0.931" wordID="wba-titel" beginTime="66.220" endTime="66.620"/>
      <word confidence="1.000" wordID="schuil" beginTime="66.620" endTime="67.010"/>
      <word confidence="0.892" wordID="het" beginTime="67.010" endTime="67.130"/>
      <word confidence="1.000" wordID="gebouw" beginTime="67.130" endTime="67.500"/>
      <word confidence="0.750" wordID="SIL" beginTime="67.500" endTime="68.180"/>
    </wordsequence>
  </speech>
  <speech label="SPK03-022" begintime="68.20" endtime="70.84" >
    <wordsequence>
      <word confidence="0.750" wordID="SIL" beginTime="68.200" endTime="68.290"/>
      <word confidence="0.849" wordID="uh" beginTime="68.290" endTime="68.590"/>
      <word confidence="0.749" wordID="SIL" beginTime="68.590" endTime="68.860"/>
      <word confidence="0.880" wordID="en" beginTime="68.860" endTime="69.410"/>
      <word confidence="0.750" wordID="SIL" beginTime="69.410" endTime="70.840"/>
    </wordsequence>
  </speech>
  <speech label="SPK01-023" begintime="70.86" endtime="73.42" >
    <wordsequence>
      <word confidence="0.682" wordID="SIL" beginTime="70.860" endTime="71.070"/>
      <word confidence="0.786" wordID="deze" beginTime="71.070" endTime="71.470"/>
      <word confidence="0.743" wordID="SIL" beginTime="71.470" endTime="71.480"/>
      <word confidence="0.918" wordID="twee" beginTime="71.480" endTime="71.640"/>
      <word confidence="0.715" wordID="SIL" beginTime="71.640" endTime="71.890"/>
      <word confidence="0.957" wordID="prachtige" beginTime="71.890" endTime="72.310"/>
      <word confidence="0.954" wordID="zicht" beginTime="72.310" endTime="72.560"/>
      <word confidence="0.923" wordID="op" beginTime="72.560" endTime="72.630"/>
      <word confidence="0.844" wordID="de" beginTime="72.630" endTime="72.720"/>
      <word confidence="0.968" wordID="honderd" beginTime="72.720" endTime="73.000"/>
      <word confidence="0.940" wordID="omdat" beginTime="73.000" endTime="73.300"/>
      <word confidence="1.000" wordID="of" beginTime="73.300" endTime="73.420"/>
    </wordsequence>
  </speech>
  <speech label="SPK01-024" begintime="73.44" endtime="77.04" >
    <wordsequence>
      <word confidence="0.784" wordID="er" beginTime="73.440" endTime="73.610"/>
      <word confidence="0.719" wordID="SIL" beginTime="73.610" endTime="73.630"/>
      <word confidence="0.895" wordID="is" beginTime="73.630" endTime="73.750"/>
      <word confidence="0.885" wordID="maar" beginTime="73.750" endTime="73.860"/>
      <word confidence="0.756" wordID="omdat" beginTime="73.860" endTime="74.050"/>
      <word confidence="0.747" wordID="SIL" beginTime="74.050" endTime="74.120"/>
      <word confidence="0.880" wordID="hij" beginTime="74.120" endTime="74.220"/>
      <word confidence="0.833" wordID="de" beginTime="74.220" endTime="74.290"/>
      <word confidence="0.722" wordID="SIL" beginTime="74.290" endTime="74.300"/>
      <word confidence="0.930" wordID="strijd" beginTime="74.300" endTime="74.610"/>
      <word confidence="0.763" wordID="SIL" beginTime="74.610" endTime="74.630"/>
      <word confidence="0.827" wordID="te" beginTime="74.630" endTime="74.850"/>
      <word confidence="0.794" wordID="SIL" beginTime="74.850" endTime="74.990"/>
      <word confidence="0.867" wordID="kraken" beginTime="74.990" endTime="75.290"/>
      <word confidence="0.893" wordID="en" beginTime="75.290" endTime="75.400"/>
      <word confidence="0.999" wordID="slobeenden" beginTime="75.400" endTime="76.070"/>
      <word confidence="0.925" wordID="en" beginTime="76.070" endTime="76.220"/>
      <word confidence="1.000" wordID="zwanen" beginTime="76.220" endTime="76.710"/>
      <word confidence="1.000" wordID="SIL" beginTime="76.710" endTime="77.040"/>
    </wordsequence>
  </speech>
  <speech label="SPK01-025" begintime="77.21" endtime="81.68" >
    <wordsequence>
      <word confidence="0.750" wordID="SIL" beginTime="77.210" endTime="77.640"/>
      <word confidence="0.810" wordID="ja" beginTime="77.640" endTime="77.790"/>
      <word confidence="1.000" wordID="dat" beginTime="77.790" endTime="77.950"/>
      <word confidence="1.000" wordID="zie" beginTime="77.950" endTime="78.070"/>
      <word confidence="1.000" wordID="je" beginTime="78.070" endTime="78.190"/>
      <word confidence="0.920" wordID="enige" beginTime="78.190" endTime="78.390"/>
      <word confidence="1.000" wordID="tijd" beginTime="78.390" endTime="78.580"/>
      <word confidence="0.937" wordID="rust" beginTime="78.580" endTime="78.920"/>
      <word confidence="0.890" wordID="hebben" beginTime="78.920" endTime="79.180"/>
      <word confidence="0.749" wordID="SIL" beginTime="79.180" endTime="79.310"/>
      <word confidence="0.943" wordID="vervolgens" beginTime="79.310" endTime="79.800"/>
      <word confidence="0.742" wordID="SIL" beginTime="79.800" endTime="79.810"/>
      <word confidence="0.949" wordID="voor" beginTime="79.810" endTime="80.050"/>
      <word confidence="0.742" wordID="SIL" beginTime="80.050" endTime="80.060"/>
      <word confidence="1.000" wordID="ons" beginTime="80.060" endTime="80.220"/>
      <word confidence="0.916" wordID="een" beginTime="80.220" endTime="80.330"/>
      <word confidence="0.958" wordID="grote" beginTime="80.330" endTime="80.660"/>
      <word confidence="0.919" wordID="reis" beginTime="80.660" endTime="80.980"/>
      <word confidence="0.743" wordID="SIL" beginTime="80.980" endTime="80.990"/>
      <word confidence="0.892" wordID="naar" beginTime="80.990" endTime="81.150"/>
      <word confidence="0.889" wordID="oyster" beginTime="81.150" endTime="81.680"/>
    </wordsequence>
  </speech>
  <speech label="SPK15-026" begintime="81.70" endtime="84.19" >
    <wordsequence>
      <word confidence="0.749" wordID="het" beginTime="81.700" endTime="81.990"/>
      <word confidence="0.801" wordID="SIL" beginTime="81.990" endTime="82.150"/>
      <word confidence="0.795" wordID="gaat" beginTime="82.150" endTime="82.700"/>
      <word confidence="0.748" wordID="SIL" beginTime="82.700" endTime="82.760"/>
      <word confidence="0.826" wordID="om" beginTime="82.760" endTime="82.850"/>
      <word confidence="0.739" wordID="SIL" beginTime="82.850" endTime="82.860"/>
      <word confidence="0.781" wordID="uh" beginTime="82.860" endTime="83.110"/>
      <word confidence="0.749" wordID="SIL" beginTime="83.110" endTime="83.210"/>
      <word confidence="0.778" wordID="nee" beginTime="83.210" endTime="83.930"/>
      <word confidence="0.759" wordID="SIL" beginTime="83.930" endTime="83.940"/>
      <word confidence="0.809" wordID="van" beginTime="83.940" endTime="84.180"/>
      <word confidence="0.856" wordID="SIL" beginTime="84.180" endTime="84.190"/>
    </wordsequence>
  </speech>
  <speech label="SPK16-027" begintime="84.21" endtime="87.05" >
    <wordsequence>
      <word confidence="0.749" wordID="ja" beginTime="84.210" endTime="87.050"/>
    </wordsequence>
  </speech>

  </segments>
</shout_metadata>
