<?xml version="1.0" encoding="UTF-8"?>
<!--
  ##################################################################################################
  ###                      This transcription is automatically generated by                      ###
  ###                              X-MI, Cross-Media interaction                                 ###
  ###                                    http://x-mi.nl                                          ###
  ##################################################################################################
-->
<shout_metadata>
  <model_info>
    <version>Standaard systeem 28-02-2012</version>
    <description>Academia</description>
  </model_info>
  <segments>
  <speech label="SPK01-001" begintime="1.17" endtime="4.69" >
    <wordsequence>
      <word confidence="0.750" wordID="SIL" beginTime="1.170" endTime="1.660"/>
      <word confidence="0.841" wordID="een" beginTime="1.660" endTime="1.790"/>
      <word confidence="1.000" wordID="expositie" beginTime="1.790" endTime="2.360"/>
      <word confidence="0.872" wordID="in" beginTime="2.360" endTime="2.490"/>
      <word confidence="0.941" wordID="het" beginTime="2.490" endTime="2.590"/>
      <word confidence="0.995" wordID="rijksmuseum" beginTime="2.590" endTime="3.260"/>
      <word confidence="0.954" wordID="voor" beginTime="3.260" endTime="3.410"/>
      <word confidence="0.980" wordID="volkenkunde" beginTime="3.410" endTime="3.980"/>
      <word confidence="0.897" wordID="in" beginTime="3.980" endTime="4.120"/>
      <word confidence="0.743" wordID="SIL" beginTime="4.120" endTime="4.130"/>
      <word confidence="1.000" wordID="leiden" beginTime="4.130" endTime="4.520"/>
      <word confidence="0.749" wordID="SIL" beginTime="4.520" endTime="4.690"/>
    </wordsequence>
  </speech>
  <speech label="SPK01-002" begintime="4.72" endtime="10.22" >
    <wordsequence>
      <word confidence="0.750" wordID="SIL" beginTime="4.720" endTime="4.890"/>
      <word confidence="0.947" wordID="was" beginTime="4.890" endTime="5.050"/>
      <word confidence="0.877" wordID="de" beginTime="5.050" endTime="5.160"/>
      <word confidence="0.931" wordID="verschillende" beginTime="5.160" endTime="5.590"/>
      <word confidence="1.000" wordID="kunstuitingen" beginTime="5.590" endTime="6.250"/>
      <word confidence="1.000" wordID="uit" beginTime="6.250" endTime="6.400"/>
      <word confidence="0.733" wordID="SIL" beginTime="6.400" endTime="6.410"/>
      <word confidence="1.000" wordID="tal" beginTime="6.410" endTime="6.620"/>
      <word confidence="1.000" wordID="van" beginTime="6.620" endTime="6.750"/>
      <word confidence="1.000" wordID="aziatische" beginTime="6.750" endTime="7.350"/>
      <word confidence="0.741" wordID="SIL" beginTime="7.350" endTime="7.360"/>
      <word confidence="1.000" wordID="landen" beginTime="7.360" endTime="7.700"/>
      <word confidence="0.749" wordID="SIL" beginTime="7.700" endTime="7.960"/>
      <word confidence="1.000" wordID="een" beginTime="7.960" endTime="8.070"/>
      <word confidence="1.000" wordID="beeld" beginTime="8.070" endTime="8.330"/>
      <word confidence="1.000" wordID="gegeven" beginTime="8.330" endTime="8.790"/>
      <word confidence="1.000" wordID="van" beginTime="8.790" endTime="8.910"/>
      <word confidence="1.000" wordID="het" beginTime="8.910" endTime="9.020"/>
      <word confidence="0.998" wordID="leven" beginTime="9.020" endTime="9.320"/>
      <word confidence="1.000" wordID="van" beginTime="9.320" endTime="9.460"/>
      <word confidence="1.000" wordID="boeddha" beginTime="9.460" endTime="9.870"/>
      <word confidence="0.749" wordID="SIL" beginTime="9.870" endTime="10.220"/>
    </wordsequence>
  </speech>
  <speech label="SPK01-003" begintime="10.24" endtime="13.78" >
    <wordsequence>
      <word confidence="0.750" wordID="SIL" beginTime="10.240" endTime="10.650"/>
      <word confidence="1.000" wordID="volgens" beginTime="10.650" endTime="11.010"/>
      <word confidence="0.924" wordID="de" beginTime="11.010" endTime="11.170"/>
      <word confidence="0.743" wordID="SIL" beginTime="11.170" endTime="11.180"/>
      <word confidence="0.940" wordID="legende" beginTime="11.180" endTime="11.610"/>
      <word confidence="1.000" wordID="dat" beginTime="11.610" endTime="11.790"/>
      <word confidence="0.988" wordID="prins" beginTime="11.790" endTime="12.060"/>
      <word confidence="0.996" wordID="kanten" beginTime="12.060" endTime="12.380"/>
      <word confidence="1.000" wordID="aan" beginTime="12.380" endTime="12.510"/>
      <word confidence="1.000" wordID="maar" beginTime="12.510" endTime="12.770"/>
      <word confidence="0.747" wordID="SIL" beginTime="12.770" endTime="12.880"/>
      <word confidence="1.000" wordID="die" beginTime="12.880" endTime="13.040"/>
      <word confidence="1.000" wordID="later" beginTime="13.040" endTime="13.380"/>
      <word confidence="1.000" wordID="als" beginTime="13.380" endTime="13.530"/>
      <word confidence="1.000" wordID="dicht" beginTime="13.530" endTime="13.780"/>
    </wordsequence>
  </speech>
  <speech label="SPK01-004" begintime="13.80" endtime="17.11" >
    <wordsequence>
      <word confidence="0.750" wordID="SIL" beginTime="13.800" endTime="13.820"/>
      <word confidence="0.943" wordID="van" beginTime="13.820" endTime="14.000"/>
      <word confidence="0.923" wordID="een" beginTime="14.000" endTime="14.140"/>
      <word confidence="1.000" wordID="zedenleer" beginTime="14.140" endTime="14.750"/>
      <word confidence="0.940" wordID="het" beginTime="14.750" endTime="14.860"/>
      <word confidence="1.000" wordID="boeddhisme" beginTime="14.860" endTime="15.530"/>
      <word confidence="1.000" wordID="SIL" beginTime="15.530" endTime="15.570"/>
      <word confidence="0.937" wordID="niet" beginTime="15.570" endTime="15.750"/>
      <word confidence="0.897" wordID="jonger" beginTime="15.750" endTime="15.960"/>
      <word confidence="1.000" wordID="dan" beginTime="15.960" endTime="16.140"/>
      <word confidence="0.977" wordID="anders" beginTime="16.140" endTime="16.400"/>
      <word confidence="1.000" wordID="zo" beginTime="16.400" endTime="16.540"/>
      <word confidence="1.000" wordID="krijgen" beginTime="16.540" endTime="16.930"/>
      <word confidence="0.749" wordID="SIL" beginTime="16.930" endTime="17.110"/>
    </wordsequence>
  </speech>
  <speech label="SPK01-005" begintime="17.14" endtime="22.93" >
    <wordsequence>
      <word confidence="0.750" wordID="SIL" beginTime="17.140" endTime="17.390"/>
      <word confidence="1.000" wordID="ongeveer" beginTime="17.390" endTime="17.760"/>
      <word confidence="0.930" wordID="vijf" beginTime="17.760" endTime="17.980"/>
      <word confidence="1.000" wordID="en" beginTime="17.980" endTime="18.050"/>
      <word confidence="1.000" wordID="twintig" beginTime="18.050" endTime="18.320"/>
      <word confidence="1.000" wordID="onder" beginTime="18.320" endTime="18.540"/>
      <word confidence="1.000" wordID="ter" beginTime="18.540" endTime="18.710"/>
      <word confidence="1.000" wordID="getekend" beginTime="18.710" endTime="19.100"/>
      <word confidence="1.000" wordID="geboren" beginTime="19.100" endTime="19.630"/>
      <word confidence="0.749" wordID="SIL" beginTime="19.630" endTime="19.930"/>
      <word confidence="1.000" wordID="uit" beginTime="19.930" endTime="20.080"/>
      <word confidence="0.951" wordID="de" beginTime="20.080" endTime="20.170"/>
      <word confidence="1.000" wordID="rechterzijde" beginTime="20.170" endTime="20.860"/>
      <word confidence="1.000" wordID="van" beginTime="20.860" endTime="21.020"/>
      <word confidence="1.000" wordID="zijn" beginTime="21.020" endTime="21.150"/>
      <word confidence="0.989" wordID="moeder" beginTime="21.150" endTime="21.460"/>
      <word confidence="0.749" wordID="SIL" beginTime="21.460" endTime="21.780"/>
      <word confidence="1.000" wordID="koningin" beginTime="21.780" endTime="22.130"/>
      <word confidence="1.000" wordID="maar" beginTime="22.130" endTime="22.390"/>
      <word confidence="1.000" wordID="ja" beginTime="22.390" endTime="22.640"/>
      <word confidence="0.749" wordID="SIL" beginTime="22.640" endTime="22.930"/>
    </wordsequence>
  </speech>
  <speech label="SPK01-006" begintime="22.96" endtime="23.75" >
    <wordsequence>
      <word confidence="0.750" wordID="SIL" beginTime="22.960" endTime="23.750"/>
    </wordsequence>
  </speech>
  <speech label="SPK08-007" begintime="23.77" endtime="26.43" >
    <wordsequence>
      <word confidence="0.750" wordID="SIL" beginTime="23.770" endTime="24.200"/>
      <word confidence="0.788" wordID="een" beginTime="24.200" endTime="24.800"/>
      <word confidence="0.750" wordID="SIL" beginTime="24.800" endTime="25.450"/>
      <word confidence="0.872" wordID="een" beginTime="25.450" endTime="25.540"/>
      <word confidence="0.866" wordID="ziet" beginTime="25.540" endTime="25.710"/>
      <word confidence="0.749" wordID="SIL" beginTime="25.710" endTime="25.760"/>
      <word confidence="0.844" wordID="zorgvuldig" beginTime="25.760" endTime="26.300"/>
      <word confidence="0.831" wordID="op" beginTime="26.300" endTime="26.390"/>
      <word confidence="0.748" wordID="SIL" beginTime="26.390" endTime="26.430"/>
    </wordsequence>
  </speech>
  <speech label="SPK01-008" begintime="26.45" endtime="30.77" >
    <wordsequence>
      <word confidence="1.000" wordID="voeding" beginTime="26.450" endTime="26.820"/>
      <word confidence="1.000" wordID="kon" beginTime="26.820" endTime="26.970"/>
      <word confidence="1.000" wordID="niet" beginTime="26.970" endTime="27.120"/>
      <word confidence="0.998" wordID="verhinderen" beginTime="27.120" endTime="27.600"/>
      <word confidence="0.973" wordID="SIL" beginTime="27.600" endTime="27.850"/>
      <word confidence="1.000" wordID="dat" beginTime="27.850" endTime="27.980"/>
      <word confidence="0.956" wordID="de" beginTime="27.980" endTime="28.050"/>
      <word confidence="1.000" wordID="jonge" beginTime="28.050" endTime="28.260"/>
      <word confidence="1.000" wordID="prins" beginTime="28.260" endTime="28.560"/>
      <word confidence="1.000" wordID="op" beginTime="28.560" endTime="28.690"/>
      <word confidence="1.000" wordID="een" beginTime="28.690" endTime="28.770"/>
      <word confidence="0.980" wordID="gegeven" beginTime="28.770" endTime="29.190"/>
      <word confidence="1.000" wordID="ogenblik" beginTime="29.190" endTime="29.600"/>
      <word confidence="0.975" wordID="een" beginTime="29.600" endTime="29.760"/>
      <word confidence="0.743" wordID="SIL" beginTime="29.760" endTime="29.770"/>
      <word confidence="1.000" wordID="oude" beginTime="29.770" endTime="29.990"/>
      <word confidence="1.000" wordID="man" beginTime="29.990" endTime="30.200"/>
      <word confidence="1.000" wordID="ontmoette" beginTime="30.200" endTime="30.690"/>
      <word confidence="0.747" wordID="SIL" beginTime="30.690" endTime="30.770"/>
    </wordsequence>
  </speech>
  <speech label="SPK01-009" begintime="30.80" endtime="34.31" >
    <wordsequence>
      <word confidence="0.750" wordID="SIL" beginTime="30.800" endTime="31.150"/>
      <word confidence="1.000" wordID="en" beginTime="31.150" endTime="31.260"/>
      <word confidence="0.956" wordID="daarmee" beginTime="31.260" endTime="31.580"/>
      <word confidence="1.000" wordID="voor" beginTime="31.580" endTime="31.750"/>
      <word confidence="1.000" wordID="het" beginTime="31.750" endTime="31.830"/>
      <word confidence="0.991" wordID="eerst" beginTime="31.830" endTime="32.080"/>
      <word confidence="1.000" wordID="kennis" beginTime="32.080" endTime="32.340"/>
      <word confidence="1.000" wordID="maakte" beginTime="32.340" endTime="32.720"/>
      <word confidence="0.748" wordID="SIL" beginTime="32.720" endTime="32.790"/>
      <word confidence="1.000" wordID="met" beginTime="32.790" endTime="32.920"/>
      <word confidence="1.000" wordID="het" beginTime="32.920" endTime="33.000"/>
      <word confidence="1.000" wordID="begrip" beginTime="33.000" endTime="33.330"/>
      <word confidence="0.746" wordID="SIL" beginTime="33.330" endTime="33.380"/>
      <word confidence="1.000" wordID="ouderdom" beginTime="33.380" endTime="33.950"/>
      <word confidence="0.749" wordID="SIL" beginTime="33.950" endTime="34.310"/>
    </wordsequence>
  </speech>
  <speech label="SPK01-010" begintime="34.53" endtime="38.71" >
    <wordsequence>
      <word confidence="0.750" wordID="SIL" beginTime="34.530" endTime="35.010"/>
      <word confidence="1.000" wordID="afgietsels" beginTime="35.010" endTime="35.720"/>
      <word confidence="0.739" wordID="SIL" beginTime="35.720" endTime="35.730"/>
      <word confidence="1.000" wordID="van" beginTime="35.730" endTime="35.840"/>
      <word confidence="1.000" wordID="de" beginTime="35.840" endTime="35.900"/>
      <word confidence="1.000" wordID="beaubourg" beginTime="35.900" endTime="36.370"/>
      <word confidence="0.959" wordID="doet" beginTime="36.370" endTime="36.790"/>
      <word confidence="0.749" wordID="SIL" beginTime="36.790" endTime="37.010"/>
      <word confidence="1.000" wordID="het" beginTime="37.010" endTime="37.130"/>
      <word confidence="1.000" wordID="boeddhistisch" beginTime="37.130" endTime="37.620"/>
      <word confidence="1.000" wordID="heiligdom" beginTime="37.620" endTime="38.070"/>
      <word confidence="1.000" wordID="op" beginTime="38.070" endTime="38.180"/>
      <word confidence="1.000" wordID="java" beginTime="38.180" endTime="38.620"/>
      <word confidence="0.744" wordID="SIL" beginTime="38.620" endTime="38.710"/>
    </wordsequence>
  </speech>
  <speech label="SPK01-011" begintime="38.73" endtime="42.02" >
    <wordsequence>
      <word confidence="0.750" wordID="SIL" beginTime="38.730" endTime="39.080"/>
      <word confidence="1.000" wordID="tonen" beginTime="39.080" endTime="39.350"/>
      <word confidence="1.000" wordID="onttrok" beginTime="39.350" endTime="39.690"/>
      <word confidence="1.000" wordID="zijn" beginTime="39.690" endTime="39.840"/>
      <word confidence="1.000" wordID="aanraking" beginTime="39.840" endTime="40.310"/>
      <word confidence="1.000" wordID="met" beginTime="40.310" endTime="40.430"/>
      <word confidence="1.000" wordID="de" beginTime="40.430" endTime="40.500"/>
      <word confidence="0.958" wordID="ziekte" beginTime="40.500" endTime="40.930"/>
      <word confidence="0.744" wordID="SIL" beginTime="40.930" endTime="40.940"/>
      <word confidence="1.000" wordID="en" beginTime="40.940" endTime="41.050"/>
      <word confidence="1.000" wordID="met" beginTime="41.050" endTime="41.200"/>
      <word confidence="0.955" wordID="het" beginTime="41.200" endTime="41.340"/>
      <word confidence="1.000" wordID="op" beginTime="41.340" endTime="41.510"/>
      <word confidence="0.747" wordID="SIL" beginTime="41.510" endTime="41.560"/>
      <word confidence="0.780" wordID="een" beginTime="41.560" endTime="42.020"/>
    </wordsequence>
  </speech>
  <speech label="SPK01-012" begintime="42.04" endtime="45.85" >
    <wordsequence>
      <word confidence="0.750" wordID="SIL" beginTime="42.040" endTime="42.630"/>
      <word confidence="0.975" wordID="deze" beginTime="42.630" endTime="42.880"/>
      <word confidence="1.000" wordID="gebeurtenissen" beginTime="42.880" endTime="43.840"/>
      <word confidence="0.729" wordID="SIL" beginTime="43.840" endTime="43.850"/>
      <word confidence="0.941" wordID="brengen" beginTime="43.850" endTime="44.170"/>
      <word confidence="1.000" wordID="dat" beginTime="44.170" endTime="44.330"/>
      <word confidence="0.986" wordID="ommekeer" beginTime="44.330" endTime="44.740"/>
      <word confidence="0.946" wordID="in" beginTime="44.740" endTime="44.810"/>
      <word confidence="1.000" wordID="hem" beginTime="44.810" endTime="44.960"/>
      <word confidence="1.000" wordID="te" beginTime="44.960" endTime="45.070"/>
      <word confidence="1.000" wordID="weeg" beginTime="45.070" endTime="45.390"/>
      <word confidence="0.749" wordID="SIL" beginTime="45.390" endTime="45.850"/>
    </wordsequence>
  </speech>
  <speech label="SPK01-013" begintime="46.22" endtime="50.63" >
    <wordsequence>
      <word confidence="0.750" wordID="SIL" beginTime="46.220" endTime="46.660"/>
      <word confidence="0.833" wordID="hij" beginTime="46.660" endTime="46.810"/>
      <word confidence="1.000" wordID="besluit" beginTime="46.810" endTime="47.220"/>
      <word confidence="0.942" wordID="het" beginTime="47.220" endTime="47.350"/>
      <word confidence="1.000" wordID="leven" beginTime="47.350" endTime="47.720"/>
      <word confidence="1.000" wordID="aan" beginTime="47.720" endTime="47.800"/>
      <word confidence="1.000" wordID="het" beginTime="47.800" endTime="47.890"/>
      <word confidence="0.997" wordID="hof" beginTime="47.890" endTime="48.070"/>
      <word confidence="0.733" wordID="SIL" beginTime="48.070" endTime="48.080"/>
      <word confidence="1.000" wordID="vaarwel" beginTime="48.080" endTime="48.390"/>
      <word confidence="1.000" wordID="te" beginTime="48.390" endTime="48.510"/>
      <word confidence="1.000" wordID="zeggen" beginTime="48.510" endTime="48.810"/>
      <word confidence="0.749" wordID="SIL" beginTime="48.810" endTime="49.130"/>
      <word confidence="0.990" wordID="en" beginTime="49.130" endTime="49.270"/>
      <word confidence="0.984" wordID="dat" beginTime="49.270" endTime="49.460"/>
      <word confidence="1.000" wordID="laat" beginTime="49.460" endTime="49.680"/>
      <word confidence="1.000" wordID="het" beginTime="49.680" endTime="49.800"/>
      <word confidence="1.000" wordID="paleis" beginTime="49.800" endTime="50.290"/>
      <word confidence="0.749" wordID="SIL" beginTime="50.290" endTime="50.630"/>
    </wordsequence>
  </speech>
  <speech label="SPK01-014" begintime="50.65" endtime="53.25" >
    <wordsequence>
      <word confidence="0.750" wordID="SIL" beginTime="50.650" endTime="51.020"/>
      <word confidence="1.000" wordID="dit" beginTime="51.020" endTime="51.180"/>
      <word confidence="1.000" wordID="moment" beginTime="51.180" endTime="51.640"/>
      <word confidence="0.735" wordID="SIL" beginTime="51.640" endTime="51.650"/>
      <word confidence="0.971" wordID="wordt" beginTime="51.650" endTime="51.850"/>
      <word confidence="0.969" wordID="de" beginTime="51.850" endTime="51.920"/>
      <word confidence="0.961" wordID="grote" beginTime="51.920" endTime="52.260"/>
      <word confidence="1.000" wordID="uittocht" beginTime="52.260" endTime="52.670"/>
      <word confidence="1.000" wordID="genoemd" beginTime="52.670" endTime="53.080"/>
      <word confidence="0.748" wordID="SIL" beginTime="53.080" endTime="53.250"/>
    </wordsequence>
  </speech>
  <speech label="SPK16-015" begintime="53.27" endtime="56.55" >
    <wordsequence>
      <word confidence="0.750" wordID="SIL" beginTime="53.270" endTime="53.570"/>
      <word confidence="0.763" wordID="ja" beginTime="53.570" endTime="55.090"/>
      <word confidence="0.745" wordID="SIL" beginTime="55.090" endTime="55.120"/>
      <word confidence="0.769" wordID="en" beginTime="55.120" endTime="55.750"/>
      <word confidence="0.748" wordID="SIL" beginTime="55.750" endTime="55.790"/>
      <word confidence="0.765" wordID="nee" beginTime="55.790" endTime="56.250"/>
      <word confidence="0.748" wordID="SIL" beginTime="56.250" endTime="56.300"/>
      <word confidence="0.821" wordID="hij" beginTime="56.300" endTime="56.500"/>
      <word confidence="0.749" wordID="SIL" beginTime="56.500" endTime="56.550"/>
    </wordsequence>
  </speech>
  <speech label="SPK01-016" begintime="56.57" endtime="62.17" >
    <wordsequence>
      <word confidence="0.858" wordID="een" beginTime="56.570" endTime="56.710"/>
      <word confidence="1.000" wordID="tijd" beginTime="56.710" endTime="56.960"/>
      <word confidence="1.000" wordID="van" beginTime="56.960" endTime="57.120"/>
      <word confidence="1.000" wordID="strenge" beginTime="57.120" endTime="57.430"/>
      <word confidence="1.000" wordID="afzondering" beginTime="57.430" endTime="58.070"/>
      <word confidence="1.000" wordID="met" beginTime="58.070" endTime="58.240"/>
      <word confidence="1.000" wordID="vasten" beginTime="58.240" endTime="58.590"/>
      <word confidence="1.000" wordID="en" beginTime="58.590" endTime="58.700"/>
      <word confidence="1.000" wordID="zelf" beginTime="58.700" endTime="58.940"/>
      <word confidence="0.978" wordID="tuchtiging" beginTime="58.940" endTime="59.380"/>
      <word confidence="1.000" wordID="doet" beginTime="59.380" endTime="59.530"/>
      <word confidence="0.987" wordID="het" beginTime="59.530" endTime="59.600"/>
      <word confidence="1.000" wordID="printen" beginTime="59.600" endTime="59.860"/>
      <word confidence="1.000" wordID="inzien" beginTime="59.860" endTime="60.220"/>
      <word confidence="0.749" wordID="SIL" beginTime="60.220" endTime="60.440"/>
      <word confidence="1.000" wordID="dat" beginTime="60.440" endTime="60.590"/>
      <word confidence="1.000" wordID="dit" beginTime="60.590" endTime="60.740"/>
      <word confidence="1.000" wordID="niet" beginTime="60.740" endTime="60.890"/>
      <word confidence="0.993" wordID="te" beginTime="60.890" endTime="60.960"/>
      <word confidence="1.000" wordID="juiste" beginTime="60.960" endTime="61.300"/>
      <word confidence="1.000" wordID="weg" beginTime="61.300" endTime="61.500"/>
      <word confidence="1.000" wordID="is" beginTime="61.500" endTime="61.750"/>
      <word confidence="0.749" wordID="SIL" beginTime="61.750" endTime="62.170"/>
    </wordsequence>
  </speech>
  <speech label="SPK01-017" begintime="62.20" endtime="66.13" >
    <wordsequence>
      <word confidence="0.750" wordID="SIL" beginTime="62.200" endTime="63.120"/>
      <word confidence="1.000" wordID="nou" beginTime="63.120" endTime="63.280"/>
      <word confidence="0.822" wordID="daar" beginTime="63.280" endTime="63.440"/>
      <word confidence="0.743" wordID="SIL" beginTime="63.440" endTime="63.450"/>
      <word confidence="0.894" wordID="zit" beginTime="63.450" endTime="63.600"/>
      <word confidence="0.965" wordID="een" beginTime="63.600" endTime="63.740"/>
      <word confidence="1.000" wordID="van" beginTime="63.740" endTime="63.890"/>
      <word confidence="0.962" wordID="die" beginTime="63.890" endTime="64.010"/>
      <word confidence="1.000" wordID="niet" beginTime="64.010" endTime="64.170"/>
      <word confidence="1.000" wordID="dat" beginTime="64.170" endTime="64.400"/>
      <word confidence="1.000" wordID="zie" beginTime="64.400" endTime="64.540"/>
      <word confidence="1.000" wordID="je" beginTime="64.540" endTime="64.640"/>
      <word confidence="1.000" wordID="onder" beginTime="64.640" endTime="64.820"/>
      <word confidence="1.000" wordID="de" beginTime="64.820" endTime="64.900"/>
      <word confidence="1.000" wordID="hele" beginTime="64.900" endTime="65.180"/>
      <word confidence="1.000" wordID="te" beginTime="65.180" endTime="65.260"/>
      <word confidence="1.000" wordID="vijgenboom" beginTime="65.260" endTime="65.920"/>
      <word confidence="0.749" wordID="SIL" beginTime="65.920" endTime="66.130"/>
    </wordsequence>
  </speech>
  <speech label="SPK01-018" begintime="66.16" endtime="71.48" >
    <wordsequence>
      <word confidence="0.750" wordID="SIL" beginTime="66.160" endTime="66.410"/>
      <word confidence="1.000" wordID="en" beginTime="66.410" endTime="66.540"/>
      <word confidence="0.915" wordID="die" beginTime="66.540" endTime="66.640"/>
      <word confidence="1.000" wordID="die" beginTime="66.640" endTime="66.740"/>
      <word confidence="1.000" wordID="dat" beginTime="66.740" endTime="66.960"/>
      <word confidence="1.000" wordID="die" beginTime="66.960" endTime="67.110"/>
      <word confidence="1.000" wordID="die" beginTime="67.110" endTime="67.220"/>
      <word confidence="1.000" wordID="ondanks" beginTime="67.220" endTime="67.610"/>
      <word confidence="1.000" wordID="alle" beginTime="67.610" endTime="67.800"/>
      <word confidence="0.944" wordID="pogingen" beginTime="67.800" endTime="68.260"/>
      <word confidence="0.741" wordID="SIL" beginTime="68.260" endTime="68.270"/>
      <word confidence="1.000" wordID="van" beginTime="68.270" endTime="68.440"/>
      <word confidence="1.000" wordID="maar" beginTime="68.440" endTime="68.750"/>
      <word confidence="1.000" wordID="uit" beginTime="68.750" endTime="69.000"/>
      <word confidence="0.735" wordID="SIL" beginTime="69.000" endTime="69.010"/>
      <word confidence="1.000" wordID="de" beginTime="69.010" endTime="69.110"/>
      <word confidence="1.000" wordID="god" beginTime="69.110" endTime="69.360"/>
      <word confidence="0.740" wordID="SIL" beginTime="69.360" endTime="69.370"/>
      <word confidence="1.000" wordID="van" beginTime="69.370" endTime="69.480"/>
      <word confidence="1.000" wordID="het" beginTime="69.480" endTime="69.570"/>
      <word confidence="0.741" wordID="SIL" beginTime="69.570" endTime="69.580"/>
      <word confidence="1.000" wordID="boze" beginTime="69.580" endTime="70.050"/>
      <word confidence="0.746" wordID="SIL" beginTime="70.050" endTime="70.130"/>
      <word confidence="1.000" wordID="niet" beginTime="70.130" endTime="70.330"/>
      <word confidence="1.000" wordID="kan" beginTime="70.330" endTime="70.510"/>
      <word confidence="1.000" wordID="worden" beginTime="70.510" endTime="70.720"/>
      <word confidence="0.975" wordID="verstoord" beginTime="70.720" endTime="71.250"/>
      <word confidence="0.749" wordID="SIL" beginTime="71.250" endTime="71.480"/>
    </wordsequence>
  </speech>
  <speech label="SPK01-019" begintime="71.51" endtime="75.34" >
    <wordsequence>
      <word confidence="0.750" wordID="SIL" beginTime="71.510" endTime="71.830"/>
      <word confidence="0.992" wordID="wat" beginTime="71.830" endTime="71.990"/>
      <word confidence="0.739" wordID="SIL" beginTime="71.990" endTime="72.000"/>
      <word confidence="0.930" wordID="de" beginTime="72.000" endTime="72.090"/>
      <word confidence="0.950" wordID="prins" beginTime="72.090" endTime="72.380"/>
      <word confidence="0.981" wordID="het" beginTime="72.380" endTime="72.490"/>
      <word confidence="1.000" wordID="hoogste" beginTime="72.490" endTime="72.870"/>
      <word confidence="1.000" wordID="inzicht" beginTime="72.870" endTime="73.290"/>
      <word confidence="1.000" wordID="geschonken" beginTime="73.290" endTime="73.790"/>
      <word confidence="0.749" wordID="SIL" beginTime="73.790" endTime="74.150"/>
      <word confidence="0.948" wordID="en" beginTime="74.150" endTime="74.300"/>
      <word confidence="0.982" wordID="wordt" beginTime="74.300" endTime="74.520"/>
      <word confidence="1.000" wordID="hij" beginTime="74.520" endTime="74.620"/>
      <word confidence="1.000" wordID="boeddha" beginTime="74.620" endTime="75.120"/>
      <word confidence="0.749" wordID="SIL" beginTime="75.120" endTime="75.340"/>
    </wordsequence>
  </speech>
  <speech label="SPK01-020" begintime="75.36" endtime="77.33" >
    <wordsequence>
      <word confidence="0.750" wordID="SIL" beginTime="75.360" endTime="75.610"/>
      <word confidence="1.000" wordID="het" beginTime="75.610" endTime="75.750"/>
      <word confidence="1.000" wordID="ging" beginTime="75.750" endTime="75.990"/>
      <word confidence="0.924" wordID="de" beginTime="75.990" endTime="76.080"/>
      <word confidence="0.743" wordID="SIL" beginTime="76.080" endTime="76.110"/>
      <word confidence="1.000" wordID="de" beginTime="76.110" endTime="76.270"/>
      <word confidence="1.000" wordID="ontwaakte" beginTime="76.270" endTime="76.860"/>
      <word confidence="1.000" wordID="betekent" beginTime="76.860" endTime="77.330"/>
    </wordsequence>
  </speech>
  <speech label="SPK08-021" begintime="77.35" endtime="79.18" >
    <wordsequence>
      <word confidence="0.750" wordID="SIL" beginTime="77.350" endTime="78.510"/>
      <word confidence="0.849" wordID="de" beginTime="78.510" endTime="78.600"/>
      <word confidence="0.744" wordID="SIL" beginTime="78.600" endTime="78.610"/>
      <word confidence="0.828" wordID="stadion" beginTime="78.610" endTime="79.180"/>
    </wordsequence>
  </speech>
  <speech label="SPK01-022" begintime="79.20" endtime="81.08" >
    <wordsequence>
      <word confidence="0.631" wordID="SIL" beginTime="79.200" endTime="79.230"/>
      <word confidence="0.832" wordID="een" beginTime="79.230" endTime="79.340"/>
      <word confidence="1.000" wordID="boudard" beginTime="79.340" endTime="79.910"/>
      <word confidence="0.741" wordID="SIL" beginTime="79.910" endTime="79.920"/>
      <word confidence="1.000" wordID="zijn" beginTime="79.920" endTime="80.110"/>
      <word confidence="1.000" wordID="leer" beginTime="80.110" endTime="80.350"/>
      <word confidence="0.738" wordID="SIL" beginTime="80.350" endTime="80.360"/>
      <word confidence="1.000" wordID="te" beginTime="80.360" endTime="80.490"/>
      <word confidence="1.000" wordID="verbreiden" beginTime="80.490" endTime="81.050"/>
      <word confidence="0.806" wordID="SIL" beginTime="81.050" endTime="81.080"/>
    </wordsequence>
  </speech>
  <speech label="SPK01-023" begintime="81.10" endtime="84.91" >
    <wordsequence>
      <word confidence="0.750" wordID="SIL" beginTime="81.100" endTime="81.460"/>
      <word confidence="0.858" wordID="nee" beginTime="81.460" endTime="81.700"/>
      <word confidence="1.000" wordID="de" beginTime="81.700" endTime="81.810"/>
      <word confidence="1.000" wordID="mensen" beginTime="81.810" endTime="82.100"/>
      <word confidence="1.000" wordID="de" beginTime="82.100" endTime="82.190"/>
      <word confidence="1.000" wordID="weg" beginTime="82.190" endTime="82.410"/>
      <word confidence="1.000" wordID="wijst" beginTime="82.410" endTime="82.800"/>
      <word confidence="0.748" wordID="SIL" beginTime="82.800" endTime="82.910"/>
      <word confidence="1.000" wordID="niet" beginTime="82.910" endTime="83.060"/>
      <word confidence="1.000" wordID="op" beginTime="83.060" endTime="83.180"/>
      <word confidence="0.744" wordID="SIL" beginTime="83.180" endTime="83.200"/>
      <word confidence="1.000" wordID="opheffing" beginTime="83.200" endTime="83.640"/>
      <word confidence="1.000" wordID="van" beginTime="83.640" endTime="83.760"/>
      <word confidence="1.000" wordID="het" beginTime="83.760" endTime="83.880"/>
      <word confidence="0.739" wordID="SIL" beginTime="83.880" endTime="83.890"/>
      <word confidence="0.998" wordID="weet" beginTime="83.890" endTime="84.160"/>
      <word confidence="0.727" wordID="SIL" beginTime="84.160" endTime="84.170"/>
      <word confidence="0.833" wordID="wordt" beginTime="84.170" endTime="84.560"/>
      <word confidence="0.749" wordID="SIL" beginTime="84.560" endTime="84.910"/>
    </wordsequence>
  </speech>
  <speech label="SPK01-024" begintime="84.94" endtime="90.84" >
    <wordsequence>
      <word confidence="0.750" wordID="SIL" beginTime="84.940" endTime="85.360"/>
      <word confidence="1.000" wordID="prediken" beginTime="85.360" endTime="85.880"/>
      <word confidence="1.000" wordID="te" beginTime="85.880" endTime="85.980"/>
      <word confidence="0.966" wordID="trekken" beginTime="85.980" endTime="86.370"/>
      <word confidence="1.000" wordID="door" beginTime="86.370" endTime="86.490"/>
      <word confidence="0.903" wordID="het" beginTime="86.490" endTime="86.570"/>
      <word confidence="1.000" wordID="land" beginTime="86.570" endTime="86.870"/>
      <word confidence="0.749" wordID="SIL" beginTime="86.870" endTime="87.330"/>
      <word confidence="1.000" wordID="tot" beginTime="87.330" endTime="87.520"/>
      <word confidence="0.925" wordID="hij" beginTime="87.520" endTime="87.610"/>
      <word confidence="1.000" wordID="op" beginTime="87.610" endTime="87.730"/>
      <word confidence="1.000" wordID="ongeveer" beginTime="87.730" endTime="88.100"/>
      <word confidence="1.000" wordID="tachtig" beginTime="88.100" endTime="88.480"/>
      <word confidence="1.000" wordID="jij" beginTime="88.480" endTime="88.670"/>
      <word confidence="1.000" wordID="gedichten" beginTime="88.670" endTime="89.120"/>
      <word confidence="0.984" wordID="heeft" beginTime="89.120" endTime="89.310"/>
      <word confidence="0.739" wordID="SIL" beginTime="89.310" endTime="89.320"/>
      <word confidence="0.938" wordID="het" beginTime="89.320" endTime="89.500"/>
      <word confidence="0.744" wordID="SIL" beginTime="89.500" endTime="89.520"/>
      <word confidence="0.934" wordID="echte" beginTime="89.520" endTime="89.870"/>
      <word confidence="0.742" wordID="SIL" beginTime="89.870" endTime="89.880"/>
      <word confidence="1.000" wordID="leven" beginTime="89.880" endTime="90.200"/>
      <word confidence="1.000" wordID="verlaat" beginTime="90.200" endTime="90.720"/>
      <word confidence="0.748" wordID="SIL" beginTime="90.720" endTime="90.840"/>
    </wordsequence>
  </speech>
  <speech label="SPK01-025" begintime="90.87" endtime="94.53" >
    <wordsequence>
      <word confidence="0.750" wordID="SIL" beginTime="90.870" endTime="91.030"/>
      <word confidence="1.000" wordID="en" beginTime="91.030" endTime="91.160"/>
      <word confidence="1.000" wordID="in" beginTime="91.160" endTime="91.290"/>
      <word confidence="0.807" wordID="de" beginTime="91.290" endTime="91.350"/>
      <word confidence="1.000" wordID="gaten" beginTime="91.350" endTime="91.610"/>
      <word confidence="0.971" wordID="in" beginTime="91.610" endTime="91.680"/>
      <word confidence="1.000" wordID="het" beginTime="91.680" endTime="91.760"/>
      <word confidence="0.952" wordID="hoger" beginTime="91.760" endTime="92.280"/>
      <word confidence="0.749" wordID="SIL" beginTime="92.280" endTime="92.650"/>
      <word confidence="1.000" wordID="het" beginTime="92.650" endTime="92.760"/>
      <word confidence="0.994" wordID="zogenaamde" beginTime="92.760" endTime="93.200"/>
      <word confidence="0.745" wordID="SIL" beginTime="93.200" endTime="93.250"/>
      <word confidence="1.000" wordID="waarin" beginTime="93.250" endTime="93.580"/>
      <word confidence="0.877" wordID="de" beginTime="93.580" endTime="93.710"/>
      <word confidence="1.000" wordID="warme" beginTime="93.710" endTime="94.130"/>
      <word confidence="0.750" wordID="SIL" beginTime="94.130" endTime="94.530"/>
    </wordsequence>
  </speech>
  <speech label="SPK01-026" begintime="96.96" endtime="101.40" >
    <wordsequence>
      <word confidence="0.750" wordID="SIL" beginTime="96.960" endTime="97.440"/>
      <word confidence="1.000" wordID="zo" beginTime="97.440" endTime="97.630"/>
      <word confidence="0.982" wordID="wordt" beginTime="97.630" endTime="97.860"/>
      <word confidence="1.000" wordID="op" beginTime="97.860" endTime="97.950"/>
      <word confidence="0.973" wordID="deze" beginTime="97.950" endTime="98.180"/>
      <word confidence="0.743" wordID="SIL" beginTime="98.180" endTime="98.190"/>
      <word confidence="1.000" wordID="tentoonstelling" beginTime="98.190" endTime="98.810"/>
      <word confidence="1.000" wordID="een" beginTime="98.810" endTime="98.870"/>
      <word confidence="1.000" wordID="interessant" beginTime="98.870" endTime="99.300"/>
      <word confidence="1.000" wordID="overzicht" beginTime="99.300" endTime="99.760"/>
      <word confidence="0.992" wordID="gegeven" beginTime="99.760" endTime="100.150"/>
      <word confidence="1.000" wordID="van" beginTime="100.150" endTime="100.270"/>
      <word confidence="1.000" wordID="het" beginTime="100.270" endTime="100.390"/>
      <word confidence="0.741" wordID="SIL" beginTime="100.390" endTime="100.400"/>
      <word confidence="1.000" wordID="leven" beginTime="100.400" endTime="100.680"/>
      <word confidence="1.000" wordID="van" beginTime="100.680" endTime="100.820"/>
      <word confidence="0.957" wordID="boeddha" beginTime="100.820" endTime="101.200"/>
      <word confidence="0.749" wordID="SIL" beginTime="101.200" endTime="101.400"/>
    </wordsequence>
  </speech>
  <speech label="SPK01-027" begintime="101.42" endtime="106.05" >
    <wordsequence>
      <word confidence="0.750" wordID="SIL" beginTime="101.420" endTime="101.650"/>
      <word confidence="1.000" wordID="diens" beginTime="101.650" endTime="101.830"/>
      <word confidence="1.000" wordID="tegenstellingen" beginTime="101.830" endTime="102.530"/>
      <word confidence="0.742" wordID="SIL" beginTime="102.530" endTime="102.540"/>
      <word confidence="1.000" wordID="in" beginTime="102.540" endTime="102.640"/>
      <word confidence="1.000" wordID="de" beginTime="102.640" endTime="102.720"/>
      <word confidence="0.743" wordID="SIL" beginTime="102.720" endTime="102.730"/>
      <word confidence="0.959" wordID="loop" beginTime="102.730" endTime="102.940"/>
      <word confidence="1.000" wordID="der" beginTime="102.940" endTime="103.070"/>
      <word confidence="0.741" wordID="SIL" beginTime="103.070" endTime="103.080"/>
      <word confidence="1.000" wordID="eeuwen" beginTime="103.080" endTime="103.490"/>
      <word confidence="0.749" wordID="SIL" beginTime="103.490" endTime="103.670"/>
      <word confidence="1.000" wordID="over" beginTime="103.670" endTime="103.910"/>
      <word confidence="1.000" wordID="grote" beginTime="103.910" endTime="104.260"/>
      <word confidence="0.966" wordID="delen" beginTime="104.260" endTime="104.580"/>
      <word confidence="1.000" wordID="van" beginTime="104.580" endTime="104.730"/>
      <word confidence="1.000" wordID="azië" beginTime="104.730" endTime="105.130"/>
      <word confidence="1.000" wordID="verspreid" beginTime="105.130" endTime="105.560"/>
      <word confidence="0.956" wordID="werden" beginTime="105.560" endTime="105.850"/>
      <word confidence="0.749" wordID="SIL" beginTime="105.850" endTime="106.050"/>
    </wordsequence>
  </speech>
  <speech label="SPK16-028" begintime="106.08" endtime="110.22" >
    <wordsequence>
      <word confidence="0.750" wordID="SIL" beginTime="106.080" endTime="106.320"/>
      <word confidence="0.778" wordID="ja" beginTime="106.320" endTime="107.330"/>
      <word confidence="0.739" wordID="SIL" beginTime="107.330" endTime="107.340"/>
      <word confidence="0.782" wordID="dan" beginTime="107.340" endTime="107.550"/>
      <word confidence="0.722" wordID="SIL" beginTime="107.550" endTime="107.690"/>
      <word confidence="0.739" wordID="krijg" beginTime="107.690" endTime="107.910"/>
      <word confidence="0.745" wordID="SIL" beginTime="107.910" endTime="108.450"/>
      <word confidence="0.741" wordID="je" beginTime="108.450" endTime="108.580"/>
      <word confidence="0.726" wordID="SIL" beginTime="108.580" endTime="108.740"/>
      <word confidence="0.744" wordID="een" beginTime="108.740" endTime="108.980"/>
      <word confidence="0.798" wordID="aantal" beginTime="108.980" endTime="109.210"/>
      <word confidence="0.763" wordID="andere" beginTime="109.210" endTime="109.500"/>
      <word confidence="0.786" wordID="landen" beginTime="109.500" endTime="109.850"/>
      <word confidence="0.612" wordID="SIL" beginTime="109.850" endTime="109.860"/>
      <word confidence="0.830" wordID="nog" beginTime="109.860" endTime="110.220"/>
    </wordsequence>
  </speech>

  </segments>
</shout_metadata>
