<?xml version="1.0" encoding="UTF-8"?>
<!--
  ##################################################################################################
  ###                      This transcription is automatically generated by                      ###
  ###                              X-MI, Cross-Media interaction                                 ###
  ###                                    http://x-mi.nl                                          ###
  ##################################################################################################
-->
<shout_metadata>
  <model_info>
    <version>Standaard systeem 28-02-2012</version>
    <description>Academia</description>
  </model_info>
  <segments>
  <speech label="SPK02-001" begintime="0.85" endtime="6.24" >
    <wordsequence>
      <word confidence="0.750" wordID="SIL" beginTime="0.850" endTime="1.440"/>
      <word confidence="0.839" wordID="de" beginTime="1.440" endTime="1.590"/>
      <word confidence="0.819" wordID="buurt" beginTime="1.590" endTime="1.820"/>
      <word confidence="1.000" wordID="van" beginTime="1.820" endTime="1.980"/>
      <word confidence="1.000" wordID="callantsoog" beginTime="1.980" endTime="2.680"/>
      <word confidence="0.743" wordID="SIL" beginTime="2.680" endTime="2.690"/>
      <word confidence="0.890" wordID="ligt" beginTime="2.690" endTime="2.860"/>
      <word confidence="1.000" wordID="het" beginTime="2.860" endTime="3.040"/>
      <word confidence="0.746" wordID="SIL" beginTime="3.040" endTime="3.060"/>
      <word confidence="0.960" wordID="aan" beginTime="3.060" endTime="3.210"/>
      <word confidence="0.913" wordID="het" beginTime="3.210" endTime="3.300"/>
      <word confidence="0.739" wordID="SIL" beginTime="3.300" endTime="3.310"/>
      <word confidence="1.000" wordID="water" beginTime="3.310" endTime="3.660"/>
      <word confidence="0.749" wordID="SIL" beginTime="3.660" endTime="3.830"/>
      <word confidence="0.898" wordID="een" beginTime="3.830" endTime="3.910"/>
      <word confidence="0.744" wordID="SIL" beginTime="3.910" endTime="3.920"/>
      <word confidence="0.941" wordID="uitgestrekt" beginTime="3.920" endTime="4.570"/>
      <word confidence="0.999" wordID="natuurreservaat" beginTime="4.570" endTime="5.520"/>
      <word confidence="0.907" wordID="te" beginTime="5.520" endTime="5.610"/>
      <word confidence="0.905" wordID="betalen" beginTime="5.610" endTime="5.920"/>
      <word confidence="1.000" wordID="die" beginTime="5.920" endTime="6.040"/>
      <word confidence="1.000" wordID="hier" beginTime="6.040" endTime="6.240"/>
    </wordsequence>
  </speech>
  <speech label="SPK02-002" begintime="6.26" endtime="10.05" >
    <wordsequence>
      <word confidence="0.750" wordID="SIL" beginTime="6.260" endTime="7.060"/>
      <word confidence="0.880" wordID="de" beginTime="7.060" endTime="7.180"/>
      <word confidence="0.740" wordID="SIL" beginTime="7.180" endTime="7.190"/>
      <word confidence="1.000" wordID="vogels" beginTime="7.190" endTime="7.630"/>
      <word confidence="1.000" wordID="die" beginTime="7.630" endTime="7.760"/>
      <word confidence="0.744" wordID="SIL" beginTime="7.760" endTime="7.770"/>
      <word confidence="0.972" wordID="ditmaal" beginTime="7.770" endTime="8.110"/>
      <word confidence="1.000" wordID="voor" beginTime="8.110" endTime="8.230"/>
      <word confidence="1.000" wordID="drents" beginTime="8.230" endTime="8.500"/>
      <word confidence="1.000" wordID="poserend" beginTime="8.500" endTime="8.980"/>
      <word confidence="0.812" wordID="in" beginTime="8.980" endTime="9.070"/>
      <word confidence="0.749" wordID="SIL" beginTime="9.070" endTime="9.200"/>
      <word confidence="0.927" wordID="beginsel" beginTime="9.200" endTime="9.640"/>
      <word confidence="1.000" wordID="aan" beginTime="9.640" endTime="9.810"/>
      <word confidence="0.950" wordID="het" beginTime="9.810" endTime="9.940"/>
      <word confidence="0.748" wordID="SIL" beginTime="9.940" endTime="10.050"/>
    </wordsequence>
  </speech>
  <speech label="SPK02-003" begintime="10.08" endtime="11.80" >
    <wordsequence>
      <word confidence="0.750" wordID="SIL" beginTime="10.080" endTime="10.260"/>
      <word confidence="0.911" wordID="bij" beginTime="10.260" endTime="10.550"/>
      <word confidence="0.747" wordID="SIL" beginTime="10.550" endTime="10.600"/>
      <word confidence="1.000" wordID="de" beginTime="10.600" endTime="10.730"/>
      <word confidence="1.000" wordID="zeldzame" beginTime="10.730" endTime="11.200"/>
      <word confidence="1.000" wordID="sdap&apos;er" beginTime="11.200" endTime="11.490"/>
      <word confidence="1.000" wordID="naar" beginTime="11.490" endTime="11.680"/>
      <word confidence="0.864" wordID="het" beginTime="11.680" endTime="11.800"/>
    </wordsequence>
  </speech>
  <speech label="SPK05-004" begintime="11.82" endtime="14.27" >
    <wordsequence>
      <word confidence="0.750" wordID="SIL" beginTime="11.820" endTime="12.130"/>
      <word confidence="0.784" wordID="rond" beginTime="12.130" endTime="12.910"/>
      <word confidence="0.750" wordID="SIL" beginTime="12.910" endTime="13.250"/>
      <word confidence="0.798" wordID="het" beginTime="13.250" endTime="13.410"/>
      <word confidence="0.750" wordID="SIL" beginTime="13.410" endTime="14.270"/>
    </wordsequence>
  </speech>
  <speech label="SPK02-005" begintime="14.29" endtime="18.12" >
    <wordsequence>
      <word confidence="0.742" wordID="SIL" beginTime="14.290" endTime="14.370"/>
      <word confidence="0.817" wordID="ja" beginTime="14.370" endTime="14.600"/>
      <word confidence="0.739" wordID="SIL" beginTime="14.600" endTime="14.610"/>
      <word confidence="0.882" wordID="dat" beginTime="14.610" endTime="14.760"/>
      <word confidence="1.000" wordID="zie" beginTime="14.760" endTime="14.940"/>
      <word confidence="0.787" wordID="ik" beginTime="14.940" endTime="15.180"/>
      <word confidence="0.821" wordID="SIL" beginTime="15.180" endTime="15.220"/>
      <word confidence="1.000" wordID="karen" beginTime="15.220" endTime="15.570"/>
      <word confidence="1.000" wordID="danken" beginTime="15.570" endTime="15.900"/>
      <word confidence="0.745" wordID="SIL" beginTime="15.900" endTime="15.930"/>
      <word confidence="0.932" wordID="hun" beginTime="15.930" endTime="16.020"/>
      <word confidence="1.000" wordID="naam" beginTime="16.020" endTime="16.270"/>
      <word confidence="0.901" wordID="maar" beginTime="16.270" endTime="16.450"/>
      <word confidence="0.740" wordID="SIL" beginTime="16.450" endTime="16.460"/>
      <word confidence="0.937" wordID="inmiddels" beginTime="16.460" endTime="17.000"/>
      <word confidence="0.742" wordID="SIL" beginTime="17.000" endTime="17.010"/>
      <word confidence="0.951" wordID="is" beginTime="17.010" endTime="17.120"/>
      <word confidence="1.000" wordID="de" beginTime="17.120" endTime="17.190"/>
      <word confidence="1.000" wordID="van" beginTime="17.190" endTime="17.330"/>
      <word confidence="0.950" wordID="moeder" beginTime="17.330" endTime="17.510"/>
      <word confidence="0.916" wordID="natuur" beginTime="17.510" endTime="17.830"/>
      <word confidence="0.850" wordID="hebben" beginTime="17.830" endTime="18.120"/>
    </wordsequence>
  </speech>
  <speech label="SPK08-006" begintime="18.14" endtime="20.66" >
    <wordsequence>
      <word confidence="0.750" wordID="SIL" beginTime="18.140" endTime="18.170"/>
      <word confidence="0.792" wordID="negen" beginTime="18.170" endTime="18.460"/>
      <word confidence="0.847" wordID="SIL" beginTime="18.460" endTime="18.740"/>
      <word confidence="0.987" wordID="van" beginTime="18.740" endTime="18.850"/>
      <word confidence="1.000" wordID="de" beginTime="18.850" endTime="18.920"/>
      <word confidence="0.950" wordID="netjes" beginTime="18.920" endTime="19.250"/>
      <word confidence="1.000" wordID="garnalen" beginTime="19.250" endTime="19.770"/>
      <word confidence="1.000" wordID="en" beginTime="19.770" endTime="19.840"/>
      <word confidence="0.977" wordID="andere" beginTime="19.840" endTime="20.090"/>
      <word confidence="0.882" wordID="kleine" beginTime="20.090" endTime="20.360"/>
      <word confidence="0.919" wordID="dieren" beginTime="20.360" endTime="20.660"/>
    </wordsequence>
  </speech>
  <speech label="SPK09-007" begintime="20.68" endtime="23.16" >
    <wordsequence>
      <word confidence="0.812" wordID="ik" beginTime="20.680" endTime="21.170"/>
      <word confidence="0.750" wordID="SIL" beginTime="21.170" endTime="23.160"/>
    </wordsequence>
  </speech>
  <speech label="SPK10-008" begintime="23.18" endtime="25.58" >
    <wordsequence>
      <word confidence="0.704" wordID="SIL" beginTime="23.180" endTime="23.760"/>
      <word confidence="0.774" wordID="en" beginTime="23.760" endTime="24.360"/>
      <word confidence="0.786" wordID="SIL" beginTime="24.360" endTime="24.850"/>
      <word confidence="0.786" wordID="ik" beginTime="24.850" endTime="25.480"/>
      <word confidence="0.749" wordID="SIL" beginTime="25.480" endTime="25.580"/>
    </wordsequence>
  </speech>
  <speech label="SPK02-009" begintime="25.60" endtime="29.85" >
    <wordsequence>
      <word confidence="0.662" wordID="SIL" beginTime="25.600" endTime="25.640"/>
      <word confidence="0.919" wordID="avontuur" beginTime="25.640" endTime="26.120"/>
      <word confidence="1.000" wordID="uit" beginTime="26.120" endTime="26.310"/>
      <word confidence="1.000" wordID="is" beginTime="26.310" endTime="26.460"/>
      <word confidence="0.930" wordID="verstuurd" beginTime="26.460" endTime="26.910"/>
      <word confidence="0.974" wordID="riep" beginTime="26.910" endTime="27.130"/>
      <word confidence="0.918" wordID="het" beginTime="27.130" endTime="27.200"/>
      <word confidence="0.932" wordID="doet" beginTime="27.200" endTime="27.580"/>
      <word confidence="0.866" wordID="SIL" beginTime="27.580" endTime="28.010"/>
      <word confidence="0.904" wordID="er" beginTime="28.010" endTime="28.150"/>
      <word confidence="0.931" wordID="verschillende" beginTime="28.150" endTime="28.790"/>
      <word confidence="1.000" wordID="gaan" beginTime="28.790" endTime="28.940"/>
      <word confidence="1.000" wordID="de" beginTime="28.940" endTime="29.000"/>
      <word confidence="1.000" wordID="grote" beginTime="29.000" endTime="29.270"/>
      <word confidence="1.000" wordID="vogels" beginTime="29.270" endTime="29.590"/>
      <word confidence="1.000" wordID="op" beginTime="29.590" endTime="29.670"/>
      <word confidence="0.908" wordID="die" beginTime="29.670" endTime="29.850"/>
    </wordsequence>
  </speech>
  <speech label="SPK13-010" begintime="29.87" endtime="33.88" >
    <wordsequence>
      <word confidence="0.809" wordID="kunnen" beginTime="29.870" endTime="30.230"/>
      <word confidence="0.740" wordID="SIL" beginTime="30.230" endTime="30.250"/>
      <word confidence="0.802" wordID="ze" beginTime="30.250" endTime="30.430"/>
      <word confidence="0.742" wordID="SIL" beginTime="30.430" endTime="30.440"/>
      <word confidence="0.789" wordID="niet" beginTime="30.440" endTime="31.300"/>
      <word confidence="0.803" wordID="SIL" beginTime="31.300" endTime="31.430"/>
      <word confidence="0.818" wordID="verminderen" beginTime="31.430" endTime="32.790"/>
      <word confidence="0.848" wordID="en" beginTime="32.790" endTime="32.920"/>
      <word confidence="0.749" wordID="SIL" beginTime="32.920" endTime="33.110"/>
      <word confidence="0.872" wordID="krijg" beginTime="33.110" endTime="33.430"/>
      <word confidence="0.750" wordID="SIL" beginTime="33.430" endTime="33.610"/>
      <word confidence="0.761" wordID="ik" beginTime="33.610" endTime="33.880"/>
    </wordsequence>
  </speech>
  <speech label="SPK02-011" begintime="33.90" endtime="38.86" >
    <wordsequence>
      <word confidence="0.687" wordID="SIL" beginTime="33.900" endTime="33.930"/>
      <word confidence="0.968" wordID="luis" beginTime="33.930" endTime="34.150"/>
      <word confidence="1.000" wordID="komen" beginTime="34.150" endTime="34.370"/>
      <word confidence="0.931" wordID="elk" beginTime="34.370" endTime="34.570"/>
      <word confidence="1.000" wordID="jaar" beginTime="34.570" endTime="34.750"/>
      <word confidence="0.998" wordID="uit" beginTime="34.750" endTime="34.900"/>
      <word confidence="1.000" wordID="afrika" beginTime="34.900" endTime="35.360"/>
      <word confidence="1.000" wordID="hier" beginTime="35.360" endTime="35.540"/>
      <word confidence="0.740" wordID="SIL" beginTime="35.540" endTime="35.550"/>
      <word confidence="0.960" wordID="ingevlogen" beginTime="35.550" endTime="36.070"/>
      <word confidence="0.757" wordID="SIL" beginTime="36.070" endTime="36.080"/>
      <word confidence="0.786" wordID="voor" beginTime="36.080" endTime="36.500"/>
      <word confidence="0.750" wordID="SIL" beginTime="36.500" endTime="36.860"/>
      <word confidence="0.965" wordID="de" beginTime="36.860" endTime="36.950"/>
      <word confidence="0.930" wordID="mensen" beginTime="36.950" endTime="37.220"/>
      <word confidence="1.000" wordID="hun" beginTime="37.220" endTime="37.380"/>
      <word confidence="1.000" wordID="jongens" beginTime="37.380" endTime="37.680"/>
      <word confidence="0.831" wordID="de" beginTime="37.680" endTime="38.000"/>
      <word confidence="0.741" wordID="SIL" beginTime="38.000" endTime="38.010"/>
      <word confidence="0.941" wordID="enkele" beginTime="38.010" endTime="38.290"/>
      <word confidence="1.000" wordID="plaatsen" beginTime="38.290" endTime="38.660"/>
      <word confidence="1.000" wordID="van" beginTime="38.660" endTime="38.860"/>
    </wordsequence>
  </speech>
  <speech label="SPK02-012" begintime="38.88" endtime="40.07" >
    <wordsequence>
      <word confidence="0.750" wordID="SIL" beginTime="38.880" endTime="38.900"/>
      <word confidence="0.920" wordID="de" beginTime="38.900" endTime="38.970"/>
      <word confidence="0.741" wordID="SIL" beginTime="38.970" endTime="38.980"/>
      <word confidence="0.915" wordID="nederlandse" beginTime="38.980" endTime="39.440"/>
      <word confidence="0.688" wordID="SIL" beginTime="39.440" endTime="39.460"/>
      <word confidence="0.921" wordID="kunst" beginTime="39.460" endTime="39.660"/>
      <word confidence="1.000" wordID="op" beginTime="39.660" endTime="39.760"/>
      <word confidence="0.937" wordID="SIL" beginTime="39.760" endTime="39.820"/>
      <word confidence="0.842" wordID="een" beginTime="39.820" endTime="40.020"/>
      <word confidence="0.889" wordID="SIL" beginTime="40.020" endTime="40.070"/>
    </wordsequence>
  </speech>
  <speech label="SPK01-013" begintime="40.09" endtime="42.71" >
    <wordsequence>
      <word confidence="0.750" wordID="SIL" beginTime="40.090" endTime="40.400"/>
      <word confidence="0.812" wordID="en" beginTime="40.400" endTime="40.600"/>
      <word confidence="0.750" wordID="SIL" beginTime="40.600" endTime="40.800"/>
      <word confidence="0.897" wordID="duchamps" beginTime="40.800" endTime="41.290"/>
      <word confidence="0.749" wordID="SIL" beginTime="41.290" endTime="41.360"/>
      <word confidence="0.865" wordID="was" beginTime="41.360" endTime="41.580"/>
      <word confidence="0.749" wordID="SIL" beginTime="41.580" endTime="41.680"/>
      <word confidence="0.938" wordID="ongewoon" beginTime="41.680" endTime="42.030"/>
      <word confidence="0.749" wordID="SIL" beginTime="42.030" endTime="42.170"/>
      <word confidence="0.835" wordID="hoog" beginTime="42.170" endTime="42.560"/>
      <word confidence="0.749" wordID="SIL" beginTime="42.560" endTime="42.710"/>
    </wordsequence>
  </speech>
  <speech label="SPK01-014" begintime="43.03" endtime="44.53" >
    <wordsequence>
      <word confidence="0.767" wordID="we" beginTime="43.030" endTime="43.650"/>
      <word confidence="0.842" wordID="SIL" beginTime="43.650" endTime="43.660"/>
      <word confidence="0.762" wordID="hebben" beginTime="43.660" endTime="44.090"/>
      <word confidence="0.758" wordID="SIL" beginTime="44.090" endTime="44.200"/>
      <word confidence="0.759" wordID="een" beginTime="44.200" endTime="44.500"/>
      <word confidence="0.719" wordID="SIL" beginTime="44.500" endTime="44.530"/>
    </wordsequence>
  </speech>
  <speech label="SPK02-015" begintime="44.55" endtime="49.38" >
    <wordsequence>
      <word confidence="0.825" wordID="dit" beginTime="44.550" endTime="44.750"/>
      <word confidence="0.811" wordID="SIL" beginTime="44.750" endTime="44.800"/>
      <word confidence="0.932" wordID="tien" beginTime="44.800" endTime="45.120"/>
      <word confidence="1.000" wordID="vogels" beginTime="45.120" endTime="45.460"/>
      <word confidence="0.815" wordID="in" beginTime="45.460" endTime="45.550"/>
      <word confidence="0.937" wordID="de" beginTime="45.550" endTime="45.620"/>
      <word confidence="0.741" wordID="SIL" beginTime="45.620" endTime="45.630"/>
      <word confidence="0.906" wordID="lucht" beginTime="45.630" endTime="45.940"/>
      <word confidence="0.804" wordID="SIL" beginTime="45.940" endTime="45.950"/>
      <word confidence="0.990" wordID="dan" beginTime="45.950" endTime="46.110"/>
      <word confidence="0.638" wordID="SIL" beginTime="46.110" endTime="46.120"/>
      <word confidence="0.822" wordID="in" beginTime="46.120" endTime="46.360"/>
      <word confidence="0.769" wordID="SIL" beginTime="46.360" endTime="46.370"/>
      <word confidence="0.868" wordID="de" beginTime="46.370" endTime="46.490"/>
      <word confidence="0.915" wordID="halve" beginTime="46.490" endTime="46.820"/>
      <word confidence="0.848" wordID="SIL" beginTime="46.820" endTime="46.930"/>
      <word confidence="0.877" wordID="wereld" beginTime="46.930" endTime="47.210"/>
      <word confidence="0.693" wordID="SIL" beginTime="47.210" endTime="47.220"/>
      <word confidence="0.887" wordID="weet" beginTime="47.220" endTime="47.380"/>
      <word confidence="0.756" wordID="SIL" beginTime="47.380" endTime="47.390"/>
      <word confidence="0.910" wordID="waar" beginTime="47.390" endTime="47.560"/>
      <word confidence="0.794" wordID="SIL" beginTime="47.560" endTime="47.570"/>
      <word confidence="0.840" wordID="het" beginTime="47.570" endTime="47.680"/>
      <word confidence="0.968" wordID="op" beginTime="47.680" endTime="47.770"/>
      <word confidence="1.000" wordID="school" beginTime="47.770" endTime="48.160"/>
      <word confidence="0.818" wordID="SIL" beginTime="48.160" endTime="48.440"/>
      <word confidence="0.882" wordID="en" beginTime="48.440" endTime="48.560"/>
      <word confidence="0.739" wordID="SIL" beginTime="48.560" endTime="48.570"/>
      <word confidence="0.972" wordID="hun" beginTime="48.570" endTime="48.710"/>
      <word confidence="0.951" wordID="ouders" beginTime="48.710" endTime="49.130"/>
      <word confidence="0.744" wordID="SIL" beginTime="49.130" endTime="49.150"/>
      <word confidence="0.930" wordID="geen" beginTime="49.150" endTime="49.380"/>
    </wordsequence>
  </speech>
  <speech label="SPK04-016" begintime="49.40" endtime="52.24" >
    <wordsequence>
      <word confidence="0.672" wordID="SIL" beginTime="49.400" endTime="49.480"/>
      <word confidence="0.786" wordID="ik" beginTime="49.480" endTime="49.760"/>
      <word confidence="0.785" wordID="SIL" beginTime="49.760" endTime="49.770"/>
      <word confidence="0.851" wordID="moet" beginTime="49.770" endTime="49.910"/>
      <word confidence="0.666" wordID="SIL" beginTime="49.910" endTime="49.920"/>
      <word confidence="0.807" wordID="nu" beginTime="49.920" endTime="50.120"/>
      <word confidence="0.703" wordID="SIL" beginTime="50.120" endTime="50.150"/>
      <word confidence="0.940" wordID="uh" beginTime="50.150" endTime="50.530"/>
      <word confidence="0.746" wordID="SIL" beginTime="50.530" endTime="50.580"/>
      <word confidence="0.906" wordID="van" beginTime="50.580" endTime="51.470"/>
      <word confidence="0.731" wordID="SIL" beginTime="51.470" endTime="51.480"/>
      <word confidence="0.839" wordID="uh" beginTime="51.480" endTime="52.240"/>
    </wordsequence>
  </speech>
  <speech label="SPK05-017" begintime="52.26" endtime="54.82" >
    <wordsequence>
      <word confidence="0.852" wordID="moma" beginTime="52.260" endTime="52.770"/>
      <word confidence="0.782" wordID="uh" beginTime="52.770" endTime="53.640"/>
      <word confidence="0.673" wordID="SIL" beginTime="53.640" endTime="53.650"/>
      <word confidence="0.885" wordID="oh" beginTime="53.650" endTime="53.880"/>
      <word confidence="0.999" wordID="SIL" beginTime="53.880" endTime="53.890"/>
      <word confidence="0.804" wordID="ik" beginTime="53.890" endTime="54.580"/>
      <word confidence="0.742" wordID="SIL" beginTime="54.580" endTime="54.590"/>
      <word confidence="0.804" wordID="word" beginTime="54.590" endTime="54.800"/>
      <word confidence="0.747" wordID="SIL" beginTime="54.800" endTime="54.820"/>
    </wordsequence>
  </speech>
  <speech label="SPK02-018" begintime="54.84" endtime="58.76" >
    <wordsequence>
      <word confidence="0.910" wordID="hansen" beginTime="54.840" endTime="55.180"/>
      <word confidence="0.974" wordID="weg" beginTime="55.180" endTime="55.390"/>
      <word confidence="1.000" wordID="vervolgt" beginTime="55.390" endTime="55.930"/>
      <word confidence="0.846" wordID="SIL" beginTime="55.930" endTime="56.210"/>
      <word confidence="1.000" wordID="zien" beginTime="56.210" endTime="56.390"/>
      <word confidence="0.886" wordID="dit" beginTime="56.390" endTime="56.630"/>
      <word confidence="0.737" wordID="SIL" beginTime="56.630" endTime="56.640"/>
      <word confidence="0.934" wordID="laten" beginTime="56.640" endTime="56.940"/>
      <word confidence="0.956" wordID="genieten" beginTime="56.940" endTime="57.310"/>
      <word confidence="1.000" wordID="de" beginTime="57.310" endTime="57.370"/>
      <word confidence="1.000" wordID="hand" beginTime="57.370" endTime="57.590"/>
      <word confidence="0.999" wordID="is" beginTime="57.590" endTime="57.780"/>
      <word confidence="0.749" wordID="SIL" beginTime="57.780" endTime="58.040"/>
      <word confidence="0.870" wordID="en" beginTime="58.040" endTime="58.170"/>
      <word confidence="0.742" wordID="SIL" beginTime="58.170" endTime="58.180"/>
      <word confidence="0.992" wordID="kärnten" beginTime="58.180" endTime="58.500"/>
      <word confidence="0.978" wordID="daaraan" beginTime="58.500" endTime="58.760"/>
    </wordsequence>
  </speech>
  <speech label="SPK08-019" begintime="58.78" endtime="61.66" >
    <wordsequence>
      <word confidence="0.918" wordID="stoppen" beginTime="58.780" endTime="59.130"/>
      <word confidence="0.753" wordID="SIL" beginTime="59.130" endTime="59.210"/>
      <word confidence="0.967" wordID="op" beginTime="59.210" endTime="59.330"/>
      <word confidence="1.000" wordID="de" beginTime="59.330" endTime="59.400"/>
      <word confidence="0.936" wordID="voeding" beginTime="59.400" endTime="59.760"/>
      <word confidence="0.740" wordID="SIL" beginTime="59.760" endTime="59.770"/>
      <word confidence="0.950" wordID="aan" beginTime="59.770" endTime="59.920"/>
      <word confidence="0.997" wordID="de" beginTime="59.920" endTime="59.980"/>
      <word confidence="1.000" wordID="opvoeding" beginTime="59.980" endTime="60.420"/>
      <word confidence="0.836" wordID="van" beginTime="60.420" endTime="60.540"/>
      <word confidence="0.759" wordID="SIL" beginTime="60.540" endTime="60.590"/>
      <word confidence="0.998" wordID="jongeren" beginTime="60.590" endTime="60.850"/>
      <word confidence="0.629" wordID="SIL" beginTime="60.850" endTime="60.860"/>
      <word confidence="0.940" wordID="voor" beginTime="60.860" endTime="61.010"/>
      <word confidence="0.937" wordID="te" beginTime="61.010" endTime="61.130"/>
      <word confidence="0.949" wordID="zetten" beginTime="61.130" endTime="61.440"/>
      <word confidence="0.896" wordID="SIL" beginTime="61.440" endTime="61.660"/>
    </wordsequence>
  </speech>
  <speech label="SPK09-020" begintime="61.68" endtime="66.48" >
    <wordsequence>
      <word confidence="0.733" wordID="SIL" beginTime="61.680" endTime="61.920"/>
      <word confidence="0.758" wordID="de" beginTime="61.920" endTime="62.110"/>
      <word confidence="0.812" wordID="wandelen" beginTime="62.110" endTime="62.970"/>
      <word confidence="0.683" wordID="SIL" beginTime="62.970" endTime="62.980"/>
      <word confidence="0.873" wordID="ja" beginTime="62.980" endTime="63.500"/>
      <word confidence="0.688" wordID="SIL" beginTime="63.500" endTime="63.510"/>
      <word confidence="0.871" wordID="maar" beginTime="63.510" endTime="63.760"/>
      <word confidence="0.978" wordID="SIL" beginTime="63.760" endTime="63.910"/>
      <word confidence="0.828" wordID="dan" beginTime="63.910" endTime="64.160"/>
      <word confidence="0.721" wordID="SIL" beginTime="64.160" endTime="64.170"/>
      <word confidence="0.861" wordID="hebben" beginTime="64.170" endTime="64.720"/>
      <word confidence="0.737" wordID="SIL" beginTime="64.720" endTime="64.730"/>
      <word confidence="0.780" wordID="we" beginTime="64.730" endTime="64.830"/>
      <word confidence="0.834" wordID="hoe" beginTime="64.830" endTime="65.530"/>
      <word confidence="0.710" wordID="SIL" beginTime="65.530" endTime="65.540"/>
      <word confidence="0.814" wordID="dan" beginTime="65.540" endTime="65.950"/>
      <word confidence="0.773" wordID="SIL" beginTime="65.950" endTime="66.480"/>
    </wordsequence>
  </speech>
  <speech label="SPK02-021" begintime="66.50" endtime="69.16" >
    <wordsequence>
      <word confidence="0.669" wordID="SIL" beginTime="66.500" endTime="66.560"/>
      <word confidence="0.884" wordID="dit" beginTime="66.560" endTime="66.720"/>
      <word confidence="0.986" wordID="blijft" beginTime="66.720" endTime="66.970"/>
      <word confidence="0.820" wordID="er" beginTime="66.970" endTime="67.070"/>
      <word confidence="1.000" wordID="nog" beginTime="67.070" endTime="67.220"/>
      <word confidence="0.867" wordID="aan" beginTime="67.220" endTime="67.330"/>
      <word confidence="0.674" wordID="SIL" beginTime="67.330" endTime="67.340"/>
      <word confidence="0.880" wordID="die" beginTime="67.340" endTime="67.520"/>
      <word confidence="1.000" wordID="van" beginTime="67.520" endTime="67.660"/>
      <word confidence="0.845" wordID="die" beginTime="67.660" endTime="67.760"/>
      <word confidence="0.768" wordID="SIL" beginTime="67.760" endTime="67.870"/>
      <word confidence="1.000" wordID="winst" beginTime="67.870" endTime="68.200"/>
      <word confidence="1.000" wordID="SIL" beginTime="68.200" endTime="68.240"/>
      <word confidence="1.000" wordID="oud-egyptisch" beginTime="68.240" endTime="68.890"/>
      <word confidence="0.892" wordID="hele" beginTime="68.890" endTime="69.160"/>
    </wordsequence>
  </speech>
  <speech label="SPK04-022" begintime="69.18" endtime="73.70" >
    <wordsequence>
      <word confidence="0.883" wordID="gevolgen" beginTime="69.180" endTime="69.660"/>
      <word confidence="0.763" wordID="SIL" beginTime="69.660" endTime="70.760"/>
      <word confidence="0.960" wordID="van" beginTime="70.760" endTime="70.910"/>
      <word confidence="0.742" wordID="de" beginTime="70.910" endTime="70.970"/>
      <word confidence="0.743" wordID="SIL" beginTime="70.970" endTime="70.980"/>
      <word confidence="0.877" wordID="zon" beginTime="70.980" endTime="71.220"/>
      <word confidence="0.750" wordID="SIL" beginTime="71.220" endTime="71.410"/>
      <word confidence="0.841" wordID="is" beginTime="71.410" endTime="71.600"/>
      <word confidence="0.749" wordID="SIL" beginTime="71.600" endTime="71.750"/>
      <word confidence="0.869" wordID="een" beginTime="71.750" endTime="71.850"/>
      <word confidence="0.924" wordID="stormloop" beginTime="71.850" endTime="72.320"/>
      <word confidence="0.888" wordID="richtte" beginTime="72.320" endTime="72.540"/>
      <word confidence="0.750" wordID="SIL" beginTime="72.540" endTime="72.750"/>
      <word confidence="0.832" wordID="ik" beginTime="72.750" endTime="73.000"/>
      <word confidence="0.748" wordID="SIL" beginTime="73.000" endTime="73.040"/>
      <word confidence="0.885" wordID="zie" beginTime="73.040" endTime="73.300"/>
      <word confidence="0.750" wordID="SIL" beginTime="73.300" endTime="73.700"/>
    </wordsequence>
  </speech>
  <speech label="SPK04-023" begintime="73.72" endtime="75.21" >
    <wordsequence>
      <word confidence="0.750" wordID="SIL" beginTime="73.720" endTime="74.200"/>
      <word confidence="0.846" wordID="toch" beginTime="74.200" endTime="74.520"/>
      <word confidence="0.741" wordID="SIL" beginTime="74.520" endTime="74.540"/>
      <word confidence="0.886" wordID="ondanks" beginTime="74.540" endTime="74.970"/>
      <word confidence="0.749" wordID="SIL" beginTime="74.970" endTime="75.030"/>
      <word confidence="0.811" wordID="de" beginTime="75.030" endTime="75.210"/>
    </wordsequence>
  </speech>
  <speech label="SPK02-024" begintime="75.23" endtime="78.11" >
    <wordsequence>
      <word confidence="0.750" wordID="SIL" beginTime="75.230" endTime="75.240"/>
      <word confidence="0.959" wordID="mensen" beginTime="75.240" endTime="75.470"/>
      <word confidence="1.000" wordID="in" beginTime="75.470" endTime="75.620"/>
      <word confidence="0.938" wordID="alle" beginTime="75.620" endTime="75.800"/>
      <word confidence="1.000" wordID="rust" beginTime="75.800" endTime="76.190"/>
      <word confidence="0.833" wordID="SIL" beginTime="76.190" endTime="76.400"/>
      <word confidence="1.000" wordID="in" beginTime="76.400" endTime="76.480"/>
      <word confidence="1.000" wordID="de" beginTime="76.480" endTime="76.540"/>
      <word confidence="1.000" wordID="omstreken" beginTime="76.540" endTime="77.050"/>
      <word confidence="1.000" wordID="van" beginTime="77.050" endTime="77.170"/>
      <word confidence="1.000" wordID="het" beginTime="77.170" endTime="77.280"/>
      <word confidence="1.000" wordID="warme" beginTime="77.280" endTime="77.520"/>
      <word confidence="1.000" wordID="water" beginTime="77.520" endTime="77.850"/>
      <word confidence="0.787" wordID="van" beginTime="77.850" endTime="78.100"/>
      <word confidence="0.744" wordID="SIL" beginTime="78.100" endTime="78.110"/>
    </wordsequence>
  </speech>
  <speech label="SPK16-025" begintime="78.13" endtime="82.74" >
    <wordsequence>
      <word confidence="0.750" wordID="SIL" beginTime="78.130" endTime="78.310"/>
      <word confidence="0.775" wordID="ja" beginTime="78.310" endTime="79.650"/>
      <word confidence="0.808" wordID="SIL" beginTime="79.650" endTime="79.670"/>
      <word confidence="0.758" wordID="ja" beginTime="79.670" endTime="80.790"/>
      <word confidence="0.808" wordID="SIL" beginTime="80.790" endTime="80.840"/>
      <word confidence="0.746" wordID="maar" beginTime="80.840" endTime="81.060"/>
      <word confidence="0.764" wordID="d&apos;r" beginTime="81.060" endTime="81.660"/>
      <word confidence="0.795" wordID="SIL" beginTime="81.660" endTime="81.670"/>
      <word confidence="0.789" wordID="op" beginTime="81.670" endTime="81.910"/>
      <word confidence="0.764" wordID="SIL" beginTime="81.910" endTime="82.060"/>
      <word confidence="0.817" wordID="of" beginTime="82.060" endTime="82.740"/>
    </wordsequence>
  </speech>

  </segments>
</shout_metadata>
