<?xml version="1.0" encoding="UTF-8"?>
<!--
  ##################################################################################################
  ###                      This transcription is automatically generated by                      ###
  ###                              X-MI, Cross-Media interaction                                 ###
  ###                                    http://x-mi.nl                                          ###
  ##################################################################################################
-->
<shout_metadata>
  <model_info>
    <version>Standaard systeem 28-02-2012</version>
    <description>Academia</description>
  </model_info>
  <segments>
  <speech label="SPK01-001" begintime="0.00" endtime="4.02" >
    <wordsequence>
      <word confidence="0.750" wordID="SIL" beginTime="0.000" endTime="1.600"/>
      <word confidence="0.817" wordID="een" beginTime="1.600" endTime="2.360"/>
      <word confidence="0.731" wordID="SIL" beginTime="2.360" endTime="2.370"/>
      <word confidence="0.819" wordID="hele" beginTime="2.370" endTime="2.700"/>
      <word confidence="0.890" wordID="lange" beginTime="2.700" endTime="2.840"/>
      <word confidence="0.838" wordID="miracle" beginTime="2.840" endTime="3.400"/>
      <word confidence="0.878" wordID="zeker" beginTime="3.400" endTime="3.670"/>
      <word confidence="0.744" wordID="SIL" beginTime="3.670" endTime="3.680"/>
      <word confidence="0.855" wordID="als" beginTime="3.680" endTime="3.820"/>
      <word confidence="0.744" wordID="SIL" beginTime="3.820" endTime="3.830"/>
      <word confidence="0.789" wordID="je" beginTime="3.830" endTime="4.020"/>
    </wordsequence>
  </speech>
  <speech label="SPK02-002" begintime="4.04" endtime="8.91" >
    <wordsequence>
      <word confidence="0.887" wordID="terecht" beginTime="4.040" endTime="4.410"/>
      <word confidence="0.912" wordID="heeft" beginTime="4.410" endTime="4.640"/>
      <word confidence="0.740" wordID="SIL" beginTime="4.640" endTime="4.650"/>
      <word confidence="1.000" wordID="burgemeester" beginTime="4.650" endTime="5.150"/>
      <word confidence="0.992" wordID="bandell" beginTime="5.150" endTime="5.380"/>
      <word confidence="1.000" wordID="van" beginTime="5.380" endTime="5.540"/>
      <word confidence="0.889" wordID="SIL" beginTime="5.540" endTime="5.550"/>
      <word confidence="1.000" wordID="dat" beginTime="5.550" endTime="5.760"/>
      <word confidence="1.000" wordID="als" beginTime="5.760" endTime="5.940"/>
      <word confidence="1.000" wordID="eros" beginTime="5.940" endTime="6.180"/>
      <word confidence="0.892" wordID="kelken" beginTime="6.180" endTime="6.640"/>
      <word confidence="0.749" wordID="SIL" beginTime="6.640" endTime="6.800"/>
      <word confidence="0.865" wordID="en" beginTime="6.800" endTime="7.050"/>
      <word confidence="0.969" wordID="televisiecircuit" beginTime="7.050" endTime="7.920"/>
      <word confidence="1.000" wordID="en" beginTime="7.920" endTime="8.000"/>
      <word confidence="0.883" wordID="werd" beginTime="8.000" endTime="8.200"/>
      <word confidence="1.000" wordID="ingesteld" beginTime="8.200" endTime="8.790"/>
      <word confidence="0.749" wordID="SIL" beginTime="8.790" endTime="8.910"/>
    </wordsequence>
  </speech>
  <speech label="SPK02-003" begintime="8.94" endtime="12.32" >
    <wordsequence>
      <word confidence="0.750" wordID="SIL" beginTime="8.940" endTime="9.130"/>
      <word confidence="1.000" wordID="waarop" beginTime="9.130" endTime="9.430"/>
      <word confidence="0.991" wordID="beelden" beginTime="9.430" endTime="9.790"/>
      <word confidence="0.924" wordID="geschreven" beginTime="9.790" endTime="10.230"/>
      <word confidence="0.922" wordID="en" beginTime="10.230" endTime="10.370"/>
      <word confidence="0.959" wordID="oude" beginTime="10.370" endTime="10.570"/>
      <word confidence="0.947" wordID="nieuwe" beginTime="10.570" endTime="10.860"/>
      <word confidence="1.000" wordID="samen" beginTime="10.860" endTime="11.140"/>
      <word confidence="1.000" wordID="te" beginTime="11.140" endTime="11.220"/>
      <word confidence="0.934" wordID="lang" beginTime="11.220" endTime="11.360"/>
      <word confidence="1.000" wordID="voor" beginTime="11.360" endTime="11.480"/>
      <word confidence="1.000" wordID="de" beginTime="11.480" endTime="11.550"/>
      <word confidence="1.000" wordID="behandeling" beginTime="11.550" endTime="11.970"/>
      <word confidence="0.905" wordID="van" beginTime="11.970" endTime="12.120"/>
      <word confidence="1.000" wordID="SIL" beginTime="12.120" endTime="12.150"/>
      <word confidence="1.000" wordID="kim" beginTime="12.150" endTime="12.320"/>
    </wordsequence>
  </speech>
  <speech label="SPK02-004" begintime="12.34" endtime="16.02" >
    <wordsequence>
      <word confidence="0.792" wordID="dan" beginTime="12.340" endTime="12.530"/>
      <word confidence="1.000" wordID="heb" beginTime="12.530" endTime="12.660"/>
      <word confidence="0.959" wordID="ik" beginTime="12.660" endTime="12.750"/>
      <word confidence="1.000" wordID="SIL" beginTime="12.750" endTime="12.780"/>
      <word confidence="1.000" wordID="kunst" beginTime="12.780" endTime="13.100"/>
      <word confidence="0.949" wordID="SIL" beginTime="13.100" endTime="13.120"/>
      <word confidence="1.000" wordID="hier" beginTime="13.120" endTime="13.520"/>
      <word confidence="0.749" wordID="SIL" beginTime="13.520" endTime="13.770"/>
      <word confidence="0.964" wordID="want" beginTime="13.770" endTime="13.930"/>
      <word confidence="0.915" wordID="op" beginTime="13.930" endTime="14.030"/>
      <word confidence="0.967" wordID="deze" beginTime="14.030" endTime="14.280"/>
      <word confidence="1.000" wordID="wijze" beginTime="14.280" endTime="14.560"/>
      <word confidence="1.000" wordID="officieel" beginTime="14.560" endTime="14.980"/>
      <word confidence="1.000" wordID="in" beginTime="14.980" endTime="15.060"/>
      <word confidence="0.956" wordID="gebruik" beginTime="15.060" endTime="15.360"/>
      <word confidence="1.000" wordID="werd" beginTime="15.360" endTime="15.540"/>
      <word confidence="1.000" wordID="genomen" beginTime="15.540" endTime="16.020"/>
    </wordsequence>
  </speech>
  <speech label="SPK02-005" begintime="16.05" endtime="21.92" >
    <wordsequence>
      <word confidence="0.750" wordID="SIL" beginTime="16.050" endTime="16.650"/>
      <word confidence="0.831" wordID="of" beginTime="16.650" endTime="16.930"/>
      <word confidence="0.749" wordID="SIL" beginTime="16.930" endTime="17.010"/>
      <word confidence="0.934" wordID="kinderen" beginTime="17.010" endTime="17.400"/>
      <word confidence="1.000" wordID="waarvan" beginTime="17.400" endTime="17.670"/>
      <word confidence="0.898" wordID="de" beginTime="17.670" endTime="17.740"/>
      <word confidence="0.946" wordID="nieren" beginTime="17.740" endTime="18.110"/>
      <word confidence="1.000" wordID="niet" beginTime="18.110" endTime="18.310"/>
      <word confidence="0.902" wordID="functioneren" beginTime="18.310" endTime="19.020"/>
      <word confidence="0.750" wordID="SIL" beginTime="19.020" endTime="19.330"/>
      <word confidence="0.970" wordID="hoeven" beginTime="19.330" endTime="19.520"/>
      <word confidence="1.000" wordID="nu" beginTime="19.520" endTime="19.660"/>
      <word confidence="1.000" wordID="niet" beginTime="19.660" endTime="19.830"/>
      <word confidence="0.746" wordID="SIL" beginTime="19.830" endTime="19.860"/>
      <word confidence="1.000" wordID="meer" beginTime="19.860" endTime="20.040"/>
      <word confidence="1.000" wordID="samen" beginTime="20.040" endTime="20.360"/>
      <word confidence="0.975" wordID="met" beginTime="20.360" endTime="20.520"/>
      <word confidence="1.000" wordID="volwassenen" beginTime="20.520" endTime="21.070"/>
      <word confidence="1.000" wordID="behandeld" beginTime="21.070" endTime="21.450"/>
      <word confidence="0.894" wordID="worden" beginTime="21.450" endTime="21.810"/>
      <word confidence="0.749" wordID="SIL" beginTime="21.810" endTime="21.920"/>
    </wordsequence>
  </speech>
  <speech label="SPK02-006" begintime="21.95" endtime="25.49" >
    <wordsequence>
      <word confidence="0.750" wordID="SIL" beginTime="21.950" endTime="22.010"/>
      <word confidence="0.948" wordID="wat" beginTime="22.010" endTime="22.260"/>
      <word confidence="0.745" wordID="SIL" beginTime="22.260" endTime="22.300"/>
      <word confidence="1.000" wordID="psychologisch" beginTime="22.300" endTime="22.950"/>
      <word confidence="1.000" wordID="gunstiger" beginTime="22.950" endTime="23.490"/>
      <word confidence="0.962" wordID="is" beginTime="23.490" endTime="23.640"/>
      <word confidence="0.744" wordID="SIL" beginTime="23.640" endTime="23.660"/>
      <word confidence="0.834" wordID="dan" beginTime="23.660" endTime="23.880"/>
      <word confidence="0.750" wordID="SIL" beginTime="23.880" endTime="24.670"/>
      <word confidence="0.969" wordID="bij" beginTime="24.670" endTime="24.790"/>
      <word confidence="1.000" wordID="elke" beginTime="24.790" endTime="25.020"/>
      <word confidence="0.944" wordID="procent" beginTime="25.020" endTime="25.490"/>
    </wordsequence>
  </speech>
  <speech label="SPK02-007" begintime="25.51" endtime="29.74" >
    <wordsequence>
      <word confidence="0.927" wordID="is" beginTime="25.510" endTime="25.800"/>
      <word confidence="0.792" wordID="SIL" beginTime="25.800" endTime="25.810"/>
      <word confidence="0.908" wordID="in" beginTime="25.810" endTime="25.990"/>
      <word confidence="0.749" wordID="SIL" beginTime="25.990" endTime="26.000"/>
      <word confidence="1.000" wordID="binnen-of" beginTime="26.000" endTime="26.420"/>
      <word confidence="0.769" wordID="SIL" beginTime="26.420" endTime="26.460"/>
      <word confidence="1.000" wordID="arms" beginTime="26.460" endTime="26.770"/>
      <word confidence="0.719" wordID="SIL" beginTime="26.770" endTime="26.780"/>
      <word confidence="0.932" wordID="een" beginTime="26.780" endTime="26.930"/>
      <word confidence="1.000" wordID="SIL" beginTime="26.930" endTime="26.980"/>
      <word confidence="0.911" wordID="permanente" beginTime="26.980" endTime="27.530"/>
      <word confidence="1.000" wordID="verbinding" beginTime="27.530" endTime="27.990"/>
      <word confidence="0.991" wordID="gemaakt" beginTime="27.990" endTime="28.400"/>
      <word confidence="1.000" wordID="SIL" beginTime="28.400" endTime="28.690"/>
      <word confidence="1.000" wordID="tussen" beginTime="28.690" endTime="28.950"/>
      <word confidence="1.000" wordID="slagaderen" beginTime="28.950" endTime="29.600"/>
      <word confidence="0.995" wordID="aan" beginTime="29.600" endTime="29.740"/>
    </wordsequence>
  </speech>
  <speech label="SPK11-008" begintime="29.76" endtime="31.61" >
    <wordsequence>
      <word confidence="0.750" wordID="SIL" beginTime="29.760" endTime="29.780"/>
      <word confidence="0.763" wordID="toen" beginTime="29.780" endTime="29.960"/>
      <word confidence="0.884" wordID="SIL" beginTime="29.960" endTime="30.130"/>
      <word confidence="0.781" wordID="ik" beginTime="30.130" endTime="30.350"/>
      <word confidence="0.750" wordID="SIL" beginTime="30.350" endTime="30.640"/>
      <word confidence="0.822" wordID="bedoel" beginTime="30.640" endTime="31.060"/>
      <word confidence="0.750" wordID="SIL" beginTime="31.060" endTime="31.370"/>
      <word confidence="0.781" wordID="ik" beginTime="31.370" endTime="31.610"/>
    </wordsequence>
  </speech>
  <speech label="SPK02-009" begintime="31.63" endtime="32.88" >
    <wordsequence>
      <word confidence="0.956" wordID="richard" beginTime="31.630" endTime="31.980"/>
      <word confidence="0.943" wordID="via" beginTime="31.980" endTime="32.200"/>
      <word confidence="1.000" wordID="de" beginTime="32.200" endTime="32.290"/>
      <word confidence="1.000" wordID="slagader" beginTime="32.290" endTime="32.750"/>
      <word confidence="0.947" wordID="van" beginTime="32.750" endTime="32.880"/>
    </wordsequence>
  </speech>
  <speech label="SPK11-010" begintime="32.90" endtime="33.90" >
    <wordsequence>
      <word confidence="0.740" wordID="SIL" beginTime="32.900" endTime="32.960"/>
      <word confidence="0.800" wordID="als" beginTime="32.960" endTime="33.130"/>
      <word confidence="0.749" wordID="SIL" beginTime="33.130" endTime="33.260"/>
      <word confidence="0.856" wordID="we" beginTime="33.260" endTime="33.500"/>
      <word confidence="0.748" wordID="SIL" beginTime="33.500" endTime="33.600"/>
      <word confidence="0.829" wordID="maar" beginTime="33.600" endTime="33.770"/>
      <word confidence="0.749" wordID="SIL" beginTime="33.770" endTime="33.900"/>
    </wordsequence>
  </speech>
  <speech label="SPK02-011" begintime="33.92" endtime="39.37" >
    <wordsequence>
      <word confidence="0.682" wordID="SIL" beginTime="33.920" endTime="34.000"/>
      <word confidence="0.874" wordID="de" beginTime="34.000" endTime="34.080"/>
      <word confidence="0.911" wordID="plant" beginTime="34.080" endTime="34.360"/>
      <word confidence="1.000" wordID="beweging" beginTime="34.360" endTime="34.730"/>
      <word confidence="1.000" wordID="van" beginTime="34.730" endTime="34.840"/>
      <word confidence="0.963" wordID="het" beginTime="34.840" endTime="34.930"/>
      <word confidence="0.914" wordID="harten" beginTime="34.930" endTime="35.290"/>
      <word confidence="0.837" wordID="SIL" beginTime="35.290" endTime="35.300"/>
      <word confidence="0.958" wordID="naar" beginTime="35.300" endTime="35.510"/>
      <word confidence="0.873" wordID="de" beginTime="35.510" endTime="35.570"/>
      <word confidence="0.748" wordID="SIL" beginTime="35.570" endTime="35.580"/>
      <word confidence="0.963" wordID="kunt" beginTime="35.580" endTime="35.920"/>
      <word confidence="0.835" wordID="SIL" beginTime="35.920" endTime="35.930"/>
      <word confidence="1.000" wordID="hier" beginTime="35.930" endTime="36.100"/>
      <word confidence="1.000" wordID="geboren" beginTime="36.100" endTime="36.490"/>
      <word confidence="0.863" wordID="SIL" beginTime="36.490" endTime="36.980"/>
      <word confidence="0.984" wordID="en" beginTime="36.980" endTime="37.120"/>
      <word confidence="0.920" wordID="keert" beginTime="37.120" endTime="37.330"/>
      <word confidence="0.987" wordID="daarna" beginTime="37.330" endTime="37.760"/>
      <word confidence="1.000" wordID="via" beginTime="37.760" endTime="38.000"/>
      <word confidence="1.000" wordID="waaraan" beginTime="38.000" endTime="38.420"/>
      <word confidence="0.871" wordID="ook" beginTime="38.420" endTime="38.490"/>
      <word confidence="1.000" wordID="terug" beginTime="38.490" endTime="38.720"/>
      <word confidence="1.000" wordID="in" beginTime="38.720" endTime="38.800"/>
      <word confidence="0.959" wordID="het" beginTime="38.800" endTime="38.900"/>
      <word confidence="1.000" wordID="lichaam" beginTime="38.900" endTime="39.290"/>
      <word confidence="0.748" wordID="SIL" beginTime="39.290" endTime="39.370"/>
    </wordsequence>
  </speech>
  <speech label="SPK02-012" begintime="39.39" endtime="45.18" >
    <wordsequence>
      <word confidence="0.750" wordID="SIL" beginTime="39.390" endTime="40.340"/>
      <word confidence="0.982" wordID="aan" beginTime="40.340" endTime="40.590"/>
      <word confidence="1.000" wordID="en" beginTime="40.590" endTime="40.710"/>
      <word confidence="1.000" wordID="afsluiting" beginTime="40.710" endTime="41.290"/>
      <word confidence="0.940" wordID="zijn" beginTime="41.290" endTime="41.420"/>
      <word confidence="0.874" wordID="een" beginTime="41.420" endTime="41.540"/>
      <word confidence="0.900" wordID="zaak" beginTime="41.540" endTime="41.750"/>
      <word confidence="0.937" wordID="waarbij" beginTime="41.750" endTime="41.930"/>
      <word confidence="0.953" wordID="de" beginTime="41.930" endTime="42.000"/>
      <word confidence="1.000" wordID="grootst" beginTime="42.000" endTime="42.350"/>
      <word confidence="1.000" wordID="mogelijke" beginTime="42.350" endTime="42.760"/>
      <word confidence="1.000" wordID="steriliteit" beginTime="42.760" endTime="43.420"/>
      <word confidence="1.000" wordID="in" beginTime="43.420" endTime="43.510"/>
      <word confidence="0.979" wordID="acht" beginTime="43.510" endTime="43.660"/>
      <word confidence="1.000" wordID="moet" beginTime="43.660" endTime="43.800"/>
      <word confidence="1.000" wordID="worden" beginTime="43.800" endTime="43.990"/>
      <word confidence="1.000" wordID="genomen" beginTime="43.990" endTime="44.410"/>
      <word confidence="0.749" wordID="SIL" beginTime="44.410" endTime="44.590"/>
      <word confidence="0.870" wordID="van" beginTime="44.590" endTime="44.830"/>
      <word confidence="0.750" wordID="SIL" beginTime="44.830" endTime="45.180"/>
    </wordsequence>
  </speech>
  <speech label="SPK02-013" begintime="45.20" endtime="48.43" >
    <wordsequence>
      <word confidence="0.750" wordID="SIL" beginTime="45.200" endTime="45.600"/>
      <word confidence="0.922" wordID="kinderen" beginTime="45.600" endTime="46.100"/>
      <word confidence="0.747" wordID="SIL" beginTime="46.100" endTime="46.160"/>
      <word confidence="1.000" wordID="moeten" beginTime="46.160" endTime="46.500"/>
      <word confidence="0.821" wordID="de" beginTime="46.500" endTime="46.650"/>
      <word confidence="1.000" wordID="dialyse" beginTime="46.650" endTime="47.330"/>
      <word confidence="0.741" wordID="SIL" beginTime="47.330" endTime="47.340"/>
      <word confidence="1.000" wordID="zorgde" beginTime="47.340" endTime="47.680"/>
      <word confidence="1.000" wordID="behandeling" beginTime="47.680" endTime="48.130"/>
      <word confidence="0.900" wordID="heeft" beginTime="48.130" endTime="48.390"/>
      <word confidence="0.746" wordID="SIL" beginTime="48.390" endTime="48.430"/>
    </wordsequence>
  </speech>
  <speech label="SPK02-014" begintime="48.45" endtime="52.20" >
    <wordsequence>
      <word confidence="0.750" wordID="SIL" beginTime="48.450" endTime="48.710"/>
      <word confidence="1.000" wordID="driemaal" beginTime="48.710" endTime="49.170"/>
      <word confidence="0.896" wordID="per" beginTime="49.170" endTime="49.360"/>
      <word confidence="1.000" wordID="week" beginTime="49.360" endTime="49.630"/>
      <word confidence="0.973" wordID="gedurende" beginTime="49.630" endTime="50.020"/>
      <word confidence="1.000" wordID="de" beginTime="50.020" endTime="50.150"/>
      <word confidence="1.000" wordID="ook" beginTime="50.150" endTime="50.300"/>
      <word confidence="0.981" wordID="al" beginTime="50.300" endTime="50.380"/>
      <word confidence="0.742" wordID="SIL" beginTime="50.380" endTime="50.390"/>
      <word confidence="1.000" wordID="over" beginTime="50.390" endTime="50.600"/>
      <word confidence="1.000" wordID="wil" beginTime="50.600" endTime="50.770"/>
      <word confidence="1.000" wordID="zes" beginTime="50.770" endTime="51.060"/>
      <word confidence="0.742" wordID="SIL" beginTime="51.060" endTime="51.070"/>
      <word confidence="1.000" wordID="uur" beginTime="51.070" endTime="51.290"/>
      <word confidence="1.000" wordID="ondergaan" beginTime="51.290" endTime="51.850"/>
      <word confidence="0.750" wordID="SIL" beginTime="51.850" endTime="52.200"/>
    </wordsequence>
  </speech>
  <speech label="SPK02-015" begintime="52.22" endtime="56.76" >
    <wordsequence>
      <word confidence="0.750" wordID="SIL" beginTime="52.220" endTime="52.890"/>
      <word confidence="0.880" wordID="en" beginTime="52.890" endTime="53.020"/>
      <word confidence="1.000" wordID="de" beginTime="53.020" endTime="53.090"/>
      <word confidence="0.989" wordID="kunst" beginTime="53.090" endTime="53.400"/>
      <word confidence="0.971" wordID="meer" beginTime="53.400" endTime="53.720"/>
      <word confidence="0.741" wordID="SIL" beginTime="53.720" endTime="53.730"/>
      <word confidence="1.000" wordID="worden" beginTime="53.730" endTime="54.010"/>
      <word confidence="0.973" wordID="de" beginTime="54.010" endTime="54.080"/>
      <word confidence="1.000" wordID="giftige" beginTime="54.080" endTime="54.490"/>
      <word confidence="1.000" wordID="afvalstoffen" beginTime="54.490" endTime="55.090"/>
      <word confidence="1.000" wordID="wat" beginTime="55.090" endTime="55.300"/>
      <word confidence="0.877" wordID="de" beginTime="55.300" endTime="55.440"/>
      <word confidence="1.000" wordID="gamma" beginTime="55.440" endTime="55.710"/>
      <word confidence="0.991" wordID="bebloed" beginTime="55.710" endTime="56.030"/>
      <word confidence="0.742" wordID="SIL" beginTime="56.030" endTime="56.040"/>
      <word confidence="0.936" wordID="verleiden" beginTime="56.040" endTime="56.750"/>
      <word confidence="0.739" wordID="SIL" beginTime="56.750" endTime="56.760"/>
    </wordsequence>
  </speech>
  <speech label="SPK02-016" begintime="56.78" endtime="62.00" >
    <wordsequence>
      <word confidence="0.750" wordID="SIL" beginTime="56.780" endTime="57.350"/>
      <word confidence="1.000" wordID="zonder" beginTime="57.350" endTime="57.680"/>
      <word confidence="1.000" wordID="deze" beginTime="57.680" endTime="57.930"/>
      <word confidence="1.000" wordID="behandeling" beginTime="57.930" endTime="58.400"/>
      <word confidence="1.000" wordID="zal" beginTime="58.400" endTime="58.610"/>
      <word confidence="0.991" wordID="elke" beginTime="58.610" endTime="58.850"/>
      <word confidence="0.918" wordID="persoon" beginTime="58.850" endTime="59.250"/>
      <word confidence="0.741" wordID="SIL" beginTime="59.250" endTime="59.260"/>
      <word confidence="0.923" wordID="onherroepelijk" beginTime="59.260" endTime="59.940"/>
      <word confidence="1.000" wordID="aan" beginTime="59.940" endTime="60.060"/>
      <word confidence="0.974" wordID="nieuw" beginTime="60.060" endTime="60.300"/>
      <word confidence="1.000" wordID="vergiftiging" beginTime="60.300" endTime="60.920"/>
      <word confidence="0.970" wordID="overwerken" beginTime="60.920" endTime="61.540"/>
      <word confidence="0.750" wordID="SIL" beginTime="61.540" endTime="62.000"/>
    </wordsequence>
  </speech>
  <speech label="SPK02-017" begintime="62.03" endtime="67.18" >
    <wordsequence>
      <word confidence="0.750" wordID="SIL" beginTime="62.030" endTime="63.070"/>
      <word confidence="1.000" wordID="het" beginTime="63.070" endTime="63.180"/>
      <word confidence="1.000" wordID="valt" beginTime="63.180" endTime="63.370"/>
      <word confidence="0.898" wordID="op" beginTime="63.370" endTime="63.580"/>
      <word confidence="0.749" wordID="SIL" beginTime="63.580" endTime="63.860"/>
      <word confidence="0.957" wordID="dat" beginTime="63.860" endTime="64.040"/>
      <word confidence="0.815" wordID="de" beginTime="64.040" endTime="64.110"/>
      <word confidence="0.970" wordID="kinderen" beginTime="64.110" endTime="64.590"/>
      <word confidence="1.000" wordID="die" beginTime="64.590" endTime="64.760"/>
      <word confidence="0.748" wordID="SIL" beginTime="64.760" endTime="64.840"/>
      <word confidence="0.924" wordID="tijdens" beginTime="64.840" endTime="65.200"/>
      <word confidence="0.741" wordID="SIL" beginTime="65.200" endTime="65.220"/>
      <word confidence="0.823" wordID="de" beginTime="65.220" endTime="65.330"/>
      <word confidence="1.000" wordID="dialyse" beginTime="65.330" endTime="65.820"/>
      <word confidence="1.000" wordID="farc" beginTime="65.820" endTime="66.070"/>
      <word confidence="1.000" wordID="actief" beginTime="66.070" endTime="66.380"/>
      <word confidence="0.976" wordID="bezig" beginTime="66.380" endTime="66.710"/>
      <word confidence="1.000" wordID="zijn" beginTime="66.710" endTime="66.990"/>
      <word confidence="0.749" wordID="SIL" beginTime="66.990" endTime="67.180"/>
    </wordsequence>
  </speech>
  <speech label="SPK02-018" begintime="67.21" endtime="72.46" >
    <wordsequence>
      <word confidence="0.750" wordID="SIL" beginTime="67.210" endTime="67.370"/>
      <word confidence="0.951" wordID="nauwelijks" beginTime="67.370" endTime="67.840"/>
      <word confidence="1.000" wordID="hinder" beginTime="67.840" endTime="68.140"/>
      <word confidence="1.000" wordID="ondervinden" beginTime="68.140" endTime="68.610"/>
      <word confidence="1.000" wordID="van" beginTime="68.610" endTime="68.740"/>
      <word confidence="0.964" wordID="bussen" beginTime="68.740" endTime="69.200"/>
      <word confidence="0.750" wordID="SIL" beginTime="69.200" endTime="69.700"/>
      <word confidence="1.000" wordID="zoals" beginTime="69.700" endTime="69.990"/>
      <word confidence="0.966" wordID="de" beginTime="69.990" endTime="70.100"/>
      <word confidence="0.944" wordID="verbindingen" beginTime="70.100" endTime="70.770"/>
      <word confidence="0.905" wordID="allemaal" beginTime="70.770" endTime="71.100"/>
      <word confidence="0.744" wordID="SIL" beginTime="71.100" endTime="71.130"/>
      <word confidence="0.998" wordID="binnen" beginTime="71.130" endTime="71.410"/>
      <word confidence="0.997" wordID="genoemd" beginTime="71.410" endTime="71.720"/>
      <word confidence="0.873" wordID="wordt" beginTime="71.720" endTime="72.260"/>
      <word confidence="0.749" wordID="SIL" beginTime="72.260" endTime="72.460"/>
    </wordsequence>
  </speech>
  <speech label="SPK02-019" begintime="72.48" endtime="75.88" >
    <wordsequence>
      <word confidence="0.750" wordID="SIL" beginTime="72.480" endTime="72.590"/>
      <word confidence="1.000" wordID="die" beginTime="72.590" endTime="72.820"/>
      <word confidence="0.749" wordID="SIL" beginTime="72.820" endTime="73.270"/>
      <word confidence="0.996" wordID="omdat" beginTime="73.270" endTime="73.580"/>
      <word confidence="1.000" wordID="ze" beginTime="73.580" endTime="73.670"/>
      <word confidence="1.000" wordID="drie" beginTime="73.670" endTime="73.890"/>
      <word confidence="1.000" wordID="dagen" beginTime="73.890" endTime="74.170"/>
      <word confidence="0.989" wordID="per" beginTime="74.170" endTime="74.350"/>
      <word confidence="1.000" wordID="week" beginTime="74.350" endTime="74.540"/>
      <word confidence="0.749" wordID="SIL" beginTime="74.540" endTime="74.650"/>
      <word confidence="0.900" wordID="in" beginTime="74.650" endTime="74.770"/>
      <word confidence="1.000" wordID="het" beginTime="74.770" endTime="74.880"/>
      <word confidence="1.000" wordID="centrum" beginTime="74.880" endTime="75.220"/>
      <word confidence="1.000" wordID="moeten" beginTime="75.220" endTime="75.450"/>
      <word confidence="0.999" wordID="zijn" beginTime="75.450" endTime="75.710"/>
      <word confidence="0.749" wordID="SIL" beginTime="75.710" endTime="75.880"/>
    </wordsequence>
  </speech>
  <speech label="SPK02-020" begintime="75.91" endtime="80.37" >
    <wordsequence>
      <word confidence="0.750" wordID="SIL" beginTime="75.910" endTime="76.140"/>
      <word confidence="1.000" wordID="wordt" beginTime="76.140" endTime="76.300"/>
      <word confidence="0.962" wordID="er" beginTime="76.300" endTime="76.360"/>
      <word confidence="0.984" wordID="ook" beginTime="76.360" endTime="76.500"/>
      <word confidence="0.991" wordID="onderwijs" beginTime="76.500" endTime="76.990"/>
      <word confidence="0.956" wordID="gegeven" beginTime="76.990" endTime="77.460"/>
      <word confidence="0.762" wordID="SIL" beginTime="77.460" endTime="77.860"/>
      <word confidence="0.991" wordID="volgelingen" beginTime="77.860" endTime="78.500"/>
      <word confidence="0.957" wordID="programma" beginTime="78.500" endTime="79.060"/>
      <word confidence="1.000" wordID="dat" beginTime="79.060" endTime="79.250"/>
      <word confidence="1.000" wordID="op" beginTime="79.250" endTime="79.340"/>
      <word confidence="0.741" wordID="SIL" beginTime="79.340" endTime="79.350"/>
      <word confidence="0.890" wordID="de" beginTime="79.350" endTime="79.450"/>
      <word confidence="1.000" wordID="eigen" beginTime="79.450" endTime="79.810"/>
      <word confidence="1.000" wordID="scholen" beginTime="79.810" endTime="80.200"/>
      <word confidence="0.958" wordID="zou" beginTime="80.200" endTime="80.370"/>
    </wordsequence>
  </speech>
  <speech label="SPK11-021" begintime="80.39" endtime="83.06" >
    <wordsequence>
      <word confidence="0.730" wordID="SIL" beginTime="80.390" endTime="80.440"/>
      <word confidence="0.870" wordID="een" beginTime="80.440" endTime="80.510"/>
      <word confidence="0.903" wordID="stem" beginTime="80.510" endTime="80.740"/>
      <word confidence="0.844" wordID="die" beginTime="80.740" endTime="80.830"/>
      <word confidence="0.750" wordID="SIL" beginTime="80.830" endTime="81.380"/>
      <word confidence="0.819" wordID="niet" beginTime="81.380" endTime="82.030"/>
      <word confidence="0.744" wordID="SIL" beginTime="82.030" endTime="82.050"/>
      <word confidence="0.820" wordID="willen" beginTime="82.050" endTime="82.620"/>
      <word confidence="0.750" wordID="SIL" beginTime="82.620" endTime="82.860"/>
      <word confidence="0.866" wordID="horen" beginTime="82.860" endTime="83.060"/>
    </wordsequence>
  </speech>
  <speech label="SPK12-022" begintime="83.08" endtime="85.55" >
    <wordsequence>
      <word confidence="0.750" wordID="SIL" beginTime="83.080" endTime="83.090"/>
      <word confidence="0.786" wordID="het" beginTime="83.090" endTime="83.340"/>
      <word confidence="0.750" wordID="SIL" beginTime="83.340" endTime="84.090"/>
      <word confidence="0.810" wordID="was" beginTime="84.090" endTime="84.440"/>
      <word confidence="0.750" wordID="SIL" beginTime="84.440" endTime="84.830"/>
      <word confidence="0.950" wordID="in" beginTime="84.830" endTime="85.030"/>
      <word confidence="0.741" wordID="SIL" beginTime="85.030" endTime="85.040"/>
      <word confidence="0.851" wordID="de" beginTime="85.040" endTime="85.130"/>
      <word confidence="0.862" wordID="kunst" beginTime="85.130" endTime="85.470"/>
      <word confidence="0.749" wordID="SIL" beginTime="85.470" endTime="85.550"/>
    </wordsequence>
  </speech>
  <speech label="SPK02-023" begintime="85.57" endtime="87.53" >
    <wordsequence>
      <word confidence="0.782" wordID="de" beginTime="85.570" endTime="85.650"/>
      <word confidence="0.962" wordID="behandeling" beginTime="85.650" endTime="86.170"/>
      <word confidence="0.777" wordID="SIL" beginTime="86.170" endTime="86.230"/>
      <word confidence="0.999" wordID="die" beginTime="86.230" endTime="86.310"/>
      <word confidence="1.000" wordID="de" beginTime="86.310" endTime="86.390"/>
      <word confidence="0.865" wordID="kinderen" beginTime="86.390" endTime="86.800"/>
      <word confidence="0.829" wordID="in" beginTime="86.800" endTime="86.900"/>
      <word confidence="0.933" wordID="leven" beginTime="86.900" endTime="87.210"/>
      <word confidence="0.984" wordID="houden" beginTime="87.210" endTime="87.520"/>
      <word confidence="0.796" wordID="SIL" beginTime="87.520" endTime="87.530"/>
    </wordsequence>
  </speech>
  <speech label="SPK02-024" begintime="87.55" endtime="91.07" >
    <wordsequence>
      <word confidence="0.750" wordID="SIL" beginTime="87.550" endTime="87.720"/>
      <word confidence="0.975" wordID="zou" beginTime="87.720" endTime="87.960"/>
      <word confidence="0.740" wordID="SIL" beginTime="87.960" endTime="87.970"/>
      <word confidence="0.989" wordID="overbodig" beginTime="87.970" endTime="88.500"/>
      <word confidence="0.974" wordID="worden" beginTime="88.500" endTime="88.820"/>
      <word confidence="0.849" wordID="SIL" beginTime="88.820" endTime="88.830"/>
      <word confidence="1.000" wordID="na" beginTime="88.830" endTime="89.050"/>
      <word confidence="0.913" wordID="een" beginTime="89.050" endTime="89.130"/>
      <word confidence="1.000" wordID="geslaagde" beginTime="89.130" endTime="89.700"/>
      <word confidence="0.974" wordID="niertransplantatie" beginTime="89.700" endTime="90.890"/>
      <word confidence="0.801" wordID="SIL" beginTime="90.890" endTime="91.070"/>
    </wordsequence>
  </speech>
  <speech label="SPK02-025" begintime="91.10" endtime="96.67" >
    <wordsequence>
      <word confidence="0.750" wordID="SIL" beginTime="91.100" endTime="91.470"/>
      <word confidence="1.000" wordID="en" beginTime="91.470" endTime="91.680"/>
      <word confidence="0.932" wordID="dan" beginTime="91.680" endTime="91.900"/>
      <word confidence="1.000" wordID="is" beginTime="91.900" endTime="92.030"/>
      <word confidence="1.000" wordID="het" beginTime="92.030" endTime="92.170"/>
      <word confidence="0.974" wordID="uiteindelijke" beginTime="92.170" endTime="92.770"/>
      <word confidence="1.000" wordID="doel" beginTime="92.770" endTime="93.050"/>
      <word confidence="1.000" wordID="waarop" beginTime="93.050" endTime="93.310"/>
      <word confidence="0.839" wordID="de" beginTime="93.310" endTime="93.380"/>
      <word confidence="1.000" wordID="hele" beginTime="93.380" endTime="93.720"/>
      <word confidence="1.000" wordID="staf" beginTime="93.720" endTime="94.120"/>
      <word confidence="0.749" wordID="SIL" beginTime="94.120" endTime="94.220"/>
      <word confidence="1.000" wordID="van" beginTime="94.220" endTime="94.360"/>
      <word confidence="0.876" wordID="het" beginTime="94.360" endTime="94.450"/>
      <word confidence="1.000" wordID="nieuwe" beginTime="94.450" endTime="94.660"/>
      <word confidence="0.999" wordID="centrum" beginTime="94.660" endTime="95.100"/>
      <word confidence="0.909" wordID="werd" beginTime="95.100" endTime="95.240"/>
      <word confidence="0.947" wordID="opgericht" beginTime="95.240" endTime="95.910"/>
      <word confidence="0.939" wordID="houdt" beginTime="95.910" endTime="96.210"/>
      <word confidence="0.743" wordID="SIL" beginTime="96.210" endTime="96.220"/>
      <word confidence="0.865" wordID="een" beginTime="96.220" endTime="96.650"/>
      <word confidence="0.744" wordID="SIL" beginTime="96.650" endTime="96.670"/>
    </wordsequence>
  </speech>
  <speech label="SPK02-026" begintime="98.18" endtime="100.24" >
    <wordsequence>
      <word confidence="0.750" wordID="SIL" beginTime="98.180" endTime="98.690"/>
      <word confidence="0.809" wordID="een" beginTime="98.690" endTime="99.620"/>
      <word confidence="0.749" wordID="SIL" beginTime="99.620" endTime="100.240"/>
    </wordsequence>
  </speech>

  </segments>
</shout_metadata>
