<?xml version="1.0" encoding="UTF-8"?>
<!--
  ##################################################################################################
  ###                      This transcription is automatically generated by                      ###
  ###                              X-MI, Cross-Media interaction                                 ###
  ###                                    http://x-mi.nl                                          ###
  ##################################################################################################
-->
<shout_metadata>
  <model_info>
    <version>Standaard systeem 28-02-2012</version>
    <description>Academia</description>
  </model_info>
  <segments>
  <speech label="SPK04-001" begintime="1.38" endtime="4.44" >
    <wordsequence>
      <word confidence="0.750" wordID="SIL" beginTime="1.380" endTime="1.760"/>
      <word confidence="0.872" wordID="de" beginTime="1.760" endTime="1.960"/>
      <word confidence="0.742" wordID="SIL" beginTime="1.960" endTime="1.970"/>
      <word confidence="0.944" wordID="natte" beginTime="1.970" endTime="2.310"/>
      <word confidence="1.000" wordID="zomer" beginTime="2.310" endTime="2.780"/>
      <word confidence="0.747" wordID="SIL" beginTime="2.780" endTime="2.850"/>
      <word confidence="1.000" wordID="die" beginTime="2.850" endTime="2.980"/>
      <word confidence="1.000" wordID="ook" beginTime="2.980" endTime="3.110"/>
      <word confidence="0.942" wordID="dit" beginTime="3.110" endTime="3.280"/>
      <word confidence="1.000" wordID="jaar" beginTime="3.280" endTime="3.500"/>
      <word confidence="1.000" wordID="weer" beginTime="3.500" endTime="3.670"/>
      <word confidence="0.739" wordID="SIL" beginTime="3.670" endTime="3.680"/>
      <word confidence="0.982" wordID="vele" beginTime="3.680" endTime="3.920"/>
      <word confidence="1.000" wordID="vakantie" beginTime="3.920" endTime="4.420"/>
      <word confidence="0.746" wordID="SIL" beginTime="4.420" endTime="4.440"/>
    </wordsequence>
  </speech>
  <speech label="SPK03-002" begintime="4.46" endtime="6.90" >
    <wordsequence>
      <word confidence="0.905" wordID="aan" beginTime="4.460" endTime="4.570"/>
      <word confidence="1.000" wordID="als" beginTime="4.570" endTime="4.670"/>
      <word confidence="1.000" wordID="topman" beginTime="4.670" endTime="5.010"/>
      <word confidence="0.974" wordID="ongelijk" beginTime="5.010" endTime="5.530"/>
      <word confidence="0.772" wordID="SIL" beginTime="5.530" endTime="5.800"/>
      <word confidence="0.885" wordID="breekt" beginTime="5.800" endTime="6.140"/>
      <word confidence="0.989" wordID="in" beginTime="6.140" endTime="6.260"/>
      <word confidence="0.999" wordID="triest" beginTime="6.260" endTime="6.540"/>
      <word confidence="0.954" wordID="roept" beginTime="6.540" endTime="6.810"/>
      <word confidence="0.881" wordID="het" beginTime="6.810" endTime="6.900"/>
    </wordsequence>
  </speech>
  <speech label="SPK04-003" begintime="6.92" endtime="11.16" >
    <wordsequence>
      <word confidence="0.847" wordID="want" beginTime="6.920" endTime="7.160"/>
      <word confidence="0.767" wordID="SIL" beginTime="7.160" endTime="7.530"/>
      <word confidence="1.000" wordID="toen" beginTime="7.530" endTime="7.730"/>
      <word confidence="1.000" wordID="ze" beginTime="7.730" endTime="7.810"/>
      <word confidence="0.974" wordID="lijden" beginTime="7.810" endTime="8.130"/>
      <word confidence="0.890" wordID="tegen" beginTime="8.130" endTime="8.620"/>
      <word confidence="1.000" wordID="onweersbuien" beginTime="8.620" endTime="9.270"/>
      <word confidence="0.975" wordID="over" beginTime="9.270" endTime="9.470"/>
      <word confidence="0.927" wordID="grote" beginTime="9.470" endTime="9.810"/>
      <word confidence="0.739" wordID="SIL" beginTime="9.810" endTime="9.820"/>
      <word confidence="1.000" wordID="delen" beginTime="9.820" endTime="10.100"/>
      <word confidence="0.999" wordID="van" beginTime="10.100" endTime="10.230"/>
      <word confidence="0.962" wordID="het" beginTime="10.230" endTime="10.320"/>
      <word confidence="1.000" wordID="land" beginTime="10.320" endTime="10.530"/>
      <word confidence="0.928" wordID="rover" beginTime="10.530" endTime="10.820"/>
      <word confidence="0.749" wordID="SIL" beginTime="10.820" endTime="11.160"/>
    </wordsequence>
  </speech>
  <speech label="SPK04-004" begintime="11.18" endtime="14.90" >
    <wordsequence>
      <word confidence="0.794" wordID="uh" beginTime="11.180" endTime="11.620"/>
      <word confidence="0.735" wordID="SIL" beginTime="11.620" endTime="11.630"/>
      <word confidence="1.000" wordID="indra" beginTime="11.630" endTime="11.940"/>
      <word confidence="1.000" wordID="nieuwsstand" beginTime="11.940" endTime="12.330"/>
      <word confidence="1.000" wordID="wil" beginTime="12.330" endTime="12.490"/>
      <word confidence="0.998" wordID="van" beginTime="12.490" endTime="12.620"/>
      <word confidence="0.934" wordID="zo&apos;n" beginTime="12.620" endTime="12.970"/>
      <word confidence="0.747" wordID="SIL" beginTime="12.970" endTime="13.020"/>
      <word confidence="0.926" wordID="veranderden" beginTime="13.020" endTime="13.540"/>
      <word confidence="1.000" wordID="de" beginTime="13.540" endTime="13.630"/>
      <word confidence="1.000" wordID="straten" beginTime="13.630" endTime="14.020"/>
      <word confidence="0.742" wordID="SIL" beginTime="14.020" endTime="14.030"/>
      <word confidence="0.955" wordID="in" beginTime="14.030" endTime="14.200"/>
      <word confidence="0.732" wordID="SIL" beginTime="14.200" endTime="14.210"/>
      <word confidence="1.000" wordID="containers" beginTime="14.210" endTime="14.700"/>
      <word confidence="0.981" wordID="door" beginTime="14.700" endTime="14.900"/>
    </wordsequence>
  </speech>
  <speech label="SPK04-005" begintime="14.92" endtime="17.43" >
    <wordsequence>
      <word confidence="0.923" wordID="om" beginTime="14.920" endTime="15.020"/>
      <word confidence="0.849" wordID="het" beginTime="15.020" endTime="15.160"/>
      <word confidence="0.689" wordID="SIL" beginTime="15.160" endTime="15.170"/>
      <word confidence="0.902" wordID="feitelijk" beginTime="15.170" endTime="15.840"/>
      <word confidence="0.735" wordID="SIL" beginTime="15.840" endTime="15.850"/>
      <word confidence="0.890" wordID="een" beginTime="15.850" endTime="15.970"/>
      <word confidence="0.737" wordID="SIL" beginTime="15.970" endTime="15.980"/>
      <word confidence="1.000" wordID="keer" beginTime="15.980" endTime="16.310"/>
      <word confidence="0.742" wordID="SIL" beginTime="16.310" endTime="16.320"/>
      <word confidence="0.967" wordID="ernstig" beginTime="16.320" endTime="16.690"/>
      <word confidence="1.000" wordID="bemoeilijkt" beginTime="16.690" endTime="17.120"/>
      <word confidence="0.743" wordID="SIL" beginTime="17.120" endTime="17.140"/>
      <word confidence="1.000" wordID="zeg" beginTime="17.140" endTime="17.430"/>
    </wordsequence>
  </speech>
  <speech label="SPK09-006" begintime="17.45" endtime="21.04" >
    <wordsequence>
      <word confidence="0.750" wordID="SIL" beginTime="17.450" endTime="18.280"/>
      <word confidence="0.822" wordID="ja" beginTime="18.280" endTime="18.510"/>
      <word confidence="0.743" wordID="SIL" beginTime="18.510" endTime="18.900"/>
      <word confidence="0.792" wordID="ja" beginTime="18.900" endTime="19.380"/>
      <word confidence="0.788" wordID="SIL" beginTime="19.380" endTime="19.430"/>
      <word confidence="0.746" wordID="ja" beginTime="19.430" endTime="20.130"/>
      <word confidence="0.693" wordID="SIL" beginTime="20.130" endTime="20.140"/>
      <word confidence="0.842" wordID="hoor" beginTime="20.140" endTime="20.450"/>
      <word confidence="0.795" wordID="ook" beginTime="20.450" endTime="21.040"/>
    </wordsequence>
  </speech>
  <speech label="SPK11-007" begintime="21.06" endtime="23.70" >
    <wordsequence>
      <word confidence="0.750" wordID="SIL" beginTime="21.060" endTime="21.070"/>
      <word confidence="0.742" wordID="de" beginTime="21.070" endTime="21.170"/>
      <word confidence="0.875" wordID="riolering" beginTime="21.170" endTime="21.730"/>
      <word confidence="0.925" wordID="aankomende" beginTime="21.730" endTime="22.280"/>
      <word confidence="0.909" wordID="toppers" beginTime="22.280" endTime="22.670"/>
      <word confidence="0.968" wordID="in" beginTime="22.670" endTime="22.760"/>
      <word confidence="0.951" wordID="die" beginTime="22.760" endTime="22.910"/>
      <word confidence="0.682" wordID="SIL" beginTime="22.910" endTime="22.920"/>
      <word confidence="0.889" wordID="gevallen" beginTime="22.920" endTime="23.200"/>
      <word confidence="0.869" wordID="niet" beginTime="23.200" endTime="23.330"/>
      <word confidence="0.924" wordID="meer" beginTime="23.330" endTime="23.470"/>
      <word confidence="0.983" wordID="toe" beginTime="23.470" endTime="23.590"/>
      <word confidence="1.000" wordID="wij" beginTime="23.590" endTime="23.700"/>
    </wordsequence>
  </speech>
  <speech label="SPK12-008" begintime="23.72" endtime="26.20" >
    <wordsequence>
      <word confidence="0.750" wordID="SIL" beginTime="23.720" endTime="23.730"/>
      <word confidence="0.734" wordID="ik" beginTime="23.730" endTime="23.820"/>
      <word confidence="0.953" wordID="SIL" beginTime="23.820" endTime="23.830"/>
      <word confidence="0.886" wordID="vind" beginTime="23.830" endTime="23.990"/>
      <word confidence="0.755" wordID="SIL" beginTime="23.990" endTime="24.380"/>
      <word confidence="0.931" wordID="dat" beginTime="24.380" endTime="24.640"/>
      <word confidence="0.931" wordID="het" beginTime="24.640" endTime="24.750"/>
      <word confidence="1.000" wordID="water" beginTime="24.750" endTime="25.060"/>
      <word confidence="1.000" wordID="op" beginTime="25.060" endTime="25.190"/>
      <word confidence="1.000" wordID="sommige" beginTime="25.190" endTime="25.480"/>
      <word confidence="0.934" wordID="plaatsen" beginTime="25.480" endTime="25.960"/>
      <word confidence="0.747" wordID="SIL" beginTime="25.960" endTime="26.030"/>
      <word confidence="0.921" wordID="die" beginTime="26.030" endTime="26.200"/>
    </wordsequence>
  </speech>
  <speech label="SPK14-009" begintime="26.22" endtime="28.61" >
    <wordsequence>
      <word confidence="0.750" wordID="SIL" beginTime="26.220" endTime="26.230"/>
      <word confidence="0.888" wordID="van" beginTime="26.230" endTime="26.350"/>
      <word confidence="0.931" wordID="de" beginTime="26.350" endTime="26.420"/>
      <word confidence="0.865" wordID="nogal" beginTime="26.420" endTime="26.670"/>
      <word confidence="0.877" wordID="verbeteren" beginTime="26.670" endTime="27.110"/>
      <word confidence="0.750" wordID="SIL" beginTime="27.110" endTime="27.120"/>
      <word confidence="0.873" wordID="hoe" beginTime="27.120" endTime="27.320"/>
      <word confidence="0.797" wordID="SIL" beginTime="27.320" endTime="27.370"/>
      <word confidence="0.987" wordID="kwam" beginTime="27.370" endTime="27.530"/>
      <word confidence="0.860" wordID="te" beginTime="27.530" endTime="27.630"/>
      <word confidence="0.995" wordID="staan" beginTime="27.630" endTime="27.990"/>
      <word confidence="0.849" wordID="SIL" beginTime="27.990" endTime="28.610"/>
    </wordsequence>
  </speech>
  <speech label="SPK15-010" begintime="28.63" endtime="31.19" >
    <wordsequence>
      <word confidence="0.755" wordID="ja" beginTime="28.630" endTime="29.540"/>
      <word confidence="0.741" wordID="SIL" beginTime="29.540" endTime="29.550"/>
      <word confidence="0.754" wordID="ja" beginTime="29.550" endTime="31.190"/>
    </wordsequence>
  </speech>
  <speech label="SPK02-011" begintime="31.21" endtime="34.91" >
    <wordsequence>
      <word confidence="0.750" wordID="SIL" beginTime="31.210" endTime="31.220"/>
      <word confidence="0.743" wordID="ja" beginTime="31.220" endTime="34.900"/>
      <word confidence="0.815" wordID="SIL" beginTime="34.900" endTime="34.910"/>
    </wordsequence>
  </speech>
  <speech label="SPK02-012" begintime="34.93" endtime="36.46" >
    <wordsequence>
      <word confidence="0.730" wordID="SIL" beginTime="34.930" endTime="35.080"/>
      <word confidence="0.759" wordID="ja" beginTime="35.080" endTime="36.370"/>
      <word confidence="0.795" wordID="SIL" beginTime="36.370" endTime="36.460"/>
    </wordsequence>
  </speech>
  <speech label="SPK04-013" begintime="36.48" endtime="37.53" >
    <wordsequence>
      <word confidence="0.864" wordID="het" beginTime="36.480" endTime="36.600"/>
      <word confidence="1.000" wordID="water" beginTime="36.600" endTime="36.950"/>
      <word confidence="1.000" wordID="stond" beginTime="36.950" endTime="37.280"/>
      <word confidence="1.000" wordID="het" beginTime="37.280" endTime="37.420"/>
      <word confidence="1.000" wordID="al" beginTime="37.420" endTime="37.530"/>
    </wordsequence>
  </speech>
  <speech label="SPK04-014" begintime="37.55" endtime="41.71" >
    <wordsequence>
      <word confidence="0.962" wordID="onze" beginTime="37.550" endTime="37.790"/>
      <word confidence="1.000" wordID="kelders" beginTime="37.790" endTime="38.140"/>
      <word confidence="0.910" wordID="en" beginTime="38.140" endTime="38.250"/>
      <word confidence="1.000" wordID="garages" beginTime="38.250" endTime="38.730"/>
      <word confidence="0.747" wordID="SIL" beginTime="38.730" endTime="38.780"/>
      <word confidence="1.000" wordID="binnen" beginTime="38.780" endTime="39.050"/>
      <word confidence="0.749" wordID="SIL" beginTime="39.050" endTime="39.390"/>
      <word confidence="0.955" wordID="en" beginTime="39.390" endTime="39.490"/>
      <word confidence="0.989" wordID="verzorgde" beginTime="39.490" endTime="39.930"/>
      <word confidence="0.938" wordID="de" beginTime="39.930" endTime="40.040"/>
      <word confidence="1.000" wordID="bewoners" beginTime="40.040" endTime="40.500"/>
      <word confidence="1.000" wordID="weer" beginTime="40.500" endTime="40.630"/>
      <word confidence="1.000" wordID="wat" beginTime="40.630" endTime="40.810"/>
      <word confidence="0.989" wordID="op" beginTime="40.810" endTime="40.950"/>
      <word confidence="0.742" wordID="SIL" beginTime="40.950" endTime="40.960"/>
      <word confidence="0.931" wordID="een" beginTime="40.960" endTime="41.070"/>
      <word confidence="0.860" wordID="dag" beginTime="41.070" endTime="41.540"/>
      <word confidence="0.749" wordID="SIL" beginTime="41.540" endTime="41.710"/>
    </wordsequence>
  </speech>
  <speech label="SPK04-015" begintime="41.73" endtime="45.62" >
    <wordsequence>
      <word confidence="0.750" wordID="SIL" beginTime="41.730" endTime="42.090"/>
      <word confidence="1.000" wordID="alleen" beginTime="42.090" endTime="42.320"/>
      <word confidence="0.872" wordID="de" beginTime="42.320" endTime="42.420"/>
      <word confidence="0.747" wordID="SIL" beginTime="42.420" endTime="42.460"/>
      <word confidence="0.888" wordID="kinderen" beginTime="42.460" endTime="43.060"/>
      <word confidence="0.743" wordID="SIL" beginTime="43.060" endTime="43.080"/>
      <word confidence="1.000" wordID="die" beginTime="43.080" endTime="43.180"/>
      <word confidence="0.985" wordID="zich" beginTime="43.180" endTime="43.350"/>
      <word confidence="0.739" wordID="SIL" beginTime="43.350" endTime="43.360"/>
      <word confidence="1.000" wordID="zonder" beginTime="43.360" endTime="43.720"/>
      <word confidence="1.000" wordID="zonde" beginTime="43.720" endTime="44.010"/>
      <word confidence="0.742" wordID="SIL" beginTime="44.010" endTime="44.020"/>
      <word confidence="0.951" wordID="toch" beginTime="44.020" endTime="44.200"/>
      <word confidence="1.000" wordID="maar" beginTime="44.200" endTime="44.360"/>
      <word confidence="0.918" wordID="vervelend" beginTime="44.360" endTime="44.860"/>
      <word confidence="0.749" wordID="SIL" beginTime="44.860" endTime="45.100"/>
      <word confidence="1.000" wordID="vonden" beginTime="45.100" endTime="45.380"/>
      <word confidence="0.938" wordID="in" beginTime="45.380" endTime="45.530"/>
      <word confidence="0.961" wordID="het" beginTime="45.530" endTime="45.620"/>
    </wordsequence>
  </speech>
  <speech label="SPK08-016" begintime="45.64" endtime="48.97" >
    <wordsequence>
      <word confidence="0.750" wordID="SIL" beginTime="45.640" endTime="45.660"/>
      <word confidence="0.887" wordID="deze" beginTime="45.660" endTime="45.990"/>
      <word confidence="0.741" wordID="SIL" beginTime="45.990" endTime="46.000"/>
      <word confidence="0.918" wordID="niet" beginTime="46.000" endTime="46.200"/>
      <word confidence="0.814" wordID="ik" beginTime="46.200" endTime="46.480"/>
      <word confidence="0.743" wordID="SIL" beginTime="46.480" endTime="46.490"/>
      <word confidence="0.898" wordID="nu" beginTime="46.490" endTime="46.770"/>
      <word confidence="0.749" wordID="SIL" beginTime="46.770" endTime="46.900"/>
      <word confidence="0.854" wordID="al" beginTime="46.900" endTime="47.550"/>
      <word confidence="0.750" wordID="SIL" beginTime="47.550" endTime="48.970"/>
    </wordsequence>
  </speech>
  <speech label="SPK10-017" begintime="48.99" endtime="51.51" >
    <wordsequence>
      <word confidence="0.750" wordID="SIL" beginTime="48.990" endTime="49.410"/>
      <word confidence="0.796" wordID="ja" beginTime="49.410" endTime="49.730"/>
      <word confidence="0.750" wordID="SIL" beginTime="49.730" endTime="50.770"/>
      <word confidence="0.824" wordID="ik" beginTime="50.770" endTime="51.030"/>
      <word confidence="0.749" wordID="SIL" beginTime="51.030" endTime="51.100"/>
      <word confidence="0.843" wordID="dienst" beginTime="51.100" endTime="51.510"/>
    </wordsequence>
  </speech>
  <speech label="SPK04-018" begintime="51.53" endtime="55.05" >
    <wordsequence>
      <word confidence="0.750" wordID="SIL" beginTime="51.530" endTime="51.550"/>
      <word confidence="0.840" wordID="nog" beginTime="51.550" endTime="51.700"/>
      <word confidence="0.593" wordID="SIL" beginTime="51.700" endTime="51.720"/>
      <word confidence="0.877" wordID="onder" beginTime="51.720" endTime="51.960"/>
      <word confidence="0.950" wordID="de" beginTime="51.960" endTime="52.050"/>
      <word confidence="1.000" wordID="sporenberg" beginTime="52.050" endTime="52.540"/>
      <word confidence="1.000" wordID="bij" beginTime="52.540" endTime="52.710"/>
      <word confidence="1.000" wordID="het" beginTime="52.710" endTime="52.800"/>
      <word confidence="1.000" wordID="station" beginTime="52.800" endTime="53.340"/>
      <word confidence="0.748" wordID="SIL" beginTime="53.340" endTime="53.480"/>
      <word confidence="1.000" wordID="steeg" beginTime="53.480" endTime="53.770"/>
      <word confidence="1.000" wordID="het" beginTime="53.770" endTime="53.880"/>
      <word confidence="1.000" wordID="water" beginTime="53.880" endTime="54.180"/>
      <word confidence="0.746" wordID="SIL" beginTime="54.180" endTime="54.220"/>
      <word confidence="1.000" wordID="tot" beginTime="54.220" endTime="54.380"/>
      <word confidence="1.000" wordID="aan" beginTime="54.380" endTime="54.470"/>
      <word confidence="0.909" wordID="het" beginTime="54.470" endTime="54.550"/>
      <word confidence="0.733" wordID="SIL" beginTime="54.550" endTime="54.560"/>
      <word confidence="1.000" wordID="plafond" beginTime="54.560" endTime="55.000"/>
      <word confidence="0.747" wordID="SIL" beginTime="55.000" endTime="55.050"/>
    </wordsequence>
  </speech>
  <speech label="SPK04-019" begintime="55.07" endtime="58.44" >
    <wordsequence>
      <word confidence="0.750" wordID="SIL" beginTime="55.070" endTime="55.330"/>
      <word confidence="0.873" wordID="en" beginTime="55.330" endTime="55.540"/>
      <word confidence="0.996" wordID="het" beginTime="55.540" endTime="55.610"/>
      <word confidence="0.926" wordID="duurde" beginTime="55.610" endTime="55.850"/>
      <word confidence="0.960" wordID="enkele" beginTime="55.850" endTime="56.170"/>
      <word confidence="0.739" wordID="SIL" beginTime="56.170" endTime="56.180"/>
      <word confidence="1.000" wordID="uren" beginTime="56.180" endTime="56.590"/>
      <word confidence="0.748" wordID="SIL" beginTime="56.590" endTime="56.640"/>
      <word confidence="1.000" wordID="voordat" beginTime="56.640" endTime="56.950"/>
      <word confidence="1.000" wordID="het" beginTime="56.950" endTime="57.060"/>
      <word confidence="0.740" wordID="SIL" beginTime="57.060" endTime="57.070"/>
      <word confidence="1.000" wordID="idee" beginTime="57.070" endTime="57.300"/>
      <word confidence="1.000" wordID="was" beginTime="57.300" endTime="57.510"/>
      <word confidence="1.000" wordID="verdwenen" beginTime="57.510" endTime="58.020"/>
      <word confidence="0.750" wordID="SIL" beginTime="58.020" endTime="58.440"/>
    </wordsequence>
  </speech>
  <speech label="SPK04-020" begintime="58.47" endtime="61.39" >
    <wordsequence>
      <word confidence="0.750" wordID="SIL" beginTime="58.470" endTime="58.660"/>
      <word confidence="1.000" wordID="tot" beginTime="58.660" endTime="58.810"/>
      <word confidence="0.742" wordID="SIL" beginTime="58.810" endTime="58.820"/>
      <word confidence="0.981" wordID="zolang" beginTime="58.820" endTime="59.320"/>
      <word confidence="1.000" wordID="als" beginTime="59.320" endTime="59.510"/>
      <word confidence="1.000" wordID="hilversum" beginTime="59.510" endTime="60.060"/>
      <word confidence="0.748" wordID="SIL" beginTime="60.060" endTime="60.120"/>
      <word confidence="0.828" wordID="uit" beginTime="60.120" endTime="60.290"/>
      <word confidence="0.745" wordID="SIL" beginTime="60.290" endTime="60.310"/>
      <word confidence="0.930" wordID="het" beginTime="60.310" endTime="60.410"/>
      <word confidence="1.000" wordID="niets" beginTime="60.410" endTime="60.710"/>
      <word confidence="1.000" wordID="hier" beginTime="60.710" endTime="60.860"/>
      <word confidence="1.000" wordID="van" beginTime="60.860" endTime="60.970"/>
      <word confidence="1.000" wordID="&apos;t" beginTime="60.970" endTime="61.060"/>
      <word confidence="0.934" wordID="gooi" beginTime="61.060" endTime="61.390"/>
    </wordsequence>
  </speech>
  <speech label="SPK16-021" begintime="61.41" endtime="64.99" >
    <wordsequence>
      <word confidence="0.720" wordID="SIL" beginTime="61.410" endTime="61.790"/>
      <word confidence="0.761" wordID="ja" beginTime="61.790" endTime="64.960"/>
      <word confidence="0.781" wordID="SIL" beginTime="64.960" endTime="64.990"/>
    </wordsequence>
  </speech>

  </segments>
</shout_metadata>
