<?xml version="1.0" encoding="UTF-8"?>
<!--
  ##################################################################################################
  ###                      This transcription is automatically generated by                      ###
  ###                              X-MI, Cross-Media interaction                                 ###
  ###                                    http://x-mi.nl                                          ###
  ##################################################################################################
-->
<shout_metadata>
  <model_info>
    <version>Standaard systeem 28-02-2012</version>
    <description>Academia</description>
  </model_info>
  <segments>
  <speech label="SPK01-001" begintime="0.00" endtime="3.80" >
    <wordsequence>
      <word confidence="0.750" wordID="SIL" beginTime="0.000" endTime="0.010"/>
      <word confidence="0.789" wordID="uw" beginTime="0.010" endTime="0.160"/>
      <word confidence="0.749" wordID="SIL" beginTime="0.160" endTime="0.200"/>
      <word confidence="0.771" wordID="ja" beginTime="0.200" endTime="3.800"/>
    </wordsequence>
  </speech>
  <speech label="SPK01-002" begintime="3.82" endtime="6.48" >
    <wordsequence>
      <word confidence="0.742" wordID="SIL" beginTime="3.820" endTime="3.900"/>
      <word confidence="0.753" wordID="ja" beginTime="3.900" endTime="6.450"/>
      <word confidence="0.764" wordID="SIL" beginTime="6.450" endTime="6.480"/>
    </wordsequence>
  </speech>
  <speech label="SPK01-003" begintime="6.50" endtime="11.77" >
    <wordsequence>
      <word confidence="0.753" wordID="ja" beginTime="6.500" endTime="11.770"/>
    </wordsequence>
  </speech>
  <speech label="SPK01-004" begintime="11.79" endtime="16.26" >
    <wordsequence>
      <word confidence="0.750" wordID="ja" beginTime="11.790" endTime="16.260"/>
    </wordsequence>
  </speech>
  <speech label="SPK01-005" begintime="16.28" endtime="19.67" >
    <wordsequence>
      <word confidence="0.746" wordID="ja" beginTime="16.280" endTime="19.670"/>
    </wordsequence>
  </speech>
  <speech label="SPK01-006" begintime="19.69" endtime="24.33" >
    <wordsequence>
      <word confidence="0.750" wordID="ja" beginTime="19.690" endTime="22.990"/>
      <word confidence="0.693" wordID="SIL" beginTime="22.990" endTime="23.000"/>
      <word confidence="0.751" wordID="ik" beginTime="23.000" endTime="24.290"/>
      <word confidence="0.731" wordID="SIL" beginTime="24.290" endTime="24.330"/>
    </wordsequence>
  </speech>
  <speech label="SPK01-007" begintime="24.35" endtime="26.85" >
    <wordsequence>
      <word confidence="0.743" wordID="ja" beginTime="24.350" endTime="26.730"/>
      <word confidence="0.740" wordID="SIL" beginTime="26.730" endTime="26.850"/>
    </wordsequence>
  </speech>
  <speech label="SPK01-008" begintime="26.87" endtime="30.09" >
    <wordsequence>
      <word confidence="0.754" wordID="ja" beginTime="26.870" endTime="29.970"/>
      <word confidence="0.743" wordID="SIL" beginTime="29.970" endTime="30.090"/>
    </wordsequence>
  </speech>
  <speech label="SPK01-009" begintime="30.11" endtime="33.10" >
    <wordsequence>
      <word confidence="0.752" wordID="ja" beginTime="30.110" endTime="33.100"/>
    </wordsequence>
  </speech>
  <speech label="SPK01-010" begintime="33.12" endtime="36.53" >
    <wordsequence>
      <word confidence="0.749" wordID="ja" beginTime="33.120" endTime="36.530"/>
    </wordsequence>
  </speech>
  <speech label="SPK01-011" begintime="36.55" endtime="39.70" >
    <wordsequence>
      <word confidence="0.753" wordID="glenn" beginTime="36.550" endTime="39.700"/>
    </wordsequence>
  </speech>
  <speech label="SPK01-012" begintime="39.72" endtime="44.18" >
    <wordsequence>
      <word confidence="0.750" wordID="SIL" beginTime="39.720" endTime="39.730"/>
      <word confidence="0.766" wordID="ja" beginTime="39.730" endTime="40.810"/>
      <word confidence="0.627" wordID="SIL" beginTime="40.810" endTime="40.820"/>
      <word confidence="0.732" wordID="ik" beginTime="40.820" endTime="41.080"/>
      <word confidence="0.757" wordID="lag" beginTime="41.080" endTime="44.160"/>
      <word confidence="0.780" wordID="SIL" beginTime="44.160" endTime="44.180"/>
    </wordsequence>
  </speech>
  <speech label="SPK01-013" begintime="44.20" endtime="47.61" >
    <wordsequence>
      <word confidence="0.747" wordID="ja" beginTime="44.200" endTime="47.440"/>
      <word confidence="0.744" wordID="SIL" beginTime="47.440" endTime="47.610"/>
    </wordsequence>
  </speech>
  <speech label="SPK01-014" begintime="47.63" endtime="50.55" >
    <wordsequence>
      <word confidence="0.752" wordID="ja" beginTime="47.630" endTime="50.550"/>
    </wordsequence>
  </speech>
  <speech label="SPK01-015" begintime="50.57" endtime="54.10" >
    <wordsequence>
      <word confidence="0.739" wordID="SIL" beginTime="50.570" endTime="50.650"/>
      <word confidence="0.753" wordID="glenn" beginTime="50.650" endTime="54.100"/>
    </wordsequence>
  </speech>
  <speech label="SPK01-016" begintime="54.12" endtime="58.33" >
    <wordsequence>
      <word confidence="0.750" wordID="ja" beginTime="54.120" endTime="58.320"/>
      <word confidence="0.779" wordID="SIL" beginTime="58.320" endTime="58.330"/>
    </wordsequence>
  </speech>
  <speech label="SPK01-017" begintime="58.35" endtime="61.30" >
    <wordsequence>
      <word confidence="0.752" wordID="ja" beginTime="58.350" endTime="60.850"/>
      <word confidence="0.647" wordID="SIL" beginTime="60.850" endTime="60.860"/>
      <word confidence="0.747" wordID="ik" beginTime="60.860" endTime="61.300"/>
    </wordsequence>
  </speech>
  <speech label="SPK01-018" begintime="61.32" endtime="63.87" >
    <wordsequence>
      <word confidence="0.754" wordID="ik" beginTime="61.320" endTime="63.870"/>
    </wordsequence>
  </speech>

  </segments>
</shout_metadata>
