<?xml version="1.0" encoding="UTF-8"?>
<!--
  ##################################################################################################
  ###                      This transcription is automatically generated by                      ###
  ###                              X-MI, Cross-Media interaction                                 ###
  ###                                    http://x-mi.nl                                          ###
  ##################################################################################################
-->
<shout_metadata>
  <model_info>
    <version>Standaard systeem 28-02-2012</version>
    <description>Academia</description>
  </model_info>
  <segments>
  <speech label="SPK01-001" begintime="2.02" endtime="5.76" >
    <wordsequence>
      <word confidence="0.750" wordID="SIL" beginTime="2.020" endTime="2.430"/>
      <word confidence="0.995" wordID="beetje" beginTime="2.430" endTime="2.770"/>
      <word confidence="0.955" wordID="niet" beginTime="2.770" endTime="2.960"/>
      <word confidence="1.000" wordID="in" beginTime="2.960" endTime="3.040"/>
      <word confidence="0.798" wordID="de" beginTime="3.040" endTime="3.120"/>
      <word confidence="0.730" wordID="SIL" beginTime="3.120" endTime="3.130"/>
      <word confidence="1.000" wordID="kamer" beginTime="3.130" endTime="3.480"/>
      <word confidence="1.000" wordID="voor" beginTime="3.480" endTime="3.700"/>
      <word confidence="1.000" wordID="me" beginTime="3.700" endTime="3.840"/>
      <word confidence="0.749" wordID="SIL" beginTime="3.840" endTime="4.260"/>
      <word confidence="0.940" wordID="die" beginTime="4.260" endTime="4.410"/>
      <word confidence="1.000" wordID="vraag" beginTime="4.410" endTime="4.700"/>
      <word confidence="1.000" wordID="wordt" beginTime="4.700" endTime="4.870"/>
      <word confidence="1.000" wordID="daar" beginTime="4.870" endTime="5.000"/>
      <word confidence="0.743" wordID="SIL" beginTime="5.000" endTime="5.010"/>
      <word confidence="1.000" wordID="iedereen" beginTime="5.010" endTime="5.380"/>
      <word confidence="1.000" wordID="in" beginTime="5.380" endTime="5.470"/>
      <word confidence="1.000" wordID="onze" beginTime="5.470" endTime="5.760"/>
    </wordsequence>
  </speech>
  <speech label="SPK01-002" begintime="5.78" endtime="8.43" >
    <wordsequence>
      <word confidence="0.941" wordID="ned" beginTime="5.780" endTime="5.910"/>
      <word confidence="1.000" wordID="mesic" beginTime="5.910" endTime="6.290"/>
      <word confidence="1.000" wordID="keerde" beginTime="6.290" endTime="6.560"/>
      <word confidence="1.000" wordID="studenten" beginTime="6.560" endTime="7.030"/>
      <word confidence="0.963" wordID="zich" beginTime="7.030" endTime="7.340"/>
      <word confidence="0.900" wordID="SIL" beginTime="7.340" endTime="7.350"/>
      <word confidence="0.999" wordID="telkens" beginTime="7.350" endTime="7.760"/>
      <word confidence="1.000" wordID="opnieuw" beginTime="7.760" endTime="8.080"/>
      <word confidence="0.779" wordID="van" beginTime="8.080" endTime="8.180"/>
      <word confidence="1.000" wordID="stal" beginTime="8.180" endTime="8.430"/>
    </wordsequence>
  </speech>
  <speech label="SPK13-003" begintime="8.45" endtime="10.83" >
    <wordsequence>
      <word confidence="0.764" wordID="ja" beginTime="8.450" endTime="9.990"/>
      <word confidence="0.801" wordID="SIL" beginTime="9.990" endTime="10.070"/>
      <word confidence="0.755" wordID="dan" beginTime="10.070" endTime="10.250"/>
      <word confidence="0.803" wordID="SIL" beginTime="10.250" endTime="10.330"/>
      <word confidence="0.805" wordID="komt" beginTime="10.330" endTime="10.660"/>
      <word confidence="0.864" wordID="SIL" beginTime="10.660" endTime="10.680"/>
      <word confidence="0.842" wordID="er" beginTime="10.680" endTime="10.830"/>
    </wordsequence>
  </speech>
  <speech label="SPK01-004" begintime="10.85" endtime="14.75" >
    <wordsequence>
      <word confidence="0.861" wordID="de" beginTime="10.850" endTime="10.970"/>
      <word confidence="0.999" wordID="studenten" beginTime="10.970" endTime="11.460"/>
      <word confidence="0.830" wordID="en" beginTime="11.460" endTime="11.530"/>
      <word confidence="1.000" wordID="da&apos;s" beginTime="11.530" endTime="11.760"/>
      <word confidence="1.000" wordID="al" beginTime="11.760" endTime="11.940"/>
      <word confidence="1.000" wordID="peróns" beginTime="11.940" endTime="12.330"/>
      <word confidence="1.000" wordID="voor" beginTime="12.330" endTime="12.500"/>
      <word confidence="1.000" wordID="ingericht" beginTime="12.500" endTime="12.900"/>
      <word confidence="1.000" wordID="maar" beginTime="12.900" endTime="13.050"/>
      <word confidence="0.963" wordID="ook" beginTime="13.050" endTime="13.210"/>
      <word confidence="1.000" wordID="daar" beginTime="13.210" endTime="13.500"/>
      <word confidence="0.982" wordID="SIL" beginTime="13.500" endTime="13.600"/>
      <word confidence="1.000" wordID="weet" beginTime="13.600" endTime="13.810"/>
      <word confidence="1.000" wordID="men" beginTime="13.810" endTime="14.080"/>
      <word confidence="0.912" wordID="SIL" beginTime="14.080" endTime="14.160"/>
      <word confidence="1.000" wordID="zelden" beginTime="14.160" endTime="14.560"/>
      <word confidence="0.914" wordID="de" beginTime="14.560" endTime="14.750"/>
    </wordsequence>
  </speech>
  <speech label="SPK05-005" begintime="14.77" endtime="17.64" >
    <wordsequence>
      <word confidence="0.676" wordID="SIL" beginTime="14.770" endTime="14.840"/>
      <word confidence="0.765" wordID="ja" beginTime="14.840" endTime="17.520"/>
      <word confidence="0.774" wordID="SIL" beginTime="17.520" endTime="17.640"/>
    </wordsequence>
  </speech>
  <speech label="SPK01-006" begintime="17.66" endtime="21.21" >
    <wordsequence>
      <word confidence="1.000" wordID="zelf" beginTime="17.660" endTime="17.940"/>
      <word confidence="1.000" wordID="zoeken" beginTime="17.940" endTime="18.330"/>
      <word confidence="1.000" wordID="is" beginTime="18.330" endTime="18.450"/>
      <word confidence="1.000" wordID="het" beginTime="18.450" endTime="18.570"/>
      <word confidence="0.739" wordID="SIL" beginTime="18.570" endTime="18.580"/>
      <word confidence="1.000" wordID="enige" beginTime="18.580" endTime="18.930"/>
      <word confidence="1.000" wordID="als" beginTime="18.930" endTime="19.070"/>
      <word confidence="1.000" wordID="het" beginTime="19.070" endTime="19.190"/>
      <word confidence="0.996" wordID="bord" beginTime="19.190" endTime="19.390"/>
      <word confidence="1.000" wordID="met" beginTime="19.390" endTime="19.540"/>
      <word confidence="0.741" wordID="SIL" beginTime="19.540" endTime="19.550"/>
      <word confidence="1.000" wordID="aanbiedingen" beginTime="19.550" endTime="20.120"/>
      <word confidence="1.000" wordID="voor" beginTime="20.120" endTime="20.300"/>
      <word confidence="1.000" wordID="komend" beginTime="20.300" endTime="20.670"/>
      <word confidence="1.000" wordID="blankets" beginTime="20.670" endTime="21.210"/>
    </wordsequence>
  </speech>
  <speech label="SPK03-007" begintime="21.23" endtime="25.19" >
    <wordsequence>
      <word confidence="0.741" wordID="SIL" beginTime="21.230" endTime="21.560"/>
      <word confidence="0.803" wordID="goed" beginTime="21.560" endTime="22.060"/>
      <word confidence="0.750" wordID="SIL" beginTime="22.060" endTime="22.400"/>
      <word confidence="0.814" wordID="voor" beginTime="22.400" endTime="22.690"/>
      <word confidence="0.738" wordID="SIL" beginTime="22.690" endTime="22.700"/>
      <word confidence="0.812" wordID="ruim" beginTime="22.700" endTime="23.030"/>
      <word confidence="0.749" wordID="SIL" beginTime="23.030" endTime="23.110"/>
      <word confidence="0.798" wordID="een" beginTime="23.110" endTime="23.350"/>
      <word confidence="0.748" wordID="SIL" beginTime="23.350" endTime="23.390"/>
      <word confidence="0.782" wordID="jaar" beginTime="23.390" endTime="25.190"/>
    </wordsequence>
  </speech>
  <speech label="SPK01-008" begintime="25.21" endtime="30.02" >
    <wordsequence>
      <word confidence="0.725" wordID="SIL" beginTime="25.210" endTime="25.240"/>
      <word confidence="0.926" wordID="dat" beginTime="25.240" endTime="25.440"/>
      <word confidence="0.773" wordID="SIL" beginTime="25.440" endTime="25.470"/>
      <word confidence="1.000" wordID="zelf" beginTime="25.470" endTime="25.760"/>
      <word confidence="1.000" wordID="zoeken" beginTime="25.760" endTime="26.180"/>
      <word confidence="0.740" wordID="SIL" beginTime="26.180" endTime="26.190"/>
      <word confidence="0.962" wordID="negen" beginTime="26.190" endTime="26.500"/>
      <word confidence="1.000" wordID="nog" beginTime="26.500" endTime="26.620"/>
      <word confidence="0.924" wordID="maar" beginTime="26.620" endTime="26.740"/>
      <word confidence="1.000" wordID="eens" beginTime="26.740" endTime="26.870"/>
      <word confidence="1.000" wordID="iets" beginTime="26.870" endTime="27.000"/>
      <word confidence="1.000" wordID="op" beginTime="27.000" endTime="27.180"/>
      <word confidence="1.000" wordID="in" beginTime="27.180" endTime="27.260"/>
      <word confidence="1.000" wordID="een" beginTime="27.260" endTime="27.350"/>
      <word confidence="1.000" wordID="huis" beginTime="27.350" endTime="27.610"/>
      <word confidence="1.000" wordID="dat" beginTime="27.610" endTime="27.750"/>
      <word confidence="1.000" wordID="op" beginTime="27.750" endTime="27.850"/>
      <word confidence="0.880" wordID="de" beginTime="27.850" endTime="27.910"/>
      <word confidence="1.000" wordID="nominatie" beginTime="27.910" endTime="28.420"/>
      <word confidence="1.000" wordID="staat" beginTime="28.420" endTime="28.750"/>
      <word confidence="1.000" wordID="om" beginTime="28.750" endTime="28.870"/>
      <word confidence="0.991" wordID="afgebroken" beginTime="28.870" endTime="29.420"/>
      <word confidence="0.903" wordID="te" beginTime="29.420" endTime="29.500"/>
      <word confidence="0.958" wordID="worden" beginTime="29.500" endTime="29.760"/>
      <word confidence="0.750" wordID="SIL" beginTime="29.760" endTime="30.020"/>
    </wordsequence>
  </speech>
  <speech label="SPK01-009" begintime="30.04" endtime="32.63" >
    <wordsequence>
      <word confidence="0.750" wordID="SIL" beginTime="30.040" endTime="30.320"/>
      <word confidence="1.000" wordID="men" beginTime="30.320" endTime="30.490"/>
      <word confidence="1.000" wordID="vindt" beginTime="30.490" endTime="30.670"/>
      <word confidence="1.000" wordID="er" beginTime="30.670" endTime="30.740"/>
      <word confidence="1.000" wordID="nog" beginTime="30.740" endTime="30.850"/>
      <word confidence="1.000" wordID="wel" beginTime="30.850" endTime="30.980"/>
      <word confidence="1.000" wordID="een" beginTime="30.980" endTime="31.060"/>
      <word confidence="1.000" wordID="zijn" beginTime="31.060" endTime="31.250"/>
      <word confidence="0.726" wordID="SIL" beginTime="31.250" endTime="31.260"/>
      <word confidence="1.000" wordID="tijdelijk" beginTime="31.260" endTime="31.610"/>
      <word confidence="1.000" wordID="onderdak" beginTime="31.610" endTime="31.990"/>
      <word confidence="0.750" wordID="SIL" beginTime="31.990" endTime="32.340"/>
      <word confidence="1.000" wordID="maar" beginTime="32.340" endTime="32.630"/>
    </wordsequence>
  </speech>
  <speech label="SPK10-010" begintime="32.65" endtime="33.75" >
    <wordsequence>
      <word confidence="0.750" wordID="SIL" beginTime="32.650" endTime="32.840"/>
      <word confidence="0.903" wordID="hoe" beginTime="32.840" endTime="33.040"/>
      <word confidence="0.750" wordID="SIL" beginTime="33.040" endTime="33.750"/>
    </wordsequence>
  </speech>
  <speech label="SPK01-011" begintime="33.77" endtime="34.75" >
    <wordsequence>
      <word confidence="0.750" wordID="SIL" beginTime="33.770" endTime="33.780"/>
      <word confidence="0.655" wordID="de" beginTime="33.780" endTime="33.840"/>
      <word confidence="1.000" wordID="meeste" beginTime="33.840" endTime="34.180"/>
      <word confidence="0.979" wordID="studenten" beginTime="34.180" endTime="34.640"/>
      <word confidence="0.714" wordID="SIL" beginTime="34.640" endTime="34.650"/>
      <word confidence="1.000" wordID="is" beginTime="34.650" endTime="34.750"/>
    </wordsequence>
  </speech>
  <speech label="SPK10-012" begintime="34.77" endtime="35.75" >
    <wordsequence>
      <word confidence="0.750" wordID="SIL" beginTime="34.770" endTime="34.780"/>
      <word confidence="0.834" wordID="dat" beginTime="34.780" endTime="34.900"/>
      <word confidence="0.928" wordID="allang" beginTime="34.900" endTime="35.130"/>
      <word confidence="1.000" wordID="niet" beginTime="35.130" endTime="35.300"/>
      <word confidence="0.821" wordID="meer" beginTime="35.300" endTime="35.430"/>
      <word confidence="0.883" wordID="SIL" beginTime="35.430" endTime="35.440"/>
      <word confidence="0.999" wordID="kunnen" beginTime="35.440" endTime="35.600"/>
      <word confidence="1.000" wordID="ze" beginTime="35.600" endTime="35.750"/>
    </wordsequence>
  </speech>
  <speech label="SPK01-013" begintime="35.77" endtime="37.70" >
    <wordsequence>
      <word confidence="0.951" wordID="in" beginTime="35.770" endTime="35.920"/>
      <word confidence="1.000" wordID="of" beginTime="35.920" endTime="36.070"/>
      <word confidence="1.000" wordID="ze" beginTime="36.070" endTime="36.160"/>
      <word confidence="1.000" wordID="wel" beginTime="36.160" endTime="36.280"/>
      <word confidence="1.000" wordID="in" beginTime="36.280" endTime="36.400"/>
      <word confidence="1.000" wordID="een" beginTime="36.400" endTime="36.500"/>
      <word confidence="0.820" wordID="SIL" beginTime="36.500" endTime="36.510"/>
      <word confidence="1.000" wordID="waarde" beginTime="36.510" endTime="36.770"/>
      <word confidence="0.960" wordID="van" beginTime="36.770" endTime="36.880"/>
      <word confidence="0.894" wordID="de" beginTime="36.880" endTime="36.960"/>
      <word confidence="0.718" wordID="SIL" beginTime="36.960" endTime="36.970"/>
      <word confidence="0.994" wordID="huizen" beginTime="36.970" endTime="37.250"/>
      <word confidence="1.000" wordID="komen" beginTime="37.250" endTime="37.670"/>
      <word confidence="0.744" wordID="SIL" beginTime="37.670" endTime="37.700"/>
    </wordsequence>
  </speech>
  <speech label="SPK01-014" begintime="37.72" endtime="40.80" >
    <wordsequence>
      <word confidence="0.750" wordID="SIL" beginTime="37.720" endTime="37.890"/>
      <word confidence="1.000" wordID="maar" beginTime="37.890" endTime="38.120"/>
      <word confidence="0.739" wordID="SIL" beginTime="38.120" endTime="38.130"/>
      <word confidence="0.892" wordID="een" beginTime="38.130" endTime="38.280"/>
      <word confidence="1.000" wordID="heleboel" beginTime="38.280" endTime="38.710"/>
      <word confidence="1.000" wordID="gevallen" beginTime="38.710" endTime="39.140"/>
      <word confidence="0.749" wordID="SIL" beginTime="39.140" endTime="39.340"/>
      <word confidence="1.000" wordID="zitten" beginTime="39.340" endTime="39.560"/>
      <word confidence="1.000" wordID="zeven" beginTime="39.560" endTime="39.810"/>
      <word confidence="1.000" wordID="demoraliserende" beginTime="39.810" endTime="40.800"/>
    </wordsequence>
  </speech>
  <speech label="SPK01-015" begintime="40.82" endtime="44.67" >
    <wordsequence>
      <word confidence="0.959" wordID="voor" beginTime="40.820" endTime="40.990"/>
      <word confidence="0.958" wordID="de" beginTime="40.990" endTime="41.080"/>
      <word confidence="0.938" wordID="studie" beginTime="41.080" endTime="41.470"/>
      <word confidence="0.855" wordID="SIL" beginTime="41.470" endTime="41.500"/>
      <word confidence="1.000" wordID="afleidende" beginTime="41.500" endTime="42.000"/>
      <word confidence="1.000" wordID="rommelt" beginTime="42.000" endTime="42.410"/>
      <word confidence="1.000" wordID="SIL" beginTime="42.410" endTime="42.500"/>
      <word confidence="1.000" wordID="zich" beginTime="42.500" endTime="42.770"/>
      <word confidence="1.000" wordID="voor" beginTime="42.770" endTime="42.970"/>
      <word confidence="1.000" wordID="te" beginTime="42.970" endTime="43.070"/>
      <word confidence="1.000" wordID="bereiden" beginTime="43.070" endTime="43.520"/>
      <word confidence="0.740" wordID="SIL" beginTime="43.520" endTime="43.530"/>
      <word confidence="1.000" wordID="voor" beginTime="43.530" endTime="43.680"/>
      <word confidence="1.000" wordID="de" beginTime="43.680" endTime="43.760"/>
      <word confidence="1.000" wordID="maatschappij" beginTime="43.760" endTime="44.360"/>
      <word confidence="0.750" wordID="SIL" beginTime="44.360" endTime="44.670"/>
    </wordsequence>
  </speech>
  <speech label="SPK13-016" begintime="44.69" endtime="47.48" >
    <wordsequence>
      <word confidence="0.750" wordID="SIL" beginTime="44.690" endTime="44.930"/>
      <word confidence="0.803" wordID="ja" beginTime="44.930" endTime="45.340"/>
      <word confidence="0.742" wordID="SIL" beginTime="45.340" endTime="45.350"/>
      <word confidence="0.774" wordID="ja" beginTime="45.350" endTime="46.100"/>
      <word confidence="0.782" wordID="SIL" beginTime="46.100" endTime="46.200"/>
      <word confidence="0.793" wordID="ja" beginTime="46.200" endTime="46.680"/>
      <word confidence="0.742" wordID="SIL" beginTime="46.680" endTime="46.690"/>
      <word confidence="0.779" wordID="ja" beginTime="46.690" endTime="47.310"/>
      <word confidence="0.854" wordID="SIL" beginTime="47.310" endTime="47.480"/>
    </wordsequence>
  </speech>
  <speech label="SPK01-017" begintime="47.50" endtime="52.42" >
    <wordsequence>
      <word confidence="0.943" wordID="iedereen" beginTime="47.500" endTime="47.860"/>
      <word confidence="1.000" wordID="weet" beginTime="47.860" endTime="48.050"/>
      <word confidence="0.801" wordID="SIL" beginTime="48.050" endTime="48.060"/>
      <word confidence="1.000" wordID="dat" beginTime="48.060" endTime="48.220"/>
      <word confidence="1.000" wordID="er" beginTime="48.220" endTime="48.290"/>
      <word confidence="1.000" wordID="iets" beginTime="48.290" endTime="48.470"/>
      <word confidence="1.000" wordID="aan" beginTime="48.470" endTime="48.600"/>
      <word confidence="1.000" wordID="moet" beginTime="48.600" endTime="48.750"/>
      <word confidence="1.000" wordID="gebeuren" beginTime="48.750" endTime="49.220"/>
      <word confidence="0.978" wordID="SIL" beginTime="49.220" endTime="49.410"/>
      <word confidence="0.995" wordID="en" beginTime="49.410" endTime="49.540"/>
      <word confidence="0.831" wordID="uh" beginTime="49.540" endTime="49.570"/>
      <word confidence="1.000" wordID="wordt" beginTime="49.570" endTime="49.730"/>
      <word confidence="1.000" wordID="ook" beginTime="49.730" endTime="49.860"/>
      <word confidence="1.000" wordID="zeker" beginTime="49.860" endTime="50.170"/>
      <word confidence="1.000" wordID="gewerkt" beginTime="50.170" endTime="50.600"/>
      <word confidence="1.000" wordID="aan" beginTime="50.600" endTime="50.690"/>
      <word confidence="0.964" wordID="de" beginTime="50.690" endTime="50.760"/>
      <word confidence="1.000" wordID="oprichting" beginTime="50.760" endTime="51.290"/>
      <word confidence="1.000" wordID="van" beginTime="51.290" endTime="51.460"/>
      <word confidence="1.000" wordID="studenten" beginTime="51.460" endTime="51.880"/>
      <word confidence="0.948" wordID="dan" beginTime="51.880" endTime="52.060"/>
      <word confidence="0.743" wordID="SIL" beginTime="52.060" endTime="52.070"/>
      <word confidence="1.000" wordID="waar" beginTime="52.070" endTime="52.240"/>
      <word confidence="1.000" wordID="ze" beginTime="52.240" endTime="52.390"/>
      <word confidence="0.743" wordID="SIL" beginTime="52.390" endTime="52.420"/>
    </wordsequence>
  </speech>
  <speech label="SPK01-018" begintime="52.44" endtime="57.85" >
    <wordsequence>
      <word confidence="0.750" wordID="SIL" beginTime="52.440" endTime="52.540"/>
      <word confidence="1.000" wordID="als" beginTime="52.540" endTime="52.750"/>
      <word confidence="1.000" wordID="de" beginTime="52.750" endTime="52.840"/>
      <word confidence="1.000" wordID="amsterdamse" beginTime="52.840" endTime="53.400"/>
      <word confidence="1.000" wordID="kan" beginTime="53.400" endTime="53.620"/>
      <word confidence="1.000" wordID="zaken" beginTime="53.620" endTime="54.020"/>
      <word confidence="0.978" wordID="die" beginTime="54.020" endTime="54.180"/>
      <word confidence="0.980" wordID="niet" beginTime="54.180" endTime="54.430"/>
      <word confidence="0.857" wordID="aan" beginTime="54.430" endTime="54.570"/>
      <word confidence="0.745" wordID="SIL" beginTime="54.570" endTime="54.600"/>
      <word confidence="0.951" wordID="die" beginTime="54.600" endTime="54.900"/>
      <word confidence="0.736" wordID="SIL" beginTime="54.900" endTime="54.910"/>
      <word confidence="1.000" wordID="voor" beginTime="54.910" endTime="55.030"/>
      <word confidence="1.000" wordID="degenen" beginTime="55.030" endTime="55.350"/>
      <word confidence="0.973" wordID="die" beginTime="55.350" endTime="55.520"/>
      <word confidence="0.739" wordID="SIL" beginTime="55.520" endTime="55.530"/>
      <word confidence="1.000" wordID="betalen" beginTime="55.530" endTime="55.900"/>
      <word confidence="1.000" wordID="kunnen" beginTime="55.900" endTime="56.250"/>
      <word confidence="0.745" wordID="SIL" beginTime="56.250" endTime="56.330"/>
      <word confidence="0.948" wordID="en" beginTime="56.330" endTime="56.430"/>
      <word confidence="1.000" wordID="dat" beginTime="56.430" endTime="56.530"/>
      <word confidence="1.000" wordID="zich" beginTime="56.530" endTime="56.690"/>
      <word confidence="0.910" wordID="een" beginTime="56.690" endTime="56.820"/>
      <word confidence="0.730" wordID="SIL" beginTime="56.820" endTime="56.830"/>
      <word confidence="1.000" wordID="kamer" beginTime="56.830" endTime="57.120"/>
      <word confidence="0.743" wordID="SIL" beginTime="57.120" endTime="57.140"/>
      <word confidence="1.000" wordID="kunnen" beginTime="57.140" endTime="57.310"/>
      <word confidence="1.000" wordID="verwerven" beginTime="57.310" endTime="57.810"/>
      <word confidence="0.746" wordID="SIL" beginTime="57.810" endTime="57.850"/>
    </wordsequence>
  </speech>
  <speech label="SPK01-019" begintime="57.88" endtime="63.39" >
    <wordsequence>
      <word confidence="0.750" wordID="SIL" beginTime="57.880" endTime="58.010"/>
      <word confidence="0.951" wordID="een" beginTime="58.010" endTime="58.130"/>
      <word confidence="1.000" wordID="soort" beginTime="58.130" endTime="58.350"/>
      <word confidence="0.736" wordID="SIL" beginTime="58.350" endTime="58.360"/>
      <word confidence="1.000" wordID="van" beginTime="58.360" endTime="58.520"/>
      <word confidence="1.000" wordID="toekomstvisioen" beginTime="58.520" endTime="59.360"/>
      <word confidence="1.000" wordID="is" beginTime="59.360" endTime="59.550"/>
      <word confidence="1.000" wordID="van" beginTime="59.550" endTime="59.840"/>
      <word confidence="0.745" wordID="SIL" beginTime="59.840" endTime="59.860"/>
      <word confidence="1.000" wordID="aangename" beginTime="59.860" endTime="60.370"/>
      <word confidence="1.000" wordID="huisvesting" beginTime="60.370" endTime="60.990"/>
      <word confidence="0.749" wordID="SIL" beginTime="60.990" endTime="61.270"/>
      <word confidence="1.000" wordID="in" beginTime="61.270" endTime="61.390"/>
      <word confidence="1.000" wordID="overeenstemming" beginTime="61.390" endTime="62.010"/>
      <word confidence="0.994" wordID="met" beginTime="62.010" endTime="62.130"/>
      <word confidence="1.000" wordID="het" beginTime="62.130" endTime="62.210"/>
      <word confidence="1.000" wordID="belang" beginTime="62.210" endTime="62.500"/>
      <word confidence="1.000" wordID="van" beginTime="62.500" endTime="62.640"/>
      <word confidence="1.000" wordID="studeren" beginTime="62.640" endTime="63.150"/>
      <word confidence="0.954" wordID="een" beginTime="63.150" endTime="63.390"/>
    </wordsequence>
  </speech>
  <speech label="SPK01-020" begintime="63.41" endtime="64.74" >
    <wordsequence>
      <word confidence="0.794" wordID="een" beginTime="63.410" endTime="63.510"/>
      <word confidence="1.000" wordID="rustige" beginTime="63.510" endTime="63.860"/>
      <word confidence="0.960" wordID="omgeving" beginTime="63.860" endTime="64.420"/>
      <word confidence="0.923" wordID="SIL" beginTime="64.420" endTime="64.740"/>
    </wordsequence>
  </speech>
  <speech label="SPK03-021" begintime="64.76" endtime="68.52" >
    <wordsequence>
      <word confidence="0.750" wordID="SIL" beginTime="64.760" endTime="64.780"/>
      <word confidence="0.776" wordID="ja" beginTime="64.780" endTime="65.470"/>
      <word confidence="0.750" wordID="SIL" beginTime="65.470" endTime="65.970"/>
      <word confidence="0.798" wordID="ja" beginTime="65.970" endTime="66.340"/>
      <word confidence="0.746" wordID="SIL" beginTime="66.340" endTime="66.360"/>
      <word confidence="0.757" wordID="ja" beginTime="66.360" endTime="66.710"/>
      <word confidence="0.705" wordID="SIL" beginTime="66.710" endTime="66.720"/>
      <word confidence="0.762" wordID="er" beginTime="66.720" endTime="67.270"/>
      <word confidence="0.648" wordID="SIL" beginTime="67.270" endTime="67.280"/>
      <word confidence="0.789" wordID="is" beginTime="67.280" endTime="67.410"/>
      <word confidence="0.643" wordID="SIL" beginTime="67.410" endTime="67.420"/>
      <word confidence="0.888" wordID="john" beginTime="67.420" endTime="68.050"/>
      <word confidence="0.743" wordID="SIL" beginTime="68.050" endTime="68.520"/>
    </wordsequence>
  </speech>
  <speech label="SPK01-022" begintime="68.54" endtime="70.69" >
    <wordsequence>
      <word confidence="0.902" wordID="er" beginTime="68.540" endTime="68.640"/>
      <word confidence="1.000" wordID="zijn" beginTime="68.640" endTime="68.880"/>
      <word confidence="1.000" wordID="meer" beginTime="68.880" endTime="69.140"/>
      <word confidence="1.000" wordID="van" beginTime="69.140" endTime="69.310"/>
      <word confidence="1.000" wordID="dergelijke" beginTime="69.310" endTime="69.720"/>
      <word confidence="1.000" wordID="de" beginTime="69.720" endTime="69.810"/>
      <word confidence="1.000" wordID="huizen" beginTime="69.810" endTime="70.120"/>
      <word confidence="0.987" wordID="in" beginTime="70.120" endTime="70.270"/>
      <word confidence="0.724" wordID="SIL" beginTime="70.270" endTime="70.280"/>
      <word confidence="1.000" wordID="aanbouw" beginTime="70.280" endTime="70.690"/>
    </wordsequence>
  </speech>
  <speech label="SPK01-023" begintime="70.71" endtime="75.50" >
    <wordsequence>
      <word confidence="0.750" wordID="SIL" beginTime="70.710" endTime="70.770"/>
      <word confidence="1.000" wordID="maar" beginTime="70.770" endTime="70.910"/>
      <word confidence="1.000" wordID="nog" beginTime="70.910" endTime="71.040"/>
      <word confidence="1.000" wordID="altijd" beginTime="71.040" endTime="71.390"/>
      <word confidence="1.000" wordID="leveren" beginTime="71.390" endTime="71.770"/>
      <word confidence="1.000" wordID="die" beginTime="71.770" endTime="71.870"/>
      <word confidence="1.000" wordID="op" beginTime="71.870" endTime="72.000"/>
      <word confidence="1.000" wordID="z&apos;n" beginTime="72.000" endTime="72.110"/>
      <word confidence="1.000" wordID="hoogst" beginTime="72.110" endTime="72.460"/>
      <word confidence="0.906" wordID="enige" beginTime="72.460" endTime="72.690"/>
      <word confidence="0.971" wordID="honderden" beginTime="72.690" endTime="73.150"/>
      <word confidence="1.000" wordID="kamers" beginTime="73.150" endTime="73.490"/>
      <word confidence="1.000" wordID="op" beginTime="73.490" endTime="73.690"/>
      <word confidence="0.924" wordID="SIL" beginTime="73.690" endTime="73.900"/>
      <word confidence="1.000" wordID="terwijl" beginTime="73.900" endTime="74.120"/>
      <word confidence="1.000" wordID="er" beginTime="74.120" endTime="74.200"/>
      <word confidence="1.000" wordID="duizenden" beginTime="74.200" endTime="74.660"/>
      <word confidence="1.000" wordID="nodig" beginTime="74.660" endTime="75.000"/>
      <word confidence="1.000" wordID="zijn" beginTime="75.000" endTime="75.310"/>
      <word confidence="0.749" wordID="SIL" beginTime="75.310" endTime="75.500"/>
    </wordsequence>
  </speech>
  <speech label="SPK01-024" begintime="75.52" endtime="81.66" >
    <wordsequence>
      <word confidence="0.750" wordID="SIL" beginTime="75.520" endTime="75.840"/>
      <word confidence="1.000" wordID="daarom" beginTime="75.840" endTime="76.220"/>
      <word confidence="1.000" wordID="zijn" beginTime="76.220" endTime="76.370"/>
      <word confidence="1.000" wordID="de" beginTime="76.370" endTime="76.440"/>
      <word confidence="1.000" wordID="amsterdamse" beginTime="76.440" endTime="76.960"/>
      <word confidence="1.000" wordID="studenten" beginTime="76.960" endTime="77.430"/>
      <word confidence="1.000" wordID="dit" beginTime="77.430" endTime="77.570"/>
      <word confidence="1.000" wordID="jaar" beginTime="77.570" endTime="77.730"/>
      <word confidence="1.000" wordID="opnieuw" beginTime="77.730" endTime="78.040"/>
      <word confidence="1.000" wordID="een" beginTime="78.040" endTime="78.110"/>
      <word confidence="1.000" wordID="actie" beginTime="78.110" endTime="78.400"/>
      <word confidence="1.000" wordID="begonnen" beginTime="78.400" endTime="78.750"/>
      <word confidence="0.749" wordID="SIL" beginTime="78.750" endTime="78.930"/>
      <word confidence="0.930" wordID="om" beginTime="78.930" endTime="79.160"/>
      <word confidence="0.734" wordID="SIL" beginTime="79.160" endTime="79.170"/>
      <word confidence="1.000" wordID="kamers" beginTime="79.170" endTime="79.540"/>
      <word confidence="1.000" wordID="los" beginTime="79.540" endTime="79.710"/>
      <word confidence="1.000" wordID="te" beginTime="79.710" endTime="79.810"/>
      <word confidence="1.000" wordID="weken" beginTime="79.810" endTime="80.080"/>
      <word confidence="1.000" wordID="uit" beginTime="80.080" endTime="80.210"/>
      <word confidence="1.000" wordID="de" beginTime="80.210" endTime="80.270"/>
      <word confidence="1.000" wordID="straten" beginTime="80.270" endTime="80.740"/>
      <word confidence="1.000" wordID="vol" beginTime="80.740" endTime="80.940"/>
      <word confidence="1.000" wordID="mensen" beginTime="80.940" endTime="81.390"/>
      <word confidence="0.749" wordID="SIL" beginTime="81.390" endTime="81.660"/>
    </wordsequence>
  </speech>
  <speech label="SPK01-025" begintime="81.68" endtime="86.56" >
    <wordsequence>
      <word confidence="0.750" wordID="SIL" beginTime="81.680" endTime="81.760"/>
      <word confidence="0.985" wordID="die" beginTime="81.760" endTime="81.850"/>
      <word confidence="1.000" wordID="desnoods" beginTime="81.850" endTime="82.240"/>
      <word confidence="1.000" wordID="nog" beginTime="82.240" endTime="82.370"/>
      <word confidence="1.000" wordID="enige" beginTime="82.370" endTime="82.630"/>
      <word confidence="1.000" wordID="ruimte" beginTime="82.630" endTime="82.960"/>
      <word confidence="1.000" wordID="kunnen" beginTime="82.960" endTime="83.120"/>
      <word confidence="1.000" wordID="afstaan" beginTime="83.120" endTime="83.600"/>
      <word confidence="1.000" wordID="voor" beginTime="83.600" endTime="83.750"/>
      <word confidence="1.000" wordID="een" beginTime="83.750" endTime="83.810"/>
      <word confidence="1.000" wordID="student" beginTime="83.810" endTime="84.330"/>
      <word confidence="0.749" wordID="SIL" beginTime="84.330" endTime="84.560"/>
      <word confidence="1.000" wordID="en" beginTime="84.560" endTime="84.720"/>
      <word confidence="1.000" wordID="daarmee" beginTime="84.720" endTime="85.060"/>
      <word confidence="1.000" wordID="voor" beginTime="85.060" endTime="85.250"/>
      <word confidence="1.000" wordID="een" beginTime="85.250" endTime="85.310"/>
      <word confidence="0.972" wordID="stuk" beginTime="85.310" endTime="85.560"/>
      <word confidence="0.747" wordID="SIL" beginTime="85.560" endTime="85.620"/>
      <word confidence="1.000" wordID="toekomst" beginTime="85.620" endTime="86.120"/>
      <word confidence="0.744" wordID="SIL" beginTime="86.120" endTime="86.130"/>
      <word confidence="1.000" wordID="van" beginTime="86.130" endTime="86.280"/>
      <word confidence="1.000" wordID="het" beginTime="86.280" endTime="86.370"/>
      <word confidence="1.000" wordID="land" beginTime="86.370" endTime="86.560"/>
    </wordsequence>
  </speech>
  <speech label="SPK13-026" begintime="86.58" endtime="90.79" >
    <wordsequence>
      <word confidence="0.749" wordID="SIL" beginTime="86.580" endTime="86.820"/>
      <word confidence="0.761" wordID="ja" beginTime="86.820" endTime="87.490"/>
      <word confidence="0.739" wordID="SIL" beginTime="87.490" endTime="87.500"/>
      <word confidence="0.800" wordID="zo" beginTime="87.500" endTime="87.850"/>
      <word confidence="0.768" wordID="SIL" beginTime="87.850" endTime="88.030"/>
      <word confidence="0.796" wordID="is" beginTime="88.030" endTime="88.230"/>
      <word confidence="0.814" wordID="er" beginTime="88.230" endTime="88.410"/>
      <word confidence="0.738" wordID="SIL" beginTime="88.410" endTime="88.530"/>
      <word confidence="0.822" wordID="een" beginTime="88.530" endTime="88.720"/>
      <word confidence="0.838" wordID="SIL" beginTime="88.720" endTime="88.740"/>
      <word confidence="0.766" wordID="ja" beginTime="88.740" endTime="90.070"/>
      <word confidence="0.753" wordID="SIL" beginTime="90.070" endTime="90.410"/>
      <word confidence="0.835" wordID="een" beginTime="90.410" endTime="90.640"/>
      <word confidence="0.785" wordID="SIL" beginTime="90.640" endTime="90.790"/>
    </wordsequence>
  </speech>
  <speech label="SPK01-027" begintime="90.81" endtime="94.62" >
    <wordsequence>
      <word confidence="0.932" wordID="op" beginTime="90.810" endTime="90.930"/>
      <word confidence="0.954" wordID="de" beginTime="90.930" endTime="91.020"/>
      <word confidence="1.000" wordID="dam" beginTime="91.020" endTime="91.310"/>
      <word confidence="1.000" wordID="zouden" beginTime="91.310" endTime="91.570"/>
      <word confidence="1.000" wordID="studenten" beginTime="91.570" endTime="92.120"/>
      <word confidence="0.923" wordID="in" beginTime="92.120" endTime="92.280"/>
      <word confidence="1.000" wordID="SIL" beginTime="92.280" endTime="92.290"/>
      <word confidence="0.954" wordID="het" beginTime="92.290" endTime="92.360"/>
      <word confidence="1.000" wordID="om" beginTime="92.360" endTime="92.630"/>
      <word confidence="0.767" wordID="SIL" beginTime="92.630" endTime="92.640"/>
      <word confidence="1.000" wordID="om" beginTime="92.640" endTime="92.760"/>
      <word confidence="0.893" wordID="de" beginTime="92.760" endTime="92.890"/>
      <word confidence="0.791" wordID="SIL" beginTime="92.890" endTime="92.900"/>
      <word confidence="0.917" wordID="droevige" beginTime="92.900" endTime="93.240"/>
      <word confidence="1.000" wordID="toestand" beginTime="93.240" endTime="93.710"/>
      <word confidence="0.890" wordID="te" beginTime="93.710" endTime="93.780"/>
      <word confidence="0.958" wordID="symboliseren" beginTime="93.780" endTime="94.570"/>
      <word confidence="1.000" wordID="SIL" beginTime="94.570" endTime="94.620"/>
    </wordsequence>
  </speech>
  <speech label="SPK01-028" begintime="94.64" endtime="98.42" >
    <wordsequence>
      <word confidence="0.750" wordID="SIL" beginTime="94.640" endTime="94.970"/>
      <word confidence="1.000" wordID="zo" beginTime="94.970" endTime="95.240"/>
      <word confidence="0.735" wordID="SIL" beginTime="95.240" endTime="95.250"/>
      <word confidence="1.000" wordID="proberen" beginTime="95.250" endTime="95.700"/>
      <word confidence="1.000" wordID="de" beginTime="95.700" endTime="95.790"/>
      <word confidence="1.000" wordID="studenten" beginTime="95.790" endTime="96.240"/>
      <word confidence="1.000" wordID="de" beginTime="96.240" endTime="96.330"/>
      <word confidence="1.000" wordID="aandacht" beginTime="96.330" endTime="96.690"/>
      <word confidence="1.000" wordID="te" beginTime="96.690" endTime="96.760"/>
      <word confidence="1.000" wordID="vestigen" beginTime="96.760" endTime="97.170"/>
      <word confidence="1.000" wordID="op" beginTime="97.170" endTime="97.300"/>
      <word confidence="0.738" wordID="SIL" beginTime="97.300" endTime="97.310"/>
      <word confidence="0.919" wordID="een" beginTime="97.310" endTime="97.440"/>
      <word confidence="0.745" wordID="SIL" beginTime="97.440" endTime="97.470"/>
      <word confidence="1.000" wordID="ernstige" beginTime="97.470" endTime="97.940"/>
      <word confidence="0.967" wordID="problemen" beginTime="97.940" endTime="98.420"/>
    </wordsequence>
  </speech>
  <speech label="SPK01-029" begintime="98.44" endtime="101.19" >
    <wordsequence>
      <word confidence="0.750" wordID="SIL" beginTime="98.440" endTime="98.800"/>
      <word confidence="1.000" wordID="gewoon" beginTime="98.800" endTime="99.150"/>
      <word confidence="1.000" wordID="maar" beginTime="99.150" endTime="99.360"/>
      <word confidence="1.000" wordID="ergens" beginTime="99.360" endTime="99.620"/>
      <word confidence="0.938" wordID="te" beginTime="99.620" endTime="99.710"/>
      <word confidence="1.000" wordID="kunnen" beginTime="99.710" endTime="99.890"/>
      <word confidence="1.000" wordID="zitten" beginTime="99.890" endTime="100.210"/>
      <word confidence="0.749" wordID="SIL" beginTime="100.210" endTime="100.400"/>
      <word confidence="1.000" wordID="om" beginTime="100.400" endTime="100.530"/>
      <word confidence="1.000" wordID="te" beginTime="100.530" endTime="100.640"/>
      <word confidence="0.842" wordID="werken" beginTime="100.640" endTime="101.080"/>
      <word confidence="0.748" wordID="SIL" beginTime="101.080" endTime="101.190"/>
    </wordsequence>
  </speech>
  <speech label="SPK01-030" begintime="101.22" endtime="105.74" >
    <wordsequence>
      <word confidence="0.750" wordID="SIL" beginTime="101.220" endTime="101.530"/>
      <word confidence="1.000" wordID="gewoon" beginTime="101.530" endTime="101.850"/>
      <word confidence="1.000" wordID="maar" beginTime="101.850" endTime="102.000"/>
      <word confidence="0.975" wordID="een" beginTime="102.000" endTime="102.100"/>
      <word confidence="1.000" wordID="kamer" beginTime="102.100" endTime="102.440"/>
      <word confidence="0.976" wordID="hebben" beginTime="102.440" endTime="102.620"/>
      <word confidence="0.967" wordID="om" beginTime="102.620" endTime="102.740"/>
      <word confidence="0.895" wordID="te" beginTime="102.740" endTime="102.840"/>
      <word confidence="1.000" wordID="slapen" beginTime="102.840" endTime="103.250"/>
      <word confidence="1.000" wordID="en" beginTime="103.250" endTime="103.360"/>
      <word confidence="0.997" wordID="te" beginTime="103.360" endTime="103.430"/>
      <word confidence="0.967" wordID="studeren" beginTime="103.430" endTime="104.020"/>
      <word confidence="0.749" wordID="SIL" beginTime="104.020" endTime="104.310"/>
      <word confidence="1.000" wordID="en" beginTime="104.310" endTime="104.420"/>
      <word confidence="1.000" wordID="om" beginTime="104.420" endTime="104.520"/>
      <word confidence="1.000" wordID="als" beginTime="104.520" endTime="104.820"/>
      <word confidence="0.747" wordID="SIL" beginTime="104.820" endTime="104.860"/>
      <word confidence="0.949" wordID="de" beginTime="104.860" endTime="104.960"/>
      <word confidence="0.814" wordID="uit" beginTime="104.960" endTime="105.210"/>
      <word confidence="0.749" wordID="SIL" beginTime="105.210" endTime="105.310"/>
      <word confidence="1.000" wordID="te" beginTime="105.310" endTime="105.400"/>
      <word confidence="1.000" wordID="bestaan" beginTime="105.400" endTime="105.740"/>
    </wordsequence>
  </speech>
  <speech label="SPK15-031" begintime="105.76" endtime="109.76" >
    <wordsequence>
      <word confidence="0.747" wordID="ja" beginTime="105.760" endTime="106.690"/>
      <word confidence="0.790" wordID="SIL" beginTime="106.690" endTime="106.760"/>
      <word confidence="0.804" wordID="ja" beginTime="106.760" endTime="107.170"/>
      <word confidence="0.770" wordID="SIL" beginTime="107.170" endTime="107.260"/>
      <word confidence="0.781" wordID="ja" beginTime="107.260" endTime="109.160"/>
      <word confidence="0.835" wordID="SIL" beginTime="109.160" endTime="109.240"/>
      <word confidence="0.740" wordID="ja" beginTime="109.240" endTime="109.610"/>
      <word confidence="0.786" wordID="SIL" beginTime="109.610" endTime="109.760"/>
    </wordsequence>
  </speech>
  <speech label="SPK16-032" begintime="109.78" endtime="112.30" >
    <wordsequence>
      <word confidence="0.783" wordID="ja" beginTime="109.780" endTime="111.820"/>
      <word confidence="0.768" wordID="SIL" beginTime="111.820" endTime="111.980"/>
      <word confidence="0.805" wordID="er" beginTime="111.980" endTime="112.300"/>
    </wordsequence>
  </speech>

  </segments>
</shout_metadata>
