<?xml version="1.0" encoding="UTF-8"?>
<!--
  ##################################################################################################
  ###                      This transcription is automatically generated by                      ###
  ###                              X-MI, Cross-Media interaction                                 ###
  ###                                    http://x-mi.nl                                          ###
  ##################################################################################################
-->
<shout_metadata>
  <model_info>
    <version>Standaard systeem 28-02-2012</version>
    <description>Academia</description>
  </model_info>
  <segments>
  <speech label="SPK01-001" begintime="0.00" endtime="4.61" >
    <wordsequence>
      <word confidence="0.910" wordID="tik" beginTime="0.000" endTime="0.170"/>
      <word confidence="0.753" wordID="le" beginTime="0.170" endTime="4.610"/>
    </wordsequence>
  </speech>
  <speech label="SPK01-002" begintime="4.63" endtime="7.63" >
    <wordsequence>
      <word confidence="0.748" wordID="ja" beginTime="4.630" endTime="7.630"/>
    </wordsequence>
  </speech>
  <speech label="SPK01-003" begintime="7.65" endtime="11.80" >
    <wordsequence>
      <word confidence="0.708" wordID="SIL" beginTime="7.650" endTime="7.710"/>
      <word confidence="0.758" wordID="glen" beginTime="7.710" endTime="11.800"/>
    </wordsequence>
  </speech>
  <speech label="SPK01-004" begintime="11.82" endtime="15.45" >
    <wordsequence>
      <word confidence="0.710" wordID="SIL" beginTime="11.820" endTime="11.900"/>
      <word confidence="0.755" wordID="glenn" beginTime="11.900" endTime="15.450"/>
    </wordsequence>
  </speech>
  <speech label="SPK01-005" begintime="15.47" endtime="18.35" >
    <wordsequence>
      <word confidence="0.747" wordID="het" beginTime="15.470" endTime="15.790"/>
      <word confidence="0.741" wordID="SIL" beginTime="15.790" endTime="15.810"/>
      <word confidence="0.762" wordID="glazen" beginTime="15.810" endTime="18.350"/>
    </wordsequence>
  </speech>
  <speech label="SPK01-006" begintime="18.37" endtime="21.32" >
    <wordsequence>
      <word confidence="0.710" wordID="SIL" beginTime="18.370" endTime="18.420"/>
      <word confidence="0.751" wordID="ik" beginTime="18.420" endTime="18.560"/>
      <word confidence="0.761" wordID="lag" beginTime="18.560" endTime="21.320"/>
    </wordsequence>
  </speech>
  <speech label="SPK01-007" begintime="21.34" endtime="27.12" >
    <wordsequence>
      <word confidence="0.754" wordID="glenn" beginTime="21.340" endTime="27.120"/>
    </wordsequence>
  </speech>
  <speech label="SPK01-008" begintime="27.14" endtime="29.91" >
    <wordsequence>
      <word confidence="0.721" wordID="SIL" beginTime="27.140" endTime="27.250"/>
      <word confidence="0.781" wordID="ik" beginTime="27.250" endTime="27.610"/>
      <word confidence="0.757" wordID="lag" beginTime="27.610" endTime="29.810"/>
      <word confidence="0.753" wordID="SIL" beginTime="29.810" endTime="29.910"/>
    </wordsequence>
  </speech>
  <speech label="SPK01-009" begintime="29.93" endtime="34.53" >
    <wordsequence>
      <word confidence="0.754" wordID="ja" beginTime="29.930" endTime="32.820"/>
      <word confidence="0.669" wordID="SIL" beginTime="32.820" endTime="32.830"/>
      <word confidence="0.759" wordID="ik" beginTime="32.830" endTime="34.510"/>
      <word confidence="0.783" wordID="SIL" beginTime="34.510" endTime="34.530"/>
    </wordsequence>
  </speech>
  <speech label="SPK01-010" begintime="34.55" endtime="38.45" >
    <wordsequence>
      <word confidence="0.755" wordID="glenn" beginTime="34.550" endTime="38.450"/>
    </wordsequence>
  </speech>
  <speech label="SPK01-011" begintime="38.47" endtime="41.68" >
    <wordsequence>
      <word confidence="0.749" wordID="ja" beginTime="38.470" endTime="41.680"/>
    </wordsequence>
  </speech>
  <speech label="SPK01-012" begintime="41.70" endtime="46.47" >
    <wordsequence>
      <word confidence="0.753" wordID="ja" beginTime="41.700" endTime="46.360"/>
      <word confidence="0.739" wordID="SIL" beginTime="46.360" endTime="46.470"/>
    </wordsequence>
  </speech>
  <speech label="SPK01-013" begintime="46.49" endtime="50.02" >
    <wordsequence>
      <word confidence="0.691" wordID="SIL" beginTime="46.490" endTime="46.560"/>
      <word confidence="0.759" wordID="glenn" beginTime="46.560" endTime="50.020"/>
    </wordsequence>
  </speech>

  </segments>
</shout_metadata>
