<?xml version="1.0" encoding="UTF-8"?>
<!--
  ##################################################################################################
  ###                      This transcription is automatically generated by                      ###
  ###                              X-MI, Cross-Media interaction                                 ###
  ###                                    http://x-mi.nl                                          ###
  ##################################################################################################
-->
<shout_metadata>
  <model_info>
    <version>Standaard systeem 28-02-2012</version>
    <description>Academia</description>
  </model_info>
  <segments>
  <speech label="SPK01-001" begintime="0.00" endtime="1.67" >
    <wordsequence>
      <word confidence="0.750" wordID="SIL" beginTime="0.000" endTime="1.670"/>
    </wordsequence>
  </speech>
  <speech label="SPK01-002" begintime="1.70" endtime="7.80" >
    <wordsequence>
      <word confidence="0.750" wordID="SIL" beginTime="1.700" endTime="2.060"/>
      <word confidence="0.933" wordID="het" beginTime="2.060" endTime="2.250"/>
      <word confidence="1.000" wordID="koninklijk" beginTime="2.250" endTime="2.660"/>
      <word confidence="1.000" wordID="instituut" beginTime="2.660" endTime="3.100"/>
      <word confidence="1.000" wordID="voor" beginTime="3.100" endTime="3.240"/>
      <word confidence="1.000" wordID="de" beginTime="3.240" endTime="3.340"/>
      <word confidence="1.000" wordID="tropen" beginTime="3.340" endTime="3.760"/>
      <word confidence="0.974" wordID="in" beginTime="3.760" endTime="3.860"/>
      <word confidence="1.000" wordID="amsterdam" beginTime="3.860" endTime="4.430"/>
      <word confidence="0.746" wordID="SIL" beginTime="4.430" endTime="4.680"/>
      <word confidence="1.000" wordID="heeft" beginTime="4.680" endTime="4.860"/>
      <word confidence="1.000" wordID="een" beginTime="4.860" endTime="4.950"/>
      <word confidence="1.000" wordID="eigen" beginTime="4.950" endTime="5.280"/>
      <word confidence="0.735" wordID="SIL" beginTime="5.280" endTime="5.290"/>
      <word confidence="1.000" wordID="campus" beginTime="5.290" endTime="5.680"/>
      <word confidence="1.000" wordID="gekregen" beginTime="5.680" endTime="6.150"/>
      <word confidence="1.000" wordID="voor" beginTime="6.150" endTime="6.320"/>
      <word confidence="1.000" wordID="mensen" beginTime="6.320" endTime="6.610"/>
      <word confidence="1.000" wordID="naar" beginTime="6.610" endTime="6.750"/>
      <word confidence="1.000" wordID="binnen" beginTime="6.750" endTime="7.050"/>
      <word confidence="1.000" wordID="en" beginTime="7.050" endTime="7.150"/>
      <word confidence="1.000" wordID="buitenland" beginTime="7.150" endTime="7.690"/>
      <word confidence="0.821" wordID="SIL" beginTime="7.690" endTime="7.800"/>
    </wordsequence>
  </speech>
  <speech label="SPK01-003" begintime="7.83" endtime="11.48" >
    <wordsequence>
      <word confidence="0.750" wordID="SIL" beginTime="7.830" endTime="8.060"/>
      <word confidence="1.000" wordID="hier" beginTime="8.060" endTime="8.310"/>
      <word confidence="1.000" wordID="worden" beginTime="8.310" endTime="8.550"/>
      <word confidence="1.000" wordID="opgeleid" beginTime="8.550" endTime="9.050"/>
      <word confidence="0.748" wordID="SIL" beginTime="9.050" endTime="9.170"/>
      <word confidence="1.000" wordID="voor" beginTime="9.170" endTime="9.330"/>
      <word confidence="1.000" wordID="een" beginTime="9.330" endTime="9.410"/>
      <word confidence="1.000" wordID="taak" beginTime="9.410" endTime="9.690"/>
      <word confidence="1.000" wordID="in" beginTime="9.690" endTime="9.780"/>
      <word confidence="1.000" wordID="de" beginTime="9.780" endTime="9.840"/>
      <word confidence="1.000" wordID="ontwikkelingssamenwerking" beginTime="9.840" endTime="11.070"/>
      <word confidence="0.757" wordID="SIL" beginTime="11.070" endTime="11.480"/>
    </wordsequence>
  </speech>
  <speech label="SPK01-004" begintime="11.61" endtime="17.74" >
    <wordsequence>
      <word confidence="0.750" wordID="SIL" beginTime="11.610" endTime="12.090"/>
      <word confidence="1.000" wordID="een" beginTime="12.090" endTime="12.210"/>
      <word confidence="1.000" wordID="belangrijk" beginTime="12.210" endTime="12.620"/>
      <word confidence="1.000" wordID="onderdeel" beginTime="12.620" endTime="13.060"/>
      <word confidence="1.000" wordID="van" beginTime="13.060" endTime="13.170"/>
      <word confidence="1.000" wordID="de" beginTime="13.170" endTime="13.240"/>
      <word confidence="1.000" wordID="opleiding" beginTime="13.240" endTime="13.640"/>
      <word confidence="1.000" wordID="van" beginTime="13.640" endTime="13.780"/>
      <word confidence="1.000" wordID="nederlandse" beginTime="13.780" endTime="14.190"/>
      <word confidence="1.000" wordID="vrijwilligers" beginTime="14.190" endTime="14.800"/>
      <word confidence="0.749" wordID="SIL" beginTime="14.800" endTime="15.070"/>
      <word confidence="1.000" wordID="is" beginTime="15.070" endTime="15.230"/>
      <word confidence="1.000" wordID="het" beginTime="15.230" endTime="15.370"/>
      <word confidence="1.000" wordID="onderricht" beginTime="15.370" endTime="15.890"/>
      <word confidence="0.748" wordID="SIL" beginTime="15.890" endTime="15.920"/>
      <word confidence="0.961" wordID="in" beginTime="15.920" endTime="16.130"/>
      <word confidence="1.000" wordID="de" beginTime="16.130" endTime="16.210"/>
      <word confidence="1.000" wordID="taal" beginTime="16.210" endTime="16.570"/>
      <word confidence="1.000" wordID="van" beginTime="16.570" endTime="16.680"/>
      <word confidence="1.000" wordID="het" beginTime="16.680" endTime="16.800"/>
      <word confidence="1.000" wordID="land" beginTime="16.800" endTime="17.020"/>
      <word confidence="1.000" wordID="waar" beginTime="17.020" endTime="17.150"/>
      <word confidence="1.000" wordID="ze" beginTime="17.150" endTime="17.230"/>
      <word confidence="1.000" wordID="gaan" beginTime="17.230" endTime="17.400"/>
      <word confidence="1.000" wordID="werken" beginTime="17.400" endTime="17.740"/>
    </wordsequence>
  </speech>
  <speech label="SPK01-005" begintime="17.77" endtime="20.48" >
    <wordsequence>
      <word confidence="0.750" wordID="SIL" beginTime="17.770" endTime="18.000"/>
      <word confidence="0.828" wordID="maar" beginTime="18.000" endTime="18.170"/>
      <word confidence="0.749" wordID="SIL" beginTime="18.170" endTime="18.340"/>
      <word confidence="0.992" wordID="dat" beginTime="18.340" endTime="18.490"/>
      <word confidence="0.998" wordID="gebeurt" beginTime="18.490" endTime="18.830"/>
      <word confidence="0.745" wordID="SIL" beginTime="18.830" endTime="18.860"/>
      <word confidence="1.000" wordID="in" beginTime="18.860" endTime="19.000"/>
      <word confidence="1.000" wordID="een" beginTime="19.000" endTime="19.100"/>
      <word confidence="1.000" wordID="talen" beginTime="19.100" endTime="19.470"/>
      <word confidence="0.965" wordID="tactieken" beginTime="19.470" endTime="20.480"/>
    </wordsequence>
  </speech>
  <speech label="SPK01-006" begintime="20.50" endtime="25.19" >
    <wordsequence>
      <word confidence="0.750" wordID="SIL" beginTime="20.500" endTime="20.930"/>
      <word confidence="1.000" wordID="deze" beginTime="20.930" endTime="21.250"/>
      <word confidence="1.000" wordID="jongeren" beginTime="21.250" endTime="21.690"/>
      <word confidence="1.000" wordID="leren" beginTime="21.690" endTime="22.080"/>
      <word confidence="0.741" wordID="SIL" beginTime="22.080" endTime="22.100"/>
      <word confidence="1.000" wordID="visa" beginTime="22.100" endTime="22.500"/>
      <word confidence="1.000" wordID="ja" beginTime="22.500" endTime="22.770"/>
      <word confidence="0.749" wordID="SIL" beginTime="22.770" endTime="23.150"/>
      <word confidence="1.000" wordID="één" beginTime="23.150" endTime="23.370"/>
      <word confidence="1.000" wordID="van" beginTime="23.370" endTime="23.480"/>
      <word confidence="1.000" wordID="de" beginTime="23.480" endTime="23.580"/>
      <word confidence="1.000" wordID="talen" beginTime="23.580" endTime="23.880"/>
      <word confidence="1.000" wordID="die" beginTime="23.880" endTime="23.980"/>
      <word confidence="1.000" wordID="gesproken" beginTime="23.980" endTime="24.440"/>
      <word confidence="1.000" wordID="worden" beginTime="24.440" endTime="24.690"/>
      <word confidence="1.000" wordID="op" beginTime="24.690" endTime="24.780"/>
      <word confidence="1.000" wordID="de" beginTime="24.780" endTime="24.850"/>
      <word confidence="1.000" wordID="philip" beginTime="24.850" endTime="25.170"/>
      <word confidence="0.744" wordID="SIL" beginTime="25.170" endTime="25.190"/>
    </wordsequence>
  </speech>
  <speech label="SPK15-007" begintime="25.21" endtime="28.65" >
    <wordsequence>
      <word confidence="0.733" wordID="en" beginTime="25.210" endTime="25.360"/>
      <word confidence="0.884" wordID="een" beginTime="25.360" endTime="25.500"/>
      <word confidence="0.845" wordID="SIL" beginTime="25.500" endTime="25.510"/>
      <word confidence="0.800" wordID="rol" beginTime="25.510" endTime="25.730"/>
      <word confidence="0.758" wordID="SIL" beginTime="25.730" endTime="25.740"/>
      <word confidence="0.888" wordID="in" beginTime="25.740" endTime="25.940"/>
      <word confidence="0.914" wordID="SIL" beginTime="25.940" endTime="26.010"/>
      <word confidence="1.000" wordID="dit" beginTime="26.010" endTime="26.200"/>
      <word confidence="1.000" wordID="SIL" beginTime="26.200" endTime="26.260"/>
      <word confidence="0.885" wordID="dat" beginTime="26.260" endTime="26.430"/>
      <word confidence="1.000" wordID="ze" beginTime="26.430" endTime="26.540"/>
      <word confidence="0.953" wordID="niet" beginTime="26.540" endTime="26.710"/>
      <word confidence="0.882" wordID="werkt" beginTime="26.710" endTime="27.010"/>
      <word confidence="0.927" wordID="hier" beginTime="27.010" endTime="27.140"/>
      <word confidence="0.942" wordID="ter" beginTime="27.140" endTime="27.310"/>
      <word confidence="0.992" wordID="zitting" beginTime="27.310" endTime="27.640"/>
      <word confidence="0.750" wordID="SIL" beginTime="27.640" endTime="28.410"/>
      <word confidence="1.000" wordID="youth" beginTime="28.410" endTime="28.650"/>
    </wordsequence>
  </speech>
  <speech label="SPK06-008" begintime="28.67" endtime="32.34" >
    <wordsequence>
      <word confidence="0.817" wordID="ga" beginTime="28.670" endTime="28.920"/>
      <word confidence="0.980" wordID="je" beginTime="28.920" endTime="29.030"/>
      <word confidence="0.760" wordID="nog" beginTime="29.030" endTime="29.240"/>
      <word confidence="0.799" wordID="SIL" beginTime="29.240" endTime="29.280"/>
      <word confidence="0.894" wordID="zo" beginTime="29.280" endTime="29.440"/>
      <word confidence="0.743" wordID="SIL" beginTime="29.440" endTime="29.450"/>
      <word confidence="0.878" wordID="jong" beginTime="29.450" endTime="29.670"/>
      <word confidence="0.744" wordID="SIL" beginTime="29.670" endTime="29.700"/>
      <word confidence="1.000" wordID="zo" beginTime="29.700" endTime="29.850"/>
      <word confidence="0.881" wordID="in" beginTime="29.850" endTime="30.080"/>
      <word confidence="0.748" wordID="SIL" beginTime="30.080" endTime="30.410"/>
      <word confidence="0.754" wordID="het" beginTime="30.410" endTime="30.520"/>
      <word confidence="0.748" wordID="SIL" beginTime="30.520" endTime="30.560"/>
      <word confidence="0.826" wordID="geheel" beginTime="30.560" endTime="30.900"/>
      <word confidence="0.743" wordID="SIL" beginTime="30.900" endTime="30.910"/>
      <word confidence="0.921" wordID="is" beginTime="30.910" endTime="31.060"/>
      <word confidence="0.904" wordID="dat" beginTime="31.060" endTime="31.260"/>
      <word confidence="0.812" wordID="een" beginTime="31.260" endTime="32.120"/>
      <word confidence="0.725" wordID="SIL" beginTime="32.120" endTime="32.130"/>
      <word confidence="0.867" wordID="kunnen" beginTime="32.130" endTime="32.340"/>
    </wordsequence>
  </speech>
  <speech label="SPK07-009" begintime="32.36" endtime="36.88" >
    <wordsequence>
      <word confidence="0.705" wordID="SIL" beginTime="32.360" endTime="32.530"/>
      <word confidence="0.880" wordID="karin" beginTime="32.530" endTime="32.910"/>
      <word confidence="0.890" wordID="SIL" beginTime="32.910" endTime="32.940"/>
      <word confidence="0.861" wordID="dat" beginTime="32.940" endTime="33.110"/>
      <word confidence="1.000" wordID="is" beginTime="33.110" endTime="33.230"/>
      <word confidence="0.832" wordID="een" beginTime="33.230" endTime="33.410"/>
      <word confidence="0.937" wordID="jongen" beginTime="33.410" endTime="33.660"/>
      <word confidence="0.799" wordID="SIL" beginTime="33.660" endTime="33.790"/>
      <word confidence="0.898" wordID="die" beginTime="33.790" endTime="33.900"/>
      <word confidence="0.918" wordID="niet" beginTime="33.900" endTime="34.050"/>
      <word confidence="0.941" wordID="saaier" beginTime="34.050" endTime="34.420"/>
      <word confidence="0.737" wordID="SIL" beginTime="34.420" endTime="34.430"/>
      <word confidence="0.879" wordID="dan" beginTime="34.430" endTime="34.670"/>
      <word confidence="0.744" wordID="SIL" beginTime="34.670" endTime="34.690"/>
      <word confidence="0.954" wordID="wel" beginTime="34.690" endTime="34.950"/>
      <word confidence="0.747" wordID="SIL" beginTime="34.950" endTime="35.000"/>
      <word confidence="0.844" wordID="aan" beginTime="35.000" endTime="35.120"/>
      <word confidence="0.749" wordID="SIL" beginTime="35.120" endTime="35.190"/>
      <word confidence="0.812" wordID="elkaar" beginTime="35.190" endTime="35.550"/>
      <word confidence="0.749" wordID="SIL" beginTime="35.550" endTime="35.800"/>
      <word confidence="1.000" wordID="zo" beginTime="35.800" endTime="36.250"/>
      <word confidence="0.716" wordID="SIL" beginTime="36.250" endTime="36.280"/>
      <word confidence="0.964" wordID="tussen" beginTime="36.280" endTime="36.550"/>
      <word confidence="0.930" wordID="moment" beginTime="36.550" endTime="36.880"/>
    </wordsequence>
  </speech>
  <speech label="SPK01-010" begintime="36.90" endtime="40.54" >
    <wordsequence>
      <word confidence="0.750" wordID="SIL" beginTime="36.900" endTime="37.010"/>
      <word confidence="0.807" wordID="en" beginTime="37.010" endTime="37.190"/>
      <word confidence="0.769" wordID="SIL" beginTime="37.190" endTime="37.420"/>
      <word confidence="0.801" wordID="een" beginTime="37.420" endTime="37.630"/>
      <word confidence="0.946" wordID="mentale" beginTime="37.630" endTime="38.090"/>
      <word confidence="1.000" wordID="vrijwilligers" beginTime="38.090" endTime="38.880"/>
      <word confidence="0.744" wordID="SIL" beginTime="38.880" endTime="38.970"/>
      <word confidence="1.000" wordID="krijgen" beginTime="38.970" endTime="39.290"/>
      <word confidence="1.000" wordID="lessen" beginTime="39.290" endTime="39.670"/>
      <word confidence="1.000" wordID="in" beginTime="39.670" endTime="39.800"/>
      <word confidence="1.000" wordID="eerste" beginTime="39.800" endTime="40.110"/>
      <word confidence="1.000" wordID="hulp" beginTime="40.110" endTime="40.440"/>
      <word confidence="0.736" wordID="SIL" beginTime="40.440" endTime="40.540"/>
    </wordsequence>
  </speech>
  <speech label="SPK01-011" begintime="40.57" endtime="45.35" >
    <wordsequence>
      <word confidence="0.750" wordID="SIL" beginTime="40.570" endTime="40.790"/>
      <word confidence="1.000" wordID="die" beginTime="40.790" endTime="40.930"/>
      <word confidence="1.000" wordID="aangepast" beginTime="40.930" endTime="41.440"/>
      <word confidence="0.743" wordID="SIL" beginTime="41.440" endTime="41.450"/>
      <word confidence="1.000" wordID="zijn" beginTime="41.450" endTime="41.820"/>
      <word confidence="1.000" wordID="aan" beginTime="41.820" endTime="41.940"/>
      <word confidence="1.000" wordID="de" beginTime="41.940" endTime="42.000"/>
      <word confidence="1.000" wordID="omstandigheden" beginTime="42.000" endTime="42.870"/>
      <word confidence="0.747" wordID="SIL" beginTime="42.870" endTime="42.930"/>
      <word confidence="1.000" wordID="van" beginTime="42.930" endTime="43.080"/>
      <word confidence="1.000" wordID="de" beginTime="43.080" endTime="43.150"/>
      <word confidence="1.000" wordID="landen" beginTime="43.150" endTime="43.460"/>
      <word confidence="1.000" wordID="waarin" beginTime="43.460" endTime="43.740"/>
      <word confidence="1.000" wordID="zij" beginTime="43.740" endTime="43.820"/>
      <word confidence="1.000" wordID="worden" beginTime="43.820" endTime="44.080"/>
      <word confidence="1.000" wordID="uitgezonden" beginTime="44.080" endTime="44.870"/>
      <word confidence="0.749" wordID="SIL" beginTime="44.870" endTime="44.990"/>
      <word confidence="1.000" wordID="die" beginTime="44.990" endTime="45.250"/>
      <word confidence="0.749" wordID="SIL" beginTime="45.250" endTime="45.350"/>
    </wordsequence>
  </speech>
  <speech label="SPK10-012" begintime="45.37" endtime="50.29" >
    <wordsequence>
      <word confidence="0.750" wordID="SIL" beginTime="45.370" endTime="45.590"/>
      <word confidence="0.804" wordID="dat" beginTime="45.590" endTime="45.870"/>
      <word confidence="0.749" wordID="SIL" beginTime="45.870" endTime="46.030"/>
      <word confidence="0.801" wordID="er" beginTime="46.030" endTime="46.380"/>
      <word confidence="0.750" wordID="SIL" beginTime="46.380" endTime="46.980"/>
      <word confidence="0.845" wordID="een" beginTime="46.980" endTime="47.260"/>
      <word confidence="0.750" wordID="SIL" beginTime="47.260" endTime="48.300"/>
      <word confidence="0.803" wordID="wat" beginTime="48.300" endTime="48.700"/>
      <word confidence="0.749" wordID="SIL" beginTime="48.700" endTime="48.890"/>
      <word confidence="0.983" wordID="sommigen" beginTime="48.890" endTime="49.410"/>
      <word confidence="0.958" wordID="leren" beginTime="49.410" endTime="49.690"/>
      <word confidence="1.000" wordID="dieren" beginTime="49.690" endTime="49.980"/>
      <word confidence="0.750" wordID="SIL" beginTime="49.980" endTime="50.290"/>
    </wordsequence>
  </speech>
  <speech label="SPK01-013" begintime="50.31" endtime="53.63" >
    <wordsequence>
      <word confidence="1.000" wordID="hoe" beginTime="50.310" endTime="50.430"/>
      <word confidence="1.000" wordID="ze" beginTime="50.430" endTime="50.570"/>
      <word confidence="1.000" wordID="aan" beginTime="50.570" endTime="50.720"/>
      <word confidence="1.000" wordID="een" beginTime="50.720" endTime="50.830"/>
      <word confidence="1.000" wordID="bevolking" beginTime="50.830" endTime="51.330"/>
      <word confidence="1.000" wordID="die" beginTime="51.330" endTime="51.430"/>
      <word confidence="1.000" wordID="vaak" beginTime="51.430" endTime="51.690"/>
      <word confidence="1.000" wordID="voor" beginTime="51.690" endTime="51.840"/>
      <word confidence="0.817" wordID="een" beginTime="51.840" endTime="51.910"/>
      <word confidence="0.896" wordID="SIL" beginTime="51.910" endTime="51.920"/>
      <word confidence="0.940" wordID="groot" beginTime="51.920" endTime="52.190"/>
      <word confidence="1.000" wordID="deel" beginTime="52.190" endTime="52.410"/>
      <word confidence="0.809" wordID="SIL" beginTime="52.410" endTime="52.420"/>
      <word confidence="1.000" wordID="analfabeten" beginTime="52.420" endTime="53.130"/>
      <word confidence="1.000" wordID="is" beginTime="53.130" endTime="53.350"/>
      <word confidence="1.000" wordID="SIL" beginTime="53.350" endTime="53.630"/>
    </wordsequence>
  </speech>
  <speech label="SPK01-014" begintime="53.65" endtime="58.01" >
    <wordsequence>
      <word confidence="0.750" wordID="SIL" beginTime="53.650" endTime="53.710"/>
      <word confidence="1.000" wordID="visuele" beginTime="53.710" endTime="54.240"/>
      <word confidence="1.000" wordID="informatie" beginTime="54.240" endTime="54.820"/>
      <word confidence="1.000" wordID="kunnen" beginTime="54.820" endTime="55.020"/>
      <word confidence="1.000" wordID="verschaffen" beginTime="55.020" endTime="55.540"/>
      <word confidence="0.749" wordID="SIL" beginTime="55.540" endTime="55.870"/>
      <word confidence="1.000" wordID="door" beginTime="55.870" endTime="55.990"/>
      <word confidence="1.000" wordID="gebruik" beginTime="55.990" endTime="56.300"/>
      <word confidence="0.928" wordID="te" beginTime="56.300" endTime="56.380"/>
      <word confidence="1.000" wordID="maken" beginTime="56.380" endTime="56.670"/>
      <word confidence="1.000" wordID="van" beginTime="56.670" endTime="56.790"/>
      <word confidence="1.000" wordID="een" beginTime="56.790" endTime="56.860"/>
      <word confidence="1.000" wordID="zogenaamd" beginTime="56.860" endTime="57.250"/>
      <word confidence="0.733" wordID="SIL" beginTime="57.250" endTime="57.260"/>
      <word confidence="1.000" wordID="vrijwel" beginTime="57.260" endTime="57.550"/>
      <word confidence="1.000" wordID="bart" beginTime="57.550" endTime="57.890"/>
      <word confidence="0.735" wordID="SIL" beginTime="57.890" endTime="58.010"/>
    </wordsequence>
  </speech>
  <speech label="SPK01-015" begintime="58.04" endtime="59.79" >
    <wordsequence>
      <word confidence="0.750" wordID="SIL" beginTime="58.040" endTime="58.250"/>
      <word confidence="1.000" wordID="op" beginTime="58.250" endTime="58.440"/>
      <word confidence="1.000" wordID="de" beginTime="58.440" endTime="58.510"/>
      <word confidence="1.000" wordID="leerstof" beginTime="58.510" endTime="58.970"/>
      <word confidence="1.000" wordID="gemakkelijk" beginTime="58.970" endTime="59.380"/>
      <word confidence="1.000" wordID="kan" beginTime="59.380" endTime="59.510"/>
      <word confidence="0.997" wordID="de" beginTime="59.510" endTime="59.600"/>
      <word confidence="1.000" wordID="navo" beginTime="59.600" endTime="59.790"/>
    </wordsequence>
  </speech>
  <speech label="SPK10-016" begintime="59.81" endtime="61.08" >
    <wordsequence>
      <word confidence="0.750" wordID="SIL" beginTime="59.810" endTime="59.820"/>
      <word confidence="0.845" wordID="ik" beginTime="59.820" endTime="60.080"/>
      <word confidence="1.000" wordID="lees" beginTime="60.080" endTime="60.280"/>
      <word confidence="0.861" wordID="SIL" beginTime="60.280" endTime="60.580"/>
      <word confidence="0.827" wordID="het" beginTime="60.580" endTime="60.820"/>
      <word confidence="0.749" wordID="SIL" beginTime="60.820" endTime="61.080"/>
    </wordsequence>
  </speech>
  <speech label="SPK01-017" begintime="61.10" endtime="65.49" >
    <wordsequence>
      <word confidence="0.989" wordID="over" beginTime="61.100" endTime="61.260"/>
      <word confidence="1.000" wordID="de" beginTime="61.260" endTime="61.320"/>
      <word confidence="1.000" wordID="juiste" beginTime="61.320" endTime="61.680"/>
      <word confidence="0.945" wordID="calorische" beginTime="61.680" endTime="62.230"/>
      <word confidence="1.000" wordID="samenstelling" beginTime="62.230" endTime="62.800"/>
      <word confidence="1.000" wordID="van" beginTime="62.800" endTime="62.910"/>
      <word confidence="1.000" wordID="het" beginTime="62.910" endTime="62.990"/>
      <word confidence="1.000" wordID="voedselpakket" beginTime="62.990" endTime="63.630"/>
      <word confidence="1.000" wordID="SIL" beginTime="63.630" endTime="63.900"/>
      <word confidence="1.000" wordID="valt" beginTime="63.900" endTime="64.120"/>
      <word confidence="1.000" wordID="bijvoorbeeld" beginTime="64.120" endTime="64.520"/>
      <word confidence="1.000" wordID="heel" beginTime="64.520" endTime="64.670"/>
      <word confidence="1.000" wordID="wat" beginTime="64.670" endTime="64.810"/>
      <word confidence="1.000" wordID="te" beginTime="64.810" endTime="64.880"/>
      <word confidence="1.000" wordID="onderwijzen" beginTime="64.880" endTime="65.440"/>
      <word confidence="0.778" wordID="SIL" beginTime="65.440" endTime="65.490"/>
    </wordsequence>
  </speech>
  <speech label="SPK01-018" begintime="65.52" endtime="69.57" >
    <wordsequence>
      <word confidence="0.750" wordID="SIL" beginTime="65.520" endTime="66.350"/>
      <word confidence="1.000" wordID="voedsel" beginTime="66.350" endTime="66.700"/>
      <word confidence="1.000" wordID="is" beginTime="66.700" endTime="66.780"/>
      <word confidence="1.000" wordID="overigens" beginTime="66.780" endTime="67.270"/>
      <word confidence="1.000" wordID="geen" beginTime="67.270" endTime="67.500"/>
      <word confidence="1.000" wordID="probleem" beginTime="67.500" endTime="68.030"/>
      <word confidence="1.000" wordID="in" beginTime="68.030" endTime="68.140"/>
      <word confidence="1.000" wordID="het" beginTime="68.140" endTime="68.220"/>
      <word confidence="1.000" wordID="internationaal" beginTime="68.220" endTime="68.750"/>
      <word confidence="1.000" wordID="centrum" beginTime="68.750" endTime="69.140"/>
      <word confidence="0.749" wordID="SIL" beginTime="69.140" endTime="69.570"/>
    </wordsequence>
  </speech>
  <speech label="SPK01-019" begintime="69.60" endtime="73.64" >
    <wordsequence>
      <word confidence="0.750" wordID="SIL" beginTime="69.600" endTime="69.760"/>
      <word confidence="0.994" wordID="bij" beginTime="69.760" endTime="69.870"/>
      <word confidence="1.000" wordID="de" beginTime="69.870" endTime="69.960"/>
      <word confidence="1.000" wordID="vrijwilligers" beginTime="69.960" endTime="70.460"/>
      <word confidence="1.000" wordID="onder" beginTime="70.460" endTime="70.670"/>
      <word confidence="1.000" wordID="meer" beginTime="70.670" endTime="70.950"/>
      <word confidence="0.988" wordID="een" beginTime="70.950" endTime="71.060"/>
      <word confidence="0.962" wordID="ruime" beginTime="71.060" endTime="71.400"/>
      <word confidence="1.000" wordID="eetzaal" beginTime="71.400" endTime="71.880"/>
      <word confidence="0.957" wordID="ter" beginTime="71.880" endTime="72.040"/>
      <word confidence="0.695" wordID="SIL" beginTime="72.040" endTime="72.050"/>
      <word confidence="1.000" wordID="beschikking" beginTime="72.050" endTime="72.460"/>
      <word confidence="1.000" wordID="staan" beginTime="72.460" endTime="72.710"/>
      <word confidence="0.761" wordID="SIL" beginTime="72.710" endTime="73.640"/>
    </wordsequence>
  </speech>
  <speech label="SPK01-020" begintime="73.66" endtime="78.94" >
    <wordsequence>
      <word confidence="0.750" wordID="SIL" beginTime="73.660" endTime="73.720"/>
      <word confidence="1.000" wordID="maar" beginTime="73.720" endTime="73.980"/>
      <word confidence="0.737" wordID="SIL" beginTime="73.980" endTime="73.990"/>
      <word confidence="1.000" wordID="de" beginTime="73.990" endTime="74.110"/>
      <word confidence="1.000" wordID="bereiding" beginTime="74.110" endTime="74.480"/>
      <word confidence="1.000" wordID="van" beginTime="74.480" endTime="74.630"/>
      <word confidence="1.000" wordID="voedsel" beginTime="74.630" endTime="74.920"/>
      <word confidence="1.000" wordID="onder" beginTime="74.920" endTime="75.110"/>
      <word confidence="1.000" wordID="vaak" beginTime="75.110" endTime="75.320"/>
      <word confidence="0.742" wordID="SIL" beginTime="75.320" endTime="75.370"/>
      <word confidence="1.000" wordID="primitieve" beginTime="75.370" endTime="75.840"/>
      <word confidence="1.000" wordID="omstandigheden" beginTime="75.840" endTime="76.590"/>
      <word confidence="1.000" wordID="in" beginTime="76.590" endTime="76.690"/>
      <word confidence="1.000" wordID="de" beginTime="76.690" endTime="76.750"/>
      <word confidence="1.000" wordID="ontwikkelingslanden" beginTime="76.750" endTime="77.650"/>
      <word confidence="0.748" wordID="SIL" beginTime="77.650" endTime="77.760"/>
      <word confidence="1.000" wordID="moet" beginTime="77.760" endTime="77.960"/>
      <word confidence="1.000" wordID="geleerd" beginTime="77.960" endTime="78.310"/>
      <word confidence="1.000" wordID="we" beginTime="78.310" endTime="78.530"/>
      <word confidence="0.750" wordID="SIL" beginTime="78.530" endTime="78.940"/>
    </wordsequence>
  </speech>
  <speech label="SPK01-021" begintime="78.97" endtime="84.27" >
    <wordsequence>
      <word confidence="0.750" wordID="SIL" beginTime="78.970" endTime="79.420"/>
      <word confidence="1.000" wordID="ook" beginTime="79.420" endTime="79.660"/>
      <word confidence="0.741" wordID="SIL" beginTime="79.660" endTime="79.670"/>
      <word confidence="1.000" wordID="dat" beginTime="79.670" endTime="79.920"/>
      <word confidence="1.000" wordID="gebeurt" beginTime="79.920" endTime="80.290"/>
      <word confidence="1.000" wordID="hier" beginTime="80.290" endTime="80.570"/>
      <word confidence="0.735" wordID="SIL" beginTime="80.570" endTime="80.600"/>
      <word confidence="1.000" wordID="met" beginTime="80.600" endTime="80.750"/>
      <word confidence="1.000" wordID="behulp" beginTime="80.750" endTime="81.000"/>
      <word confidence="0.743" wordID="SIL" beginTime="81.000" endTime="81.010"/>
      <word confidence="1.000" wordID="van" beginTime="81.010" endTime="81.130"/>
      <word confidence="0.743" wordID="SIL" beginTime="81.130" endTime="81.140"/>
      <word confidence="1.000" wordID="eenvoudige" beginTime="81.140" endTime="81.630"/>
      <word confidence="1.000" wordID="kookpotten" beginTime="81.630" endTime="82.440"/>
      <word confidence="0.747" wordID="SIL" beginTime="82.440" endTime="82.540"/>
      <word confidence="1.000" wordID="en" beginTime="82.540" endTime="82.670"/>
      <word confidence="1.000" wordID="een" beginTime="82.670" endTime="82.750"/>
      <word confidence="1.000" wordID="zelfgemaakt" beginTime="82.750" endTime="83.360"/>
      <word confidence="0.735" wordID="SIL" beginTime="83.360" endTime="83.370"/>
      <word confidence="1.000" wordID="houtvuurtje" beginTime="83.370" endTime="84.010"/>
      <word confidence="0.749" wordID="SIL" beginTime="84.010" endTime="84.270"/>
    </wordsequence>
  </speech>
  <speech label="SPK01-022" begintime="84.37" endtime="89.88" >
    <wordsequence>
      <word confidence="0.750" wordID="SIL" beginTime="84.370" endTime="85.110"/>
      <word confidence="1.000" wordID="belangrijk" beginTime="85.110" endTime="85.550"/>
      <word confidence="0.968" wordID="is" beginTime="85.550" endTime="85.640"/>
      <word confidence="1.000" wordID="bovendien" beginTime="85.640" endTime="86.180"/>
      <word confidence="0.748" wordID="SIL" beginTime="86.180" endTime="86.390"/>
      <word confidence="1.000" wordID="dat" beginTime="86.390" endTime="86.550"/>
      <word confidence="1.000" wordID="de" beginTime="86.550" endTime="86.620"/>
      <word confidence="1.000" wordID="cursisten" beginTime="86.620" endTime="87.200"/>
      <word confidence="1.000" wordID="de" beginTime="87.200" endTime="87.300"/>
      <word confidence="0.744" wordID="SIL" beginTime="87.300" endTime="87.320"/>
      <word confidence="1.000" wordID="koekjes" beginTime="87.320" endTime="87.680"/>
      <word confidence="1.000" wordID="van" beginTime="87.680" endTime="87.840"/>
      <word confidence="1.000" wordID="eigen" beginTime="87.840" endTime="88.160"/>
      <word confidence="1.000" wordID="deeg" beginTime="88.160" endTime="88.530"/>
      <word confidence="0.746" wordID="SIL" beginTime="88.530" endTime="88.600"/>
      <word confidence="1.000" wordID="ook" beginTime="88.600" endTime="88.820"/>
      <word confidence="1.000" wordID="graag" beginTime="88.820" endTime="89.160"/>
      <word confidence="0.740" wordID="SIL" beginTime="89.160" endTime="89.170"/>
      <word confidence="1.000" wordID="eten" beginTime="89.170" endTime="89.760"/>
      <word confidence="0.747" wordID="SIL" beginTime="89.760" endTime="89.880"/>
    </wordsequence>
  </speech>
  <speech label="SPK01-023" begintime="89.90" endtime="93.76" >
    <wordsequence>
      <word confidence="0.750" wordID="SIL" beginTime="89.900" endTime="90.750"/>
      <word confidence="1.000" wordID="de" beginTime="90.750" endTime="90.850"/>
      <word confidence="1.000" wordID="theoretische" beginTime="90.850" endTime="91.470"/>
      <word confidence="1.000" wordID="opleiding" beginTime="91.470" endTime="91.940"/>
      <word confidence="1.000" wordID="mondt" beginTime="91.940" endTime="92.140"/>
      <word confidence="1.000" wordID="uit" beginTime="92.140" endTime="92.340"/>
      <word confidence="1.000" wordID="in" beginTime="92.340" endTime="92.410"/>
      <word confidence="1.000" wordID="de" beginTime="92.410" endTime="92.490"/>
      <word confidence="1.000" wordID="praktische" beginTime="92.490" endTime="92.960"/>
      <word confidence="0.929" wordID="toepassing" beginTime="92.960" endTime="93.490"/>
      <word confidence="0.749" wordID="SIL" beginTime="93.490" endTime="93.760"/>
    </wordsequence>
  </speech>
  <speech label="SPK01-024" begintime="93.78" endtime="98.56" >
    <wordsequence>
      <word confidence="0.750" wordID="SIL" beginTime="93.780" endTime="94.120"/>
      <word confidence="1.000" wordID="hier" beginTime="94.120" endTime="94.360"/>
      <word confidence="1.000" wordID="leer" beginTime="94.360" endTime="94.570"/>
      <word confidence="0.922" wordID="de" beginTime="94.570" endTime="94.720"/>
      <word confidence="1.000" wordID="verouderde" beginTime="94.720" endTime="95.170"/>
      <word confidence="1.000" wordID="vrijwilliger" beginTime="95.170" endTime="95.730"/>
      <word confidence="1.000" wordID="in" beginTime="95.730" endTime="95.810"/>
      <word confidence="1.000" wordID="de" beginTime="95.810" endTime="95.880"/>
      <word confidence="1.000" wordID="zuid-amerikaanse" beginTime="95.880" endTime="96.620"/>
      <word confidence="1.000" wordID="staat" beginTime="96.620" endTime="96.860"/>
      <word confidence="0.744" wordID="SIL" beginTime="96.860" endTime="96.890"/>
      <word confidence="1.000" wordID="columbia" beginTime="96.890" endTime="97.430"/>
      <word confidence="0.749" wordID="SIL" beginTime="97.430" endTime="97.800"/>
      <word confidence="1.000" wordID="aan" beginTime="97.800" endTime="97.970"/>
      <word confidence="1.000" wordID="daarop" beginTime="97.970" endTime="98.280"/>
      <word confidence="1.000" wordID="zwaar" beginTime="98.280" endTime="98.560"/>
    </wordsequence>
  </speech>
  <speech label="SPK14-025" begintime="98.58" endtime="101.02" >
    <wordsequence>
      <word confidence="0.863" wordID="hoor" beginTime="98.580" endTime="98.770"/>
      <word confidence="0.795" wordID="SIL" beginTime="98.770" endTime="99.130"/>
      <word confidence="0.960" wordID="hoe" beginTime="99.130" endTime="99.270"/>
      <word confidence="1.000" wordID="ze" beginTime="99.270" endTime="99.350"/>
      <word confidence="0.875" wordID="hun" beginTime="99.350" endTime="99.510"/>
      <word confidence="1.000" wordID="voedsel" beginTime="99.510" endTime="99.810"/>
      <word confidence="1.000" wordID="moeten" beginTime="99.810" endTime="100.030"/>
      <word confidence="1.000" wordID="behandelen" beginTime="100.030" endTime="100.560"/>
      <word confidence="0.749" wordID="SIL" beginTime="100.560" endTime="100.730"/>
      <word confidence="1.000" wordID="onder" beginTime="100.730" endTime="100.940"/>
      <word confidence="1.000" wordID="het" beginTime="100.940" endTime="101.020"/>
    </wordsequence>
  </speech>
  <speech label="SPK01-026" begintime="101.04" endtime="105.55" >
    <wordsequence>
      <word confidence="1.000" wordID="maxima" beginTime="101.040" endTime="101.530"/>
      <word confidence="1.000" wordID="profijt" beginTime="101.530" endTime="101.960"/>
      <word confidence="1.000" wordID="van" beginTime="101.960" endTime="102.100"/>
      <word confidence="1.000" wordID="te" beginTime="102.100" endTime="102.180"/>
      <word confidence="1.000" wordID="hebben" beginTime="102.180" endTime="103.270"/>
      <word confidence="0.728" wordID="SIL" beginTime="103.270" endTime="103.280"/>
      <word confidence="1.000" wordID="goede" beginTime="103.280" endTime="103.520"/>
      <word confidence="1.000" wordID="voeding" beginTime="103.520" endTime="103.930"/>
      <word confidence="0.739" wordID="SIL" beginTime="103.930" endTime="103.940"/>
      <word confidence="1.000" wordID="is" beginTime="103.940" endTime="104.080"/>
      <word confidence="1.000" wordID="en" beginTime="104.080" endTime="104.170"/>
      <word confidence="1.000" wordID="was" beginTime="104.170" endTime="104.280"/>
      <word confidence="1.000" wordID="de" beginTime="104.280" endTime="104.360"/>
      <word confidence="1.000" wordID="basis" beginTime="104.360" endTime="104.820"/>
      <word confidence="1.000" wordID="van" beginTime="104.820" endTime="104.980"/>
      <word confidence="1.000" wordID="een" beginTime="104.980" endTime="105.040"/>
      <word confidence="1.000" wordID="goede" beginTime="105.040" endTime="105.260"/>
      <word confidence="1.000" wordID="gezond" beginTime="105.260" endTime="105.550"/>
    </wordsequence>
  </speech>
  <speech label="SPK14-027" begintime="105.57" endtime="108.46" >
    <wordsequence>
      <word confidence="0.750" wordID="SIL" beginTime="105.570" endTime="105.580"/>
      <word confidence="0.975" wordID="maar" beginTime="105.580" endTime="105.780"/>
      <word confidence="0.753" wordID="SIL" beginTime="105.780" endTime="108.460"/>
    </wordsequence>
  </speech>
  <speech label="SPK01-028" begintime="108.48" endtime="112.58" >
    <wordsequence>
      <word confidence="1.000" wordID="elders" beginTime="108.480" endTime="109.020"/>
      <word confidence="0.746" wordID="SIL" beginTime="109.020" endTime="109.090"/>
      <word confidence="1.000" wordID="zoals" beginTime="109.090" endTime="109.350"/>
      <word confidence="1.000" wordID="ik" beginTime="109.350" endTime="109.450"/>
      <word confidence="1.000" wordID="cameron" beginTime="109.450" endTime="109.830"/>
      <word confidence="1.000" wordID="in" beginTime="109.830" endTime="109.910"/>
      <word confidence="1.000" wordID="afrika" beginTime="109.910" endTime="110.460"/>
      <word confidence="0.749" wordID="SIL" beginTime="110.460" endTime="110.790"/>
      <word confidence="1.000" wordID="zijn" beginTime="110.790" endTime="110.970"/>
      <word confidence="1.000" wordID="verpleegsters" beginTime="110.970" endTime="111.560"/>
      <word confidence="1.000" wordID="werkzaam" beginTime="111.560" endTime="112.270"/>
      <word confidence="0.734" wordID="SIL" beginTime="112.270" endTime="112.300"/>
      <word confidence="1.000" wordID="op" beginTime="112.300" endTime="112.420"/>
      <word confidence="1.000" wordID="het" beginTime="112.420" endTime="112.500"/>
      <word confidence="1.000" wordID="ge" beginTime="112.500" endTime="112.580"/>
    </wordsequence>
  </speech>
  <speech label="SPK14-029" begintime="112.60" endtime="115.30" >
    <wordsequence>
      <word confidence="1.000" wordID="beat" beginTime="112.600" endTime="112.760"/>
      <word confidence="0.987" wordID="van" beginTime="112.760" endTime="112.890"/>
      <word confidence="0.942" wordID="uh" beginTime="112.890" endTime="112.920"/>
      <word confidence="0.998" wordID="nee" beginTime="112.920" endTime="113.080"/>
      <word confidence="1.000" wordID="die" beginTime="113.080" endTime="113.180"/>
      <word confidence="1.000" wordID="zie" beginTime="113.180" endTime="113.440"/>
      <word confidence="0.739" wordID="SIL" beginTime="113.440" endTime="113.450"/>
      <word confidence="0.825" wordID="je" beginTime="113.450" endTime="113.620"/>
      <word confidence="1.000" wordID="in" beginTime="113.620" endTime="113.750"/>
      <word confidence="1.000" wordID="het" beginTime="113.750" endTime="113.880"/>
      <word confidence="0.919" wordID="SIL" beginTime="113.880" endTime="114.350"/>
      <word confidence="0.950" wordID="en" beginTime="114.350" endTime="114.460"/>
      <word confidence="0.916" wordID="het" beginTime="114.460" endTime="114.530"/>
      <word confidence="1.000" wordID="is" beginTime="114.530" endTime="114.640"/>
      <word confidence="0.910" wordID="verrukkelijk" beginTime="114.640" endTime="115.130"/>
      <word confidence="1.000" wordID="om" beginTime="115.130" endTime="115.220"/>
      <word confidence="1.000" wordID="te" beginTime="115.220" endTime="115.300"/>
    </wordsequence>
  </speech>
  <speech label="SPK01-030" begintime="115.32" endtime="119.31" >
    <wordsequence>
      <word confidence="0.996" wordID="zien" beginTime="115.320" endTime="115.520"/>
      <word confidence="1.000" wordID="met" beginTime="115.520" endTime="115.660"/>
      <word confidence="1.000" wordID="hoeveel" beginTime="115.660" endTime="115.890"/>
      <word confidence="1.000" wordID="enthousiasme" beginTime="115.890" endTime="116.470"/>
      <word confidence="1.000" wordID="de" beginTime="116.470" endTime="116.560"/>
      <word confidence="0.903" wordID="jeugd" beginTime="116.560" endTime="117.040"/>
      <word confidence="0.885" wordID="SIL" beginTime="117.040" endTime="117.280"/>
      <word confidence="0.956" wordID="de" beginTime="117.280" endTime="117.360"/>
      <word confidence="1.000" wordID="lessen" beginTime="117.360" endTime="117.650"/>
      <word confidence="1.000" wordID="in" beginTime="117.650" endTime="117.760"/>
      <word confidence="1.000" wordID="lichaamsverzorging" beginTime="117.760" endTime="118.650"/>
      <word confidence="1.000" wordID="ter" beginTime="118.650" endTime="118.810"/>
      <word confidence="0.941" wordID="harte" beginTime="118.810" endTime="119.070"/>
      <word confidence="1.000" wordID="neemt" beginTime="119.070" endTime="119.310"/>
    </wordsequence>
  </speech>
  <speech label="SPK14-031" begintime="119.33" endtime="122.44" >
    <wordsequence>
      <word confidence="0.750" wordID="SIL" beginTime="119.330" endTime="120.300"/>
      <word confidence="0.766" wordID="het" beginTime="120.300" endTime="121.940"/>
      <word confidence="0.745" wordID="SIL" beginTime="121.940" endTime="121.970"/>
      <word confidence="0.815" wordID="is" beginTime="121.970" endTime="122.330"/>
      <word confidence="0.749" wordID="SIL" beginTime="122.330" endTime="122.440"/>
    </wordsequence>
  </speech>
  <speech label="SPK09-032" begintime="122.46" endtime="125.59" >
    <wordsequence>
      <word confidence="0.750" wordID="SIL" beginTime="122.460" endTime="124.350"/>
      <word confidence="0.773" wordID="ja" beginTime="124.350" endTime="125.040"/>
      <word confidence="0.744" wordID="SIL" beginTime="125.040" endTime="125.050"/>
      <word confidence="1.000" wordID="ik" beginTime="125.050" endTime="125.130"/>
      <word confidence="0.943" wordID="was" beginTime="125.130" endTime="125.360"/>
      <word confidence="0.850" wordID="er" beginTime="125.360" endTime="125.540"/>
      <word confidence="0.749" wordID="SIL" beginTime="125.540" endTime="125.590"/>
    </wordsequence>
  </speech>
  <speech label="SPK01-033" begintime="125.61" endtime="126.59" >
    <wordsequence>
      <word confidence="0.750" wordID="SIL" beginTime="125.610" endTime="125.620"/>
      <word confidence="0.800" wordID="de" beginTime="125.620" endTime="125.710"/>
      <word confidence="1.000" wordID="ontwikkelings" beginTime="125.710" endTime="126.160"/>
      <word confidence="1.000" wordID="bijstaan" beginTime="126.160" endTime="126.590"/>
    </wordsequence>
  </speech>
  <speech label="SPK14-034" begintime="126.61" endtime="128.50" >
    <wordsequence>
      <word confidence="0.750" wordID="SIL" beginTime="126.610" endTime="126.940"/>
      <word confidence="0.923" wordID="het" beginTime="126.940" endTime="127.160"/>
      <word confidence="0.951" wordID="werk" beginTime="127.160" endTime="127.390"/>
      <word confidence="1.000" wordID="dat" beginTime="127.390" endTime="127.520"/>
      <word confidence="1.000" wordID="gericht" beginTime="127.520" endTime="127.850"/>
      <word confidence="0.898" wordID="is" beginTime="127.850" endTime="127.960"/>
      <word confidence="0.942" wordID="op" beginTime="127.960" endTime="128.110"/>
      <word confidence="0.849" wordID="een" beginTime="128.110" endTime="128.210"/>
      <word confidence="1.000" wordID="beter" beginTime="128.210" endTime="128.500"/>
    </wordsequence>
  </speech>
  <speech label="SPK01-035" begintime="128.52" endtime="132.94" >
    <wordsequence>
      <word confidence="0.776" wordID="een" beginTime="128.520" endTime="128.600"/>
      <word confidence="1.000" wordID="van" beginTime="128.600" endTime="128.700"/>
      <word confidence="1.000" wordID="de" beginTime="128.700" endTime="128.770"/>
      <word confidence="1.000" wordID="vaak" beginTime="128.770" endTime="128.990"/>
      <word confidence="1.000" wordID="heel" beginTime="128.990" endTime="129.160"/>
      <word confidence="1.000" wordID="simpele" beginTime="129.160" endTime="129.550"/>
      <word confidence="1.000" wordID="landbouwmethoden" beginTime="129.550" endTime="130.370"/>
      <word confidence="0.858" wordID="SIL" beginTime="130.370" endTime="130.380"/>
      <word confidence="1.000" wordID="bij" beginTime="130.380" endTime="130.640"/>
      <word confidence="0.808" wordID="SIL" beginTime="130.640" endTime="131.060"/>
      <word confidence="1.000" wordID="de" beginTime="131.060" endTime="131.170"/>
      <word confidence="1.000" wordID="haak" beginTime="131.170" endTime="131.500"/>
      <word confidence="0.748" wordID="SIL" beginTime="131.500" endTime="131.610"/>
      <word confidence="1.000" wordID="maakt" beginTime="131.610" endTime="131.980"/>
      <word confidence="1.000" wordID="plaats" beginTime="131.980" endTime="132.380"/>
      <word confidence="0.741" wordID="SIL" beginTime="132.380" endTime="132.390"/>
      <word confidence="1.000" wordID="voor" beginTime="132.390" endTime="132.580"/>
      <word confidence="1.000" wordID="de" beginTime="132.580" endTime="132.640"/>
      <word confidence="1.000" wordID="ploeg" beginTime="132.640" endTime="132.940"/>
    </wordsequence>
  </speech>
  <speech label="SPK14-036" begintime="132.96" endtime="134.74" >
    <wordsequence>
      <word confidence="0.750" wordID="SIL" beginTime="132.960" endTime="133.470"/>
      <word confidence="1.000" wordID="en" beginTime="133.470" endTime="133.620"/>
      <word confidence="1.000" wordID="nederlandse" beginTime="133.620" endTime="134.070"/>
      <word confidence="1.000" wordID="deskundigen" beginTime="134.070" endTime="134.670"/>
      <word confidence="1.000" wordID="de" beginTime="134.670" endTime="134.740"/>
    </wordsequence>
  </speech>
  <speech label="SPK01-037" begintime="134.76" endtime="137.17" >
    <wordsequence>
      <word confidence="0.934" wordID="aangenaam" beginTime="134.760" endTime="135.120"/>
      <word confidence="1.000" wordID="kennis" beginTime="135.120" endTime="135.420"/>
      <word confidence="1.000" wordID="over" beginTime="135.420" endTime="135.720"/>
      <word confidence="1.000" wordID="op" beginTime="135.720" endTime="135.820"/>
      <word confidence="1.000" wordID="de" beginTime="135.820" endTime="135.890"/>
      <word confidence="1.000" wordID="inheemse" beginTime="135.890" endTime="136.310"/>
      <word confidence="1.000" wordID="bevolking" beginTime="136.310" endTime="136.800"/>
      <word confidence="1.000" wordID="SIL" beginTime="136.800" endTime="136.830"/>
      <word confidence="1.000" wordID="die" beginTime="136.830" endTime="137.070"/>
      <word confidence="0.748" wordID="SIL" beginTime="137.070" endTime="137.170"/>
    </wordsequence>
  </speech>
  <speech label="SPK01-038" begintime="137.77" endtime="141.97" >
    <wordsequence>
      <word confidence="0.750" wordID="SIL" beginTime="137.770" endTime="139.140"/>
      <word confidence="0.979" wordID="in" beginTime="139.140" endTime="139.230"/>
      <word confidence="0.937" wordID="het" beginTime="139.230" endTime="139.310"/>
      <word confidence="1.000" wordID="afgelopen" beginTime="139.310" endTime="139.740"/>
      <word confidence="1.000" wordID="jaar" beginTime="139.740" endTime="139.990"/>
      <word confidence="1.000" wordID="werden" beginTime="139.990" endTime="140.220"/>
      <word confidence="1.000" wordID="honderd" beginTime="140.220" endTime="140.480"/>
      <word confidence="1.000" wordID="acht" beginTime="140.480" endTime="140.690"/>
      <word confidence="1.000" wordID="en" beginTime="140.690" endTime="140.790"/>
      <word confidence="1.000" wordID="vijftig" beginTime="140.790" endTime="141.160"/>
      <word confidence="1.000" wordID="jongeren" beginTime="141.160" endTime="141.510"/>
      <word confidence="1.000" wordID="vrijwillige" beginTime="141.510" endTime="141.970"/>
    </wordsequence>
  </speech>
  <speech label="SPK14-039" begintime="141.99" endtime="144.80" >
    <wordsequence>
      <word confidence="0.540" wordID="SIL" beginTime="141.990" endTime="142.040"/>
      <word confidence="1.000" wordID="in" beginTime="142.040" endTime="142.210"/>
      <word confidence="0.948" wordID="nederland" beginTime="142.210" endTime="142.550"/>
      <word confidence="1.000" wordID="voorbereid" beginTime="142.550" endTime="143.080"/>
      <word confidence="0.749" wordID="SIL" beginTime="143.080" endTime="143.280"/>
      <word confidence="1.000" wordID="op" beginTime="143.280" endTime="143.410"/>
      <word confidence="1.000" wordID="hun" beginTime="143.410" endTime="143.540"/>
      <word confidence="0.929" wordID="werk" beginTime="143.540" endTime="143.810"/>
      <word confidence="1.000" wordID="in" beginTime="143.810" endTime="143.900"/>
      <word confidence="1.000" wordID="de" beginTime="143.900" endTime="143.970"/>
      <word confidence="1.000" wordID="ontwikkelingslanden" beginTime="143.970" endTime="144.770"/>
      <word confidence="0.742" wordID="SIL" beginTime="144.770" endTime="144.800"/>
    </wordsequence>
  </speech>
  <speech label="SPK14-040" begintime="144.82" endtime="149.65" >
    <wordsequence>
      <word confidence="0.750" wordID="SIL" beginTime="144.820" endTime="145.600"/>
      <word confidence="1.000" wordID="voor" beginTime="145.600" endTime="145.720"/>
      <word confidence="0.916" wordID="die" beginTime="145.720" endTime="145.810"/>
      <word confidence="1.000" wordID="opleiding" beginTime="145.810" endTime="146.260"/>
      <word confidence="1.000" wordID="beschikken" beginTime="146.260" endTime="146.630"/>
      <word confidence="1.000" wordID="tropeninstituut" beginTime="146.630" endTime="147.460"/>
      <word confidence="0.747" wordID="SIL" beginTime="147.460" endTime="147.520"/>
      <word confidence="1.000" wordID="nu" beginTime="147.520" endTime="147.690"/>
      <word confidence="0.993" wordID="ook" beginTime="147.690" endTime="147.950"/>
      <word confidence="0.742" wordID="SIL" beginTime="147.950" endTime="147.960"/>
      <word confidence="1.000" wordID="over" beginTime="147.960" endTime="148.200"/>
      <word confidence="0.993" wordID="een" beginTime="148.200" endTime="148.280"/>
      <word confidence="0.740" wordID="SIL" beginTime="148.280" endTime="148.290"/>
      <word confidence="0.960" wordID="internationaal" beginTime="148.290" endTime="148.920"/>
      <word confidence="1.000" wordID="centrum" beginTime="148.920" endTime="149.350"/>
      <word confidence="0.749" wordID="SIL" beginTime="149.350" endTime="149.650"/>
    </wordsequence>
  </speech>
  <speech label="SPK14-041" begintime="149.67" endtime="153.30" >
    <wordsequence>
      <word confidence="0.750" wordID="SIL" beginTime="149.670" endTime="149.730"/>
      <word confidence="1.000" wordID="dat" beginTime="149.730" endTime="149.860"/>
      <word confidence="0.937" wordID="de" beginTime="149.860" endTime="149.970"/>
      <word confidence="0.894" wordID="minister" beginTime="149.970" endTime="150.400"/>
      <word confidence="0.937" wordID="ik" beginTime="150.400" endTime="150.480"/>
      <word confidence="1.000" wordID="denk" beginTime="150.480" endTime="150.730"/>
      <word confidence="0.749" wordID="SIL" beginTime="150.730" endTime="150.950"/>
      <word confidence="0.865" wordID="dat" beginTime="150.950" endTime="151.080"/>
      <word confidence="0.746" wordID="SIL" beginTime="151.080" endTime="151.120"/>
      <word confidence="0.994" wordID="toekomstige" beginTime="151.120" endTime="151.680"/>
      <word confidence="1.000" wordID="bram" beginTime="151.680" endTime="151.960"/>
      <word confidence="0.963" wordID="van" beginTime="151.960" endTime="152.080"/>
      <word confidence="1.000" wordID="inspiratie" beginTime="152.080" endTime="152.650"/>
      <word confidence="1.000" wordID="is" beginTime="152.650" endTime="152.770"/>
      <word confidence="1.000" wordID="genoemd" beginTime="152.770" endTime="153.110"/>
      <word confidence="0.749" wordID="SIL" beginTime="153.110" endTime="153.300"/>
    </wordsequence>
  </speech>
  <speech label="SPK14-042" begintime="153.32" endtime="155.82" >
    <wordsequence>
      <word confidence="0.750" wordID="SIL" beginTime="153.320" endTime="153.420"/>
      <word confidence="1.000" wordID="voor" beginTime="153.420" endTime="153.620"/>
      <word confidence="0.741" wordID="SIL" beginTime="153.620" endTime="153.630"/>
      <word confidence="0.921" wordID="meer" beginTime="153.630" endTime="154.010"/>
      <word confidence="0.867" wordID="SIL" beginTime="154.010" endTime="154.030"/>
      <word confidence="0.957" wordID="en" beginTime="154.030" endTime="154.280"/>
      <word confidence="0.738" wordID="SIL" beginTime="154.280" endTime="154.290"/>
      <word confidence="0.983" wordID="betere" beginTime="154.290" endTime="154.740"/>
      <word confidence="0.742" wordID="SIL" beginTime="154.740" endTime="154.750"/>
      <word confidence="1.000" wordID="ontwikkelings" beginTime="154.750" endTime="155.280"/>
      <word confidence="1.000" wordID="bijstand" beginTime="155.280" endTime="155.820"/>
    </wordsequence>
  </speech>
  <speech label="SPK14-043" begintime="155.84" endtime="159.04" >
    <wordsequence>
      <word confidence="0.750" wordID="SIL" beginTime="155.840" endTime="155.900"/>
      <word confidence="0.977" wordID="vanuit" beginTime="155.900" endTime="156.210"/>
      <word confidence="1.000" wordID="nederland" beginTime="156.210" endTime="156.670"/>
      <word confidence="0.750" wordID="SIL" beginTime="156.670" endTime="159.040"/>
    </wordsequence>
  </speech>

  </segments>
</shout_metadata>
