<?xml version="1.0" encoding="UTF-8"?>
<!--
  ##################################################################################################
  ###                      This transcription is automatically generated by                      ###
  ###                              X-MI, Cross-Media interaction                                 ###
  ###                                    http://x-mi.nl                                          ###
  ##################################################################################################
-->
<shout_metadata>
  <model_info>
    <version>Standaard systeem 28-02-2012</version>
    <description>Academia</description>
  </model_info>
  <segments>
  <speech label="SPK01-001" begintime="1.23" endtime="6.35" >
    <wordsequence>
      <word confidence="0.750" wordID="SIL" beginTime="1.230" endTime="1.690"/>
      <word confidence="0.928" wordID="in" beginTime="1.690" endTime="1.830"/>
      <word confidence="0.803" wordID="de" beginTime="1.830" endTime="1.920"/>
      <word confidence="1.000" wordID="surinaamse" beginTime="1.920" endTime="2.450"/>
      <word confidence="1.000" wordID="hoofdstad" beginTime="2.450" endTime="2.890"/>
      <word confidence="1.000" wordID="paramaribo" beginTime="2.890" endTime="3.670"/>
      <word confidence="0.750" wordID="SIL" beginTime="3.670" endTime="3.950"/>
      <word confidence="0.980" wordID="werd" beginTime="3.950" endTime="4.130"/>
      <word confidence="0.970" wordID="in" beginTime="4.130" endTime="4.230"/>
      <word confidence="1.000" wordID="september" beginTime="4.230" endTime="4.690"/>
      <word confidence="1.000" wordID="van" beginTime="4.690" endTime="4.820"/>
      <word confidence="1.000" wordID="het" beginTime="4.820" endTime="4.920"/>
      <word confidence="1.000" wordID="afgelopen" beginTime="4.920" endTime="5.380"/>
      <word confidence="1.000" wordID="jaar" beginTime="5.380" endTime="5.690"/>
      <word confidence="0.727" wordID="SIL" beginTime="5.690" endTime="5.700"/>
      <word confidence="1.000" wordID="de" beginTime="5.700" endTime="5.810"/>
      <word confidence="1.000" wordID="stichting" beginTime="5.810" endTime="6.300"/>
      <word confidence="0.746" wordID="SIL" beginTime="6.300" endTime="6.350"/>
    </wordsequence>
  </speech>
  <speech label="SPK01-002" begintime="6.37" endtime="9.40" >
    <wordsequence>
      <word confidence="0.750" wordID="SIL" beginTime="6.370" endTime="6.530"/>
      <word confidence="1.000" wordID="surinaamse" beginTime="6.530" endTime="7.130"/>
      <word confidence="1.000" wordID="academie" beginTime="7.130" endTime="7.570"/>
      <word confidence="1.000" wordID="voor" beginTime="7.570" endTime="7.750"/>
      <word confidence="1.000" wordID="beeldende" beginTime="7.750" endTime="8.110"/>
      <word confidence="1.000" wordID="kunst" beginTime="8.110" endTime="8.450"/>
      <word confidence="1.000" wordID="opgericht" beginTime="8.450" endTime="9.080"/>
      <word confidence="0.749" wordID="SIL" beginTime="9.080" endTime="9.400"/>
    </wordsequence>
  </speech>
  <speech label="SPK01-003" begintime="9.42" endtime="13.80" >
    <wordsequence>
      <word confidence="0.750" wordID="SIL" beginTime="9.420" endTime="9.520"/>
      <word confidence="0.988" wordID="en" beginTime="9.520" endTime="9.680"/>
      <word confidence="0.954" wordID="sedertdien" beginTime="9.680" endTime="10.230"/>
      <word confidence="0.737" wordID="SIL" beginTime="10.230" endTime="10.240"/>
      <word confidence="1.000" wordID="ziet" beginTime="10.240" endTime="10.440"/>
      <word confidence="1.000" wordID="men" beginTime="10.440" endTime="10.590"/>
      <word confidence="0.930" wordID="geregeld" beginTime="10.590" endTime="11.060"/>
      <word confidence="0.798" wordID="SIL" beginTime="11.060" endTime="11.070"/>
      <word confidence="1.000" wordID="leerlingen" beginTime="11.070" endTime="11.500"/>
      <word confidence="1.000" wordID="van" beginTime="11.500" endTime="11.640"/>
      <word confidence="1.000" wordID="de" beginTime="11.640" endTime="11.700"/>
      <word confidence="1.000" wordID="academie" beginTime="11.700" endTime="12.230"/>
      <word confidence="1.000" wordID="SIL" beginTime="12.230" endTime="12.520"/>
      <word confidence="1.000" wordID="aan" beginTime="12.520" endTime="12.660"/>
      <word confidence="0.998" wordID="het" beginTime="12.660" endTime="12.770"/>
      <word confidence="1.000" wordID="werk" beginTime="12.770" endTime="13.040"/>
      <word confidence="1.000" wordID="in" beginTime="13.040" endTime="13.150"/>
      <word confidence="1.000" wordID="deze" beginTime="13.150" endTime="13.410"/>
      <word confidence="1.000" wordID="stad" beginTime="13.410" endTime="13.770"/>
      <word confidence="1.000" wordID="SIL" beginTime="13.770" endTime="13.800"/>
    </wordsequence>
  </speech>
  <speech label="SPK01-004" begintime="13.82" endtime="16.77" >
    <wordsequence>
      <word confidence="0.750" wordID="SIL" beginTime="13.820" endTime="14.090"/>
      <word confidence="1.000" wordID="die" beginTime="14.090" endTime="14.200"/>
      <word confidence="1.000" wordID="talrijke" beginTime="14.200" endTime="14.690"/>
      <word confidence="1.000" wordID="historische" beginTime="14.690" endTime="15.320"/>
      <word confidence="1.000" wordID="gebouwen" beginTime="15.320" endTime="15.810"/>
      <word confidence="1.000" wordID="en" beginTime="15.810" endTime="15.910"/>
      <word confidence="1.000" wordID="monumenten" beginTime="15.910" endTime="16.430"/>
      <word confidence="1.000" wordID="telt" beginTime="16.430" endTime="16.750"/>
      <word confidence="0.741" wordID="SIL" beginTime="16.750" endTime="16.770"/>
    </wordsequence>
  </speech>
  <speech label="SPK01-005" begintime="16.79" endtime="20.44" >
    <wordsequence>
      <word confidence="0.750" wordID="SIL" beginTime="16.790" endTime="17.010"/>
      <word confidence="1.000" wordID="welke" beginTime="17.010" endTime="17.280"/>
      <word confidence="1.000" wordID="evenzovele" beginTime="17.280" endTime="17.920"/>
      <word confidence="1.000" wordID="objecten" beginTime="17.920" endTime="18.360"/>
      <word confidence="1.000" wordID="kunnen" beginTime="18.360" endTime="18.600"/>
      <word confidence="1.000" wordID="zijn" beginTime="18.600" endTime="18.820"/>
      <word confidence="1.000" wordID="voor" beginTime="18.820" endTime="18.960"/>
      <word confidence="0.885" wordID="een" beginTime="18.960" endTime="19.020"/>
      <word confidence="1.000" wordID="tekening" beginTime="19.020" endTime="19.430"/>
      <word confidence="1.000" wordID="of" beginTime="19.430" endTime="19.540"/>
      <word confidence="1.000" wordID="aquarellen" beginTime="19.540" endTime="20.060"/>
      <word confidence="0.750" wordID="SIL" beginTime="20.060" endTime="20.440"/>
    </wordsequence>
  </speech>
  <speech label="SPK01-006" begintime="20.46" endtime="23.53" >
    <wordsequence>
      <word confidence="0.750" wordID="SIL" beginTime="20.460" endTime="20.710"/>
      <word confidence="0.973" wordID="het" beginTime="20.710" endTime="20.840"/>
      <word confidence="1.000" wordID="nationale" beginTime="20.840" endTime="21.300"/>
      <word confidence="1.000" wordID="monument" beginTime="21.300" endTime="21.730"/>
      <word confidence="1.000" wordID="voor" beginTime="21.730" endTime="21.880"/>
      <word confidence="1.000" wordID="de" beginTime="21.880" endTime="21.960"/>
      <word confidence="1.000" wordID="gevangenen" beginTime="21.960" endTime="22.480"/>
      <word confidence="0.732" wordID="SIL" beginTime="22.480" endTime="22.490"/>
      <word confidence="1.000" wordID="is" beginTime="22.490" endTime="22.670"/>
      <word confidence="1.000" wordID="zo&apos;n" beginTime="22.670" endTime="22.850"/>
      <word confidence="0.992" wordID="onderwerp" beginTime="22.850" endTime="23.260"/>
      <word confidence="0.749" wordID="SIL" beginTime="23.260" endTime="23.530"/>
    </wordsequence>
  </speech>
  <speech label="SPK01-007" begintime="23.55" endtime="26.56" >
    <wordsequence>
      <word confidence="0.750" wordID="SIL" beginTime="23.550" endTime="24.310"/>
      <word confidence="0.927" wordID="de" beginTime="24.310" endTime="24.470"/>
      <word confidence="1.000" wordID="academie" beginTime="24.470" endTime="24.940"/>
      <word confidence="1.000" wordID="stelt" beginTime="24.940" endTime="25.180"/>
      <word confidence="1.000" wordID="zich" beginTime="25.180" endTime="25.310"/>
      <word confidence="1.000" wordID="met" beginTime="25.310" endTime="25.430"/>
      <word confidence="1.000" wordID="de" beginTime="25.430" endTime="25.490"/>
      <word confidence="1.000" wordID="opleidingen" beginTime="25.490" endTime="25.990"/>
      <word confidence="0.728" wordID="SIL" beginTime="25.990" endTime="26.000"/>
      <word confidence="1.000" wordID="tempel" beginTime="26.000" endTime="26.400"/>
      <word confidence="0.749" wordID="SIL" beginTime="26.400" endTime="26.560"/>
    </wordsequence>
  </speech>
  <speech label="SPK01-008" begintime="26.58" endtime="30.54" >
    <wordsequence>
      <word confidence="0.750" wordID="SIL" beginTime="26.580" endTime="26.750"/>
      <word confidence="1.000" wordID="de" beginTime="26.750" endTime="26.830"/>
      <word confidence="0.959" wordID="voorzien" beginTime="26.830" endTime="27.240"/>
      <word confidence="1.000" wordID="in" beginTime="27.240" endTime="27.350"/>
      <word confidence="0.974" wordID="de" beginTime="27.350" endTime="27.440"/>
      <word confidence="0.999" wordID="grote" beginTime="27.440" endTime="27.810"/>
      <word confidence="0.968" wordID="behoefte" beginTime="27.810" endTime="28.260"/>
      <word confidence="1.000" wordID="die" beginTime="28.260" endTime="28.370"/>
      <word confidence="1.000" wordID="in" beginTime="28.370" endTime="28.470"/>
      <word confidence="1.000" wordID="suriname" beginTime="28.470" endTime="28.940"/>
      <word confidence="1.000" wordID="bestaat" beginTime="28.940" endTime="29.360"/>
      <word confidence="0.722" wordID="SIL" beginTime="29.360" endTime="29.370"/>
      <word confidence="0.882" wordID="uit" beginTime="29.370" endTime="29.510"/>
      <word confidence="1.000" wordID="SIL" beginTime="29.510" endTime="29.550"/>
      <word confidence="1.000" wordID="tekenleraar" beginTime="29.550" endTime="30.350"/>
      <word confidence="1.000" wordID="SIL" beginTime="30.350" endTime="30.540"/>
    </wordsequence>
  </speech>
  <speech label="SPK01-009" begintime="30.56" endtime="31.64" >
    <wordsequence>
      <word confidence="0.750" wordID="SIL" beginTime="30.560" endTime="30.620"/>
      <word confidence="0.953" wordID="vooral" beginTime="30.620" endTime="31.180"/>
      <word confidence="1.000" wordID="SIL" beginTime="31.180" endTime="31.210"/>
      <word confidence="1.000" wordID="voor" beginTime="31.210" endTime="31.380"/>
      <word confidence="1.000" wordID="de" beginTime="31.380" endTime="31.460"/>
      <word confidence="1.000" wordID="muur" beginTime="31.460" endTime="31.640"/>
    </wordsequence>
  </speech>
  <speech label="SPK12-010" begintime="31.66" endtime="34.13" >
    <wordsequence>
      <word confidence="0.772" wordID="ja" beginTime="31.660" endTime="32.240"/>
      <word confidence="0.808" wordID="SIL" beginTime="32.240" endTime="32.560"/>
      <word confidence="0.806" wordID="ik" beginTime="32.560" endTime="32.820"/>
      <word confidence="0.750" wordID="SIL" beginTime="32.820" endTime="33.320"/>
      <word confidence="0.842" wordID="zie" beginTime="33.320" endTime="33.520"/>
      <word confidence="0.745" wordID="SIL" beginTime="33.520" endTime="33.550"/>
      <word confidence="0.884" wordID="ons" beginTime="33.550" endTime="33.890"/>
      <word confidence="0.741" wordID="SIL" beginTime="33.890" endTime="33.900"/>
      <word confidence="0.893" wordID="had" beginTime="33.900" endTime="34.130"/>
    </wordsequence>
  </speech>
  <speech label="SPK01-011" begintime="34.15" endtime="38.64" >
    <wordsequence>
      <word confidence="0.643" wordID="de" beginTime="34.150" endTime="34.220"/>
      <word confidence="0.695" wordID="SIL" beginTime="34.220" endTime="34.230"/>
      <word confidence="0.977" wordID="voormalige" beginTime="34.230" endTime="34.760"/>
      <word confidence="1.000" wordID="fort" beginTime="34.760" endTime="35.070"/>
      <word confidence="1.000" wordID="zeelandia" beginTime="35.070" endTime="35.840"/>
      <word confidence="0.848" wordID="SIL" beginTime="35.840" endTime="35.850"/>
      <word confidence="1.000" wordID="met" beginTime="35.850" endTime="36.020"/>
      <word confidence="0.980" wordID="het" beginTime="36.020" endTime="36.120"/>
      <word confidence="1.000" wordID="oude" beginTime="36.120" endTime="36.370"/>
      <word confidence="1.000" wordID="huis" beginTime="36.370" endTime="36.600"/>
      <word confidence="1.000" wordID="van" beginTime="36.600" endTime="36.740"/>
      <word confidence="0.812" wordID="SIL" beginTime="36.740" endTime="36.750"/>
      <word confidence="1.000" wordID="bewaring" beginTime="36.750" endTime="37.240"/>
      <word confidence="0.898" wordID="SIL" beginTime="37.240" endTime="37.410"/>
      <word confidence="1.000" wordID="is" beginTime="37.410" endTime="37.540"/>
      <word confidence="1.000" wordID="en" beginTime="37.540" endTime="37.630"/>
      <word confidence="1.000" wordID="veel" beginTime="37.630" endTime="37.840"/>
      <word confidence="1.000" wordID="gezocht" beginTime="37.840" endTime="38.220"/>
      <word confidence="0.969" wordID="object" beginTime="38.220" endTime="38.640"/>
    </wordsequence>
  </speech>
  <speech label="SPK01-012" begintime="38.66" endtime="41.46" >
    <wordsequence>
      <word confidence="0.750" wordID="SIL" beginTime="38.660" endTime="39.090"/>
      <word confidence="1.000" wordID="evenals" beginTime="39.090" endTime="39.640"/>
      <word confidence="0.746" wordID="SIL" beginTime="39.640" endTime="39.680"/>
      <word confidence="0.889" wordID="de" beginTime="39.680" endTime="39.800"/>
      <word confidence="1.000" wordID="vier" beginTime="39.800" endTime="40.030"/>
      <word confidence="0.895" wordID="en" beginTime="40.030" endTime="40.100"/>
      <word confidence="1.000" wordID="dertig" beginTime="40.100" endTime="40.390"/>
      <word confidence="1.000" wordID="meter" beginTime="40.390" endTime="40.660"/>
      <word confidence="1.000" wordID="hoge" beginTime="40.660" endTime="40.880"/>
      <word confidence="0.958" wordID="toren" beginTime="40.880" endTime="41.280"/>
      <word confidence="0.749" wordID="SIL" beginTime="41.280" endTime="41.460"/>
    </wordsequence>
  </speech>
  <speech label="SPK01-013" begintime="41.48" endtime="47.29" >
    <wordsequence>
      <word confidence="0.750" wordID="SIL" beginTime="41.480" endTime="41.510"/>
      <word confidence="0.838" wordID="uh" beginTime="41.510" endTime="41.670"/>
      <word confidence="0.748" wordID="SIL" beginTime="41.670" endTime="41.720"/>
      <word confidence="0.953" wordID="wat" beginTime="41.720" endTime="41.980"/>
      <word confidence="0.970" wordID="in" beginTime="41.980" endTime="42.100"/>
      <word confidence="1.000" wordID="achttien" beginTime="42.100" endTime="42.370"/>
      <word confidence="0.947" wordID="honderd" beginTime="42.370" endTime="42.620"/>
      <word confidence="1.000" wordID="één" beginTime="42.620" endTime="42.780"/>
      <word confidence="1.000" wordID="en" beginTime="42.780" endTime="42.860"/>
      <word confidence="1.000" wordID="veertig" beginTime="42.860" endTime="43.180"/>
      <word confidence="1.000" wordID="gebouwde" beginTime="43.180" endTime="43.550"/>
      <word confidence="1.000" wordID="stadhuis" beginTime="43.550" endTime="44.170"/>
      <word confidence="0.824" wordID="SIL" beginTime="44.170" endTime="44.420"/>
      <word confidence="0.989" wordID="dat" beginTime="44.420" endTime="44.570"/>
      <word confidence="0.899" wordID="nu" beginTime="44.570" endTime="44.680"/>
      <word confidence="0.902" wordID="de" beginTime="44.680" endTime="44.800"/>
      <word confidence="1.000" wordID="zetel" beginTime="44.800" endTime="45.150"/>
      <word confidence="1.000" wordID="is" beginTime="45.150" endTime="45.300"/>
      <word confidence="1.000" wordID="van" beginTime="45.300" endTime="45.420"/>
      <word confidence="1.000" wordID="de" beginTime="45.420" endTime="45.480"/>
      <word confidence="1.000" wordID="minister" beginTime="45.480" endTime="45.820"/>
      <word confidence="1.000" wordID="van" beginTime="45.820" endTime="45.960"/>
      <word confidence="1.000" wordID="financiën" beginTime="45.960" endTime="46.470"/>
      <word confidence="0.750" wordID="SIL" beginTime="46.470" endTime="47.290"/>
    </wordsequence>
  </speech>
  <speech label="SPK01-014" begintime="47.32" endtime="53.43" >
    <wordsequence>
      <word confidence="0.750" wordID="SIL" beginTime="47.320" endTime="47.650"/>
      <word confidence="1.000" wordID="surinaamse" beginTime="47.650" endTime="48.150"/>
      <word confidence="1.000" wordID="schilders" beginTime="48.150" endTime="48.580"/>
      <word confidence="1.000" wordID="en" beginTime="48.580" endTime="48.680"/>
      <word confidence="1.000" wordID="beeldhouwers" beginTime="48.680" endTime="49.290"/>
      <word confidence="0.749" wordID="SIL" beginTime="49.290" endTime="49.520"/>
      <word confidence="1.000" wordID="hebben" beginTime="49.520" endTime="49.680"/>
      <word confidence="1.000" wordID="de" beginTime="49.680" endTime="49.760"/>
      <word confidence="1.000" wordID="academie" beginTime="49.760" endTime="50.250"/>
      <word confidence="1.000" wordID="onmiddellijk" beginTime="50.250" endTime="50.660"/>
      <word confidence="0.973" wordID="hun" beginTime="50.660" endTime="50.760"/>
      <word confidence="1.000" wordID="steun" beginTime="50.760" endTime="51.080"/>
      <word confidence="1.000" wordID="gegeven" beginTime="51.080" endTime="51.480"/>
      <word confidence="1.000" wordID="en" beginTime="51.480" endTime="51.570"/>
      <word confidence="1.000" wordID="treden" beginTime="51.570" endTime="51.890"/>
      <word confidence="1.000" wordID="op" beginTime="51.890" endTime="52.010"/>
      <word confidence="1.000" wordID="als" beginTime="52.010" endTime="52.140"/>
      <word confidence="0.906" wordID="leerkrachten" beginTime="52.140" endTime="52.990"/>
      <word confidence="0.748" wordID="SIL" beginTime="52.990" endTime="53.090"/>
      <word confidence="0.874" wordID="te" beginTime="53.090" endTime="53.190"/>
      <word confidence="0.749" wordID="SIL" beginTime="53.190" endTime="53.430"/>
    </wordsequence>
  </speech>
  <speech label="SPK01-015" begintime="53.46" endtime="57.11" >
    <wordsequence>
      <word confidence="0.750" wordID="SIL" beginTime="53.460" endTime="53.680"/>
      <word confidence="1.000" wordID="zij" beginTime="53.680" endTime="53.880"/>
      <word confidence="1.000" wordID="beoordelen" beginTime="53.880" endTime="54.520"/>
      <word confidence="1.000" wordID="netwerk" beginTime="54.520" endTime="55.000"/>
      <word confidence="0.749" wordID="SIL" beginTime="55.000" endTime="55.250"/>
      <word confidence="1.000" wordID="en" beginTime="55.250" endTime="55.380"/>
      <word confidence="1.000" wordID="bespreken" beginTime="55.380" endTime="55.880"/>
      <word confidence="1.000" wordID="dat" beginTime="55.880" endTime="56.060"/>
      <word confidence="1.000" wordID="met" beginTime="56.060" endTime="56.200"/>
      <word confidence="1.000" wordID="de" beginTime="56.200" endTime="56.260"/>
      <word confidence="1.000" wordID="leerlingen" beginTime="56.260" endTime="56.770"/>
      <word confidence="0.750" wordID="SIL" beginTime="56.770" endTime="57.110"/>
    </wordsequence>
  </speech>
  <speech label="SPK01-016" begintime="57.13" endtime="62.31" >
    <wordsequence>
      <word confidence="0.750" wordID="SIL" beginTime="57.130" endTime="57.410"/>
      <word confidence="1.000" wordID="als" beginTime="57.410" endTime="57.620"/>
      <word confidence="0.978" wordID="daar" beginTime="57.620" endTime="57.830"/>
      <word confidence="0.740" wordID="SIL" beginTime="57.830" endTime="57.840"/>
      <word confidence="1.000" wordID="tenminste" beginTime="57.840" endTime="58.210"/>
      <word confidence="1.000" wordID="gelegenheid" beginTime="58.210" endTime="58.710"/>
      <word confidence="1.000" wordID="voor" beginTime="58.710" endTime="58.880"/>
      <word confidence="1.000" wordID="is" beginTime="58.880" endTime="58.990"/>
      <word confidence="0.892" wordID="het" beginTime="58.990" endTime="59.200"/>
      <word confidence="0.749" wordID="SIL" beginTime="59.200" endTime="59.550"/>
      <word confidence="1.000" wordID="want" beginTime="59.550" endTime="59.830"/>
      <word confidence="0.749" wordID="SIL" beginTime="59.830" endTime="60.000"/>
      <word confidence="0.990" wordID="zo&apos;n" beginTime="60.000" endTime="60.230"/>
      <word confidence="0.933" wordID="opgelucht" beginTime="60.230" endTime="60.790"/>
      <word confidence="1.000" wordID="linssen" beginTime="60.790" endTime="61.100"/>
      <word confidence="0.740" wordID="SIL" beginTime="61.100" endTime="61.110"/>
      <word confidence="0.919" wordID="krijgt" beginTime="61.110" endTime="61.340"/>
      <word confidence="1.000" wordID="in" beginTime="61.340" endTime="61.420"/>
      <word confidence="1.000" wordID="paramaribo" beginTime="61.420" endTime="62.130"/>
      <word confidence="0.749" wordID="SIL" beginTime="62.130" endTime="62.310"/>
    </wordsequence>
  </speech>
  <speech label="SPK01-017" begintime="62.33" endtime="65.29" >
    <wordsequence>
      <word confidence="0.750" wordID="SIL" beginTime="62.330" endTime="62.430"/>
      <word confidence="1.000" wordID="door" beginTime="62.430" endTime="62.560"/>
      <word confidence="0.889" wordID="een" beginTime="62.560" endTime="62.670"/>
      <word confidence="0.741" wordID="SIL" beginTime="62.670" endTime="62.680"/>
      <word confidence="1.000" wordID="tropische" beginTime="62.680" endTime="63.140"/>
      <word confidence="0.739" wordID="SIL" beginTime="63.140" endTime="63.150"/>
      <word confidence="1.000" wordID="regenbui" beginTime="63.150" endTime="63.620"/>
      <word confidence="0.829" wordID="het" beginTime="63.620" endTime="63.780"/>
      <word confidence="0.748" wordID="SIL" beginTime="63.780" endTime="63.860"/>
      <word confidence="1.000" wordID="soms" beginTime="63.860" endTime="64.170"/>
      <word confidence="0.741" wordID="SIL" beginTime="64.170" endTime="64.180"/>
      <word confidence="1.000" wordID="een" beginTime="64.180" endTime="64.290"/>
      <word confidence="0.943" wordID="hele" beginTime="64.290" endTime="64.560"/>
      <word confidence="1.000" wordID="af" beginTime="64.560" endTime="64.690"/>
      <word confidence="0.744" wordID="SIL" beginTime="64.690" endTime="64.720"/>
      <word confidence="0.871" wordID="want" beginTime="64.720" endTime="65.060"/>
      <word confidence="0.743" wordID="SIL" beginTime="65.060" endTime="65.070"/>
      <word confidence="1.000" wordID="hij" beginTime="65.070" endTime="65.260"/>
      <word confidence="0.746" wordID="SIL" beginTime="65.260" endTime="65.290"/>
    </wordsequence>
  </speech>
  <speech label="SPK08-018" begintime="65.31" endtime="67.89" >
    <wordsequence>
      <word confidence="0.750" wordID="SIL" beginTime="65.310" endTime="65.730"/>
      <word confidence="0.771" wordID="het" beginTime="65.730" endTime="65.990"/>
      <word confidence="0.750" wordID="SIL" beginTime="65.990" endTime="66.340"/>
      <word confidence="0.813" wordID="is" beginTime="66.340" endTime="66.490"/>
      <word confidence="0.745" wordID="SIL" beginTime="66.490" endTime="66.520"/>
      <word confidence="0.867" wordID="een" beginTime="66.520" endTime="66.660"/>
      <word confidence="0.834" wordID="stier" beginTime="66.660" endTime="67.040"/>
      <word confidence="0.750" wordID="SIL" beginTime="67.040" endTime="67.440"/>
      <word confidence="0.832" wordID="aan" beginTime="67.440" endTime="67.760"/>
      <word confidence="0.749" wordID="SIL" beginTime="67.760" endTime="67.890"/>
    </wordsequence>
  </speech>
  <speech label="SPK01-019" begintime="67.91" endtime="70.71" >
    <wordsequence>
      <word confidence="0.885" wordID="medewerkster" beginTime="67.910" endTime="68.550"/>
      <word confidence="1.000" wordID="op" beginTime="68.550" endTime="68.620"/>
      <word confidence="0.966" wordID="z&apos;n" beginTime="68.620" endTime="68.740"/>
      <word confidence="0.966" wordID="kop" beginTime="68.740" endTime="68.930"/>
      <word confidence="1.000" wordID="houden" beginTime="68.930" endTime="69.180"/>
      <word confidence="0.749" wordID="SIL" beginTime="69.180" endTime="69.450"/>
      <word confidence="1.000" wordID="blijft" beginTime="69.450" endTime="69.790"/>
      <word confidence="0.741" wordID="SIL" beginTime="69.790" endTime="69.800"/>
      <word confidence="1.000" wordID="zelf" beginTime="69.800" endTime="70.170"/>
      <word confidence="0.739" wordID="SIL" beginTime="70.170" endTime="70.180"/>
      <word confidence="0.985" wordID="droog" beginTime="70.180" endTime="70.580"/>
      <word confidence="0.748" wordID="SIL" beginTime="70.580" endTime="70.710"/>
    </wordsequence>
  </speech>
  <speech label="SPK01-020" begintime="70.73" endtime="76.11" >
    <wordsequence>
      <word confidence="0.750" wordID="SIL" beginTime="70.730" endTime="70.870"/>
      <word confidence="1.000" wordID="en" beginTime="70.870" endTime="71.000"/>
      <word confidence="1.000" wordID="houdt" beginTime="71.000" endTime="71.250"/>
      <word confidence="1.000" wordID="ook" beginTime="71.250" endTime="71.410"/>
      <word confidence="0.924" wordID="de" beginTime="71.410" endTime="71.480"/>
      <word confidence="1.000" wordID="waterverf" beginTime="71.480" endTime="72.030"/>
      <word confidence="1.000" wordID="droogte" beginTime="72.030" endTime="72.410"/>
      <word confidence="0.749" wordID="SIL" beginTime="72.410" endTime="72.740"/>
      <word confidence="1.000" wordID="waardoor" beginTime="72.740" endTime="73.040"/>
      <word confidence="1.000" wordID="verbeelding" beginTime="73.040" endTime="73.590"/>
      <word confidence="0.961" wordID="en" beginTime="73.590" endTime="73.710"/>
      <word confidence="1.000" wordID="werkelijkheid" beginTime="73.710" endTime="74.380"/>
      <word confidence="0.747" wordID="SIL" beginTime="74.380" endTime="74.420"/>
      <word confidence="1.000" wordID="vergeleken" beginTime="74.420" endTime="74.950"/>
      <word confidence="1.000" wordID="kunnen" beginTime="74.950" endTime="75.140"/>
      <word confidence="0.923" wordID="worden" beginTime="75.140" endTime="75.480"/>
      <word confidence="0.750" wordID="SIL" beginTime="75.480" endTime="76.110"/>
    </wordsequence>
  </speech>
  <speech label="SPK01-021" begintime="76.14" endtime="77.30" >
    <wordsequence>
      <word confidence="0.750" wordID="SIL" beginTime="76.140" endTime="76.370"/>
      <word confidence="0.997" wordID="dit" beginTime="76.370" endTime="76.600"/>
      <word confidence="0.739" wordID="SIL" beginTime="76.600" endTime="76.610"/>
      <word confidence="1.000" wordID="is" beginTime="76.610" endTime="76.740"/>
      <word confidence="1.000" wordID="het" beginTime="76.740" endTime="76.860"/>
      <word confidence="0.739" wordID="SIL" beginTime="76.860" endTime="76.870"/>
      <word confidence="1.000" wordID="oudste" beginTime="76.870" endTime="77.300"/>
    </wordsequence>
  </speech>
  <speech label="SPK12-022" begintime="77.32" endtime="79.84" >
    <wordsequence>
      <word confidence="0.750" wordID="SIL" beginTime="77.320" endTime="77.340"/>
      <word confidence="0.795" wordID="een" beginTime="77.340" endTime="77.560"/>
      <word confidence="0.937" wordID="house" beginTime="77.560" endTime="77.910"/>
      <word confidence="0.939" wordID="om" beginTime="77.910" endTime="78.030"/>
      <word confidence="0.847" wordID="paramaribo" beginTime="78.030" endTime="78.640"/>
      <word confidence="0.798" wordID="SIL" beginTime="78.640" endTime="79.270"/>
      <word confidence="0.816" wordID="het" beginTime="79.270" endTime="79.520"/>
      <word confidence="0.749" wordID="SIL" beginTime="79.520" endTime="79.840"/>
    </wordsequence>
  </speech>
  <speech label="SPK01-023" begintime="79.86" endtime="82.03" >
    <wordsequence>
      <word confidence="0.750" wordID="SIL" beginTime="79.860" endTime="80.160"/>
      <word confidence="0.813" wordID="ja" beginTime="80.160" endTime="80.390"/>
      <word confidence="1.000" wordID="dit" beginTime="80.390" endTime="80.600"/>
      <word confidence="1.000" wordID="is" beginTime="80.600" endTime="80.720"/>
      <word confidence="1.000" wordID="het" beginTime="80.720" endTime="80.820"/>
      <word confidence="1.000" wordID="gouvernement" beginTime="80.820" endTime="81.360"/>
      <word confidence="0.739" wordID="SIL" beginTime="81.360" endTime="81.370"/>
      <word confidence="1.000" wordID="parijs" beginTime="81.370" endTime="81.840"/>
      <word confidence="0.749" wordID="SIL" beginTime="81.840" endTime="82.030"/>
    </wordsequence>
  </speech>
  <speech label="SPK01-024" begintime="82.06" endtime="87.12" >
    <wordsequence>
      <word confidence="0.750" wordID="SIL" beginTime="82.060" endTime="83.830"/>
      <word confidence="0.876" wordID="de" beginTime="83.830" endTime="84.050"/>
      <word confidence="0.742" wordID="SIL" beginTime="84.050" endTime="84.060"/>
      <word confidence="1.000" wordID="leerlingen" beginTime="84.060" endTime="84.450"/>
      <word confidence="1.000" wordID="van" beginTime="84.450" endTime="84.550"/>
      <word confidence="1.000" wordID="de" beginTime="84.550" endTime="84.620"/>
      <word confidence="1.000" wordID="academie" beginTime="84.620" endTime="85.170"/>
      <word confidence="0.747" wordID="SIL" beginTime="85.170" endTime="85.230"/>
      <word confidence="1.000" wordID="zullen" beginTime="85.230" endTime="85.500"/>
      <word confidence="1.000" wordID="straks" beginTime="85.500" endTime="85.900"/>
      <word confidence="0.748" wordID="SIL" beginTime="85.900" endTime="85.950"/>
      <word confidence="1.000" wordID="hun" beginTime="85.950" endTime="86.100"/>
      <word confidence="0.983" wordID="kennis" beginTime="86.100" endTime="86.430"/>
      <word confidence="0.742" wordID="SIL" beginTime="86.430" endTime="86.440"/>
      <word confidence="1.000" wordID="overdragen" beginTime="86.440" endTime="87.080"/>
      <word confidence="0.746" wordID="SIL" beginTime="87.080" endTime="87.120"/>
    </wordsequence>
  </speech>
  <speech label="SPK01-025" begintime="87.14" endtime="88.37" >
    <wordsequence>
      <word confidence="0.750" wordID="SIL" beginTime="87.140" endTime="87.250"/>
      <word confidence="1.000" wordID="op" beginTime="87.250" endTime="87.390"/>
      <word confidence="0.946" wordID="de" beginTime="87.390" endTime="87.470"/>
      <word confidence="1.000" wordID="surinaamse" beginTime="87.470" endTime="88.100"/>
      <word confidence="1.000" wordID="jeuk" beginTime="88.100" endTime="88.370"/>
    </wordsequence>
  </speech>
  <speech label="SPK16-026" begintime="88.39" endtime="90.98" >
    <wordsequence>
      <word confidence="0.750" wordID="SIL" beginTime="88.390" endTime="88.930"/>
      <word confidence="0.785" wordID="ja" beginTime="88.930" endTime="90.380"/>
      <word confidence="0.746" wordID="SIL" beginTime="90.380" endTime="90.400"/>
      <word confidence="0.808" wordID="ja" beginTime="90.400" endTime="90.770"/>
      <word confidence="0.750" wordID="SIL" beginTime="90.770" endTime="90.980"/>
    </wordsequence>
  </speech>

  </segments>
</shout_metadata>
