<?xml version="1.0" encoding="UTF-8"?>
<!--
  ##################################################################################################
  ###                      This transcription is automatically generated by                      ###
  ###                              X-MI, Cross-Media interaction                                 ###
  ###                                    http://x-mi.nl                                          ###
  ##################################################################################################
-->
<shout_metadata>
  <model_info>
    <version>Standaard systeem 28-02-2012</version>
    <description>Academia</description>
  </model_info>
  <segments>
  <speech label="SPK01-001" begintime="1.62" endtime="8.36" >
    <wordsequence>
      <word confidence="0.750" wordID="SIL" beginTime="1.620" endTime="2.080"/>
      <word confidence="1.000" wordID="nee" beginTime="2.080" endTime="2.250"/>
      <word confidence="0.741" wordID="SIL" beginTime="2.250" endTime="2.260"/>
      <word confidence="0.861" wordID="goeie" beginTime="2.260" endTime="2.730"/>
      <word confidence="0.745" wordID="SIL" beginTime="2.730" endTime="2.750"/>
      <word confidence="0.863" wordID="aantrekken" beginTime="2.750" endTime="3.300"/>
      <word confidence="1.000" wordID="plekjes" beginTime="3.300" endTime="3.890"/>
      <word confidence="0.741" wordID="SIL" beginTime="3.890" endTime="3.920"/>
      <word confidence="0.898" wordID="worden" beginTime="3.920" endTime="4.250"/>
      <word confidence="0.910" wordID="in" beginTime="4.250" endTime="4.330"/>
      <word confidence="1.000" wordID="ons" beginTime="4.330" endTime="4.470"/>
      <word confidence="1.000" wordID="land" beginTime="4.470" endTime="4.660"/>
      <word confidence="1.000" wordID="steeds" beginTime="4.660" endTime="4.990"/>
      <word confidence="1.000" wordID="zeldzamer" beginTime="4.990" endTime="5.570"/>
      <word confidence="0.747" wordID="SIL" beginTime="5.570" endTime="5.720"/>
      <word confidence="1.000" wordID="nu" beginTime="5.720" endTime="5.840"/>
      <word confidence="0.792" wordID="de" beginTime="5.840" endTime="5.920"/>
      <word confidence="0.891" wordID="waterverontreiniging" beginTime="5.920" endTime="6.980"/>
      <word confidence="1.000" wordID="hand" beginTime="6.980" endTime="7.260"/>
      <word confidence="0.975" wordID="over" beginTime="7.260" endTime="7.470"/>
      <word confidence="1.000" wordID="hand" beginTime="7.470" endTime="7.670"/>
      <word confidence="0.737" wordID="SIL" beginTime="7.670" endTime="7.680"/>
      <word confidence="1.000" wordID="toenemen" beginTime="7.680" endTime="8.130"/>
      <word confidence="0.749" wordID="SIL" beginTime="8.130" endTime="8.360"/>
    </wordsequence>
  </speech>
  <speech label="SPK01-002" begintime="8.38" endtime="11.51" >
    <wordsequence>
      <word confidence="0.750" wordID="SIL" beginTime="8.380" endTime="8.820"/>
      <word confidence="0.983" wordID="het" beginTime="8.820" endTime="8.950"/>
      <word confidence="0.928" wordID="is" beginTime="8.950" endTime="9.030"/>
      <word confidence="0.902" wordID="een" beginTime="9.030" endTime="9.110"/>
      <word confidence="0.915" wordID="probleem" beginTime="9.110" endTime="9.520"/>
      <word confidence="0.957" wordID="dat" beginTime="9.520" endTime="9.670"/>
      <word confidence="1.000" wordID="zich" beginTime="9.670" endTime="9.790"/>
      <word confidence="1.000" wordID="niet" beginTime="9.790" endTime="9.920"/>
      <word confidence="0.881" wordID="beperkt" beginTime="9.920" endTime="10.310"/>
      <word confidence="1.000" wordID="tot" beginTime="10.310" endTime="10.440"/>
      <word confidence="1.000" wordID="ons" beginTime="10.440" endTime="10.590"/>
      <word confidence="1.000" wordID="land" beginTime="10.590" endTime="10.760"/>
      <word confidence="1.000" wordID="alleen" beginTime="10.760" endTime="11.130"/>
      <word confidence="0.749" wordID="SIL" beginTime="11.130" endTime="11.510"/>
    </wordsequence>
  </speech>
  <speech label="SPK01-003" begintime="11.53" endtime="15.57" >
    <wordsequence>
      <word confidence="0.750" wordID="SIL" beginTime="11.530" endTime="11.670"/>
      <word confidence="0.887" wordID="overal" beginTime="11.670" endTime="12.140"/>
      <word confidence="1.000" wordID="wordt" beginTime="12.140" endTime="12.310"/>
      <word confidence="1.000" wordID="gezocht" beginTime="12.310" endTime="12.670"/>
      <word confidence="0.743" wordID="SIL" beginTime="12.670" endTime="12.720"/>
      <word confidence="0.935" wordID="naar" beginTime="12.720" endTime="12.870"/>
      <word confidence="0.741" wordID="SIL" beginTime="12.870" endTime="12.880"/>
      <word confidence="0.986" wordID="mogelijkheden" beginTime="12.880" endTime="13.600"/>
      <word confidence="0.749" wordID="SIL" beginTime="13.600" endTime="13.840"/>
      <word confidence="0.893" wordID="om" beginTime="13.840" endTime="13.940"/>
      <word confidence="0.907" wordID="de" beginTime="13.940" endTime="14.020"/>
      <word confidence="0.910" wordID="watervervuiling" beginTime="14.020" endTime="14.810"/>
      <word confidence="0.962" wordID="tegen" beginTime="14.810" endTime="15.090"/>
      <word confidence="0.954" wordID="te" beginTime="15.090" endTime="15.190"/>
      <word confidence="0.922" wordID="gaan" beginTime="15.190" endTime="15.410"/>
      <word confidence="0.749" wordID="SIL" beginTime="15.410" endTime="15.570"/>
    </wordsequence>
  </speech>
  <speech label="SPK01-004" begintime="15.59" endtime="18.91" >
    <wordsequence>
      <word confidence="0.750" wordID="SIL" beginTime="15.590" endTime="16.320"/>
      <word confidence="0.977" wordID="afvalstoffen" beginTime="16.320" endTime="17.010"/>
      <word confidence="0.988" wordID="van" beginTime="17.010" endTime="17.140"/>
      <word confidence="0.999" wordID="bevolkingscentra" beginTime="17.140" endTime="18.090"/>
      <word confidence="0.807" wordID="en" beginTime="18.090" endTime="18.170"/>
      <word confidence="1.000" wordID="industrie" beginTime="18.170" endTime="18.570"/>
      <word confidence="0.953" wordID="in" beginTime="18.570" endTime="18.690"/>
      <word confidence="0.749" wordID="SIL" beginTime="18.690" endTime="18.910"/>
    </wordsequence>
  </speech>
  <speech label="SPK01-005" begintime="18.93" endtime="23.05" >
    <wordsequence>
      <word confidence="0.750" wordID="SIL" beginTime="18.930" endTime="19.160"/>
      <word confidence="0.883" wordID="wordt" beginTime="19.160" endTime="19.330"/>
      <word confidence="0.875" wordID="er" beginTime="19.330" endTime="19.410"/>
      <word confidence="1.000" wordID="in" beginTime="19.410" endTime="19.510"/>
      <word confidence="1.000" wordID="zulke" beginTime="19.510" endTime="19.810"/>
      <word confidence="0.980" wordID="grote" beginTime="19.810" endTime="20.120"/>
      <word confidence="0.922" wordID="hoeveelheden" beginTime="20.120" endTime="20.780"/>
      <word confidence="1.000" wordID="in" beginTime="20.780" endTime="20.890"/>
      <word confidence="0.890" wordID="die" beginTime="20.890" endTime="21.060"/>
      <word confidence="0.744" wordID="SIL" beginTime="21.060" endTime="21.070"/>
      <word confidence="1.000" wordID="ik" beginTime="21.070" endTime="21.220"/>
      <word confidence="1.000" wordID="in" beginTime="21.220" endTime="21.310"/>
      <word confidence="0.983" wordID="de" beginTime="21.310" endTime="21.380"/>
      <word confidence="0.968" wordID="rivieren" beginTime="21.380" endTime="21.870"/>
      <word confidence="1.000" wordID="en" beginTime="21.870" endTime="21.970"/>
      <word confidence="1.000" wordID="kanalen" beginTime="21.970" endTime="22.440"/>
      <word confidence="0.866" wordID="te" beginTime="22.440" endTime="22.540"/>
      <word confidence="1.000" wordID="lozen" beginTime="22.540" endTime="22.870"/>
      <word confidence="1.000" wordID="SIL" beginTime="22.870" endTime="23.050"/>
    </wordsequence>
  </speech>
  <speech label="SPK01-006" begintime="23.08" endtime="26.98" >
    <wordsequence>
      <word confidence="0.750" wordID="SIL" beginTime="23.080" endTime="23.450"/>
      <word confidence="0.939" wordID="het" beginTime="23.450" endTime="23.630"/>
      <word confidence="0.932" wordID="wachten" beginTime="23.630" endTime="23.980"/>
      <word confidence="0.740" wordID="SIL" beginTime="23.980" endTime="23.990"/>
      <word confidence="1.000" wordID="is" beginTime="23.990" endTime="24.130"/>
      <word confidence="1.000" wordID="zelf" beginTime="24.130" endTime="24.390"/>
      <word confidence="1.000" wordID="al" beginTime="24.390" endTime="24.550"/>
      <word confidence="0.937" wordID="niet" beginTime="24.550" endTime="24.720"/>
      <word confidence="0.734" wordID="SIL" beginTime="24.720" endTime="24.730"/>
      <word confidence="1.000" wordID="meer" beginTime="24.730" endTime="24.980"/>
      <word confidence="1.000" wordID="op" beginTime="24.980" endTime="25.100"/>
      <word confidence="0.740" wordID="SIL" beginTime="25.100" endTime="25.110"/>
      <word confidence="0.974" wordID="een" beginTime="25.110" endTime="25.190"/>
      <word confidence="0.942" wordID="natuurlijke" beginTime="25.190" endTime="25.740"/>
      <word confidence="1.000" wordID="manier" beginTime="25.740" endTime="26.090"/>
      <word confidence="0.741" wordID="SIL" beginTime="26.090" endTime="26.100"/>
      <word confidence="1.000" wordID="kan" beginTime="26.100" endTime="26.250"/>
      <word confidence="0.800" wordID="volgens" beginTime="26.250" endTime="26.550"/>
      <word confidence="0.749" wordID="SIL" beginTime="26.550" endTime="26.980"/>
    </wordsequence>
  </speech>
  <speech label="SPK01-007" begintime="27.00" endtime="30.22" >
    <wordsequence>
      <word confidence="0.750" wordID="SIL" beginTime="27.000" endTime="27.350"/>
      <word confidence="0.966" wordID="dat" beginTime="27.350" endTime="27.470"/>
      <word confidence="0.736" wordID="SIL" beginTime="27.470" endTime="27.480"/>
      <word confidence="0.946" wordID="lijkt" beginTime="27.480" endTime="27.660"/>
      <word confidence="0.948" wordID="een" beginTime="27.660" endTime="27.780"/>
      <word confidence="1.000" wordID="situatie" beginTime="27.780" endTime="28.330"/>
      <word confidence="1.000" wordID="als" beginTime="28.330" endTime="28.470"/>
      <word confidence="1.000" wordID="deze" beginTime="28.470" endTime="28.780"/>
      <word confidence="1.000" wordID="in" beginTime="28.780" endTime="28.860"/>
      <word confidence="1.000" wordID="de" beginTime="28.860" endTime="28.930"/>
      <word confidence="1.000" wordID="lunterse" beginTime="28.930" endTime="29.360"/>
      <word confidence="1.000" wordID="beek" beginTime="29.360" endTime="29.700"/>
      <word confidence="0.749" wordID="SIL" beginTime="29.700" endTime="30.000"/>
      <word confidence="0.911" wordID="van" beginTime="30.000" endTime="30.140"/>
      <word confidence="0.749" wordID="SIL" beginTime="30.140" endTime="30.220"/>
    </wordsequence>
  </speech>
  <speech label="SPK07-008" begintime="30.24" endtime="33.58" >
    <wordsequence>
      <word confidence="0.933" wordID="schalen" beginTime="30.240" endTime="30.680"/>
      <word confidence="1.000" wordID="van" beginTime="30.680" endTime="30.840"/>
      <word confidence="0.987" wordID="synthetische" beginTime="30.840" endTime="31.490"/>
      <word confidence="1.000" wordID="was" beginTime="31.490" endTime="31.720"/>
      <word confidence="0.776" wordID="SIL" beginTime="31.720" endTime="31.730"/>
      <word confidence="0.824" wordID="niet" beginTime="31.730" endTime="31.860"/>
      <word confidence="0.826" wordID="SIL" beginTime="31.860" endTime="33.040"/>
      <word confidence="0.794" wordID="alleen" beginTime="33.040" endTime="33.520"/>
      <word confidence="0.749" wordID="SIL" beginTime="33.520" endTime="33.580"/>
    </wordsequence>
  </speech>
  <speech label="SPK08-009" begintime="33.60" endtime="37.32" >
    <wordsequence>
      <word confidence="0.750" wordID="SIL" beginTime="33.600" endTime="33.610"/>
      <word confidence="0.802" wordID="voor" beginTime="33.610" endTime="33.780"/>
      <word confidence="0.754" wordID="de" beginTime="33.780" endTime="33.970"/>
      <word confidence="0.985" wordID="start" beginTime="33.970" endTime="34.190"/>
      <word confidence="1.000" wordID="het" beginTime="34.190" endTime="34.290"/>
      <word confidence="1.000" wordID="afval" beginTime="34.290" endTime="34.640"/>
      <word confidence="0.935" wordID="vandaar" beginTime="34.640" endTime="34.960"/>
      <word confidence="0.883" wordID="dat" beginTime="34.960" endTime="35.090"/>
      <word confidence="0.771" wordID="SIL" beginTime="35.090" endTime="35.100"/>
      <word confidence="0.896" wordID="er" beginTime="35.100" endTime="35.200"/>
      <word confidence="1.000" wordID="meer" beginTime="35.200" endTime="35.350"/>
      <word confidence="0.943" wordID="dan" beginTime="35.350" endTime="35.460"/>
      <word confidence="1.000" wordID="stond" beginTime="35.460" endTime="35.790"/>
      <word confidence="0.808" wordID="er" beginTime="35.790" endTime="35.930"/>
      <word confidence="0.734" wordID="SIL" beginTime="35.930" endTime="35.940"/>
      <word confidence="0.927" wordID="komt" beginTime="35.940" endTime="36.150"/>
      <word confidence="0.894" wordID="wat" beginTime="36.150" endTime="36.310"/>
      <word confidence="0.804" wordID="dieper" beginTime="36.310" endTime="36.640"/>
      <word confidence="0.832" wordID="SIL" beginTime="36.640" endTime="36.650"/>
      <word confidence="0.875" wordID="in" beginTime="36.650" endTime="36.790"/>
      <word confidence="0.876" wordID="SIL" beginTime="36.790" endTime="36.810"/>
      <word confidence="0.873" wordID="oostelijk" beginTime="36.810" endTime="37.320"/>
    </wordsequence>
  </speech>
  <speech label="SPK01-010" begintime="37.34" endtime="40.04" >
    <wordsequence>
      <word confidence="0.930" wordID="binnen" beginTime="37.340" endTime="37.590"/>
      <word confidence="0.762" wordID="SIL" beginTime="37.590" endTime="38.100"/>
      <word confidence="1.000" wordID="een" beginTime="38.100" endTime="38.200"/>
      <word confidence="1.000" wordID="ontzaglijke" beginTime="38.200" endTime="38.940"/>
      <word confidence="1.000" wordID="smeerboel" beginTime="38.940" endTime="39.610"/>
      <word confidence="0.874" wordID="en" beginTime="39.610" endTime="39.750"/>
      <word confidence="1.000" wordID="staan" beginTime="39.750" endTime="40.040"/>
    </wordsequence>
  </speech>
  <speech label="SPK11-011" begintime="40.06" endtime="43.70" >
    <wordsequence>
      <word confidence="0.948" wordID="die" beginTime="40.060" endTime="40.350"/>
      <word confidence="0.989" wordID="SIL" beginTime="40.350" endTime="40.360"/>
      <word confidence="1.000" wordID="uh" beginTime="40.360" endTime="40.460"/>
      <word confidence="1.000" wordID="waarin" beginTime="40.460" endTime="40.840"/>
      <word confidence="0.736" wordID="SIL" beginTime="40.840" endTime="40.850"/>
      <word confidence="1.000" wordID="en" beginTime="40.850" endTime="40.980"/>
      <word confidence="1.000" wordID="ik" beginTime="40.980" endTime="41.130"/>
      <word confidence="1.000" wordID="en" beginTime="41.130" endTime="41.210"/>
      <word confidence="1.000" wordID="houden" beginTime="41.210" endTime="41.510"/>
      <word confidence="1.000" wordID="bij" beginTime="41.510" endTime="41.640"/>
      <word confidence="1.000" wordID="de" beginTime="41.640" endTime="41.740"/>
      <word confidence="0.915" wordID="eerste" beginTime="41.740" endTime="42.030"/>
      <word confidence="1.000" wordID="iets" beginTime="42.030" endTime="42.400"/>
      <word confidence="0.743" wordID="SIL" beginTime="42.400" endTime="42.430"/>
      <word confidence="0.964" wordID="en" beginTime="42.430" endTime="42.690"/>
      <word confidence="0.941" wordID="verse" beginTime="42.690" endTime="43.010"/>
      <word confidence="0.952" wordID="bekken" beginTime="43.010" endTime="43.160"/>
      <word confidence="1.000" wordID="ax" beginTime="43.160" endTime="43.560"/>
      <word confidence="0.749" wordID="SIL" beginTime="43.560" endTime="43.700"/>
    </wordsequence>
  </speech>
  <speech label="SPK11-012" begintime="43.73" endtime="47.86" >
    <wordsequence>
      <word confidence="0.750" wordID="SIL" beginTime="43.730" endTime="43.990"/>
      <word confidence="0.904" wordID="een" beginTime="43.990" endTime="44.100"/>
      <word confidence="0.919" wordID="kilo" beginTime="44.100" endTime="44.370"/>
      <word confidence="0.739" wordID="SIL" beginTime="44.370" endTime="44.380"/>
      <word confidence="0.881" wordID="aanmerkt" beginTime="44.380" endTime="44.980"/>
      <word confidence="0.872" wordID="als" beginTime="44.980" endTime="45.190"/>
      <word confidence="0.745" wordID="SIL" beginTime="45.190" endTime="45.210"/>
      <word confidence="0.853" wordID="in" beginTime="45.210" endTime="45.330"/>
      <word confidence="1.000" wordID="de" beginTime="45.330" endTime="45.430"/>
      <word confidence="0.919" wordID="aantrekken" beginTime="45.430" endTime="46.030"/>
      <word confidence="0.978" wordID="en" beginTime="46.030" endTime="46.250"/>
      <word confidence="0.904" wordID="keane" beginTime="46.250" endTime="46.540"/>
      <word confidence="1.000" wordID="die" beginTime="46.540" endTime="46.660"/>
      <word confidence="1.000" wordID="stijgen" beginTime="46.660" endTime="46.970"/>
      <word confidence="0.902" wordID="dan" beginTime="46.970" endTime="47.500"/>
      <word confidence="0.729" wordID="SIL" beginTime="47.500" endTime="47.510"/>
      <word confidence="0.961" wordID="waar" beginTime="47.510" endTime="47.740"/>
      <word confidence="0.880" wordID="ook" beginTime="47.740" endTime="47.860"/>
    </wordsequence>
  </speech>
  <speech label="SPK11-013" begintime="47.88" endtime="50.55" >
    <wordsequence>
      <word confidence="0.746" wordID="SIL" beginTime="47.880" endTime="48.040"/>
      <word confidence="0.894" wordID="de" beginTime="48.040" endTime="48.360"/>
      <word confidence="0.738" wordID="SIL" beginTime="48.360" endTime="48.370"/>
      <word confidence="0.994" wordID="dus" beginTime="48.370" endTime="48.670"/>
      <word confidence="0.738" wordID="SIL" beginTime="48.670" endTime="48.690"/>
      <word confidence="0.930" wordID="andere" beginTime="48.690" endTime="49.030"/>
      <word confidence="0.943" wordID="en" beginTime="49.030" endTime="49.250"/>
      <word confidence="1.000" wordID="doordat" beginTime="49.250" endTime="49.640"/>
      <word confidence="0.904" wordID="de" beginTime="49.640" endTime="49.750"/>
      <word confidence="0.748" wordID="SIL" beginTime="49.750" endTime="49.790"/>
      <word confidence="1.000" wordID="zomer" beginTime="49.790" endTime="50.120"/>
      <word confidence="0.741" wordID="SIL" beginTime="50.120" endTime="50.130"/>
      <word confidence="0.812" wordID="is" beginTime="50.130" endTime="50.460"/>
      <word confidence="0.748" wordID="SIL" beginTime="50.460" endTime="50.550"/>
    </wordsequence>
  </speech>
  <speech label="SPK01-014" begintime="50.57" endtime="54.99" >
    <wordsequence>
      <word confidence="0.750" wordID="SIL" beginTime="50.570" endTime="50.690"/>
      <word confidence="0.879" wordID="maar" beginTime="50.690" endTime="50.890"/>
      <word confidence="0.827" wordID="het" beginTime="50.890" endTime="51.050"/>
      <word confidence="0.743" wordID="SIL" beginTime="51.050" endTime="51.060"/>
      <word confidence="0.820" wordID="is" beginTime="51.060" endTime="51.260"/>
      <word confidence="0.740" wordID="SIL" beginTime="51.260" endTime="51.270"/>
      <word confidence="0.995" wordID="niet" beginTime="51.270" endTime="51.490"/>
      <word confidence="1.000" wordID="zo" beginTime="51.490" endTime="51.720"/>
      <word confidence="0.749" wordID="SIL" beginTime="51.720" endTime="52.020"/>
      <word confidence="0.785" wordID="is" beginTime="52.020" endTime="52.140"/>
      <word confidence="0.952" wordID="het" beginTime="52.140" endTime="52.200"/>
      <word confidence="0.887" wordID="een" beginTime="52.200" endTime="52.320"/>
      <word confidence="0.743" wordID="SIL" beginTime="52.320" endTime="52.340"/>
      <word confidence="0.897" wordID="versnelling" beginTime="52.340" endTime="52.840"/>
      <word confidence="0.909" wordID="gekomen" beginTime="52.840" endTime="53.260"/>
      <word confidence="0.981" wordID="dan" beginTime="53.260" endTime="53.490"/>
      <word confidence="0.740" wordID="SIL" beginTime="53.490" endTime="53.500"/>
      <word confidence="0.859" wordID="toch" beginTime="53.500" endTime="53.690"/>
      <word confidence="0.740" wordID="SIL" beginTime="53.690" endTime="53.700"/>
      <word confidence="0.826" wordID="weer" beginTime="53.700" endTime="53.870"/>
      <word confidence="0.742" wordID="SIL" beginTime="53.870" endTime="53.880"/>
      <word confidence="0.800" wordID="in" beginTime="53.880" endTime="54.020"/>
      <word confidence="0.748" wordID="SIL" beginTime="54.020" endTime="54.070"/>
      <word confidence="0.837" wordID="de" beginTime="54.070" endTime="54.160"/>
      <word confidence="0.942" wordID="waddenzee" beginTime="54.160" endTime="54.920"/>
      <word confidence="0.747" wordID="SIL" beginTime="54.920" endTime="54.990"/>
    </wordsequence>
  </speech>
  <speech label="SPK01-015" begintime="55.02" endtime="56.82" >
    <wordsequence>
      <word confidence="0.750" wordID="SIL" beginTime="55.020" endTime="55.270"/>
      <word confidence="0.906" wordID="maar" beginTime="55.270" endTime="55.370"/>
      <word confidence="0.850" wordID="d&apos;r" beginTime="55.370" endTime="55.660"/>
      <word confidence="0.865" wordID="zit" beginTime="55.660" endTime="55.800"/>
      <word confidence="0.797" wordID="een" beginTime="55.800" endTime="55.910"/>
      <word confidence="1.000" wordID="aantal" beginTime="55.910" endTime="56.180"/>
      <word confidence="1.000" wordID="stoffen" beginTime="56.180" endTime="56.480"/>
      <word confidence="0.974" wordID="via" beginTime="56.480" endTime="56.690"/>
      <word confidence="0.825" wordID="de" beginTime="56.690" endTime="56.820"/>
    </wordsequence>
  </speech>
  <speech label="SPK13-016" begintime="56.84" endtime="59.77" >
    <wordsequence>
      <word confidence="0.858" wordID="ja" beginTime="56.840" endTime="57.080"/>
      <word confidence="0.877" wordID="ik" beginTime="57.080" endTime="57.150"/>
      <word confidence="0.743" wordID="SIL" beginTime="57.150" endTime="57.160"/>
      <word confidence="0.910" wordID="ik" beginTime="57.160" endTime="57.280"/>
      <word confidence="0.749" wordID="SIL" beginTime="57.280" endTime="57.540"/>
      <word confidence="0.838" wordID="je" beginTime="57.540" endTime="57.710"/>
      <word confidence="0.739" wordID="SIL" beginTime="57.710" endTime="57.720"/>
      <word confidence="1.000" wordID="dan" beginTime="57.720" endTime="57.930"/>
      <word confidence="1.000" wordID="tot" beginTime="57.930" endTime="58.140"/>
      <word confidence="0.739" wordID="SIL" beginTime="58.140" endTime="58.150"/>
      <word confidence="0.876" wordID="melkpoeder" beginTime="58.150" endTime="58.700"/>
      <word confidence="0.861" wordID="stuntelen" beginTime="58.700" endTime="59.550"/>
      <word confidence="0.746" wordID="SIL" beginTime="59.550" endTime="59.590"/>
      <word confidence="0.906" wordID="uit" beginTime="59.590" endTime="59.770"/>
    </wordsequence>
  </speech>
  <speech label="SPK01-017" begintime="59.79" endtime="63.39" >
    <wordsequence>
      <word confidence="0.750" wordID="SIL" beginTime="59.790" endTime="59.800"/>
      <word confidence="0.853" wordID="is" beginTime="59.800" endTime="60.120"/>
      <word confidence="1.000" wordID="SIL" beginTime="60.120" endTime="60.310"/>
      <word confidence="1.000" wordID="dat" beginTime="60.310" endTime="60.490"/>
      <word confidence="0.964" wordID="nu" beginTime="60.490" endTime="60.600"/>
      <word confidence="0.928" wordID="de" beginTime="60.600" endTime="60.690"/>
      <word confidence="0.957" wordID="waddenzee" beginTime="60.690" endTime="61.230"/>
      <word confidence="1.000" wordID="SIL" beginTime="61.230" endTime="61.370"/>
      <word confidence="0.978" wordID="onherstelbaar" beginTime="61.370" endTime="62.140"/>
      <word confidence="0.748" wordID="SIL" beginTime="62.140" endTime="62.200"/>
      <word confidence="1.000" wordID="zal" beginTime="62.200" endTime="62.430"/>
      <word confidence="0.945" wordID="dat" beginTime="62.430" endTime="62.620"/>
      <word confidence="0.912" wordID="waren" beginTime="62.620" endTime="62.930"/>
      <word confidence="0.750" wordID="SIL" beginTime="62.930" endTime="63.390"/>
    </wordsequence>
  </speech>
  <speech label="SPK01-018" begintime="63.81" endtime="70.08" >
    <wordsequence>
      <word confidence="0.750" wordID="SIL" beginTime="63.810" endTime="64.360"/>
      <word confidence="0.897" wordID="aan" beginTime="64.360" endTime="64.520"/>
      <word confidence="0.810" wordID="de" beginTime="64.520" endTime="64.690"/>
      <word confidence="0.748" wordID="SIL" beginTime="64.690" endTime="64.730"/>
      <word confidence="0.887" wordID="meldpunten" beginTime="64.730" endTime="65.280"/>
      <word confidence="0.816" wordID="voor" beginTime="65.280" endTime="65.510"/>
      <word confidence="0.748" wordID="SIL" beginTime="65.510" endTime="65.540"/>
      <word confidence="0.821" wordID="de" beginTime="65.540" endTime="65.690"/>
      <word confidence="0.956" wordID="randmeren" beginTime="65.690" endTime="66.300"/>
      <word confidence="0.927" wordID="van" beginTime="66.300" endTime="66.410"/>
      <word confidence="0.784" wordID="het" beginTime="66.410" endTime="66.490"/>
      <word confidence="0.743" wordID="SIL" beginTime="66.490" endTime="66.500"/>
      <word confidence="0.975" wordID="ijsselmeer" beginTime="66.500" endTime="67.150"/>
      <word confidence="0.749" wordID="SIL" beginTime="67.150" endTime="67.230"/>
      <word confidence="0.788" wordID="hopen" beginTime="67.230" endTime="68.200"/>
      <word confidence="0.970" wordID="rioleringen" beginTime="68.200" endTime="68.930"/>
      <word confidence="0.749" wordID="SIL" beginTime="68.930" endTime="69.030"/>
      <word confidence="0.953" wordID="die" beginTime="69.030" endTime="69.180"/>
      <word confidence="0.742" wordID="SIL" beginTime="69.180" endTime="69.190"/>
      <word confidence="1.000" wordID="hier" beginTime="69.190" endTime="69.360"/>
      <word confidence="0.861" wordID="snel" beginTime="69.360" endTime="69.530"/>
      <word confidence="0.741" wordID="SIL" beginTime="69.530" endTime="69.540"/>
      <word confidence="0.963" wordID="uitkomen" beginTime="69.540" endTime="69.990"/>
      <word confidence="0.951" wordID="SIL" beginTime="69.990" endTime="70.080"/>
    </wordsequence>
  </speech>
  <speech label="SPK01-019" begintime="70.10" endtime="72.16" >
    <wordsequence>
      <word confidence="0.750" wordID="SIL" beginTime="70.100" endTime="70.220"/>
      <word confidence="0.986" wordID="voor" beginTime="70.220" endTime="70.470"/>
      <word confidence="0.739" wordID="SIL" beginTime="70.470" endTime="70.480"/>
      <word confidence="0.840" wordID="de" beginTime="70.480" endTime="70.540"/>
      <word confidence="0.859" wordID="zaken" beginTime="70.540" endTime="70.970"/>
      <word confidence="0.741" wordID="SIL" beginTime="70.970" endTime="70.990"/>
      <word confidence="0.933" wordID="een" beginTime="70.990" endTime="71.150"/>
      <word confidence="0.738" wordID="SIL" beginTime="71.150" endTime="71.160"/>
      <word confidence="0.878" wordID="onderwerp" beginTime="71.160" endTime="71.870"/>
      <word confidence="0.936" wordID="dat" beginTime="71.870" endTime="72.040"/>
      <word confidence="0.876" wordID="aan" beginTime="72.040" endTime="72.160"/>
    </wordsequence>
  </speech>
  <speech label="SPK05-020" begintime="72.18" endtime="73.35" >
    <wordsequence>
      <word confidence="0.761" wordID="nou" beginTime="72.180" endTime="72.770"/>
      <word confidence="0.797" wordID="SIL" beginTime="72.770" endTime="73.000"/>
      <word confidence="0.854" wordID="is" beginTime="73.000" endTime="73.110"/>
      <word confidence="0.857" wordID="die" beginTime="73.110" endTime="73.270"/>
      <word confidence="0.749" wordID="SIL" beginTime="73.270" endTime="73.350"/>
    </wordsequence>
  </speech>
  <speech label="SPK01-021" begintime="73.37" endtime="74.35" >
    <wordsequence>
      <word confidence="0.700" wordID="SIL" beginTime="73.370" endTime="73.510"/>
      <word confidence="0.821" wordID="een" beginTime="73.510" endTime="73.720"/>
      <word confidence="0.951" wordID="groot" beginTime="73.720" endTime="73.950"/>
      <word confidence="0.921" wordID="het" beginTime="73.950" endTime="74.070"/>
      <word confidence="0.986" wordID="eerste" beginTime="74.070" endTime="74.350"/>
    </wordsequence>
  </speech>
  <speech label="SPK05-022" begintime="74.37" endtime="75.92" >
    <wordsequence>
      <word confidence="0.761" wordID="ik" beginTime="74.370" endTime="74.830"/>
      <word confidence="0.740" wordID="SIL" beginTime="74.830" endTime="75.050"/>
      <word confidence="0.771" wordID="heb" beginTime="75.050" endTime="75.220"/>
      <word confidence="0.845" wordID="SIL" beginTime="75.220" endTime="75.360"/>
      <word confidence="0.770" wordID="er" beginTime="75.360" endTime="75.860"/>
      <word confidence="0.763" wordID="SIL" beginTime="75.860" endTime="75.920"/>
    </wordsequence>
  </speech>
  <speech label="SPK01-023" begintime="75.94" endtime="80.17" >
    <wordsequence>
      <word confidence="0.750" wordID="SIL" beginTime="75.940" endTime="75.960"/>
      <word confidence="0.771" wordID="de" beginTime="75.960" endTime="76.060"/>
      <word confidence="0.904" wordID="strijd" beginTime="76.060" endTime="76.360"/>
      <word confidence="0.865" wordID="tegen" beginTime="76.360" endTime="76.570"/>
      <word confidence="0.878" wordID="de" beginTime="76.570" endTime="76.650"/>
      <word confidence="0.994" wordID="waterverontreiniging" beginTime="76.650" endTime="77.550"/>
      <word confidence="1.000" wordID="nemen" beginTime="77.550" endTime="77.750"/>
      <word confidence="1.000" wordID="de" beginTime="77.750" endTime="77.850"/>
      <word confidence="0.969" wordID="zuiveringsinstallatie" beginTime="77.850" endTime="78.830"/>
      <word confidence="0.917" wordID="te" beginTime="78.830" endTime="78.930"/>
      <word confidence="0.893" wordID="belangrijke" beginTime="78.930" endTime="79.370"/>
      <word confidence="0.937" wordID="plaats" beginTime="79.370" endTime="79.660"/>
      <word confidence="1.000" wordID="in" beginTime="79.660" endTime="79.800"/>
      <word confidence="0.985" wordID="SIL" beginTime="79.800" endTime="80.170"/>
    </wordsequence>
  </speech>
  <speech label="SPK01-024" begintime="80.20" endtime="84.04" >
    <wordsequence>
      <word confidence="0.750" wordID="SIL" beginTime="80.200" endTime="80.700"/>
      <word confidence="0.860" wordID="de" beginTime="80.700" endTime="80.790"/>
      <word confidence="0.954" wordID="vier" beginTime="80.790" endTime="81.000"/>
      <word confidence="0.870" wordID="honderd" beginTime="81.000" endTime="81.310"/>
      <word confidence="1.000" wordID="drie" beginTime="81.310" endTime="81.480"/>
      <word confidence="0.946" wordID="en" beginTime="81.480" endTime="81.570"/>
      <word confidence="0.987" wordID="twintig" beginTime="81.570" endTime="81.860"/>
      <word confidence="0.963" wordID="gemeenten" beginTime="81.860" endTime="82.370"/>
      <word confidence="0.750" wordID="SIL" beginTime="82.370" endTime="82.710"/>
      <word confidence="1.000" wordID="zoals" beginTime="82.710" endTime="82.950"/>
      <word confidence="0.943" wordID="hier" beginTime="82.950" endTime="83.140"/>
      <word confidence="0.855" wordID="in" beginTime="83.140" endTime="83.220"/>
      <word confidence="0.865" wordID="harderwijk" beginTime="83.220" endTime="83.800"/>
      <word confidence="0.749" wordID="SIL" beginTime="83.800" endTime="84.040"/>
    </wordsequence>
  </speech>
  <speech label="SPK01-025" begintime="84.06" endtime="88.18" >
    <wordsequence>
      <word confidence="0.750" wordID="SIL" beginTime="84.060" endTime="84.100"/>
      <word confidence="0.949" wordID="wordt" beginTime="84.100" endTime="84.310"/>
      <word confidence="0.870" wordID="het" beginTime="84.310" endTime="84.400"/>
      <word confidence="1.000" wordID="afvalwater" beginTime="84.400" endTime="85.050"/>
      <word confidence="0.980" wordID="zodanige" beginTime="85.050" endTime="85.640"/>
      <word confidence="0.968" wordID="zuiver" beginTime="85.640" endTime="86.010"/>
      <word confidence="0.784" wordID="SIL" beginTime="86.010" endTime="86.440"/>
      <word confidence="0.873" wordID="dat" beginTime="86.440" endTime="86.550"/>
      <word confidence="1.000" wordID="het" beginTime="86.550" endTime="86.660"/>
      <word confidence="1.000" wordID="schonk" beginTime="86.660" endTime="87.040"/>
      <word confidence="0.977" wordID="kan" beginTime="87.040" endTime="87.200"/>
      <word confidence="0.987" wordID="worden" beginTime="87.200" endTime="87.430"/>
      <word confidence="1.000" wordID="afgevoerd" beginTime="87.430" endTime="87.860"/>
      <word confidence="0.750" wordID="SIL" beginTime="87.860" endTime="88.180"/>
    </wordsequence>
  </speech>
  <speech label="SPK01-026" begintime="88.20" endtime="90.91" >
    <wordsequence>
      <word confidence="0.750" wordID="SIL" beginTime="88.200" endTime="88.870"/>
      <word confidence="0.835" wordID="maar" beginTime="88.870" endTime="89.130"/>
      <word confidence="0.750" wordID="SIL" beginTime="89.130" endTime="89.530"/>
      <word confidence="0.921" wordID="dat" beginTime="89.530" endTime="89.660"/>
      <word confidence="1.000" wordID="is" beginTime="89.660" endTime="89.750"/>
      <word confidence="1.000" wordID="een" beginTime="89.750" endTime="89.820"/>
      <word confidence="0.964" wordID="uiterst" beginTime="89.820" endTime="90.180"/>
      <word confidence="0.745" wordID="SIL" beginTime="90.180" endTime="90.210"/>
      <word confidence="0.901" wordID="kostbare" beginTime="90.210" endTime="90.680"/>
      <word confidence="0.909" wordID="zeggen" beginTime="90.680" endTime="90.910"/>
    </wordsequence>
  </speech>
  <speech label="SPK05-027" begintime="90.93" endtime="95.70" >
    <wordsequence>
      <word confidence="0.754" wordID="ja" beginTime="90.930" endTime="95.140"/>
      <word confidence="0.867" wordID="SIL" beginTime="95.140" endTime="95.300"/>
      <word confidence="0.812" wordID="ik" beginTime="95.300" endTime="95.690"/>
      <word confidence="0.778" wordID="SIL" beginTime="95.690" endTime="95.700"/>
    </wordsequence>
  </speech>
  <speech label="SPK01-028" begintime="95.73" endtime="99.43" >
    <wordsequence>
      <word confidence="0.704" wordID="SIL" beginTime="95.730" endTime="95.850"/>
      <word confidence="0.790" wordID="de" beginTime="95.850" endTime="95.960"/>
      <word confidence="0.601" wordID="SIL" beginTime="95.960" endTime="95.970"/>
      <word confidence="0.930" wordID="eerste" beginTime="95.970" endTime="96.340"/>
      <word confidence="0.823" wordID="levensbehoeften" beginTime="96.340" endTime="97.110"/>
      <word confidence="0.956" wordID="SIL" beginTime="97.110" endTime="97.430"/>
      <word confidence="0.949" wordID="dient" beginTime="97.430" endTime="97.680"/>
      <word confidence="0.875" wordID="in" beginTime="97.680" endTime="97.810"/>
      <word confidence="0.914" wordID="toenemende" beginTime="97.810" endTime="98.270"/>
      <word confidence="1.000" wordID="mate" beginTime="98.270" endTime="98.550"/>
      <word confidence="0.941" wordID="ook" beginTime="98.550" endTime="98.720"/>
      <word confidence="0.734" wordID="SIL" beginTime="98.720" endTime="98.730"/>
      <word confidence="1.000" wordID="voor" beginTime="98.730" endTime="98.890"/>
      <word confidence="1.000" wordID="ons" beginTime="98.890" endTime="99.030"/>
      <word confidence="0.881" wordID="een" beginTime="99.030" endTime="99.120"/>
      <word confidence="0.927" wordID="ik" beginTime="99.120" endTime="99.240"/>
      <word confidence="0.896" wordID="hier" beginTime="99.240" endTime="99.430"/>
    </wordsequence>
  </speech>
  <speech label="SPK07-029" begintime="99.45" endtime="102.50" >
    <wordsequence>
      <word confidence="0.750" wordID="SIL" beginTime="99.450" endTime="99.460"/>
      <word confidence="0.819" wordID="het" beginTime="99.460" endTime="99.640"/>
      <word confidence="0.764" wordID="SIL" beginTime="99.640" endTime="100.560"/>
      <word confidence="0.822" wordID="toch" beginTime="100.560" endTime="100.850"/>
      <word confidence="0.750" wordID="SIL" beginTime="100.850" endTime="101.170"/>
      <word confidence="0.887" wordID="nog" beginTime="101.170" endTime="101.310"/>
      <word confidence="0.937" wordID="altijd" beginTime="101.310" endTime="101.620"/>
      <word confidence="0.847" wordID="de" beginTime="101.620" endTime="101.760"/>
      <word confidence="0.904" wordID="nederlanders" beginTime="101.760" endTime="102.380"/>
      <word confidence="0.748" wordID="SIL" beginTime="102.380" endTime="102.500"/>
    </wordsequence>
  </speech>
  <speech label="SPK01-030" begintime="102.52" endtime="107.80" >
    <wordsequence>
      <word confidence="0.750" wordID="SIL" beginTime="102.520" endTime="102.650"/>
      <word confidence="0.929" wordID="iedere" beginTime="102.650" endTime="102.950"/>
      <word confidence="0.866" wordID="vragen" beginTime="102.950" endTime="103.310"/>
      <word confidence="0.933" wordID="want" beginTime="103.310" endTime="103.530"/>
      <word confidence="0.936" wordID="wel" beginTime="103.530" endTime="103.750"/>
      <word confidence="0.923" wordID="later" beginTime="103.750" endTime="104.100"/>
      <word confidence="0.980" wordID="eenvoudig" beginTime="104.100" endTime="104.480"/>
      <word confidence="0.878" wordID="niet" beginTime="104.480" endTime="104.640"/>
      <word confidence="0.871" wordID="willen" beginTime="104.640" endTime="104.880"/>
      <word confidence="1.000" wordID="zien" beginTime="104.880" endTime="105.140"/>
      <word confidence="0.818" wordID="SIL" beginTime="105.140" endTime="105.220"/>
      <word confidence="0.776" wordID="hoe" beginTime="105.220" endTime="105.480"/>
      <word confidence="0.747" wordID="SIL" beginTime="105.480" endTime="105.520"/>
      <word confidence="0.748" wordID="hoog" beginTime="105.520" endTime="105.930"/>
      <word confidence="0.776" wordID="SIL" beginTime="105.930" endTime="105.950"/>
      <word confidence="0.808" wordID="genoeg" beginTime="105.950" endTime="106.240"/>
      <word confidence="0.726" wordID="SIL" beginTime="106.240" endTime="106.350"/>
      <word confidence="0.971" wordID="is" beginTime="106.350" endTime="106.450"/>
      <word confidence="0.757" wordID="SIL" beginTime="106.450" endTime="106.480"/>
      <word confidence="0.947" wordID="onverantwoordelijk" beginTime="106.480" endTime="107.240"/>
      <word confidence="0.741" wordID="SIL" beginTime="107.240" endTime="107.250"/>
      <word confidence="0.859" wordID="gedrag" beginTime="107.250" endTime="107.650"/>
      <word confidence="0.718" wordID="SIL" beginTime="107.650" endTime="107.800"/>
    </wordsequence>
  </speech>
  <speech label="SPK01-031" begintime="107.82" endtime="109.44" >
    <wordsequence>
      <word confidence="0.750" wordID="SIL" beginTime="107.820" endTime="107.920"/>
      <word confidence="0.864" wordID="bedreigt" beginTime="107.920" endTime="108.420"/>
      <word confidence="0.888" wordID="niet" beginTime="108.420" endTime="108.590"/>
      <word confidence="0.942" wordID="alleen" beginTime="108.590" endTime="108.800"/>
      <word confidence="0.917" wordID="een" beginTime="108.800" endTime="108.900"/>
      <word confidence="0.909" wordID="eigen" beginTime="108.900" endTime="109.120"/>
      <word confidence="0.877" wordID="kinderen" beginTime="109.120" endTime="109.440"/>
    </wordsequence>
  </speech>
  <speech label="SPK09-032" begintime="109.46" endtime="112.87" >
    <wordsequence>
      <word confidence="0.750" wordID="SIL" beginTime="109.460" endTime="109.550"/>
      <word confidence="0.774" wordID="ik" beginTime="109.550" endTime="110.210"/>
      <word confidence="0.823" wordID="SIL" beginTime="110.210" endTime="110.220"/>
      <word confidence="0.812" wordID="ik" beginTime="110.220" endTime="110.480"/>
      <word confidence="0.743" wordID="SIL" beginTime="110.480" endTime="110.490"/>
      <word confidence="0.764" wordID="ja" beginTime="110.490" endTime="112.870"/>
    </wordsequence>
  </speech>
  <speech label="SPK01-033" begintime="112.89" endtime="116.43" >
    <wordsequence>
      <word confidence="0.723" wordID="SIL" beginTime="112.890" endTime="113.380"/>
      <word confidence="0.777" wordID="de" beginTime="113.380" endTime="113.580"/>
      <word confidence="1.000" wordID="steeds" beginTime="113.580" endTime="113.910"/>
      <word confidence="0.842" wordID="verdergaande" beginTime="113.910" endTime="114.510"/>
      <word confidence="0.934" wordID="vervuiling" beginTime="114.510" endTime="115.120"/>
      <word confidence="0.883" wordID="van" beginTime="115.120" endTime="115.270"/>
      <word confidence="0.916" wordID="het" beginTime="115.270" endTime="115.360"/>
      <word confidence="0.846" wordID="SIL" beginTime="115.360" endTime="115.370"/>
      <word confidence="0.985" wordID="oppervlaktewater" beginTime="115.370" endTime="116.140"/>
      <word confidence="0.819" wordID="SIL" beginTime="116.140" endTime="116.430"/>
    </wordsequence>
  </speech>
  <speech label="SPK01-034" begintime="116.45" endtime="119.47" >
    <wordsequence>
      <word confidence="0.750" wordID="SIL" beginTime="116.450" endTime="116.530"/>
      <word confidence="0.921" wordID="wordt" beginTime="116.530" endTime="116.670"/>
      <word confidence="0.977" wordID="het" beginTime="116.670" endTime="116.740"/>
      <word confidence="0.909" wordID="alsmaar" beginTime="116.740" endTime="117.100"/>
      <word confidence="1.000" wordID="moeilijker" beginTime="117.100" endTime="117.560"/>
      <word confidence="1.000" wordID="om" beginTime="117.560" endTime="117.720"/>
      <word confidence="1.000" wordID="zuiver" beginTime="117.720" endTime="118.140"/>
      <word confidence="0.971" wordID="drinkwater" beginTime="118.140" endTime="118.640"/>
      <word confidence="1.000" wordID="te" beginTime="118.640" endTime="118.740"/>
      <word confidence="0.910" wordID="verkrijgen" beginTime="118.740" endTime="119.360"/>
      <word confidence="0.748" wordID="SIL" beginTime="119.360" endTime="119.470"/>
    </wordsequence>
  </speech>
  <speech label="SPK01-035" begintime="119.50" endtime="121.87" >
    <wordsequence>
      <word confidence="0.750" wordID="SIL" beginTime="119.500" endTime="119.920"/>
      <word confidence="0.922" wordID="in" beginTime="119.920" endTime="120.100"/>
      <word confidence="0.892" wordID="de" beginTime="120.100" endTime="120.170"/>
      <word confidence="0.750" wordID="SIL" beginTime="120.170" endTime="120.430"/>
      <word confidence="0.986" wordID="installatie" beginTime="120.430" endTime="120.970"/>
      <word confidence="0.931" wordID="is" beginTime="120.970" endTime="121.180"/>
      <word confidence="0.748" wordID="SIL" beginTime="121.180" endTime="121.220"/>
      <word confidence="0.996" wordID="nodig" beginTime="121.220" endTime="121.590"/>
      <word confidence="0.749" wordID="SIL" beginTime="121.590" endTime="121.870"/>
    </wordsequence>
  </speech>
  <speech label="SPK01-036" begintime="121.89" endtime="125.68" >
    <wordsequence>
      <word confidence="0.750" wordID="SIL" beginTime="121.890" endTime="121.950"/>
      <word confidence="0.984" wordID="zoals" beginTime="121.950" endTime="122.200"/>
      <word confidence="1.000" wordID="op" beginTime="122.200" endTime="122.300"/>
      <word confidence="0.992" wordID="de" beginTime="122.300" endTime="122.390"/>
      <word confidence="1.000" wordID="dieren" beginTime="122.390" endTime="122.690"/>
      <word confidence="0.947" wordID="plaat" beginTime="122.690" endTime="123.000"/>
      <word confidence="0.750" wordID="SIL" beginTime="123.000" endTime="123.480"/>
      <word confidence="0.830" wordID="maar" beginTime="123.480" endTime="123.670"/>
      <word confidence="0.746" wordID="SIL" beginTime="123.670" endTime="123.690"/>
      <word confidence="0.952" wordID="rotterdam" beginTime="123.690" endTime="124.190"/>
      <word confidence="1.000" wordID="met" beginTime="124.190" endTime="124.310"/>
      <word confidence="0.996" wordID="water" beginTime="124.310" endTime="124.590"/>
      <word confidence="1.000" wordID="van" beginTime="124.590" endTime="124.710"/>
      <word confidence="0.924" wordID="de" beginTime="124.710" endTime="124.860"/>
      <word confidence="0.939" wordID="lijn" beginTime="124.860" endTime="125.130"/>
      <word confidence="1.000" wordID="zaten" beginTime="125.130" endTime="125.530"/>
      <word confidence="0.749" wordID="SIL" beginTime="125.530" endTime="125.680"/>
    </wordsequence>
  </speech>
  <speech label="SPK01-037" begintime="125.71" endtime="127.85" >
    <wordsequence>
      <word confidence="0.750" wordID="SIL" beginTime="125.710" endTime="125.880"/>
      <word confidence="1.000" wordID="tot" beginTime="125.880" endTime="126.020"/>
      <word confidence="0.984" wordID="verantwoord" beginTime="126.020" endTime="126.620"/>
      <word confidence="0.798" wordID="SIL" beginTime="126.620" endTime="126.780"/>
      <word confidence="1.000" wordID="conceptie" beginTime="126.780" endTime="127.240"/>
      <word confidence="1.000" wordID="water" beginTime="127.240" endTime="127.540"/>
      <word confidence="0.958" wordID="doen" beginTime="127.540" endTime="127.740"/>
      <word confidence="0.924" wordID="ze" beginTime="127.740" endTime="127.850"/>
    </wordsequence>
  </speech>
  <speech label="SPK13-038" begintime="127.87" endtime="130.87" >
    <wordsequence>
      <word confidence="0.853" wordID="zijn" beginTime="127.870" endTime="128.080"/>
      <word confidence="0.923" wordID="industrie" beginTime="128.080" endTime="128.500"/>
      <word confidence="0.754" wordID="SIL" beginTime="128.500" endTime="130.870"/>
    </wordsequence>
  </speech>
  <speech label="SPK01-039" begintime="130.89" endtime="135.50" >
    <wordsequence>
      <word confidence="0.854" wordID="zij" beginTime="130.890" endTime="131.030"/>
      <word confidence="0.851" wordID="een" beginTime="131.030" endTime="131.180"/>
      <word confidence="1.000" wordID="stapel" beginTime="131.180" endTime="131.550"/>
      <word confidence="0.699" wordID="SIL" beginTime="131.550" endTime="131.560"/>
      <word confidence="0.961" wordID="rol" beginTime="131.560" endTime="131.870"/>
      <word confidence="0.779" wordID="SIL" beginTime="131.870" endTime="132.440"/>
      <word confidence="0.925" wordID="zal" beginTime="132.440" endTime="132.670"/>
      <word confidence="0.880" wordID="de" beginTime="132.670" endTime="132.810"/>
      <word confidence="0.742" wordID="SIL" beginTime="132.810" endTime="132.820"/>
      <word confidence="0.893" wordID="overheid" beginTime="132.820" endTime="133.290"/>
      <word confidence="0.846" wordID="en" beginTime="133.290" endTime="133.380"/>
      <word confidence="0.743" wordID="SIL" beginTime="133.380" endTime="133.390"/>
      <word confidence="0.850" wordID="particulieren" beginTime="133.390" endTime="134.050"/>
      <word confidence="0.995" wordID="ook" beginTime="134.050" endTime="134.170"/>
      <word confidence="1.000" wordID="heel" beginTime="134.170" endTime="134.400"/>
      <word confidence="1.000" wordID="veel" beginTime="134.400" endTime="134.570"/>
      <word confidence="1.000" wordID="gedaan" beginTime="134.570" endTime="134.840"/>
      <word confidence="0.853" wordID="moeten" beginTime="134.840" endTime="135.010"/>
      <word confidence="0.750" wordID="worden" beginTime="135.010" endTime="135.350"/>
      <word confidence="0.780" wordID="SIL" beginTime="135.350" endTime="135.500"/>
    </wordsequence>
  </speech>
  <speech label="SPK01-040" begintime="135.53" endtime="139.86" >
    <wordsequence>
      <word confidence="0.750" wordID="SIL" beginTime="135.530" endTime="135.700"/>
      <word confidence="1.000" wordID="om" beginTime="135.700" endTime="135.800"/>
      <word confidence="1.000" wordID="mensen" beginTime="135.800" endTime="136.030"/>
      <word confidence="0.864" wordID="aan" beginTime="136.030" endTime="136.180"/>
      <word confidence="0.740" wordID="SIL" beginTime="136.180" endTime="136.190"/>
      <word confidence="0.867" wordID="een" beginTime="136.190" endTime="136.280"/>
      <word confidence="1.000" wordID="in" beginTime="136.280" endTime="136.360"/>
      <word confidence="0.929" wordID="de" beginTime="136.360" endTime="136.440"/>
      <word confidence="0.740" wordID="SIL" beginTime="136.440" endTime="136.450"/>
      <word confidence="0.905" wordID="toekomst" beginTime="136.450" endTime="136.920"/>
      <word confidence="0.793" wordID="SIL" beginTime="136.920" endTime="137.230"/>
      <word confidence="0.881" wordID="schoenen" beginTime="137.230" endTime="137.810"/>
      <word confidence="0.943" wordID="helder" beginTime="137.810" endTime="138.210"/>
      <word confidence="1.000" wordID="water" beginTime="138.210" endTime="138.620"/>
      <word confidence="1.000" wordID="te" beginTime="138.620" endTime="138.750"/>
      <word confidence="0.974" wordID="blijven" beginTime="138.750" endTime="139.130"/>
      <word confidence="0.974" wordID="garanderen" beginTime="139.130" endTime="139.860"/>
    </wordsequence>
  </speech>
  <speech label="SPK01-041" begintime="139.88" endtime="143.21" >
    <wordsequence>
      <word confidence="0.720" wordID="SIL" beginTime="139.880" endTime="139.910"/>
      <word confidence="0.764" wordID="alle" beginTime="139.910" endTime="142.910"/>
      <word confidence="0.750" wordID="SIL" beginTime="142.910" endTime="143.210"/>
    </wordsequence>
  </speech>

  </segments>
</shout_metadata>
