<?xml version="1.0" encoding="UTF-8"?>
<!--
  ##################################################################################################
  ###                      This transcription is automatically generated by                      ###
  ###                              X-MI, Cross-Media interaction                                 ###
  ###                                    http://x-mi.nl                                          ###
  ##################################################################################################
-->
<shout_metadata>
  <model_info>
    <version>Standaard systeem 28-02-2012</version>
    <description>Academia</description>
  </model_info>
  <segments>
  <speech label="SPK02-001" begintime="1.08" endtime="6.42" >
    <wordsequence>
      <word confidence="0.750" wordID="SIL" beginTime="1.080" endTime="2.220"/>
      <word confidence="0.962" wordID="ik" beginTime="2.220" endTime="2.350"/>
      <word confidence="0.739" wordID="SIL" beginTime="2.350" endTime="2.410"/>
      <word confidence="1.000" wordID="kijk" beginTime="2.410" endTime="2.710"/>
      <word confidence="0.744" wordID="SIL" beginTime="2.710" endTime="2.720"/>
      <word confidence="1.000" wordID="als" beginTime="2.720" endTime="3.090"/>
      <word confidence="0.737" wordID="SIL" beginTime="3.090" endTime="3.100"/>
      <word confidence="0.939" wordID="klant" beginTime="3.100" endTime="3.550"/>
      <word confidence="0.742" wordID="SIL" beginTime="3.550" endTime="3.590"/>
      <word confidence="0.953" wordID="van" beginTime="3.590" endTime="3.860"/>
      <word confidence="1.000" wordID="de" beginTime="3.860" endTime="3.940"/>
      <word confidence="0.933" wordID="achterste" beginTime="3.940" endTime="4.640"/>
      <word confidence="0.939" wordID="rijen" beginTime="4.640" endTime="4.970"/>
      <word confidence="0.737" wordID="SIL" beginTime="4.970" endTime="4.980"/>
      <word confidence="1.000" wordID="in" beginTime="4.980" endTime="5.120"/>
      <word confidence="1.000" wordID="de" beginTime="5.120" endTime="5.190"/>
      <word confidence="1.000" wordID="colleges" beginTime="5.190" endTime="5.820"/>
      <word confidence="1.000" wordID="vrouw" beginTime="5.820" endTime="6.150"/>
      <word confidence="0.747" wordID="SIL" beginTime="6.150" endTime="6.420"/>
    </wordsequence>
  </speech>
  <speech label="SPK02-002" begintime="6.44" endtime="10.21" >
    <wordsequence>
      <word confidence="0.750" wordID="SIL" beginTime="6.440" endTime="6.540"/>
      <word confidence="0.959" wordID="moet" beginTime="6.540" endTime="6.850"/>
      <word confidence="0.747" wordID="SIL" beginTime="6.850" endTime="6.980"/>
      <word confidence="0.882" wordID="de" beginTime="6.980" endTime="7.060"/>
      <word confidence="1.000" wordID="zes" beginTime="7.060" endTime="7.560"/>
      <word confidence="0.735" wordID="SIL" beginTime="7.560" endTime="7.570"/>
      <word confidence="0.944" wordID="landen" beginTime="7.570" endTime="7.970"/>
      <word confidence="0.889" wordID="ongeduld" beginTime="7.970" endTime="8.590"/>
      <word confidence="0.730" wordID="SIL" beginTime="8.590" endTime="8.600"/>
      <word confidence="0.940" wordID="van" beginTime="8.600" endTime="8.820"/>
      <word confidence="1.000" wordID="de" beginTime="8.820" endTime="8.910"/>
      <word confidence="1.000" wordID="die" beginTime="8.910" endTime="9.160"/>
      <word confidence="1.000" wordID="al" beginTime="9.160" endTime="9.260"/>
      <word confidence="0.743" wordID="SIL" beginTime="9.260" endTime="9.280"/>
      <word confidence="1.000" wordID="voor" beginTime="9.280" endTime="9.430"/>
      <word confidence="0.971" wordID="je" beginTime="9.430" endTime="9.610"/>
      <word confidence="0.740" wordID="SIL" beginTime="9.610" endTime="9.620"/>
      <word confidence="0.973" wordID="ziet" beginTime="9.620" endTime="9.830"/>
      <word confidence="0.738" wordID="SIL" beginTime="9.830" endTime="9.840"/>
      <word confidence="0.942" wordID="ze" beginTime="9.840" endTime="9.940"/>
      <word confidence="0.862" wordID="er" beginTime="9.940" endTime="10.130"/>
      <word confidence="0.778" wordID="SIL" beginTime="10.130" endTime="10.210"/>
    </wordsequence>
  </speech>
  <speech label="SPK03-003" begintime="10.24" endtime="14.05" >
    <wordsequence>
      <word confidence="0.750" wordID="SIL" beginTime="10.240" endTime="10.400"/>
      <word confidence="0.942" wordID="gereden" beginTime="10.400" endTime="11.000"/>
      <word confidence="1.000" wordID="voor" beginTime="11.000" endTime="11.190"/>
      <word confidence="1.000" wordID="een" beginTime="11.190" endTime="11.260"/>
      <word confidence="1.000" wordID="rekensommetje" beginTime="11.260" endTime="11.990"/>
      <word confidence="1.000" wordID="dat" beginTime="11.990" endTime="12.170"/>
      <word confidence="1.000" wordID="voor" beginTime="12.170" endTime="12.420"/>
      <word confidence="1.000" wordID="de" beginTime="12.420" endTime="12.500"/>
      <word confidence="1.000" wordID="opening" beginTime="12.500" endTime="12.910"/>
      <word confidence="1.000" wordID="van" beginTime="12.910" endTime="13.020"/>
      <word confidence="1.000" wordID="het" beginTime="13.020" endTime="13.100"/>
      <word confidence="1.000" wordID="nieuwe" beginTime="13.100" endTime="13.340"/>
      <word confidence="1.000" wordID="gebouw" beginTime="13.340" endTime="13.650"/>
      <word confidence="1.000" wordID="besteedt" beginTime="13.650" endTime="14.050"/>
    </wordsequence>
  </speech>
  <speech label="SPK03-004" begintime="14.07" endtime="17.21" >
    <wordsequence>
      <word confidence="0.908" wordID="in" beginTime="14.070" endTime="14.170"/>
      <word confidence="1.000" wordID="film" beginTime="14.170" endTime="14.410"/>
      <word confidence="1.000" wordID="en" beginTime="14.410" endTime="14.500"/>
      <word confidence="1.000" wordID="wetenschap" beginTime="14.500" endTime="14.960"/>
      <word confidence="1.000" wordID="in" beginTime="14.960" endTime="15.050"/>
      <word confidence="0.913" wordID="utrecht" beginTime="15.050" endTime="15.430"/>
      <word confidence="1.000" wordID="SIL" beginTime="15.430" endTime="15.600"/>
      <word confidence="1.000" wordID="amin" beginTime="15.600" endTime="15.820"/>
      <word confidence="1.000" wordID="eerste" beginTime="15.820" endTime="16.030"/>
      <word confidence="1.000" wordID="wieringa" beginTime="16.030" endTime="16.510"/>
      <word confidence="1.000" wordID="werd" beginTime="16.510" endTime="16.670"/>
      <word confidence="1.000" wordID="voorgelegd" beginTime="16.670" endTime="17.210"/>
    </wordsequence>
  </speech>
  <speech label="SPK02-005" begintime="17.24" endtime="20.84" >
    <wordsequence>
      <word confidence="0.750" wordID="SIL" beginTime="17.240" endTime="17.420"/>
      <word confidence="1.000" wordID="in" beginTime="17.420" endTime="17.600"/>
      <word confidence="0.718" wordID="SIL" beginTime="17.600" endTime="17.610"/>
      <word confidence="1.000" wordID="deze" beginTime="17.610" endTime="17.990"/>
      <word confidence="1.000" wordID="coulissen" beginTime="17.990" endTime="18.620"/>
      <word confidence="1.000" wordID="zou" beginTime="18.620" endTime="19.090"/>
      <word confidence="0.746" wordID="SIL" beginTime="19.090" endTime="19.160"/>
      <word confidence="1.000" wordID="met" beginTime="19.160" endTime="19.380"/>
      <word confidence="0.822" wordID="SIL" beginTime="19.380" endTime="19.490"/>
      <word confidence="1.000" wordID="deze" beginTime="19.490" endTime="20.000"/>
      <word confidence="0.992" wordID="maand" beginTime="20.000" endTime="20.300"/>
      <word confidence="0.734" wordID="SIL" beginTime="20.300" endTime="20.350"/>
      <word confidence="0.942" wordID="de" beginTime="20.350" endTime="20.510"/>
      <word confidence="0.758" wordID="SIL" beginTime="20.510" endTime="20.840"/>
    </wordsequence>
  </speech>
  <speech label="SPK02-006" begintime="20.86" endtime="23.77" >
    <wordsequence>
      <word confidence="0.750" wordID="SIL" beginTime="20.860" endTime="21.260"/>
      <word confidence="0.883" wordID="nu" beginTime="21.260" endTime="21.390"/>
      <word confidence="0.976" wordID="heeft" beginTime="21.390" endTime="21.610"/>
      <word confidence="1.000" wordID="de" beginTime="21.610" endTime="21.700"/>
      <word confidence="0.943" wordID="keuze" beginTime="21.700" endTime="22.120"/>
      <word confidence="0.749" wordID="SIL" beginTime="22.120" endTime="22.240"/>
      <word confidence="1.000" wordID="uit" beginTime="22.240" endTime="22.500"/>
      <word confidence="1.000" wordID="vier" beginTime="22.500" endTime="22.890"/>
      <word confidence="0.748" wordID="SIL" beginTime="22.890" endTime="22.950"/>
      <word confidence="1.000" wordID="antwoorden" beginTime="22.950" endTime="23.710"/>
      <word confidence="0.660" wordID="SIL" beginTime="23.710" endTime="23.770"/>
    </wordsequence>
  </speech>
  <speech label="SPK03-007" begintime="23.79" endtime="25.93" >
    <wordsequence>
      <word confidence="0.750" wordID="SIL" beginTime="23.790" endTime="24.150"/>
      <word confidence="0.932" wordID="de" beginTime="24.150" endTime="24.230"/>
      <word confidence="0.922" wordID="minister" beginTime="24.230" endTime="24.590"/>
      <word confidence="1.000" wordID="was" beginTime="24.590" endTime="24.760"/>
      <word confidence="1.000" wordID="dat" beginTime="24.760" endTime="24.940"/>
      <word confidence="1.000" wordID="vraagstuk" beginTime="24.940" endTime="25.370"/>
      <word confidence="1.000" wordID="goed" beginTime="25.370" endTime="25.570"/>
      <word confidence="1.000" wordID="op" beginTime="25.570" endTime="25.760"/>
      <word confidence="0.747" wordID="SIL" beginTime="25.760" endTime="25.930"/>
    </wordsequence>
  </speech>
  <speech label="SPK03-008" begintime="25.96" endtime="29.91" >
    <wordsequence>
      <word confidence="0.750" wordID="SIL" beginTime="25.960" endTime="26.020"/>
      <word confidence="1.000" wordID="en" beginTime="26.020" endTime="26.140"/>
      <word confidence="0.984" wordID="drukte" beginTime="26.140" endTime="26.420"/>
      <word confidence="1.000" wordID="op" beginTime="26.420" endTime="26.540"/>
      <word confidence="1.000" wordID="de" beginTime="26.540" endTime="26.600"/>
      <word confidence="1.000" wordID="juiste" beginTime="26.600" endTime="27.040"/>
      <word confidence="0.739" wordID="SIL" beginTime="27.040" endTime="27.050"/>
      <word confidence="1.000" wordID="knoppen" beginTime="27.050" endTime="27.320"/>
      <word confidence="0.749" wordID="SIL" beginTime="27.320" endTime="27.720"/>
      <word confidence="1.000" wordID="waarmee" beginTime="27.720" endTime="27.920"/>
      <word confidence="1.000" wordID="de" beginTime="27.920" endTime="28.000"/>
      <word confidence="1.000" wordID="nieuwbouw" beginTime="28.000" endTime="28.470"/>
      <word confidence="0.740" wordID="SIL" beginTime="28.470" endTime="28.480"/>
      <word confidence="1.000" wordID="officieel" beginTime="28.480" endTime="28.920"/>
      <word confidence="0.956" wordID="werd" beginTime="28.920" endTime="29.090"/>
      <word confidence="1.000" wordID="ingewijd" beginTime="29.090" endTime="29.580"/>
      <word confidence="0.749" wordID="SIL" beginTime="29.580" endTime="29.910"/>
    </wordsequence>
  </speech>
  <speech label="SPK03-009" begintime="29.98" endtime="36.41" >
    <wordsequence>
      <word confidence="0.750" wordID="SIL" beginTime="29.980" endTime="30.450"/>
      <word confidence="0.848" wordID="nederland" beginTime="30.450" endTime="30.850"/>
      <word confidence="0.950" wordID="heeft" beginTime="30.850" endTime="31.040"/>
      <word confidence="1.000" wordID="hier" beginTime="31.040" endTime="31.180"/>
      <word confidence="1.000" wordID="nu" beginTime="31.180" endTime="31.350"/>
      <word confidence="1.000" wordID="een" beginTime="31.350" endTime="31.440"/>
      <word confidence="1.000" wordID="uniek" beginTime="31.440" endTime="31.750"/>
      <word confidence="1.000" wordID="studiocomplex" beginTime="31.750" endTime="32.480"/>
      <word confidence="1.000" wordID="dj" beginTime="32.480" endTime="32.770"/>
      <word confidence="1.000" wordID="geboden" beginTime="32.770" endTime="33.060"/>
      <word confidence="0.997" wordID="toepassingen" beginTime="33.060" endTime="33.670"/>
      <word confidence="0.740" wordID="SIL" beginTime="33.670" endTime="33.680"/>
      <word confidence="1.000" wordID="audiovisuele" beginTime="33.680" endTime="34.550"/>
      <word confidence="1.000" wordID="middelen" beginTime="34.550" endTime="34.910"/>
      <word confidence="1.000" wordID="bij" beginTime="34.910" endTime="35.050"/>
      <word confidence="1.000" wordID="het" beginTime="35.050" endTime="35.120"/>
      <word confidence="1.000" wordID="wetenschappelijk" beginTime="35.120" endTime="35.690"/>
      <word confidence="1.000" wordID="onderwijs" beginTime="35.690" endTime="36.170"/>
      <word confidence="0.789" wordID="SIL" beginTime="36.170" endTime="36.410"/>
    </wordsequence>
  </speech>
  <speech label="SPK03-010" begintime="36.44" endtime="40.83" >
    <wordsequence>
      <word confidence="0.750" wordID="SIL" beginTime="36.440" endTime="36.810"/>
      <word confidence="0.972" wordID="behalve" beginTime="36.810" endTime="37.130"/>
      <word confidence="1.000" wordID="op" beginTime="37.130" endTime="37.280"/>
      <word confidence="0.732" wordID="SIL" beginTime="37.280" endTime="37.290"/>
      <word confidence="1.000" wordID="film" beginTime="37.290" endTime="37.640"/>
      <word confidence="1.000" wordID="kunnen" beginTime="37.640" endTime="37.850"/>
      <word confidence="1.000" wordID="programma&apos;s" beginTime="37.850" endTime="38.300"/>
      <word confidence="1.000" wordID="ook" beginTime="38.300" endTime="38.460"/>
      <word confidence="1.000" wordID="worden" beginTime="38.460" endTime="38.690"/>
      <word confidence="1.000" wordID="vastgelegd" beginTime="38.690" endTime="39.280"/>
      <word confidence="0.748" wordID="SIL" beginTime="39.280" endTime="39.360"/>
      <word confidence="1.000" wordID="op" beginTime="39.360" endTime="39.570"/>
      <word confidence="0.967" wordID="deelt" beginTime="39.570" endTime="39.890"/>
      <word confidence="1.000" wordID="band" beginTime="39.890" endTime="40.320"/>
      <word confidence="0.750" wordID="SIL" beginTime="40.320" endTime="40.830"/>
    </wordsequence>
  </speech>
  <speech label="SPK10-011" begintime="40.85" endtime="44.37" >
    <wordsequence>
      <word confidence="0.750" wordID="SIL" beginTime="40.850" endTime="41.030"/>
      <word confidence="0.941" wordID="in" beginTime="41.030" endTime="41.480"/>
      <word confidence="0.742" wordID="SIL" beginTime="41.480" endTime="41.520"/>
      <word confidence="1.000" wordID="wezen" beginTime="41.520" endTime="41.800"/>
      <word confidence="1.000" wordID="al" beginTime="41.800" endTime="42.000"/>
      <word confidence="1.000" wordID="voor" beginTime="42.000" endTime="42.150"/>
      <word confidence="1.000" wordID="tot" beginTime="42.150" endTime="42.330"/>
      <word confidence="1.000" wordID="twee" beginTime="42.330" endTime="42.710"/>
      <word confidence="0.743" wordID="SIL" beginTime="42.710" endTime="42.750"/>
      <word confidence="1.000" wordID="maal" beginTime="42.750" endTime="42.970"/>
      <word confidence="0.737" wordID="SIL" beginTime="42.970" endTime="43.000"/>
      <word confidence="0.925" wordID="tien" beginTime="43.000" endTime="43.350"/>
      <word confidence="0.747" wordID="SIL" beginTime="43.350" endTime="43.410"/>
      <word confidence="0.857" wordID="die" beginTime="43.410" endTime="44.210"/>
      <word confidence="0.742" wordID="SIL" beginTime="44.210" endTime="44.220"/>
      <word confidence="0.900" wordID="het" beginTime="44.220" endTime="44.370"/>
    </wordsequence>
  </speech>
  <speech label="SPK02-012" begintime="44.39" endtime="47.91" >
    <wordsequence>
      <word confidence="0.894" wordID="in" beginTime="44.390" endTime="44.470"/>
      <word confidence="0.922" wordID="ongeveer" beginTime="44.470" endTime="44.780"/>
      <word confidence="1.000" wordID="gelijke" beginTime="44.780" endTime="45.200"/>
      <word confidence="1.000" wordID="zang" beginTime="45.200" endTime="45.510"/>
      <word confidence="0.883" wordID="en" beginTime="45.510" endTime="45.780"/>
      <word confidence="0.740" wordID="SIL" beginTime="45.780" endTime="45.800"/>
      <word confidence="1.000" wordID="zeven" beginTime="45.800" endTime="46.260"/>
      <word confidence="0.986" wordID="jobs" beginTime="46.260" endTime="46.540"/>
      <word confidence="0.749" wordID="SIL" beginTime="46.540" endTime="47.180"/>
      <word confidence="1.000" wordID="begin" beginTime="47.180" endTime="47.480"/>
      <word confidence="0.975" wordID="op" beginTime="47.480" endTime="47.590"/>
      <word confidence="1.000" wordID="deze" beginTime="47.590" endTime="47.910"/>
    </wordsequence>
  </speech>
  <speech label="SPK10-013" begintime="47.93" endtime="52.16" >
    <wordsequence>
      <word confidence="0.919" wordID="beter" beginTime="47.930" endTime="48.170"/>
      <word confidence="1.000" wordID="kan" beginTime="48.170" endTime="48.310"/>
      <word confidence="1.000" wordID="worden" beginTime="48.310" endTime="48.480"/>
      <word confidence="1.000" wordID="afgelezen" beginTime="48.480" endTime="49.110"/>
      <word confidence="1.000" wordID="SIL" beginTime="49.110" endTime="49.180"/>
      <word confidence="1.000" wordID="but" beginTime="49.180" endTime="50.310"/>
      <word confidence="1.000" wordID="ziet" beginTime="50.310" endTime="50.680"/>
      <word confidence="0.737" wordID="SIL" beginTime="50.680" endTime="50.690"/>
      <word confidence="1.000" wordID="dat" beginTime="50.690" endTime="50.870"/>
      <word confidence="1.000" wordID="er" beginTime="50.870" endTime="50.940"/>
      <word confidence="1.000" wordID="van" beginTime="50.940" endTime="51.060"/>
      <word confidence="0.882" wordID="een" beginTime="51.060" endTime="51.120"/>
      <word confidence="0.952" wordID="drukke" beginTime="51.120" endTime="51.440"/>
      <word confidence="0.747" wordID="SIL" beginTime="51.440" endTime="51.470"/>
      <word confidence="1.000" wordID="sprake" beginTime="51.470" endTime="51.900"/>
      <word confidence="1.000" wordID="is" beginTime="51.900" endTime="52.160"/>
    </wordsequence>
  </speech>
  <speech label="SPK03-014" begintime="52.18" endtime="54.43" >
    <wordsequence>
      <word confidence="0.750" wordID="SIL" beginTime="52.180" endTime="52.340"/>
      <word confidence="0.928" wordID="de" beginTime="52.340" endTime="52.450"/>
      <word confidence="1.000" wordID="hier" beginTime="52.450" endTime="52.670"/>
      <word confidence="1.000" wordID="vervaardigde" beginTime="52.670" endTime="53.150"/>
      <word confidence="1.000" wordID="programma&apos;s" beginTime="53.150" endTime="53.780"/>
      <word confidence="0.747" wordID="SIL" beginTime="53.780" endTime="53.830"/>
      <word confidence="1.000" wordID="zijn" beginTime="53.830" endTime="54.010"/>
      <word confidence="1.000" wordID="bestemd" beginTime="54.010" endTime="54.430"/>
    </wordsequence>
  </speech>
  <speech label="SPK03-015" begintime="54.45" endtime="57.29" >
    <wordsequence>
      <word confidence="0.750" wordID="SIL" beginTime="54.450" endTime="54.460"/>
      <word confidence="0.998" wordID="voor" beginTime="54.460" endTime="54.650"/>
      <word confidence="1.000" wordID="de" beginTime="54.650" endTime="54.730"/>
      <word confidence="1.000" wordID="dertien" beginTime="54.730" endTime="55.180"/>
      <word confidence="1.000" wordID="universiteiten" beginTime="55.180" endTime="56.030"/>
      <word confidence="1.000" wordID="en" beginTime="56.030" endTime="56.110"/>
      <word confidence="1.000" wordID="hogescholen" beginTime="56.110" endTime="56.710"/>
      <word confidence="1.000" wordID="van" beginTime="56.710" endTime="56.850"/>
      <word confidence="1.000" wordID="ons" beginTime="56.850" endTime="56.990"/>
      <word confidence="1.000" wordID="land" beginTime="56.990" endTime="57.220"/>
      <word confidence="0.898" wordID="SIL" beginTime="57.220" endTime="57.290"/>
    </wordsequence>
  </speech>
  <speech label="SPK03-016" begintime="57.31" endtime="60.97" >
    <wordsequence>
      <word confidence="0.750" wordID="SIL" beginTime="57.310" endTime="57.660"/>
      <word confidence="1.000" wordID="die" beginTime="57.660" endTime="57.750"/>
      <word confidence="1.000" wordID="beschouwd" beginTime="57.750" endTime="58.120"/>
      <word confidence="1.000" wordID="kunnen" beginTime="58.120" endTime="58.340"/>
      <word confidence="1.000" wordID="worden" beginTime="58.340" endTime="58.650"/>
      <word confidence="1.000" wordID="als" beginTime="58.650" endTime="58.770"/>
      <word confidence="1.000" wordID="de" beginTime="58.770" endTime="58.860"/>
      <word confidence="1.000" wordID="gezamenlijke" beginTime="58.860" endTime="59.440"/>
      <word confidence="1.000" wordID="eigenaars" beginTime="59.440" endTime="59.940"/>
      <word confidence="1.000" wordID="van" beginTime="59.940" endTime="60.060"/>
      <word confidence="1.000" wordID="de" beginTime="60.060" endTime="60.130"/>
      <word confidence="1.000" wordID="stichting" beginTime="60.130" endTime="60.590"/>
      <word confidence="0.755" wordID="SIL" beginTime="60.590" endTime="60.970"/>
    </wordsequence>
  </speech>
  <speech label="SPK03-017" begintime="61.00" endtime="66.91" >
    <wordsequence>
      <word confidence="0.750" wordID="SIL" beginTime="61.000" endTime="61.440"/>
      <word confidence="1.000" wordID="voor" beginTime="61.440" endTime="61.560"/>
      <word confidence="1.000" wordID="de" beginTime="61.560" endTime="61.620"/>
      <word confidence="1.000" wordID="registratie" beginTime="61.620" endTime="62.320"/>
      <word confidence="1.000" wordID="beschikt" beginTime="62.320" endTime="62.670"/>
      <word confidence="1.000" wordID="men" beginTime="62.670" endTime="62.820"/>
      <word confidence="1.000" wordID="over" beginTime="62.820" endTime="63.010"/>
      <word confidence="1.000" wordID="de" beginTime="63.010" endTime="63.080"/>
      <word confidence="1.000" wordID="modernste" beginTime="63.080" endTime="63.650"/>
      <word confidence="1.000" wordID="bill" beginTime="63.650" endTime="63.900"/>
      <word confidence="1.000" wordID="band" beginTime="63.900" endTime="64.140"/>
      <word confidence="1.000" wordID="apparatuur" beginTime="64.140" endTime="64.720"/>
      <word confidence="0.749" wordID="SIL" beginTime="64.720" endTime="65.040"/>
      <word confidence="1.000" wordID="zogenaamde" beginTime="65.040" endTime="65.510"/>
      <word confidence="1.000" wordID="videorecorder" beginTime="65.510" endTime="66.330"/>
      <word confidence="0.750" wordID="SIL" beginTime="66.330" endTime="66.910"/>
    </wordsequence>
  </speech>
  <speech label="SPK03-018" begintime="66.94" endtime="70.51" >
    <wordsequence>
      <word confidence="0.750" wordID="SIL" beginTime="66.940" endTime="67.400"/>
      <word confidence="0.986" wordID="uit" beginTime="67.400" endTime="67.600"/>
      <word confidence="0.977" wordID="dit" beginTime="67.600" endTime="67.740"/>
      <word confidence="0.982" wordID="nieuwe" beginTime="67.740" endTime="67.940"/>
      <word confidence="1.000" wordID="complex" beginTime="67.940" endTime="68.480"/>
      <word confidence="1.000" wordID="dat" beginTime="68.480" endTime="68.650"/>
      <word confidence="1.000" wordID="bijna" beginTime="68.650" endTime="68.890"/>
      <word confidence="1.000" wordID="tien" beginTime="68.890" endTime="69.140"/>
      <word confidence="1.000" wordID="miljoen" beginTime="69.140" endTime="69.480"/>
      <word confidence="1.000" wordID="gulden" beginTime="69.480" endTime="69.780"/>
      <word confidence="0.990" wordID="heeft" beginTime="69.780" endTime="69.960"/>
      <word confidence="1.000" wordID="gekost" beginTime="69.960" endTime="70.320"/>
      <word confidence="0.748" wordID="SIL" beginTime="70.320" endTime="70.510"/>
    </wordsequence>
  </speech>
  <speech label="SPK03-019" begintime="70.54" endtime="76.49" >
    <wordsequence>
      <word confidence="0.750" wordID="SIL" beginTime="70.540" endTime="70.750"/>
      <word confidence="0.982" wordID="vinden" beginTime="70.750" endTime="71.030"/>
      <word confidence="1.000" wordID="de" beginTime="71.030" endTime="71.120"/>
      <word confidence="1.000" wordID="ballen" beginTime="71.120" endTime="71.390"/>
      <word confidence="1.000" wordID="hun" beginTime="71.390" endTime="71.560"/>
      <word confidence="0.934" wordID="weg" beginTime="71.560" endTime="71.840"/>
      <word confidence="0.831" wordID="SIL" beginTime="71.840" endTime="71.900"/>
      <word confidence="1.000" wordID="naar" beginTime="71.900" endTime="72.060"/>
      <word confidence="1.000" wordID="de" beginTime="72.060" endTime="72.130"/>
      <word confidence="1.000" wordID="verschillende" beginTime="72.130" endTime="72.540"/>
      <word confidence="1.000" wordID="academische" beginTime="72.540" endTime="73.150"/>
      <word confidence="1.000" wordID="centra" beginTime="73.150" endTime="73.700"/>
      <word confidence="0.749" wordID="SIL" beginTime="73.700" endTime="74.070"/>
      <word confidence="1.000" wordID="die" beginTime="74.070" endTime="74.190"/>
      <word confidence="0.914" wordID="alle" beginTime="74.190" endTime="74.400"/>
      <word confidence="1.000" wordID="reeds" beginTime="74.400" endTime="74.690"/>
      <word confidence="1.000" wordID="over" beginTime="74.690" endTime="74.940"/>
      <word confidence="1.000" wordID="afspeelapparatuur" beginTime="74.940" endTime="75.890"/>
      <word confidence="1.000" wordID="beschikken" beginTime="75.890" endTime="76.350"/>
      <word confidence="0.746" wordID="SIL" beginTime="76.350" endTime="76.490"/>
    </wordsequence>
  </speech>
  <speech label="SPK03-020" begintime="76.52" endtime="80.89" >
    <wordsequence>
      <word confidence="0.750" wordID="SIL" beginTime="76.520" endTime="76.820"/>
      <word confidence="1.000" wordID="zoals" beginTime="76.820" endTime="77.050"/>
      <word confidence="1.000" wordID="het" beginTime="77.050" endTime="77.150"/>
      <word confidence="1.000" wordID="geval" beginTime="77.150" endTime="77.460"/>
      <word confidence="1.000" wordID="is" beginTime="77.460" endTime="77.710"/>
      <word confidence="0.741" wordID="SIL" beginTime="77.710" endTime="77.740"/>
      <word confidence="1.000" wordID="in" beginTime="77.740" endTime="77.860"/>
      <word confidence="1.000" wordID="de" beginTime="77.860" endTime="77.930"/>
      <word confidence="1.000" wordID="nieuwe" beginTime="77.930" endTime="78.200"/>
      <word confidence="1.000" wordID="tandheelkundige" beginTime="78.200" endTime="78.930"/>
      <word confidence="1.000" wordID="afdeling" beginTime="78.930" endTime="79.400"/>
      <word confidence="1.000" wordID="van" beginTime="79.400" endTime="79.520"/>
      <word confidence="0.944" wordID="de" beginTime="79.520" endTime="79.750"/>
      <word confidence="0.742" wordID="SIL" beginTime="79.750" endTime="79.760"/>
      <word confidence="1.000" wordID="leidse" beginTime="79.760" endTime="80.050"/>
      <word confidence="1.000" wordID="universiteit" beginTime="80.050" endTime="80.720"/>
      <word confidence="0.748" wordID="SIL" beginTime="80.720" endTime="80.890"/>
    </wordsequence>
  </speech>
  <speech label="SPK03-021" begintime="80.92" endtime="84.62" >
    <wordsequence>
      <word confidence="0.750" wordID="SIL" beginTime="80.920" endTime="81.160"/>
      <word confidence="1.000" wordID="maar" beginTime="81.160" endTime="81.280"/>
      <word confidence="1.000" wordID="de" beginTime="81.280" endTime="81.360"/>
      <word confidence="1.000" wordID="toekomstige" beginTime="81.360" endTime="81.890"/>
      <word confidence="1.000" wordID="tandartsen" beginTime="81.890" endTime="82.540"/>
      <word confidence="0.738" wordID="SIL" beginTime="82.540" endTime="82.550"/>
      <word confidence="1.000" wordID="onderwijs" beginTime="82.550" endTime="82.970"/>
      <word confidence="1.000" wordID="volgen" beginTime="82.970" endTime="83.360"/>
      <word confidence="0.744" wordID="SIL" beginTime="83.360" endTime="83.380"/>
      <word confidence="1.000" wordID="via" beginTime="83.380" endTime="83.600"/>
      <word confidence="1.000" wordID="de" beginTime="83.600" endTime="83.700"/>
      <word confidence="1.000" wordID="beeldbuis" beginTime="83.700" endTime="84.360"/>
      <word confidence="0.745" wordID="SIL" beginTime="84.360" endTime="84.620"/>
    </wordsequence>
  </speech>
  <speech label="SPK01-022" begintime="84.64" endtime="88.25" >
    <wordsequence>
      <word confidence="0.750" wordID="SIL" beginTime="84.640" endTime="85.060"/>
      <word confidence="0.957" wordID="het" beginTime="85.060" endTime="85.200"/>
      <word confidence="0.839" wordID="is" beginTime="85.200" endTime="85.320"/>
      <word confidence="0.746" wordID="SIL" beginTime="85.320" endTime="85.340"/>
      <word confidence="0.851" wordID="de" beginTime="85.340" endTime="85.420"/>
      <word confidence="0.880" wordID="werkdruk" beginTime="85.420" endTime="85.820"/>
      <word confidence="0.740" wordID="SIL" beginTime="85.820" endTime="85.840"/>
      <word confidence="0.945" wordID="van" beginTime="85.840" endTime="86.210"/>
      <word confidence="0.747" wordID="SIL" beginTime="86.210" endTime="86.250"/>
      <word confidence="0.858" wordID="het" beginTime="86.250" endTime="86.350"/>
      <word confidence="0.748" wordID="SIL" beginTime="86.350" endTime="86.420"/>
      <word confidence="0.975" wordID="college" beginTime="86.420" endTime="86.820"/>
      <word confidence="1.000" wordID="van" beginTime="86.820" endTime="86.980"/>
      <word confidence="1.000" wordID="meneer" beginTime="86.980" endTime="87.200"/>
      <word confidence="1.000" wordID="van" beginTime="87.200" endTime="87.320"/>
      <word confidence="0.996" wordID="wijk" beginTime="87.320" endTime="87.570"/>
      <word confidence="0.747" wordID="SIL" beginTime="87.570" endTime="87.640"/>
      <word confidence="0.870" wordID="bekend" beginTime="87.640" endTime="88.060"/>
      <word confidence="0.749" wordID="SIL" beginTime="88.060" endTime="88.250"/>
    </wordsequence>
  </speech>
  <speech label="SPK01-023" begintime="88.27" endtime="92.48" >
    <wordsequence>
      <word confidence="0.750" wordID="SIL" beginTime="88.270" endTime="88.400"/>
      <word confidence="0.906" wordID="dat" beginTime="88.400" endTime="88.660"/>
      <word confidence="0.748" wordID="SIL" beginTime="88.660" endTime="88.770"/>
      <word confidence="1.000" wordID="de" beginTime="88.770" endTime="88.850"/>
      <word confidence="0.910" wordID="verwerken" beginTime="88.850" endTime="89.420"/>
      <word confidence="0.746" wordID="SIL" beginTime="89.420" endTime="89.450"/>
      <word confidence="0.939" wordID="kerkgebouw" beginTime="89.450" endTime="89.950"/>
      <word confidence="0.980" wordID="maugham" beginTime="89.950" endTime="90.470"/>
      <word confidence="0.750" wordID="SIL" beginTime="90.470" endTime="90.960"/>
      <word confidence="0.842" wordID="slechts" beginTime="90.960" endTime="91.330"/>
      <word confidence="0.748" wordID="SIL" beginTime="91.330" endTime="91.430"/>
      <word confidence="0.909" wordID="vijf" beginTime="91.430" endTime="91.790"/>
      <word confidence="0.742" wordID="SIL" beginTime="91.790" endTime="91.810"/>
      <word confidence="1.000" wordID="minuten" beginTime="91.810" endTime="92.270"/>
      <word confidence="0.749" wordID="SIL" beginTime="92.270" endTime="92.480"/>
    </wordsequence>
  </speech>
  <speech label="SPK01-024" begintime="92.51" endtime="93.60" >
    <wordsequence>
      <word confidence="0.750" wordID="SIL" beginTime="92.510" endTime="92.820"/>
      <word confidence="0.940" wordID="ik" beginTime="92.820" endTime="93.030"/>
      <word confidence="0.750" wordID="SIL" beginTime="93.030" endTime="93.600"/>
    </wordsequence>
  </speech>
  <speech label="SPK03-025" begintime="93.62" endtime="95.69" >
    <wordsequence>
      <word confidence="0.957" wordID="deze" beginTime="93.620" endTime="93.890"/>
      <word confidence="1.000" wordID="hypermoderne" beginTime="93.890" endTime="94.610"/>
      <word confidence="1.000" wordID="onderwijsmethode" beginTime="94.610" endTime="95.580"/>
      <word confidence="1.000" wordID="SIL" beginTime="95.580" endTime="95.690"/>
    </wordsequence>
  </speech>
  <speech label="SPK03-026" begintime="95.71" endtime="99.58" >
    <wordsequence>
      <word confidence="0.750" wordID="SIL" beginTime="95.710" endTime="95.790"/>
      <word confidence="1.000" wordID="biedt" beginTime="95.790" endTime="95.960"/>
      <word confidence="1.000" wordID="de" beginTime="95.960" endTime="96.020"/>
      <word confidence="1.000" wordID="mogelijkheid" beginTime="96.020" endTime="96.640"/>
      <word confidence="0.749" wordID="SIL" beginTime="96.640" endTime="96.810"/>
      <word confidence="1.000" wordID="tot" beginTime="96.810" endTime="96.980"/>
      <word confidence="1.000" wordID="gelijktijdig" beginTime="96.980" endTime="97.700"/>
      <word confidence="0.740" wordID="SIL" beginTime="97.700" endTime="97.710"/>
      <word confidence="1.000" wordID="onderricht" beginTime="97.710" endTime="98.290"/>
      <word confidence="0.741" wordID="SIL" beginTime="98.290" endTime="98.310"/>
      <word confidence="1.000" wordID="aan" beginTime="98.310" endTime="98.470"/>
      <word confidence="1.000" wordID="driehonderd" beginTime="98.470" endTime="99.080"/>
      <word confidence="1.000" wordID="studenten" beginTime="99.080" endTime="99.580"/>
    </wordsequence>
  </speech>
  <speech label="SPK03-027" begintime="99.60" endtime="102.54" >
    <wordsequence>
      <word confidence="0.750" wordID="SIL" beginTime="99.600" endTime="100.000"/>
      <word confidence="1.000" wordID="terwijl" beginTime="100.000" endTime="100.270"/>
      <word confidence="1.000" wordID="vroeger" beginTime="100.270" endTime="100.680"/>
      <word confidence="0.750" wordID="SIL" beginTime="100.680" endTime="101.080"/>
      <word confidence="1.000" wordID="acht" beginTime="101.080" endTime="101.340"/>
      <word confidence="1.000" wordID="studenten" beginTime="101.340" endTime="101.830"/>
      <word confidence="1.000" wordID="tegelijk" beginTime="101.830" endTime="102.340"/>
      <word confidence="0.747" wordID="SIL" beginTime="102.340" endTime="102.540"/>
    </wordsequence>
  </speech>
  <speech label="SPK03-028" begintime="102.57" endtime="105.80" >
    <wordsequence>
      <word confidence="0.750" wordID="SIL" beginTime="102.570" endTime="102.620"/>
      <word confidence="1.000" wordID="bijvoorbeeld" beginTime="102.620" endTime="103.230"/>
      <word confidence="0.747" wordID="SIL" beginTime="103.230" endTime="103.480"/>
      <word confidence="1.000" wordID="de" beginTime="103.480" endTime="103.590"/>
      <word confidence="1.000" wordID="behandeling" beginTime="103.590" endTime="104.130"/>
      <word confidence="0.747" wordID="SIL" beginTime="104.130" endTime="104.170"/>
      <word confidence="1.000" wordID="van" beginTime="104.170" endTime="104.330"/>
      <word confidence="0.901" wordID="het" beginTime="104.330" endTime="104.490"/>
      <word confidence="1.000" wordID="iets" beginTime="104.490" endTime="104.690"/>
      <word confidence="1.000" wordID="konden" beginTime="104.690" endTime="104.950"/>
      <word confidence="1.000" wordID="gadeslaan" beginTime="104.950" endTime="105.600"/>
      <word confidence="0.749" wordID="SIL" beginTime="105.600" endTime="105.800"/>
    </wordsequence>
  </speech>
  <speech label="SPK05-029" begintime="105.82" endtime="106.79" >
    <wordsequence>
      <word confidence="0.888" wordID="refereert" beginTime="105.820" endTime="106.400"/>
      <word confidence="0.807" wordID="SIL" beginTime="106.400" endTime="106.790"/>
    </wordsequence>
  </speech>
  <speech label="SPK05-030" begintime="106.81" endtime="111.89" >
    <wordsequence>
      <word confidence="0.750" wordID="SIL" beginTime="106.810" endTime="107.170"/>
      <word confidence="0.938" wordID="over" beginTime="107.170" endTime="107.430"/>
      <word confidence="0.870" wordID="beginnen" beginTime="107.430" endTime="107.820"/>
      <word confidence="0.749" wordID="SIL" beginTime="107.820" endTime="108.050"/>
      <word confidence="0.909" wordID="met" beginTime="108.050" endTime="108.260"/>
      <word confidence="0.866" wordID="het" beginTime="108.260" endTime="108.380"/>
      <word confidence="0.748" wordID="SIL" beginTime="108.380" endTime="108.450"/>
      <word confidence="0.845" wordID="rompje" beginTime="108.450" endTime="109.300"/>
      <word confidence="0.750" wordID="SIL" beginTime="109.300" endTime="109.720"/>
      <word confidence="1.000" wordID="werd" beginTime="109.720" endTime="109.920"/>
      <word confidence="1.000" wordID="waarin" beginTime="109.920" endTime="110.390"/>
      <word confidence="0.749" wordID="SIL" beginTime="110.390" endTime="110.570"/>
      <word confidence="1.000" wordID="de" beginTime="110.570" endTime="110.690"/>
      <word confidence="0.746" wordID="SIL" beginTime="110.690" endTime="110.740"/>
      <word confidence="0.950" wordID="hierboven" beginTime="110.740" endTime="111.180"/>
      <word confidence="0.911" wordID="alleen" beginTime="111.180" endTime="111.500"/>
      <word confidence="0.740" wordID="SIL" beginTime="111.500" endTime="111.510"/>
      <word confidence="0.923" wordID="de" beginTime="111.510" endTime="111.720"/>
      <word confidence="0.749" wordID="SIL" beginTime="111.720" endTime="111.890"/>
    </wordsequence>
  </speech>
  <speech label="SPK06-031" begintime="111.91" endtime="113.17" >
    <wordsequence>
      <word confidence="0.827" wordID="je" beginTime="111.910" endTime="112.160"/>
      <word confidence="0.695" wordID="SIL" beginTime="112.160" endTime="112.170"/>
      <word confidence="0.800" wordID="in" beginTime="112.170" endTime="112.250"/>
      <word confidence="0.862" wordID="je" beginTime="112.250" endTime="112.370"/>
      <word confidence="0.945" wordID="leven" beginTime="112.370" endTime="113.130"/>
      <word confidence="0.748" wordID="SIL" beginTime="113.130" endTime="113.170"/>
    </wordsequence>
  </speech>
  <speech label="SPK06-032" begintime="113.19" endtime="117.38" >
    <wordsequence>
      <word confidence="0.857" wordID="borden" beginTime="113.190" endTime="114.100"/>
      <word confidence="0.739" wordID="SIL" beginTime="114.100" endTime="114.110"/>
      <word confidence="0.898" wordID="voor" beginTime="114.110" endTime="114.430"/>
      <word confidence="0.749" wordID="SIL" beginTime="114.430" endTime="114.620"/>
      <word confidence="0.903" wordID="lag" beginTime="114.620" endTime="114.930"/>
      <word confidence="0.741" wordID="SIL" beginTime="114.930" endTime="114.940"/>
      <word confidence="0.942" wordID="er" beginTime="114.940" endTime="115.010"/>
      <word confidence="0.937" wordID="echt" beginTime="115.010" endTime="115.230"/>
      <word confidence="0.750" wordID="SIL" beginTime="115.230" endTime="116.160"/>
      <word confidence="0.933" wordID="over" beginTime="116.160" endTime="116.400"/>
      <word confidence="1.000" wordID="de" beginTime="116.400" endTime="116.470"/>
      <word confidence="1.000" wordID="hele" beginTime="116.470" endTime="116.670"/>
      <word confidence="0.982" wordID="werd" beginTime="116.670" endTime="116.900"/>
      <word confidence="0.750" wordID="SIL" beginTime="116.900" endTime="117.380"/>
    </wordsequence>
  </speech>
  <speech label="SPK03-033" begintime="119.28" endtime="123.24" >
    <wordsequence>
      <word confidence="0.750" wordID="SIL" beginTime="119.280" endTime="119.750"/>
      <word confidence="1.000" wordID="de" beginTime="119.750" endTime="119.870"/>
      <word confidence="1.000" wordID="studenten" beginTime="119.870" endTime="120.510"/>
      <word confidence="0.728" wordID="SIL" beginTime="120.510" endTime="120.610"/>
      <word confidence="1.000" wordID="die" beginTime="120.610" endTime="120.710"/>
      <word confidence="1.000" wordID="ieder" beginTime="120.710" endTime="120.980"/>
      <word confidence="1.000" wordID="een" beginTime="120.980" endTime="121.080"/>
      <word confidence="1.000" wordID="compleet" beginTime="121.080" endTime="121.500"/>
      <word confidence="1.000" wordID="instrumentarium" beginTime="121.500" endTime="122.330"/>
      <word confidence="1.000" wordID="ter" beginTime="122.330" endTime="122.490"/>
      <word confidence="1.000" wordID="beschikking" beginTime="122.490" endTime="122.890"/>
      <word confidence="0.924" wordID="hebben" beginTime="122.890" endTime="123.220"/>
      <word confidence="0.733" wordID="SIL" beginTime="123.220" endTime="123.240"/>
    </wordsequence>
  </speech>
  <speech label="SPK03-034" begintime="123.27" endtime="128.19" >
    <wordsequence>
      <word confidence="0.750" wordID="SIL" beginTime="123.270" endTime="123.390"/>
      <word confidence="1.000" wordID="oefenen" beginTime="123.390" endTime="123.810"/>
      <word confidence="1.000" wordID="met" beginTime="123.810" endTime="123.980"/>
      <word confidence="1.000" wordID="behulp" beginTime="123.980" endTime="124.270"/>
      <word confidence="0.730" wordID="SIL" beginTime="124.270" endTime="124.280"/>
      <word confidence="1.000" wordID="van" beginTime="124.280" endTime="124.430"/>
      <word confidence="1.000" wordID="een" beginTime="124.430" endTime="124.500"/>
      <word confidence="1.000" wordID="model" beginTime="124.500" endTime="124.980"/>
      <word confidence="0.748" wordID="SIL" beginTime="124.980" endTime="125.190"/>
      <word confidence="1.000" wordID="de" beginTime="125.190" endTime="125.280"/>
      <word confidence="1.000" wordID="behandeling" beginTime="125.280" endTime="125.850"/>
      <word confidence="0.642" wordID="SIL" beginTime="125.850" endTime="125.920"/>
      <word confidence="1.000" wordID="die" beginTime="125.920" endTime="126.050"/>
      <word confidence="1.000" wordID="ze" beginTime="126.050" endTime="126.160"/>
      <word confidence="1.000" wordID="zojuist" beginTime="126.160" endTime="126.580"/>
      <word confidence="1.000" wordID="hebben" beginTime="126.580" endTime="126.750"/>
      <word confidence="1.000" wordID="gezien" beginTime="126.750" endTime="127.060"/>
      <word confidence="1.000" wordID="en" beginTime="127.060" endTime="127.170"/>
      <word confidence="1.000" wordID="gehoord" beginTime="127.170" endTime="127.540"/>
      <word confidence="0.750" wordID="SIL" beginTime="127.540" endTime="128.190"/>
    </wordsequence>
  </speech>
  <speech label="SPK09-035" begintime="128.21" endtime="130.77" >
    <wordsequence>
      <word confidence="0.750" wordID="SIL" beginTime="128.210" endTime="128.220"/>
      <word confidence="0.771" wordID="ja" beginTime="128.220" endTime="129.210"/>
      <word confidence="0.750" wordID="SIL" beginTime="129.210" endTime="130.770"/>
    </wordsequence>
  </speech>
  <speech label="SPK09-036" begintime="130.79" endtime="134.61" >
    <wordsequence>
      <word confidence="0.750" wordID="SIL" beginTime="130.790" endTime="131.280"/>
      <word confidence="0.765" wordID="goed" beginTime="131.280" endTime="133.680"/>
      <word confidence="0.750" wordID="SIL" beginTime="133.680" endTime="134.250"/>
      <word confidence="0.828" wordID="om" beginTime="134.250" endTime="134.610"/>
    </wordsequence>
  </speech>
  <speech label="SPK03-037" begintime="134.63" endtime="138.22" >
    <wordsequence>
      <word confidence="0.750" wordID="SIL" beginTime="134.630" endTime="134.870"/>
      <word confidence="1.000" wordID="toch" beginTime="134.870" endTime="135.080"/>
      <word confidence="1.000" wordID="wordt" beginTime="135.080" endTime="135.260"/>
      <word confidence="1.000" wordID="de" beginTime="135.260" endTime="135.330"/>
      <word confidence="1.000" wordID="student" beginTime="135.330" endTime="135.700"/>
      <word confidence="1.000" wordID="op" beginTime="135.700" endTime="135.790"/>
      <word confidence="1.000" wordID="deze" beginTime="135.790" endTime="136.020"/>
      <word confidence="1.000" wordID="wijze" beginTime="136.020" endTime="136.260"/>
      <word confidence="1.000" wordID="geen" beginTime="136.260" endTime="136.520"/>
      <word confidence="1.000" wordID="tulband" beginTime="136.520" endTime="137.050"/>
      <word confidence="0.748" wordID="SIL" beginTime="137.050" endTime="137.350"/>
      <word confidence="1.000" wordID="want" beginTime="137.350" endTime="137.490"/>
      <word confidence="1.000" wordID="hij" beginTime="137.490" endTime="137.580"/>
      <word confidence="1.000" wordID="behouden" beginTime="137.580" endTime="137.960"/>
      <word confidence="1.000" wordID="mogen" beginTime="137.960" endTime="138.220"/>
    </wordsequence>
  </speech>
  <speech label="SPK03-038" begintime="138.24" endtime="142.25" >
    <wordsequence>
      <word confidence="0.858" wordID="de" beginTime="138.240" endTime="138.330"/>
      <word confidence="1.000" wordID="kijk" beginTime="138.330" endTime="138.580"/>
      <word confidence="1.000" wordID="SIL" beginTime="138.580" endTime="138.600"/>
      <word confidence="1.000" wordID="tot" beginTime="138.600" endTime="138.780"/>
      <word confidence="0.736" wordID="SIL" beginTime="138.780" endTime="138.790"/>
      <word confidence="1.000" wordID="individueel" beginTime="138.790" endTime="139.400"/>
      <word confidence="1.000" wordID="contract" beginTime="139.400" endTime="139.920"/>
      <word confidence="0.848" wordID="SIL" beginTime="139.920" endTime="139.930"/>
      <word confidence="1.000" wordID="met" beginTime="139.930" endTime="140.080"/>
      <word confidence="1.000" wordID="de" beginTime="140.080" endTime="140.140"/>
      <word confidence="1.000" wordID="altijd" beginTime="140.140" endTime="140.580"/>
      <word confidence="1.000" wordID="in" beginTime="140.580" endTime="140.680"/>
      <word confidence="1.000" wordID="het" beginTime="140.680" endTime="140.760"/>
      <word confidence="1.000" wordID="gebouw" beginTime="140.760" endTime="141.040"/>
      <word confidence="1.000" wordID="aanwezig" beginTime="141.040" endTime="141.430"/>
      <word confidence="1.000" wordID="uh" beginTime="141.430" endTime="141.480"/>
      <word confidence="1.000" wordID="docent" beginTime="141.480" endTime="141.990"/>
      <word confidence="0.863" wordID="SIL" beginTime="141.990" endTime="142.250"/>
    </wordsequence>
  </speech>
  <speech label="SPK12-039" begintime="142.28" endtime="145.45" >
    <wordsequence>
      <word confidence="0.750" wordID="SIL" beginTime="142.280" endTime="142.690"/>
      <word confidence="0.936" wordID="dat" beginTime="142.690" endTime="142.960"/>
      <word confidence="0.748" wordID="SIL" beginTime="142.960" endTime="143.060"/>
      <word confidence="0.987" wordID="moeten" beginTime="143.060" endTime="143.320"/>
      <word confidence="0.735" wordID="SIL" beginTime="143.320" endTime="143.330"/>
      <word confidence="0.954" wordID="kunnen" beginTime="143.330" endTime="143.480"/>
      <word confidence="0.726" wordID="SIL" beginTime="143.480" endTime="143.490"/>
      <word confidence="1.000" wordID="hierbij" beginTime="143.490" endTime="144.010"/>
      <word confidence="0.742" wordID="SIL" beginTime="144.010" endTime="144.040"/>
      <word confidence="0.980" wordID="werd" beginTime="144.040" endTime="144.210"/>
      <word confidence="0.748" wordID="SIL" beginTime="144.210" endTime="144.240"/>
      <word confidence="0.949" wordID="de" beginTime="144.240" endTime="144.320"/>
      <word confidence="0.937" wordID="gebruiker" beginTime="144.320" endTime="144.820"/>
      <word confidence="0.750" wordID="SIL" beginTime="144.820" endTime="145.450"/>
    </wordsequence>
  </speech>
  <speech label="SPK12-040" begintime="145.47" endtime="151.59" >
    <wordsequence>
      <word confidence="0.750" wordID="SIL" beginTime="145.470" endTime="145.580"/>
      <word confidence="1.000" wordID="uur" beginTime="145.580" endTime="145.760"/>
      <word confidence="0.959" wordID="gebruiken" beginTime="145.760" endTime="146.210"/>
      <word confidence="0.744" wordID="SIL" beginTime="146.210" endTime="146.250"/>
      <word confidence="1.000" wordID="wij" beginTime="146.250" endTime="146.680"/>
      <word confidence="1.000" wordID="het" beginTime="146.680" endTime="146.820"/>
      <word confidence="1.000" wordID="dus" beginTime="146.820" endTime="147.050"/>
      <word confidence="0.739" wordID="SIL" beginTime="147.050" endTime="147.060"/>
      <word confidence="1.000" wordID="niet" beginTime="147.060" endTime="147.250"/>
      <word confidence="1.000" wordID="snel" beginTime="147.250" endTime="147.520"/>
      <word confidence="1.000" wordID="al" beginTime="147.520" endTime="147.660"/>
      <word confidence="0.740" wordID="SIL" beginTime="147.660" endTime="147.670"/>
      <word confidence="1.000" wordID="ook" beginTime="147.670" endTime="147.840"/>
      <word confidence="0.991" wordID="stukken" beginTime="147.840" endTime="148.260"/>
      <word confidence="0.727" wordID="SIL" beginTime="148.260" endTime="148.270"/>
      <word confidence="1.000" wordID="de" beginTime="148.270" endTime="148.570"/>
      <word confidence="0.738" wordID="SIL" beginTime="148.570" endTime="148.580"/>
      <word confidence="1.000" wordID="maximale" beginTime="148.580" endTime="149.190"/>
      <word confidence="0.735" wordID="SIL" beginTime="149.190" endTime="149.200"/>
      <word confidence="1.000" wordID="koeling" beginTime="149.200" endTime="149.470"/>
      <word confidence="1.000" wordID="namelijk" beginTime="149.470" endTime="149.830"/>
      <word confidence="1.000" wordID="streden" beginTime="149.830" endTime="150.330"/>
      <word confidence="1.000" wordID="ze" beginTime="150.330" endTime="150.440"/>
      <word confidence="1.000" wordID="water" beginTime="150.440" endTime="150.920"/>
      <word confidence="0.743" wordID="SIL" beginTime="150.920" endTime="150.940"/>
      <word confidence="0.839" wordID="over" beginTime="150.940" endTime="151.360"/>
      <word confidence="0.749" wordID="SIL" beginTime="151.360" endTime="151.590"/>
    </wordsequence>
  </speech>
  <speech label="SPK03-041" begintime="151.62" endtime="157.76" >
    <wordsequence>
      <word confidence="0.750" wordID="SIL" beginTime="151.620" endTime="151.870"/>
      <word confidence="1.000" wordID="door" beginTime="151.870" endTime="152.030"/>
      <word confidence="0.946" wordID="de" beginTime="152.030" endTime="152.130"/>
      <word confidence="1.000" wordID="wijze" beginTime="152.130" endTime="152.490"/>
      <word confidence="0.981" wordID="waarop" beginTime="152.490" endTime="152.760"/>
      <word confidence="1.000" wordID="de" beginTime="152.760" endTime="152.830"/>
      <word confidence="1.000" wordID="audiovisuele" beginTime="152.830" endTime="153.800"/>
      <word confidence="1.000" wordID="technieken" beginTime="153.800" endTime="154.270"/>
      <word confidence="0.893" wordID="en" beginTime="154.270" endTime="154.330"/>
      <word confidence="0.889" wordID="er" beginTime="154.330" endTime="154.450"/>
      <word confidence="1.000" wordID="worden" beginTime="154.450" endTime="154.690"/>
      <word confidence="1.000" wordID="toegepast" beginTime="154.690" endTime="155.260"/>
      <word confidence="1.000" wordID="SIL" beginTime="155.260" endTime="155.540"/>
      <word confidence="1.000" wordID="loopt" beginTime="155.540" endTime="155.780"/>
      <word confidence="0.920" wordID="utrecht" beginTime="155.780" endTime="156.300"/>
      <word confidence="0.744" wordID="SIL" beginTime="156.300" endTime="156.370"/>
      <word confidence="1.000" wordID="vooraan" beginTime="156.370" endTime="156.910"/>
      <word confidence="1.000" wordID="in" beginTime="156.910" endTime="157.060"/>
      <word confidence="1.000" wordID="europa" beginTime="157.060" endTime="157.540"/>
      <word confidence="0.741" wordID="SIL" beginTime="157.540" endTime="157.760"/>
    </wordsequence>
  </speech>
  <speech label="SPK03-042" begintime="157.78" endtime="162.95" >
    <wordsequence>
      <word confidence="0.750" wordID="SIL" beginTime="157.780" endTime="158.090"/>
      <word confidence="1.000" wordID="anders" beginTime="158.090" endTime="158.380"/>
      <word confidence="0.992" wordID="gezegd" beginTime="158.380" endTime="159.030"/>
      <word confidence="0.747" wordID="SIL" beginTime="159.030" endTime="159.190"/>
      <word confidence="1.000" wordID="voor" beginTime="159.190" endTime="159.360"/>
      <word confidence="1.000" wordID="het" beginTime="159.360" endTime="159.440"/>
      <word confidence="1.000" wordID="wetenschappelijk" beginTime="159.440" endTime="160.020"/>
      <word confidence="1.000" wordID="onderwijs" beginTime="160.020" endTime="160.770"/>
      <word confidence="0.727" wordID="SIL" beginTime="160.770" endTime="160.780"/>
      <word confidence="1.000" wordID="is" beginTime="160.780" endTime="160.920"/>
      <word confidence="1.000" wordID="in" beginTime="160.920" endTime="161.010"/>
      <word confidence="1.000" wordID="nederland" beginTime="161.010" endTime="161.560"/>
      <word confidence="0.745" wordID="SIL" beginTime="161.560" endTime="161.600"/>
      <word confidence="1.000" wordID="de" beginTime="161.600" endTime="161.680"/>
      <word confidence="1.000" wordID="toekomst" beginTime="161.680" endTime="162.220"/>
      <word confidence="1.000" wordID="al" beginTime="162.220" endTime="162.360"/>
      <word confidence="1.000" wordID="begonnen" beginTime="162.360" endTime="162.930"/>
      <word confidence="0.741" wordID="SIL" beginTime="162.930" endTime="162.950"/>
    </wordsequence>
  </speech>
  <speech label="SPK09-043" begintime="162.97" endtime="168.32" >
    <wordsequence>
      <word confidence="0.793" wordID="een" beginTime="162.970" endTime="163.720"/>
      <word confidence="0.734" wordID="SIL" beginTime="163.720" endTime="163.730"/>
      <word confidence="0.781" wordID="leven" beginTime="163.730" endTime="164.900"/>
      <word confidence="0.764" wordID="in" beginTime="164.900" endTime="164.980"/>
      <word confidence="0.800" wordID="SIL" beginTime="164.980" endTime="165.030"/>
      <word confidence="0.783" wordID="een" beginTime="165.030" endTime="165.760"/>
      <word confidence="0.850" wordID="uh" beginTime="165.760" endTime="166.360"/>
      <word confidence="0.766" wordID="alleen" beginTime="166.360" endTime="166.990"/>
      <word confidence="0.812" wordID="SIL" beginTime="166.990" endTime="167.020"/>
      <word confidence="0.765" wordID="de" beginTime="167.020" endTime="167.140"/>
      <word confidence="0.690" wordID="SIL" beginTime="167.140" endTime="167.150"/>
      <word confidence="0.848" wordID="dáil" beginTime="167.150" endTime="168.300"/>
      <word confidence="0.748" wordID="SIL" beginTime="168.300" endTime="168.320"/>
    </wordsequence>
  </speech>

  </segments>
</shout_metadata>
