<?xml version="1.0" encoding="UTF-8"?>
<!--
  ##################################################################################################
  ###                      This transcription is automatically generated by                      ###
  ###                              X-MI, Cross-Media interaction                                 ###
  ###                                    http://x-mi.nl                                          ###
  ##################################################################################################
-->
<shout_metadata>
  <model_info>
    <version>Standaard systeem 28-02-2012</version>
    <description>Academia</description>
  </model_info>
  <segments>
  <speech label="SPK06-001" begintime="0.00" endtime="2.40" >
    <wordsequence>
      <word confidence="0.750" wordID="SIL" beginTime="0.000" endTime="0.870"/>
      <word confidence="0.830" wordID="aan" beginTime="0.870" endTime="1.310"/>
      <word confidence="0.748" wordID="SIL" beginTime="1.310" endTime="1.410"/>
      <word confidence="1.000" wordID="een" beginTime="1.410" endTime="2.030"/>
      <word confidence="0.749" wordID="SIL" beginTime="2.030" endTime="2.400"/>
    </wordsequence>
  </speech>
  <speech label="SPK06-002" begintime="2.42" endtime="6.26" >
    <wordsequence>
      <word confidence="0.750" wordID="SIL" beginTime="2.420" endTime="2.710"/>
      <word confidence="0.970" wordID="dertigduizend" beginTime="2.710" endTime="3.620"/>
      <word confidence="1.000" wordID="mensen" beginTime="3.620" endTime="4.080"/>
      <word confidence="0.738" wordID="SIL" beginTime="4.080" endTime="4.090"/>
      <word confidence="1.000" wordID="van" beginTime="4.090" endTime="4.260"/>
      <word confidence="1.000" wordID="de" beginTime="4.260" endTime="4.340"/>
      <word confidence="1.000" wordID="duitsland" beginTime="4.340" endTime="4.760"/>
      <word confidence="0.931" wordID="een" beginTime="4.760" endTime="4.910"/>
      <word confidence="0.739" wordID="SIL" beginTime="4.910" endTime="4.920"/>
      <word confidence="1.000" wordID="plaats" beginTime="4.920" endTime="5.210"/>
      <word confidence="1.000" wordID="in" beginTime="5.210" endTime="5.360"/>
      <word confidence="1.000" wordID="de" beginTime="5.360" endTime="5.420"/>
      <word confidence="1.000" wordID="ieren" beginTime="5.420" endTime="5.730"/>
      <word confidence="0.935" wordID="in" beginTime="5.730" endTime="5.820"/>
      <word confidence="1.000" wordID="de" beginTime="5.820" endTime="5.890"/>
      <word confidence="1.000" wordID="hal" beginTime="5.890" endTime="6.220"/>
      <word confidence="0.747" wordID="SIL" beginTime="6.220" endTime="6.260"/>
    </wordsequence>
  </speech>
  <speech label="SPK06-003" begintime="6.28" endtime="8.58" >
    <wordsequence>
      <word confidence="0.750" wordID="SIL" beginTime="6.280" endTime="6.620"/>
      <word confidence="1.000" wordID="vijftienduizend" beginTime="6.620" endTime="7.370"/>
      <word confidence="0.739" wordID="SIL" beginTime="7.370" endTime="7.380"/>
      <word confidence="0.913" wordID="kwamen" beginTime="7.380" endTime="7.660"/>
      <word confidence="0.860" wordID="ze" beginTime="7.660" endTime="7.790"/>
      <word confidence="0.959" wordID="niet" beginTime="7.790" endTime="7.940"/>
      <word confidence="0.970" wordID="meer" beginTime="7.940" endTime="8.130"/>
      <word confidence="0.978" wordID="in" beginTime="8.130" endTime="8.320"/>
      <word confidence="0.749" wordID="SIL" beginTime="8.320" endTime="8.580"/>
    </wordsequence>
  </speech>
  <speech label="SPK06-004" begintime="8.60" endtime="13.56" >
    <wordsequence>
      <word confidence="0.750" wordID="SIL" beginTime="8.600" endTime="8.670"/>
      <word confidence="0.979" wordID="het" beginTime="8.670" endTime="8.800"/>
      <word confidence="0.913" wordID="onderwijs" beginTime="8.800" endTime="9.230"/>
      <word confidence="0.963" wordID="protesten" beginTime="9.230" endTime="9.700"/>
      <word confidence="0.853" wordID="in" beginTime="9.700" endTime="9.830"/>
      <word confidence="0.978" wordID="het" beginTime="9.830" endTime="9.940"/>
      <word confidence="1.000" wordID="zevende" beginTime="9.940" endTime="10.330"/>
      <word confidence="0.916" wordID="werd" beginTime="10.330" endTime="10.490"/>
      <word confidence="0.790" wordID="SIL" beginTime="10.490" endTime="10.500"/>
      <word confidence="1.000" wordID="de" beginTime="10.500" endTime="10.580"/>
      <word confidence="1.000" wordID="grootste" beginTime="10.580" endTime="11.000"/>
      <word confidence="1.000" wordID="demonstratie" beginTime="11.000" endTime="11.680"/>
      <word confidence="1.000" wordID="die" beginTime="11.680" endTime="11.810"/>
      <word confidence="0.982" wordID="nederland" beginTime="11.810" endTime="12.180"/>
      <word confidence="0.917" wordID="in" beginTime="12.180" endTime="12.280"/>
      <word confidence="1.000" wordID="de" beginTime="12.280" endTime="12.350"/>
      <word confidence="1.000" wordID="laatste" beginTime="12.350" endTime="12.630"/>
      <word confidence="1.000" wordID="jaren" beginTime="12.630" endTime="12.940"/>
      <word confidence="0.749" wordID="SIL" beginTime="12.940" endTime="12.950"/>
      <word confidence="1.000" wordID="gezien" beginTime="12.950" endTime="13.230"/>
      <word confidence="0.764" wordID="SIL" beginTime="13.230" endTime="13.250"/>
      <word confidence="0.855" wordID="de" beginTime="13.250" endTime="13.430"/>
      <word confidence="1.000" wordID="SIL" beginTime="13.430" endTime="13.560"/>
    </wordsequence>
  </speech>
  <speech label="SPK06-005" begintime="13.58" endtime="16.67" >
    <wordsequence>
      <word confidence="0.750" wordID="SIL" beginTime="13.580" endTime="14.200"/>
      <word confidence="1.000" wordID="in" beginTime="14.200" endTime="14.310"/>
      <word confidence="0.922" wordID="het" beginTime="14.310" endTime="14.390"/>
      <word confidence="0.933" wordID="begin" beginTime="14.390" endTime="14.730"/>
      <word confidence="1.000" wordID="liet" beginTime="14.730" endTime="14.890"/>
      <word confidence="1.000" wordID="de" beginTime="14.890" endTime="14.970"/>
      <word confidence="0.997" wordID="was" beginTime="14.970" endTime="15.180"/>
      <word confidence="1.000" wordID="dat" beginTime="15.180" endTime="15.310"/>
      <word confidence="1.000" wordID="de" beginTime="15.310" endTime="15.380"/>
      <word confidence="0.989" wordID="sprekers" beginTime="15.380" endTime="15.800"/>
      <word confidence="1.000" wordID="nog" beginTime="15.800" endTime="15.940"/>
      <word confidence="1.000" wordID="aan" beginTime="15.940" endTime="16.040"/>
      <word confidence="0.998" wordID="het" beginTime="16.040" endTime="16.160"/>
      <word confidence="0.962" wordID="roer" beginTime="16.160" endTime="16.670"/>
    </wordsequence>
  </speech>
  <speech label="SPK06-006" begintime="16.70" endtime="20.94" >
    <wordsequence>
      <word confidence="0.750" wordID="SIL" beginTime="16.700" endTime="16.970"/>
      <word confidence="1.000" wordID="zo" beginTime="16.970" endTime="17.190"/>
      <word confidence="1.000" wordID="van" beginTime="17.190" endTime="17.400"/>
      <word confidence="0.835" wordID="ik" beginTime="17.400" endTime="17.860"/>
      <word confidence="0.742" wordID="SIL" beginTime="17.860" endTime="17.880"/>
      <word confidence="0.901" wordID="ben" beginTime="17.880" endTime="18.110"/>
      <word confidence="0.746" wordID="SIL" beginTime="18.110" endTime="18.180"/>
      <word confidence="0.975" wordID="voorzitter" beginTime="18.180" endTime="18.750"/>
      <word confidence="1.000" wordID="van" beginTime="18.750" endTime="18.850"/>
      <word confidence="1.000" wordID="de" beginTime="18.850" endTime="18.920"/>
      <word confidence="1.000" wordID="algemene" beginTime="18.920" endTime="19.380"/>
      <word confidence="1.000" wordID="nederlandse" beginTime="19.380" endTime="19.790"/>
      <word confidence="1.000" wordID="onderwijs" beginTime="19.790" endTime="20.210"/>
      <word confidence="1.000" wordID="federatie" beginTime="20.210" endTime="20.880"/>
      <word confidence="1.000" wordID="SIL" beginTime="20.880" endTime="20.940"/>
    </wordsequence>
  </speech>
  <speech label="SPK06-007" begintime="20.96" endtime="25.27" >
    <wordsequence>
      <word confidence="0.750" wordID="SIL" beginTime="20.960" endTime="21.100"/>
      <word confidence="1.000" wordID="zich" beginTime="21.100" endTime="21.300"/>
      <word confidence="1.000" wordID="nog" beginTime="21.300" endTime="21.450"/>
      <word confidence="0.960" wordID="interesse" beginTime="21.450" endTime="21.920"/>
      <word confidence="0.915" wordID="in" beginTime="21.920" endTime="22.020"/>
      <word confidence="0.996" wordID="de" beginTime="22.020" endTime="22.080"/>
      <word confidence="1.000" wordID="ze" beginTime="22.080" endTime="22.210"/>
      <word confidence="0.948" wordID="ook" beginTime="22.210" endTime="22.420"/>
      <word confidence="1.000" wordID="voor" beginTime="22.420" endTime="22.570"/>
      <word confidence="1.000" wordID="de" beginTime="22.570" endTime="22.640"/>
      <word confidence="1.000" wordID="aanwezige" beginTime="22.640" endTime="23.120"/>
      <word confidence="0.858" wordID="biedt" beginTime="23.120" endTime="23.300"/>
      <word confidence="0.803" wordID="SIL" beginTime="23.300" endTime="23.310"/>
      <word confidence="1.000" wordID="stof" beginTime="23.310" endTime="23.520"/>
      <word confidence="1.000" wordID="over" beginTime="23.520" endTime="23.770"/>
      <word confidence="0.910" wordID="een" beginTime="23.770" endTime="24.070"/>
      <word confidence="1.000" wordID="SIL" beginTime="24.070" endTime="24.120"/>
      <word confidence="1.000" wordID="verstaanbaar" beginTime="24.120" endTime="24.760"/>
      <word confidence="1.000" wordID="maken" beginTime="24.760" endTime="25.270"/>
    </wordsequence>
  </speech>
  <speech label="SPK10-008" begintime="25.29" endtime="28.58" >
    <wordsequence>
      <word confidence="0.750" wordID="ik" beginTime="25.290" endTime="25.840"/>
      <word confidence="0.782" wordID="SIL" beginTime="25.840" endTime="25.910"/>
      <word confidence="0.909" wordID="had" beginTime="25.910" endTime="26.160"/>
      <word confidence="0.745" wordID="SIL" beginTime="26.160" endTime="26.190"/>
      <word confidence="0.792" wordID="een" beginTime="26.190" endTime="26.720"/>
      <word confidence="0.750" wordID="SIL" beginTime="26.720" endTime="27.110"/>
      <word confidence="0.796" wordID="rood" beginTime="27.110" endTime="28.580"/>
    </wordsequence>
  </speech>
  <speech label="SPK12-009" begintime="28.60" endtime="32.09" >
    <wordsequence>
      <word confidence="0.897" wordID="is" beginTime="28.600" endTime="28.930"/>
      <word confidence="0.889" wordID="SIL" beginTime="28.930" endTime="29.310"/>
      <word confidence="0.816" wordID="die" beginTime="29.310" endTime="29.620"/>
      <word confidence="0.750" wordID="SIL" beginTime="29.620" endTime="30.210"/>
      <word confidence="0.831" wordID="hij" beginTime="30.210" endTime="30.360"/>
      <word confidence="0.749" wordID="SIL" beginTime="30.360" endTime="30.550"/>
      <word confidence="0.822" wordID="onderweg" beginTime="30.550" endTime="31.190"/>
      <word confidence="0.899" wordID="iets" beginTime="31.190" endTime="31.560"/>
      <word confidence="0.750" wordID="SIL" beginTime="31.560" endTime="32.090"/>
    </wordsequence>
  </speech>
  <speech label="SPK12-010" begintime="32.12" endtime="35.54" >
    <wordsequence>
      <word confidence="0.750" wordID="SIL" beginTime="32.120" endTime="32.470"/>
      <word confidence="0.878" wordID="ook" beginTime="32.470" endTime="32.720"/>
      <word confidence="0.747" wordID="SIL" beginTime="32.720" endTime="32.740"/>
      <word confidence="0.859" wordID="onder" beginTime="32.740" endTime="33.170"/>
      <word confidence="0.742" wordID="SIL" beginTime="33.170" endTime="33.180"/>
      <word confidence="0.853" wordID="deze" beginTime="33.180" endTime="33.460"/>
      <word confidence="0.842" wordID="mogelijkheden" beginTime="33.460" endTime="34.400"/>
      <word confidence="0.742" wordID="SIL" beginTime="34.400" endTime="34.500"/>
      <word confidence="0.825" wordID="hebben" beginTime="34.500" endTime="34.670"/>
      <word confidence="0.773" wordID="SIL" beginTime="34.670" endTime="34.800"/>
      <word confidence="0.775" wordID="kunnen" beginTime="34.800" endTime="35.500"/>
      <word confidence="0.803" wordID="SIL" beginTime="35.500" endTime="35.540"/>
    </wordsequence>
  </speech>
  <speech label="SPK12-011" begintime="35.57" endtime="40.18" >
    <wordsequence>
      <word confidence="0.750" wordID="SIL" beginTime="35.570" endTime="35.710"/>
      <word confidence="0.777" wordID="maar" beginTime="35.710" endTime="36.000"/>
      <word confidence="0.749" wordID="SIL" beginTime="36.000" endTime="36.080"/>
      <word confidence="0.782" wordID="dat" beginTime="36.080" endTime="36.300"/>
      <word confidence="0.965" wordID="was" beginTime="36.300" endTime="36.590"/>
      <word confidence="0.750" wordID="SIL" beginTime="36.590" endTime="36.760"/>
      <word confidence="0.777" wordID="het" beginTime="36.760" endTime="37.000"/>
      <word confidence="0.750" wordID="SIL" beginTime="37.000" endTime="37.570"/>
      <word confidence="0.898" wordID="is" beginTime="37.570" endTime="37.760"/>
      <word confidence="0.746" wordID="SIL" beginTime="37.760" endTime="37.780"/>
      <word confidence="0.805" wordID="een" beginTime="37.780" endTime="38.110"/>
      <word confidence="0.749" wordID="SIL" beginTime="38.110" endTime="38.170"/>
      <word confidence="0.812" wordID="monster" beginTime="38.170" endTime="38.630"/>
      <word confidence="0.739" wordID="SIL" beginTime="38.630" endTime="38.640"/>
      <word confidence="0.835" wordID="van" beginTime="38.640" endTime="38.860"/>
      <word confidence="0.834" wordID="wat" beginTime="38.860" endTime="39.090"/>
      <word confidence="0.742" wordID="SIL" beginTime="39.090" endTime="39.100"/>
      <word confidence="0.815" wordID="er" beginTime="39.100" endTime="39.270"/>
      <word confidence="0.735" wordID="SIL" beginTime="39.270" endTime="39.280"/>
      <word confidence="0.870" wordID="weer" beginTime="39.280" endTime="39.870"/>
      <word confidence="0.842" wordID="SIL" beginTime="39.870" endTime="39.940"/>
      <word confidence="0.804" wordID="een" beginTime="39.940" endTime="40.140"/>
      <word confidence="0.747" wordID="SIL" beginTime="40.140" endTime="40.180"/>
    </wordsequence>
  </speech>
  <speech label="SPK14-012" begintime="40.20" endtime="42.87" >
    <wordsequence>
      <word confidence="0.750" wordID="SIL" beginTime="40.200" endTime="40.500"/>
      <word confidence="0.890" wordID="een" beginTime="40.500" endTime="40.690"/>
      <word confidence="0.778" wordID="uh" beginTime="40.690" endTime="40.770"/>
      <word confidence="0.749" wordID="SIL" beginTime="40.770" endTime="40.820"/>
      <word confidence="0.782" wordID="ja" beginTime="40.820" endTime="41.990"/>
      <word confidence="0.793" wordID="SIL" beginTime="41.990" endTime="42.110"/>
      <word confidence="0.751" wordID="nu" beginTime="42.110" endTime="42.550"/>
      <word confidence="0.792" wordID="SIL" beginTime="42.550" endTime="42.650"/>
      <word confidence="0.822" wordID="moet" beginTime="42.650" endTime="42.870"/>
    </wordsequence>
  </speech>
  <speech label="SPK12-013" begintime="42.89" endtime="43.87" >
    <wordsequence>
      <word confidence="0.750" wordID="SIL" beginTime="42.890" endTime="43.220"/>
      <word confidence="0.869" wordID="aangezien" beginTime="43.220" endTime="43.870"/>
    </wordsequence>
  </speech>
  <speech label="SPK06-014" begintime="43.89" endtime="46.22" >
    <wordsequence>
      <word confidence="0.696" wordID="SIL" beginTime="43.890" endTime="43.920"/>
      <word confidence="0.782" wordID="uh" beginTime="43.920" endTime="44.170"/>
      <word confidence="0.750" wordID="SIL" beginTime="44.170" endTime="44.810"/>
      <word confidence="1.000" wordID="mevrouw" beginTime="44.810" endTime="45.180"/>
      <word confidence="1.000" wordID="bakker" beginTime="45.180" endTime="45.540"/>
      <word confidence="0.885" wordID="te" beginTime="45.540" endTime="45.680"/>
      <word confidence="0.743" wordID="SIL" beginTime="45.680" endTime="45.690"/>
      <word confidence="0.938" wordID="vragen" beginTime="45.690" endTime="46.180"/>
      <word confidence="0.745" wordID="SIL" beginTime="46.180" endTime="46.220"/>
    </wordsequence>
  </speech>
  <speech label="SPK01-015" begintime="46.24" endtime="49.87" >
    <wordsequence>
      <word confidence="0.750" wordID="SIL" beginTime="46.240" endTime="46.340"/>
      <word confidence="0.780" wordID="en" beginTime="46.340" endTime="46.710"/>
      <word confidence="0.800" wordID="SIL" beginTime="46.710" endTime="46.830"/>
      <word confidence="0.801" wordID="dat" beginTime="46.830" endTime="47.100"/>
      <word confidence="0.748" wordID="SIL" beginTime="47.100" endTime="47.140"/>
      <word confidence="0.796" wordID="er" beginTime="47.140" endTime="47.360"/>
      <word confidence="0.756" wordID="SIL" beginTime="47.360" endTime="47.690"/>
      <word confidence="0.757" wordID="in" beginTime="47.690" endTime="47.850"/>
      <word confidence="0.645" wordID="SIL" beginTime="47.850" endTime="47.860"/>
      <word confidence="0.827" wordID="&apos;t" beginTime="47.860" endTime="48.090"/>
      <word confidence="0.789" wordID="SIL" beginTime="48.090" endTime="48.200"/>
      <word confidence="0.799" wordID="hout" beginTime="48.200" endTime="48.470"/>
      <word confidence="0.746" wordID="SIL" beginTime="48.470" endTime="48.510"/>
      <word confidence="0.794" wordID="van" beginTime="48.510" endTime="48.730"/>
      <word confidence="0.738" wordID="SIL" beginTime="48.730" endTime="48.740"/>
      <word confidence="0.821" wordID="de" beginTime="48.740" endTime="48.840"/>
      <word confidence="0.750" wordID="SIL" beginTime="48.840" endTime="49.010"/>
      <word confidence="0.782" wordID="ja" beginTime="49.010" endTime="49.870"/>
    </wordsequence>
  </speech>
  <speech label="SPK03-016" begintime="49.89" endtime="54.40" >
    <wordsequence>
      <word confidence="0.706" wordID="SIL" beginTime="49.890" endTime="49.920"/>
      <word confidence="0.830" wordID="onder" beginTime="49.920" endTime="50.190"/>
      <word confidence="0.817" wordID="die" beginTime="50.190" endTime="50.330"/>
      <word confidence="0.688" wordID="SIL" beginTime="50.330" endTime="50.350"/>
      <word confidence="0.822" wordID="zich" beginTime="50.350" endTime="50.600"/>
      <word confidence="0.783" wordID="SIL" beginTime="50.600" endTime="50.710"/>
      <word confidence="0.876" wordID="door" beginTime="50.710" endTime="51.010"/>
      <word confidence="0.905" wordID="een" beginTime="51.010" endTime="51.130"/>
      <word confidence="0.873" wordID="door" beginTime="51.130" endTime="51.310"/>
      <word confidence="0.678" wordID="SIL" beginTime="51.310" endTime="51.320"/>
      <word confidence="0.804" wordID="de" beginTime="51.320" endTime="51.440"/>
      <word confidence="0.610" wordID="SIL" beginTime="51.440" endTime="51.450"/>
      <word confidence="0.845" wordID="crisis" beginTime="51.450" endTime="51.730"/>
      <word confidence="0.735" wordID="SIL" beginTime="51.730" endTime="51.800"/>
      <word confidence="0.803" wordID="die" beginTime="51.800" endTime="51.960"/>
      <word confidence="0.817" wordID="SIL" beginTime="51.960" endTime="52.100"/>
      <word confidence="0.817" wordID="is" beginTime="52.100" endTime="52.290"/>
      <word confidence="0.791" wordID="SIL" beginTime="52.290" endTime="52.300"/>
      <word confidence="0.759" wordID="er" beginTime="52.300" endTime="52.430"/>
      <word confidence="0.700" wordID="SIL" beginTime="52.430" endTime="52.510"/>
      <word confidence="0.906" wordID="ook" beginTime="52.510" endTime="52.640"/>
      <word confidence="0.775" wordID="SIL" beginTime="52.640" endTime="52.890"/>
      <word confidence="0.766" wordID="nog" beginTime="52.890" endTime="53.270"/>
      <word confidence="0.805" wordID="SIL" beginTime="53.270" endTime="53.340"/>
      <word confidence="0.806" wordID="uit" beginTime="53.340" endTime="53.580"/>
      <word confidence="0.830" wordID="SIL" beginTime="53.580" endTime="53.630"/>
      <word confidence="0.810" wordID="de" beginTime="53.630" endTime="53.780"/>
      <word confidence="0.813" wordID="SIL" beginTime="53.780" endTime="53.820"/>
      <word confidence="1.000" wordID="wereld" beginTime="53.820" endTime="54.120"/>
      <word confidence="0.833" wordID="SIL" beginTime="54.120" endTime="54.400"/>
    </wordsequence>
  </speech>
  <speech label="SPK03-017" begintime="54.43" endtime="58.67" >
    <wordsequence>
      <word confidence="0.750" wordID="SIL" beginTime="54.430" endTime="54.640"/>
      <word confidence="0.823" wordID="dan" beginTime="54.640" endTime="54.880"/>
      <word confidence="0.751" wordID="SIL" beginTime="54.880" endTime="54.900"/>
      <word confidence="0.813" wordID="is" beginTime="54.900" endTime="55.120"/>
      <word confidence="0.816" wordID="het" beginTime="55.120" endTime="55.310"/>
      <word confidence="0.743" wordID="SIL" beginTime="55.310" endTime="55.320"/>
      <word confidence="0.816" wordID="even" beginTime="55.320" endTime="55.680"/>
      <word confidence="0.737" wordID="SIL" beginTime="55.680" endTime="55.690"/>
      <word confidence="0.866" wordID="kan" beginTime="55.690" endTime="55.890"/>
      <word confidence="0.749" wordID="SIL" beginTime="55.890" endTime="56.010"/>
      <word confidence="0.788" wordID="dat" beginTime="56.010" endTime="56.410"/>
      <word confidence="0.748" wordID="SIL" beginTime="56.410" endTime="56.450"/>
      <word confidence="0.839" wordID="niet" beginTime="56.450" endTime="56.760"/>
      <word confidence="0.749" wordID="SIL" beginTime="56.760" endTime="56.930"/>
      <word confidence="0.858" wordID="zien" beginTime="56.930" endTime="57.310"/>
      <word confidence="0.745" wordID="SIL" beginTime="57.310" endTime="57.350"/>
      <word confidence="0.849" wordID="rond" beginTime="57.350" endTime="57.770"/>
      <word confidence="0.748" wordID="SIL" beginTime="57.770" endTime="57.850"/>
      <word confidence="0.762" wordID="te" beginTime="57.850" endTime="57.940"/>
      <word confidence="0.816" wordID="wachten" beginTime="57.940" endTime="58.540"/>
      <word confidence="0.749" wordID="SIL" beginTime="58.540" endTime="58.670"/>
    </wordsequence>
  </speech>
  <speech label="SPK03-018" begintime="58.69" endtime="59.75" >
    <wordsequence>
      <word confidence="0.750" wordID="SIL" beginTime="58.690" endTime="58.950"/>
      <word confidence="0.768" wordID="ja" beginTime="58.950" endTime="59.750"/>
    </wordsequence>
  </speech>
  <speech label="SPK05-019" begintime="59.77" endtime="63.46" >
    <wordsequence>
      <word confidence="0.777" wordID="houden" beginTime="59.770" endTime="60.940"/>
      <word confidence="0.737" wordID="SIL" beginTime="60.940" endTime="60.950"/>
      <word confidence="0.814" wordID="maar" beginTime="60.950" endTime="61.190"/>
      <word confidence="0.750" wordID="SIL" beginTime="61.190" endTime="62.310"/>
      <word confidence="0.772" wordID="ik" beginTime="62.310" endTime="63.460"/>
    </wordsequence>
  </speech>
  <speech label="SPK06-020" begintime="63.48" endtime="69.16" >
    <wordsequence>
      <word confidence="0.750" wordID="SIL" beginTime="63.480" endTime="63.660"/>
      <word confidence="0.991" wordID="de" beginTime="63.660" endTime="63.850"/>
      <word confidence="0.977" wordID="zaal" beginTime="63.850" endTime="64.360"/>
      <word confidence="0.745" wordID="SIL" beginTime="64.360" endTime="64.390"/>
      <word confidence="1.000" wordID="waarin" beginTime="64.390" endTime="64.690"/>
      <word confidence="1.000" wordID="onder" beginTime="64.690" endTime="64.900"/>
      <word confidence="1.000" wordID="andere" beginTime="64.900" endTime="65.150"/>
      <word confidence="1.000" wordID="oppositieleider" beginTime="65.150" endTime="65.970"/>
      <word confidence="0.988" wordID="den" beginTime="65.970" endTime="66.140"/>
      <word confidence="1.000" wordID="ouden" beginTime="66.140" endTime="66.370"/>
      <word confidence="1.000" wordID="aanwezig" beginTime="66.370" endTime="66.810"/>
      <word confidence="1.000" wordID="was" beginTime="66.810" endTime="67.110"/>
      <word confidence="0.739" wordID="SIL" beginTime="67.110" endTime="67.140"/>
      <word confidence="0.999" wordID="aesthetics" beginTime="67.140" endTime="67.720"/>
      <word confidence="0.749" wordID="SIL" beginTime="67.720" endTime="67.810"/>
      <word confidence="1.000" wordID="ingaan" beginTime="67.810" endTime="68.190"/>
      <word confidence="0.733" wordID="SIL" beginTime="68.190" endTime="68.200"/>
      <word confidence="1.000" wordID="van" beginTime="68.200" endTime="68.330"/>
      <word confidence="1.000" wordID="de" beginTime="68.330" endTime="68.420"/>
      <word confidence="0.953" wordID="minister" beginTime="68.420" endTime="68.890"/>
      <word confidence="0.749" wordID="SIL" beginTime="68.890" endTime="69.160"/>
    </wordsequence>
  </speech>
  <speech label="SPK06-021" begintime="69.19" endtime="70.12" >
    <wordsequence>
      <word confidence="0.750" wordID="SIL" beginTime="69.190" endTime="70.120"/>
    </wordsequence>
  </speech>
  <speech label="SPK13-022" begintime="70.14" endtime="73.87" >
    <wordsequence>
      <word confidence="0.785" wordID="ja" beginTime="70.140" endTime="71.190"/>
      <word confidence="0.794" wordID="SIL" beginTime="71.190" endTime="71.350"/>
      <word confidence="0.756" wordID="ja" beginTime="71.350" endTime="72.880"/>
      <word confidence="0.741" wordID="SIL" beginTime="72.880" endTime="72.890"/>
      <word confidence="0.759" wordID="ja" beginTime="72.890" endTime="73.870"/>
    </wordsequence>
  </speech>
  <speech label="SPK10-023" begintime="73.89" endtime="76.27" >
    <wordsequence>
      <word confidence="0.750" wordID="SIL" beginTime="73.890" endTime="74.340"/>
      <word confidence="0.787" wordID="het" beginTime="74.340" endTime="74.790"/>
      <word confidence="0.742" wordID="SIL" beginTime="74.790" endTime="74.800"/>
      <word confidence="0.803" wordID="is" beginTime="74.800" endTime="75.620"/>
      <word confidence="0.749" wordID="SIL" beginTime="75.620" endTime="75.840"/>
      <word confidence="0.815" wordID="goed" beginTime="75.840" endTime="76.160"/>
      <word confidence="0.749" wordID="SIL" beginTime="76.160" endTime="76.270"/>
    </wordsequence>
  </speech>
  <speech label="SPK06-024" begintime="76.29" endtime="81.76" >
    <wordsequence>
      <word confidence="0.786" wordID="de" beginTime="76.290" endTime="76.380"/>
      <word confidence="1.000" wordID="zaal" beginTime="76.380" endTime="76.660"/>
      <word confidence="1.000" wordID="bleef" beginTime="76.660" endTime="77.040"/>
      <word confidence="0.841" wordID="SIL" beginTime="77.040" endTime="77.050"/>
      <word confidence="0.906" wordID="zowel" beginTime="77.050" endTime="77.490"/>
      <word confidence="0.696" wordID="SIL" beginTime="77.490" endTime="77.500"/>
      <word confidence="0.945" wordID="boeren" beginTime="77.500" endTime="77.910"/>
      <word confidence="0.806" wordID="SIL" beginTime="77.910" endTime="77.920"/>
      <word confidence="0.990" wordID="dat" beginTime="77.920" endTime="78.160"/>
      <word confidence="1.000" wordID="de" beginTime="78.160" endTime="78.220"/>
      <word confidence="1.000" wordID="demonstratie" beginTime="78.220" endTime="78.890"/>
      <word confidence="0.962" wordID="voor" beginTime="78.890" endTime="79.070"/>
      <word confidence="0.994" wordID="beter" beginTime="79.070" endTime="79.370"/>
      <word confidence="1.000" wordID="onderwijs" beginTime="79.370" endTime="79.910"/>
      <word confidence="0.908" wordID="SIL" beginTime="79.910" endTime="79.920"/>
      <word confidence="1.000" wordID="een" beginTime="79.920" endTime="80.060"/>
      <word confidence="1.000" wordID="voortijdig" beginTime="80.060" endTime="80.710"/>
      <word confidence="0.996" wordID="einde" beginTime="80.710" endTime="81.030"/>
      <word confidence="1.000" wordID="kreeg" beginTime="81.030" endTime="81.510"/>
      <word confidence="1.000" wordID="SIL" beginTime="81.510" endTime="81.760"/>
    </wordsequence>
  </speech>
  <speech label="SPK06-025" begintime="81.79" endtime="82.18" >
    <wordsequence>
      <word confidence="0.750" wordID="SIL" beginTime="81.790" endTime="82.180"/>
    </wordsequence>
  </speech>
  <speech label="SPK13-026" begintime="82.20" endtime="85.13" >
    <wordsequence>
      <word confidence="0.750" wordID="SIL" beginTime="82.200" endTime="82.220"/>
      <word confidence="0.793" wordID="goed" beginTime="82.220" endTime="83.640"/>
      <word confidence="0.737" wordID="SIL" beginTime="83.640" endTime="83.660"/>
      <word confidence="0.775" wordID="er" beginTime="83.660" endTime="84.350"/>
      <word confidence="0.780" wordID="SIL" beginTime="84.350" endTime="84.360"/>
      <word confidence="0.807" wordID="is" beginTime="84.360" endTime="84.560"/>
      <word confidence="0.813" wordID="SIL" beginTime="84.560" endTime="84.590"/>
      <word confidence="0.744" wordID="een" beginTime="84.590" endTime="85.130"/>
    </wordsequence>
  </speech>
  <speech label="SPK14-027" begintime="85.15" endtime="88.54" >
    <wordsequence>
      <word confidence="0.766" wordID="zo" beginTime="85.150" endTime="85.290"/>
      <word confidence="0.764" wordID="SIL" beginTime="85.290" endTime="85.820"/>
      <word confidence="0.823" wordID="hoog" beginTime="85.820" endTime="86.530"/>
      <word confidence="0.749" wordID="SIL" beginTime="86.530" endTime="86.700"/>
      <word confidence="0.768" wordID="als" beginTime="86.700" endTime="86.790"/>
      <word confidence="0.750" wordID="SIL" beginTime="86.790" endTime="87.180"/>
      <word confidence="0.816" wordID="het" beginTime="87.180" endTime="87.370"/>
      <word confidence="0.750" wordID="SIL" beginTime="87.370" endTime="87.680"/>
      <word confidence="0.772" wordID="gaat" beginTime="87.680" endTime="88.300"/>
      <word confidence="0.749" wordID="SIL" beginTime="88.300" endTime="88.540"/>
    </wordsequence>
  </speech>
  <speech label="SPK16-028" begintime="88.56" endtime="92.98" >
    <wordsequence>
      <word confidence="0.750" wordID="SIL" beginTime="88.560" endTime="88.580"/>
      <word confidence="0.729" wordID="ook" beginTime="88.580" endTime="88.970"/>
      <word confidence="0.653" wordID="SIL" beginTime="88.970" endTime="88.980"/>
      <word confidence="0.756" wordID="horen" beginTime="88.980" endTime="89.430"/>
      <word confidence="0.694" wordID="SIL" beginTime="89.430" endTime="89.440"/>
      <word confidence="0.760" wordID="ja" beginTime="89.440" endTime="92.110"/>
      <word confidence="0.829" wordID="SIL" beginTime="92.110" endTime="92.320"/>
      <word confidence="0.787" wordID="ik" beginTime="92.320" endTime="92.980"/>
    </wordsequence>
  </speech>

  </segments>
</shout_metadata>
