<?xml version="1.0" encoding="UTF-8"?>
<!--
  ##################################################################################################
  ###                      This transcription is automatically generated by                      ###
  ###                              X-MI, Cross-Media interaction                                 ###
  ###                                    http://x-mi.nl                                          ###
  ##################################################################################################
-->
<shout_metadata>
  <model_info>
    <version>Standaard systeem 28-02-2012</version>
    <description>Academia</description>
  </model_info>
  <segments>
  <speech label="SPK01-001" begintime="0.00" endtime="3.03" >
    <wordsequence>
      <word confidence="0.750" wordID="SIL" beginTime="0.000" endTime="0.290"/>
      <word confidence="0.800" wordID="ja" beginTime="0.290" endTime="0.710"/>
      <word confidence="0.750" wordID="SIL" beginTime="0.710" endTime="2.110"/>
      <word confidence="0.804" wordID="coleman" beginTime="2.110" endTime="2.990"/>
      <word confidence="0.748" wordID="SIL" beginTime="2.990" endTime="3.030"/>
    </wordsequence>
  </speech>
  <speech label="SPK02-002" begintime="3.05" endtime="6.50" >
    <wordsequence>
      <word confidence="0.750" wordID="SIL" beginTime="3.050" endTime="3.070"/>
      <word confidence="0.918" wordID="vindt" beginTime="3.070" endTime="3.290"/>
      <word confidence="1.000" wordID="op" beginTime="3.290" endTime="3.410"/>
      <word confidence="0.948" wordID="verschillende" beginTime="3.410" endTime="3.800"/>
      <word confidence="0.988" wordID="plaatsen" beginTime="3.800" endTime="4.160"/>
      <word confidence="0.938" wordID="in" beginTime="4.160" endTime="4.240"/>
      <word confidence="0.984" wordID="de" beginTime="4.240" endTime="4.310"/>
      <word confidence="0.965" wordID="stad" beginTime="4.310" endTime="4.600"/>
      <word confidence="0.788" wordID="SIL" beginTime="4.600" endTime="4.640"/>
      <word confidence="0.787" wordID="te" beginTime="4.640" endTime="4.700"/>
      <word confidence="0.942" wordID="vinden" beginTime="4.700" endTime="5.260"/>
      <word confidence="1.000" wordID="van" beginTime="5.260" endTime="5.400"/>
      <word confidence="0.946" wordID="de" beginTime="5.400" endTime="5.500"/>
      <word confidence="0.920" wordID="mee" beginTime="5.500" endTime="5.590"/>
      <word confidence="1.000" wordID="onder" beginTime="5.590" endTime="5.790"/>
      <word confidence="0.822" wordID="de" beginTime="5.790" endTime="5.920"/>
      <word confidence="0.733" wordID="SIL" beginTime="5.920" endTime="5.930"/>
      <word confidence="0.998" wordID="duiven" beginTime="5.930" endTime="6.500"/>
    </wordsequence>
  </speech>
  <speech label="SPK02-003" begintime="6.52" endtime="9.98" >
    <wordsequence>
      <word confidence="0.750" wordID="SIL" beginTime="6.520" endTime="6.640"/>
      <word confidence="0.907" wordID="die" beginTime="6.640" endTime="6.780"/>
      <word confidence="1.000" wordID="zich" beginTime="6.780" endTime="6.920"/>
      <word confidence="1.000" wordID="overigens" beginTime="6.920" endTime="7.460"/>
      <word confidence="0.739" wordID="SIL" beginTime="7.460" endTime="7.470"/>
      <word confidence="0.944" wordID="zeer" beginTime="7.470" endTime="7.730"/>
      <word confidence="1.000" wordID="rustig" beginTime="7.730" endTime="8.120"/>
      <word confidence="0.956" wordID="gedragen" beginTime="8.120" endTime="8.590"/>
      <word confidence="1.000" wordID="en" beginTime="8.590" endTime="8.680"/>
      <word confidence="1.000" wordID="varken" beginTime="8.680" endTime="9.020"/>
      <word confidence="0.974" wordID="roman" beginTime="9.020" endTime="9.320"/>
      <word confidence="1.000" wordID="op" beginTime="9.320" endTime="9.430"/>
      <word confidence="1.000" wordID="een" beginTime="9.430" endTime="9.540"/>
      <word confidence="0.945" wordID="dakrand" beginTime="9.540" endTime="9.980"/>
    </wordsequence>
  </speech>
  <speech label="SPK07-004" begintime="10.00" endtime="12.94" >
    <wordsequence>
      <word confidence="0.750" wordID="SIL" beginTime="10.000" endTime="10.010"/>
      <word confidence="0.796" wordID="je" beginTime="10.010" endTime="10.150"/>
      <word confidence="0.749" wordID="SIL" beginTime="10.150" endTime="10.220"/>
      <word confidence="0.814" wordID="doet" beginTime="10.220" endTime="10.680"/>
      <word confidence="0.749" wordID="SIL" beginTime="10.680" endTime="10.790"/>
      <word confidence="0.803" wordID="er" beginTime="10.790" endTime="10.900"/>
      <word confidence="0.749" wordID="SIL" beginTime="10.900" endTime="11.170"/>
      <word confidence="0.846" wordID="ook" beginTime="11.170" endTime="11.270"/>
      <word confidence="0.750" wordID="SIL" beginTime="11.270" endTime="11.550"/>
      <word confidence="0.846" wordID="op" beginTime="11.550" endTime="11.720"/>
      <word confidence="0.749" wordID="SIL" beginTime="11.720" endTime="11.790"/>
      <word confidence="0.994" wordID="een" beginTime="11.790" endTime="11.910"/>
      <word confidence="0.797" wordID="dag" beginTime="11.910" endTime="12.200"/>
      <word confidence="0.749" wordID="SIL" beginTime="12.200" endTime="12.290"/>
      <word confidence="0.807" wordID="later" beginTime="12.290" endTime="12.900"/>
      <word confidence="0.748" wordID="SIL" beginTime="12.900" endTime="12.940"/>
    </wordsequence>
  </speech>
  <speech label="SPK02-005" begintime="12.96" endtime="15.06" >
    <wordsequence>
      <word confidence="0.795" wordID="het" beginTime="12.960" endTime="13.070"/>
      <word confidence="1.000" wordID="zal" beginTime="13.070" endTime="13.230"/>
      <word confidence="0.860" wordID="daarom" beginTime="13.230" endTime="13.510"/>
      <word confidence="0.864" wordID="enige" beginTime="13.510" endTime="13.750"/>
      <word confidence="0.976" wordID="verbazing" beginTime="13.750" endTime="14.260"/>
      <word confidence="0.953" wordID="wekken" beginTime="14.260" endTime="14.520"/>
      <word confidence="0.957" wordID="als" beginTime="14.520" endTime="14.650"/>
      <word confidence="0.697" wordID="SIL" beginTime="14.650" endTime="14.690"/>
      <word confidence="0.847" wordID="het" beginTime="14.690" endTime="14.800"/>
      <word confidence="0.913" wordID="niet" beginTime="14.800" endTime="15.050"/>
      <word confidence="0.709" wordID="SIL" beginTime="15.050" endTime="15.060"/>
    </wordsequence>
  </speech>
  <speech label="SPK02-006" begintime="15.08" endtime="19.46" >
    <wordsequence>
      <word confidence="0.910" wordID="dat" beginTime="15.080" endTime="15.410"/>
      <word confidence="0.974" wordID="ondanks" beginTime="15.410" endTime="15.790"/>
      <word confidence="1.000" wordID="de" beginTime="15.790" endTime="15.880"/>
      <word confidence="0.993" wordID="overlast" beginTime="15.880" endTime="16.450"/>
      <word confidence="0.820" wordID="SIL" beginTime="16.450" endTime="16.460"/>
      <word confidence="0.834" wordID="van" beginTime="16.460" endTime="16.570"/>
      <word confidence="1.000" wordID="gemeenteambtenaren" beginTime="16.570" endTime="17.440"/>
      <word confidence="1.000" wordID="die" beginTime="17.440" endTime="17.710"/>
      <word confidence="0.990" wordID="rol" beginTime="17.710" endTime="17.820"/>
      <word confidence="1.000" wordID="op" beginTime="17.820" endTime="17.900"/>
      <word confidence="1.000" wordID="gezette" beginTime="17.900" endTime="18.240"/>
      <word confidence="0.980" wordID="tijden" beginTime="18.240" endTime="18.530"/>
      <word confidence="1.000" wordID="komt" beginTime="18.530" endTime="18.730"/>
      <word confidence="0.931" wordID="voor" beginTime="18.730" endTime="18.990"/>
      <word confidence="0.914" wordID="een" beginTime="18.990" endTime="19.180"/>
      <word confidence="0.975" wordID="SIL" beginTime="19.180" endTime="19.460"/>
    </wordsequence>
  </speech>
  <speech label="SPK02-007" begintime="19.48" endtime="25.87" >
    <wordsequence>
      <word confidence="0.750" wordID="SIL" beginTime="19.480" endTime="19.920"/>
      <word confidence="0.798" wordID="maar" beginTime="19.920" endTime="20.200"/>
      <word confidence="0.740" wordID="SIL" beginTime="20.200" endTime="20.210"/>
      <word confidence="0.957" wordID="daar" beginTime="20.210" endTime="20.490"/>
      <word confidence="1.000" wordID="zitten" beginTime="20.490" endTime="20.770"/>
      <word confidence="0.949" wordID="ook" beginTime="20.770" endTime="20.880"/>
      <word confidence="1.000" wordID="precies" beginTime="20.880" endTime="21.190"/>
      <word confidence="0.983" wordID="de" beginTime="21.190" endTime="21.300"/>
      <word confidence="0.976" wordID="druk" beginTime="21.300" endTime="21.540"/>
      <word confidence="0.750" wordID="SIL" beginTime="21.540" endTime="22.030"/>
      <word confidence="0.835" wordID="op" beginTime="22.030" endTime="22.160"/>
      <word confidence="0.892" wordID="de" beginTime="22.160" endTime="22.280"/>
      <word confidence="0.742" wordID="SIL" beginTime="22.280" endTime="22.290"/>
      <word confidence="0.972" wordID="eerste" beginTime="22.290" endTime="22.530"/>
      <word confidence="1.000" wordID="iets" beginTime="22.530" endTime="22.690"/>
      <word confidence="1.000" wordID="met" beginTime="22.690" endTime="22.840"/>
      <word confidence="1.000" wordID="die" beginTime="22.840" endTime="22.920"/>
      <word confidence="1.000" wordID="maar" beginTime="22.920" endTime="23.150"/>
      <word confidence="1.000" wordID="is" beginTime="23.150" endTime="23.310"/>
      <word confidence="1.000" wordID="wat" beginTime="23.310" endTime="23.500"/>
      <word confidence="1.000" wordID="ik" beginTime="23.500" endTime="23.590"/>
      <word confidence="1.000" wordID="ben" beginTime="23.590" endTime="23.760"/>
      <word confidence="0.991" wordID="ik" beginTime="23.760" endTime="23.890"/>
      <word confidence="0.732" wordID="SIL" beginTime="23.890" endTime="23.900"/>
      <word confidence="1.000" wordID="niet" beginTime="23.900" endTime="24.070"/>
      <word confidence="1.000" wordID="kunnen" beginTime="24.070" endTime="24.310"/>
      <word confidence="1.000" wordID="zien" beginTime="24.310" endTime="24.590"/>
      <word confidence="0.749" wordID="SIL" beginTime="24.590" endTime="24.810"/>
      <word confidence="0.927" wordID="en" beginTime="24.810" endTime="24.900"/>
      <word confidence="1.000" wordID="die" beginTime="24.900" endTime="24.980"/>
      <word confidence="1.000" wordID="daarvan" beginTime="24.980" endTime="25.300"/>
      <word confidence="1.000" wordID="ook" beginTime="25.300" endTime="25.440"/>
      <word confidence="0.959" wordID="niet" beginTime="25.440" endTime="25.580"/>
      <word confidence="0.749" wordID="SIL" beginTime="25.580" endTime="25.870"/>
    </wordsequence>
  </speech>
  <speech label="SPK02-008" begintime="25.89" endtime="31.71" >
    <wordsequence>
      <word confidence="0.750" wordID="SIL" beginTime="25.890" endTime="26.190"/>
      <word confidence="1.000" wordID="de" beginTime="26.190" endTime="26.260"/>
      <word confidence="1.000" wordID="maris" beginTime="26.260" endTime="26.480"/>
      <word confidence="1.000" wordID="is" beginTime="26.480" endTime="26.570"/>
      <word confidence="1.000" wordID="namelijk" beginTime="26.570" endTime="26.850"/>
      <word confidence="0.980" wordID="geen" beginTime="26.850" endTime="27.000"/>
      <word confidence="0.912" wordID="pretendeert" beginTime="27.000" endTime="27.480"/>
      <word confidence="1.000" wordID="met" beginTime="27.480" endTime="27.610"/>
      <word confidence="1.000" wordID="&apos;t" beginTime="27.610" endTime="27.700"/>
      <word confidence="0.917" wordID="stil" beginTime="27.700" endTime="28.100"/>
      <word confidence="1.000" wordID="maar" beginTime="28.100" endTime="28.270"/>
      <word confidence="0.781" wordID="de" beginTime="28.270" endTime="28.360"/>
      <word confidence="0.948" wordID="preparaten" beginTime="28.360" endTime="28.990"/>
      <word confidence="0.875" wordID="SIL" beginTime="28.990" endTime="29.250"/>
      <word confidence="0.978" wordID="dat" beginTime="29.250" endTime="29.420"/>
      <word confidence="1.000" wordID="namen" beginTime="29.420" endTime="29.640"/>
      <word confidence="0.924" wordID="op" beginTime="29.640" endTime="29.830"/>
      <word confidence="0.749" wordID="SIL" beginTime="29.830" endTime="29.970"/>
      <word confidence="0.948" wordID="de" beginTime="29.970" endTime="30.040"/>
      <word confidence="1.000" wordID="duiven" beginTime="30.040" endTime="30.370"/>
      <word confidence="0.742" wordID="SIL" beginTime="30.370" endTime="30.380"/>
      <word confidence="0.943" wordID="onvruchtbaar" beginTime="30.380" endTime="30.970"/>
      <word confidence="1.000" wordID="zal" beginTime="30.970" endTime="31.120"/>
      <word confidence="0.988" wordID="maken" beginTime="31.120" endTime="31.440"/>
      <word confidence="0.752" wordID="SIL" beginTime="31.440" endTime="31.710"/>
    </wordsequence>
  </speech>
  <speech label="SPK02-009" begintime="31.74" endtime="35.87" >
    <wordsequence>
      <word confidence="0.750" wordID="SIL" beginTime="31.740" endTime="31.900"/>
      <word confidence="0.878" wordID="we" beginTime="31.900" endTime="32.000"/>
      <word confidence="0.942" wordID="zullen" beginTime="32.000" endTime="32.240"/>
      <word confidence="0.686" wordID="SIL" beginTime="32.240" endTime="32.250"/>
      <word confidence="0.917" wordID="wel" beginTime="32.250" endTime="32.550"/>
      <word confidence="1.000" wordID="voor" beginTime="32.550" endTime="32.740"/>
      <word confidence="1.000" wordID="duiven" beginTime="32.740" endTime="33.100"/>
      <word confidence="0.975" wordID="dus" beginTime="33.100" endTime="33.370"/>
      <word confidence="0.750" wordID="SIL" beginTime="33.370" endTime="33.650"/>
      <word confidence="0.948" wordID="gratis" beginTime="33.650" endTime="34.070"/>
      <word confidence="1.000" wordID="ter" beginTime="34.070" endTime="34.210"/>
      <word confidence="1.000" wordID="beschikking" beginTime="34.210" endTime="34.560"/>
      <word confidence="1.000" wordID="gestelde" beginTime="34.560" endTime="34.930"/>
      <word confidence="0.985" wordID="bendriss" beginTime="34.930" endTime="35.420"/>
      <word confidence="1.000" wordID="houden" beginTime="35.420" endTime="35.760"/>
      <word confidence="0.748" wordID="SIL" beginTime="35.760" endTime="35.870"/>
    </wordsequence>
  </speech>
  <speech label="SPK02-010" begintime="35.89" endtime="39.54" >
    <wordsequence>
      <word confidence="0.750" wordID="SIL" beginTime="35.890" endTime="36.110"/>
      <word confidence="0.907" wordID="de" beginTime="36.110" endTime="36.170"/>
      <word confidence="1.000" wordID="nederlandse" beginTime="36.170" endTime="36.550"/>
      <word confidence="1.000" wordID="vereniging" beginTime="36.550" endTime="36.970"/>
      <word confidence="1.000" wordID="voor" beginTime="36.970" endTime="37.100"/>
      <word confidence="1.000" wordID="sir" beginTime="37.100" endTime="37.380"/>
      <word confidence="1.000" wordID="duiken" beginTime="37.380" endTime="37.720"/>
      <word confidence="0.861" wordID="en" beginTime="37.720" endTime="37.810"/>
      <word confidence="0.880" wordID="vormt" beginTime="37.810" endTime="38.590"/>
      <word confidence="0.750" wordID="SIL" beginTime="38.590" endTime="39.080"/>
      <word confidence="0.818" wordID="de" beginTime="39.080" endTime="39.190"/>
      <word confidence="0.750" wordID="SIL" beginTime="39.190" endTime="39.540"/>
    </wordsequence>
  </speech>
  <speech label="SPK02-011" begintime="39.56" endtime="44.77" >
    <wordsequence>
      <word confidence="0.750" wordID="SIL" beginTime="39.560" endTime="39.690"/>
      <word confidence="1.000" wordID="op" beginTime="39.690" endTime="39.840"/>
      <word confidence="0.965" wordID="deze" beginTime="39.840" endTime="40.120"/>
      <word confidence="0.922" wordID="wijze" beginTime="40.120" endTime="40.500"/>
      <word confidence="1.000" wordID="moet" beginTime="40.500" endTime="40.720"/>
      <word confidence="1.000" wordID="aan" beginTime="40.720" endTime="40.830"/>
      <word confidence="1.000" wordID="de" beginTime="40.830" endTime="40.900"/>
      <word confidence="0.979" wordID="bevolkingsexplosie" beginTime="40.900" endTime="41.980"/>
      <word confidence="1.000" wordID="op" beginTime="41.980" endTime="42.130"/>
      <word confidence="1.000" wordID="de" beginTime="42.130" endTime="42.200"/>
      <word confidence="1.000" wordID="dam" beginTime="42.200" endTime="42.490"/>
      <word confidence="0.915" wordID="en" beginTime="42.490" endTime="42.630"/>
      <word confidence="1.000" wordID="elders" beginTime="42.630" endTime="42.910"/>
      <word confidence="1.000" wordID="in" beginTime="42.910" endTime="43.000"/>
      <word confidence="1.000" wordID="de" beginTime="43.000" endTime="43.070"/>
      <word confidence="0.973" wordID="stad" beginTime="43.070" endTime="43.340"/>
      <word confidence="0.744" wordID="SIL" beginTime="43.340" endTime="43.360"/>
      <word confidence="0.944" wordID="een" beginTime="43.360" endTime="43.450"/>
      <word confidence="1.000" wordID="halt" beginTime="43.450" endTime="43.710"/>
      <word confidence="1.000" wordID="worden" beginTime="43.710" endTime="43.920"/>
      <word confidence="0.977" wordID="toegeroepen" beginTime="43.920" endTime="44.420"/>
      <word confidence="0.842" wordID="SIL" beginTime="44.420" endTime="44.770"/>
    </wordsequence>
  </speech>
  <speech label="SPK02-012" begintime="44.80" endtime="48.96" >
    <wordsequence>
      <word confidence="0.750" wordID="SIL" beginTime="44.800" endTime="45.190"/>
      <word confidence="1.000" wordID="over" beginTime="45.190" endTime="45.410"/>
      <word confidence="0.942" wordID="een" beginTime="45.410" endTime="45.470"/>
      <word confidence="0.934" wordID="maand" beginTime="45.470" endTime="45.710"/>
      <word confidence="0.980" wordID="of" beginTime="45.710" endTime="45.820"/>
      <word confidence="1.000" wordID="vijf" beginTime="45.820" endTime="46.170"/>
      <word confidence="0.746" wordID="SIL" beginTime="46.170" endTime="46.200"/>
      <word confidence="0.970" wordID="zomaar" beginTime="46.200" endTime="46.460"/>
      <word confidence="0.936" wordID="kunnen" beginTime="46.460" endTime="46.620"/>
      <word confidence="1.000" wordID="vaststellen" beginTime="46.620" endTime="47.100"/>
      <word confidence="0.973" wordID="of" beginTime="47.100" endTime="47.210"/>
      <word confidence="1.000" wordID="het" beginTime="47.210" endTime="47.290"/>
      <word confidence="0.996" wordID="experiment" beginTime="47.290" endTime="47.810"/>
      <word confidence="1.000" wordID="succes" beginTime="47.810" endTime="48.130"/>
      <word confidence="1.000" wordID="heeft" beginTime="48.130" endTime="48.290"/>
      <word confidence="0.988" wordID="gehad" beginTime="48.290" endTime="48.550"/>
      <word confidence="0.750" wordID="SIL" beginTime="48.550" endTime="48.960"/>
    </wordsequence>
  </speech>
  <speech label="SPK02-013" begintime="48.99" endtime="53.63" >
    <wordsequence>
      <word confidence="0.750" wordID="SIL" beginTime="48.990" endTime="49.260"/>
      <word confidence="1.000" wordID="maar" beginTime="49.260" endTime="49.390"/>
      <word confidence="0.971" wordID="intussen" beginTime="49.390" endTime="49.770"/>
      <word confidence="1.000" wordID="blijven" beginTime="49.770" endTime="50.120"/>
      <word confidence="1.000" wordID="de" beginTime="50.120" endTime="50.240"/>
      <word confidence="0.740" wordID="SIL" beginTime="50.240" endTime="50.250"/>
      <word confidence="1.000" wordID="toeristen" beginTime="50.250" endTime="50.730"/>
      <word confidence="1.000" wordID="de" beginTime="50.730" endTime="50.800"/>
      <word confidence="1.000" wordID="beesten" beginTime="50.800" endTime="51.150"/>
      <word confidence="1.000" wordID="volproppen" beginTime="51.150" endTime="51.600"/>
      <word confidence="1.000" wordID="met" beginTime="51.600" endTime="51.780"/>
      <word confidence="1.000" wordID="voer" beginTime="51.780" endTime="52.110"/>
      <word confidence="0.750" wordID="SIL" beginTime="52.110" endTime="52.450"/>
      <word confidence="1.000" wordID="waar" beginTime="52.450" endTime="52.620"/>
      <word confidence="1.000" wordID="ze" beginTime="52.620" endTime="52.710"/>
      <word confidence="1.000" wordID="juist" beginTime="52.710" endTime="52.980"/>
      <word confidence="0.950" wordID="zoveel" beginTime="52.980" endTime="53.370"/>
      <word confidence="0.747" wordID="SIL" beginTime="53.370" endTime="53.400"/>
      <word confidence="0.974" wordID="waarvan" beginTime="53.400" endTime="53.630"/>
    </wordsequence>
  </speech>
  <speech label="SPK16-014" begintime="53.65" endtime="56.10" >
    <wordsequence>
      <word confidence="0.750" wordID="SIL" beginTime="53.650" endTime="53.670"/>
      <word confidence="0.793" wordID="wordt" beginTime="53.670" endTime="54.180"/>
      <word confidence="0.814" wordID="SIL" beginTime="54.180" endTime="54.410"/>
      <word confidence="0.830" wordID="er" beginTime="54.410" endTime="54.560"/>
      <word confidence="0.752" wordID="SIL" beginTime="54.560" endTime="55.260"/>
      <word confidence="0.851" wordID="een" beginTime="55.260" endTime="55.630"/>
      <word confidence="0.741" wordID="SIL" beginTime="55.630" endTime="55.640"/>
      <word confidence="0.822" wordID="paar" beginTime="55.640" endTime="55.850"/>
      <word confidence="0.747" wordID="SIL" beginTime="55.850" endTime="55.870"/>
      <word confidence="0.816" wordID="dingen" beginTime="55.870" endTime="56.100"/>
    </wordsequence>
  </speech>

  </segments>
</shout_metadata>
