<?xml version="1.0" encoding="UTF-8"?>
<!--
  ##################################################################################################
  ###                      This transcription is automatically generated by                      ###
  ###                              X-MI, Cross-Media interaction                                 ###
  ###                                    http://x-mi.nl                                          ###
  ##################################################################################################
-->
<shout_metadata>
  <model_info>
    <version>Standaard systeem 28-02-2012</version>
    <description>Academia</description>
  </model_info>
  <segments>
  <speech label="SPK01-001" begintime="0.00" endtime="3.32" >
    <wordsequence>
      <word confidence="0.750" wordID="SIL" beginTime="0.000" endTime="0.410"/>
      <word confidence="1.000" wordID="we" beginTime="0.410" endTime="0.530"/>
      <word confidence="0.871" wordID="hebben" beginTime="0.530" endTime="0.830"/>
      <word confidence="0.838" wordID="een" beginTime="0.830" endTime="0.940"/>
      <word confidence="1.000" wordID="van" beginTime="0.940" endTime="1.050"/>
      <word confidence="1.000" wordID="de" beginTime="1.050" endTime="1.130"/>
      <word confidence="0.999" wordID="laten" beginTime="1.130" endTime="1.500"/>
      <word confidence="0.953" wordID="ze" beginTime="1.500" endTime="1.610"/>
      <word confidence="0.975" wordID="rondrennen" beginTime="1.610" endTime="2.110"/>
      <word confidence="1.000" wordID="die" beginTime="2.110" endTime="2.220"/>
      <word confidence="1.000" wordID="man" beginTime="2.220" endTime="2.350"/>
      <word confidence="0.996" wordID="in" beginTime="2.350" endTime="2.510"/>
      <word confidence="1.000" wordID="drommen" beginTime="2.510" endTime="2.750"/>
      <word confidence="0.978" wordID="naar" beginTime="2.750" endTime="2.860"/>
      <word confidence="0.903" wordID="maastricht" beginTime="2.860" endTime="3.320"/>
    </wordsequence>
  </speech>
  <speech label="SPK03-002" begintime="3.34" endtime="4.96" >
    <wordsequence>
      <word confidence="0.876" wordID="eerder" beginTime="3.340" endTime="3.560"/>
      <word confidence="0.866" wordID="terecht" beginTime="3.560" endTime="3.950"/>
      <word confidence="0.926" wordID="dan" beginTime="3.950" endTime="4.130"/>
      <word confidence="1.000" wordID="zou" beginTime="4.130" endTime="4.320"/>
      <word confidence="1.000" wordID="dat" beginTime="4.320" endTime="4.440"/>
      <word confidence="1.000" wordID="dan" beginTime="4.440" endTime="4.530"/>
      <word confidence="0.849" wordID="van" beginTime="4.530" endTime="4.960"/>
    </wordsequence>
  </speech>
  <speech label="SPK03-003" begintime="4.98" endtime="9.05" >
    <wordsequence>
      <word confidence="0.896" wordID="wat" beginTime="4.980" endTime="5.320"/>
      <word confidence="0.558" wordID="SIL" beginTime="5.320" endTime="5.330"/>
      <word confidence="0.920" wordID="is" beginTime="5.330" endTime="5.530"/>
      <word confidence="0.749" wordID="SIL" beginTime="5.530" endTime="5.590"/>
      <word confidence="0.863" wordID="er" beginTime="5.590" endTime="5.720"/>
      <word confidence="1.000" wordID="namelijk" beginTime="5.720" endTime="6.040"/>
      <word confidence="1.000" wordID="dammen" beginTime="6.040" endTime="6.280"/>
      <word confidence="1.000" wordID="in" beginTime="6.280" endTime="6.370"/>
      <word confidence="0.899" wordID="de" beginTime="6.370" endTime="6.430"/>
      <word confidence="0.909" wordID="banken" beginTime="6.430" endTime="6.650"/>
      <word confidence="0.990" wordID="de" beginTime="6.650" endTime="6.730"/>
      <word confidence="1.000" wordID="zomerdienstregeling" beginTime="6.730" endTime="7.530"/>
      <word confidence="0.891" wordID="dat" beginTime="7.530" endTime="7.650"/>
      <word confidence="0.850" wordID="ik" beginTime="7.650" endTime="7.890"/>
      <word confidence="0.733" wordID="SIL" beginTime="7.890" endTime="7.900"/>
      <word confidence="0.821" wordID="niet" beginTime="7.900" endTime="8.030"/>
      <word confidence="1.000" wordID="wat" beginTime="8.030" endTime="8.210"/>
      <word confidence="0.938" wordID="hier" beginTime="8.210" endTime="8.440"/>
      <word confidence="0.728" wordID="SIL" beginTime="8.440" endTime="8.450"/>
      <word confidence="0.940" wordID="gereden" beginTime="8.450" endTime="8.740"/>
      <word confidence="0.656" wordID="SIL" beginTime="8.740" endTime="8.750"/>
      <word confidence="0.954" wordID="worden" beginTime="8.750" endTime="9.050"/>
    </wordsequence>
  </speech>
  <speech label="SPK03-004" begintime="9.07" endtime="12.27" >
    <wordsequence>
      <word confidence="0.750" wordID="SIL" beginTime="9.070" endTime="9.320"/>
      <word confidence="1.000" wordID="en" beginTime="9.320" endTime="9.420"/>
      <word confidence="1.000" wordID="de" beginTime="9.420" endTime="9.490"/>
      <word confidence="0.950" wordID="wilde" beginTime="9.490" endTime="9.750"/>
      <word confidence="1.000" wordID="zien" beginTime="9.750" endTime="9.960"/>
      <word confidence="1.000" wordID="wat" beginTime="9.960" endTime="10.110"/>
      <word confidence="0.903" wordID="er" beginTime="10.110" endTime="10.190"/>
      <word confidence="1.000" wordID="allemaal" beginTime="10.190" endTime="10.440"/>
      <word confidence="1.000" wordID="whitby" beginTime="10.440" endTime="10.760"/>
      <word confidence="0.994" wordID="uitbrander" beginTime="10.760" endTime="11.210"/>
      <word confidence="0.953" wordID="dat" beginTime="11.210" endTime="11.390"/>
      <word confidence="1.000" wordID="op" beginTime="11.390" endTime="11.470"/>
      <word confidence="0.939" wordID="beter" beginTime="11.470" endTime="11.720"/>
      <word confidence="0.740" wordID="SIL" beginTime="11.720" endTime="11.730"/>
      <word confidence="1.000" wordID="weer" beginTime="11.730" endTime="11.880"/>
      <word confidence="0.742" wordID="SIL" beginTime="11.880" endTime="11.890"/>
      <word confidence="0.829" wordID="een" beginTime="11.890" endTime="12.270"/>
    </wordsequence>
  </speech>
  <speech label="SPK03-005" begintime="12.30" endtime="18.86" >
    <wordsequence>
      <word confidence="0.750" wordID="SIL" beginTime="12.300" endTime="12.510"/>
      <word confidence="0.968" wordID="nou" beginTime="12.510" endTime="12.710"/>
      <word confidence="0.937" wordID="dat" beginTime="12.710" endTime="12.850"/>
      <word confidence="0.742" wordID="SIL" beginTime="12.850" endTime="12.860"/>
      <word confidence="0.886" wordID="er" beginTime="12.860" endTime="12.960"/>
      <word confidence="1.000" wordID="weer" beginTime="12.960" endTime="13.220"/>
      <word confidence="0.737" wordID="SIL" beginTime="13.220" endTime="13.230"/>
      <word confidence="0.977" wordID="worden" beginTime="13.230" endTime="13.440"/>
      <word confidence="0.853" wordID="erkend" beginTime="13.440" endTime="13.780"/>
      <word confidence="0.977" wordID="als" beginTime="13.780" endTime="13.880"/>
      <word confidence="1.000" wordID="dieren" beginTime="13.880" endTime="14.120"/>
      <word confidence="0.954" wordID="waarbij" beginTime="14.120" endTime="14.390"/>
      <word confidence="0.680" wordID="SIL" beginTime="14.390" endTime="14.400"/>
      <word confidence="0.818" wordID="we" beginTime="14.400" endTime="14.560"/>
      <word confidence="1.000" wordID="dan" beginTime="14.560" endTime="14.690"/>
      <word confidence="0.918" wordID="aan" beginTime="14.690" endTime="14.760"/>
      <word confidence="1.000" wordID="de" beginTime="14.760" endTime="14.860"/>
      <word confidence="0.985" wordID="macht" beginTime="14.860" endTime="15.190"/>
      <word confidence="0.976" wordID="SIL" beginTime="15.190" endTime="15.370"/>
      <word confidence="0.866" wordID="maar" beginTime="15.370" endTime="15.580"/>
      <word confidence="0.965" wordID="de" beginTime="15.580" endTime="15.660"/>
      <word confidence="0.936" wordID="houten" beginTime="15.660" endTime="15.930"/>
      <word confidence="0.897" wordID="nodig" beginTime="15.930" endTime="16.400"/>
      <word confidence="1.000" wordID="heeft" beginTime="16.400" endTime="16.560"/>
      <word confidence="1.000" wordID="plaatsgemaakt" beginTime="16.560" endTime="17.070"/>
      <word confidence="0.884" wordID="SIL" beginTime="17.070" endTime="17.090"/>
      <word confidence="0.785" wordID="voor" beginTime="17.090" endTime="17.200"/>
      <word confidence="0.966" wordID="een" beginTime="17.200" endTime="17.260"/>
      <word confidence="0.935" wordID="definitieve" beginTime="17.260" endTime="17.810"/>
      <word confidence="0.960" wordID="staalconstructie" beginTime="17.810" endTime="18.650"/>
      <word confidence="0.882" wordID="SIL" beginTime="18.650" endTime="18.860"/>
    </wordsequence>
  </speech>
  <speech label="SPK03-006" begintime="18.89" endtime="20.27" >
    <wordsequence>
      <word confidence="0.750" wordID="SIL" beginTime="18.890" endTime="19.540"/>
      <word confidence="0.997" wordID="westerse" beginTime="19.540" endTime="20.030"/>
      <word confidence="0.748" wordID="SIL" beginTime="20.030" endTime="20.090"/>
      <word confidence="0.975" wordID="waarden" beginTime="20.090" endTime="20.270"/>
    </wordsequence>
  </speech>
  <speech label="SPK10-007" begintime="20.29" endtime="22.76" >
    <wordsequence>
      <word confidence="0.750" wordID="SIL" beginTime="20.290" endTime="20.310"/>
      <word confidence="0.769" wordID="de" beginTime="20.310" endTime="20.390"/>
      <word confidence="0.683" wordID="SIL" beginTime="20.390" endTime="20.400"/>
      <word confidence="0.855" wordID="tweede" beginTime="20.400" endTime="20.620"/>
      <word confidence="0.947" wordID="alblasserwaard" beginTime="20.620" endTime="21.180"/>
      <word confidence="0.807" wordID="willen" beginTime="21.180" endTime="21.580"/>
      <word confidence="0.881" wordID="SIL" beginTime="21.580" endTime="21.630"/>
      <word confidence="0.883" wordID="zien" beginTime="21.630" endTime="21.960"/>
      <word confidence="0.803" wordID="SIL" beginTime="21.960" endTime="22.590"/>
      <word confidence="0.845" wordID="als" beginTime="22.590" endTime="22.750"/>
      <word confidence="0.745" wordID="SIL" beginTime="22.750" endTime="22.760"/>
    </wordsequence>
  </speech>
  <speech label="SPK03-008" begintime="22.78" endtime="25.65" >
    <wordsequence>
      <word confidence="0.750" wordID="SIL" beginTime="22.780" endTime="22.790"/>
      <word confidence="0.707" wordID="maar" beginTime="22.790" endTime="22.910"/>
      <word confidence="0.889" wordID="SIL" beginTime="22.910" endTime="22.920"/>
      <word confidence="1.000" wordID="wat" beginTime="22.920" endTime="23.020"/>
      <word confidence="1.000" wordID="punten" beginTime="23.020" endTime="23.410"/>
      <word confidence="0.780" wordID="SIL" beginTime="23.410" endTime="23.530"/>
      <word confidence="0.954" wordID="hebben" beginTime="23.530" endTime="23.730"/>
      <word confidence="0.928" wordID="hier" beginTime="23.730" endTime="23.970"/>
      <word confidence="0.799" wordID="SIL" beginTime="23.970" endTime="23.980"/>
      <word confidence="0.984" wordID="vijf" beginTime="23.980" endTime="24.190"/>
      <word confidence="0.813" wordID="SIL" beginTime="24.190" endTime="24.200"/>
      <word confidence="0.880" wordID="en" beginTime="24.200" endTime="24.270"/>
      <word confidence="0.888" wordID="twintig" beginTime="24.270" endTime="24.580"/>
      <word confidence="0.815" wordID="SIL" beginTime="24.580" endTime="24.590"/>
      <word confidence="0.990" wordID="overledenen" beginTime="24.590" endTime="25.190"/>
      <word confidence="1.000" wordID="als" beginTime="25.190" endTime="25.340"/>
      <word confidence="0.638" wordID="SIL" beginTime="25.340" endTime="25.350"/>
      <word confidence="0.958" wordID="vandaar" beginTime="25.350" endTime="25.650"/>
    </wordsequence>
  </speech>
  <speech label="SPK12-009" begintime="25.67" endtime="29.01" >
    <wordsequence>
      <word confidence="0.750" wordID="SIL" beginTime="25.670" endTime="26.140"/>
      <word confidence="0.767" wordID="het" beginTime="26.140" endTime="26.580"/>
      <word confidence="0.749" wordID="SIL" beginTime="26.580" endTime="26.800"/>
      <word confidence="0.769" wordID="runnen" beginTime="26.800" endTime="28.100"/>
      <word confidence="0.695" wordID="SIL" beginTime="28.100" endTime="28.130"/>
      <word confidence="0.765" wordID="van" beginTime="28.130" endTime="28.600"/>
      <word confidence="0.813" wordID="SIL" beginTime="28.600" endTime="28.700"/>
      <word confidence="0.738" wordID="een" beginTime="28.700" endTime="29.000"/>
      <word confidence="0.747" wordID="SIL" beginTime="29.000" endTime="29.010"/>
    </wordsequence>
  </speech>
  <speech label="SPK13-010" begintime="29.03" endtime="32.71" >
    <wordsequence>
      <word confidence="0.700" wordID="SIL" beginTime="29.030" endTime="29.120"/>
      <word confidence="0.834" wordID="een" beginTime="29.120" endTime="29.520"/>
      <word confidence="0.762" wordID="SIL" beginTime="29.520" endTime="29.570"/>
      <word confidence="0.787" wordID="een" beginTime="29.570" endTime="29.940"/>
      <word confidence="0.772" wordID="SIL" beginTime="29.940" endTime="30.260"/>
      <word confidence="0.761" wordID="een" beginTime="30.260" endTime="30.640"/>
      <word confidence="0.770" wordID="een" beginTime="30.640" endTime="30.720"/>
      <word confidence="0.758" wordID="SIL" beginTime="30.720" endTime="31.230"/>
      <word confidence="0.743" wordID="een" beginTime="31.230" endTime="31.420"/>
      <word confidence="0.757" wordID="SIL" beginTime="31.420" endTime="31.980"/>
      <word confidence="0.797" wordID="een" beginTime="31.980" endTime="32.280"/>
      <word confidence="0.837" wordID="SIL" beginTime="32.280" endTime="32.710"/>
    </wordsequence>
  </speech>
  <speech label="SPK03-011" begintime="32.73" endtime="35.01" >
    <wordsequence>
      <word confidence="0.922" wordID="maar" beginTime="32.730" endTime="32.940"/>
      <word confidence="0.917" wordID="SIL" beginTime="32.940" endTime="32.950"/>
      <word confidence="0.966" wordID="zouden" beginTime="32.950" endTime="33.320"/>
      <word confidence="1.000" wordID="en" beginTime="33.320" endTime="33.430"/>
      <word confidence="0.889" wordID="dat" beginTime="33.430" endTime="33.600"/>
      <word confidence="1.000" wordID="er" beginTime="33.600" endTime="33.730"/>
      <word confidence="1.000" wordID="andere" beginTime="33.730" endTime="34.090"/>
      <word confidence="0.807" wordID="SIL" beginTime="34.090" endTime="34.120"/>
      <word confidence="0.985" wordID="de" beginTime="34.120" endTime="34.190"/>
      <word confidence="1.000" wordID="laatste" beginTime="34.190" endTime="34.500"/>
      <word confidence="1.000" wordID="hand" beginTime="34.500" endTime="34.690"/>
      <word confidence="0.921" wordID="gelegd" beginTime="34.690" endTime="35.010"/>
    </wordsequence>
  </speech>
  <speech label="SPK03-012" begintime="35.03" endtime="39.08" >
    <wordsequence>
      <word confidence="0.750" wordID="SIL" beginTime="35.030" endTime="35.040"/>
      <word confidence="0.937" wordID="aan" beginTime="35.040" endTime="35.200"/>
      <word confidence="0.947" wordID="de" beginTime="35.200" endTime="35.270"/>
      <word confidence="1.000" wordID="wederopbouw" beginTime="35.270" endTime="35.720"/>
      <word confidence="1.000" wordID="van" beginTime="35.720" endTime="35.840"/>
      <word confidence="0.892" wordID="het" beginTime="35.840" endTime="35.910"/>
      <word confidence="0.957" wordID="SIL" beginTime="35.910" endTime="35.930"/>
      <word confidence="1.000" wordID="station" beginTime="35.930" endTime="36.410"/>
      <word confidence="1.000" wordID="dat" beginTime="36.410" endTime="36.550"/>
      <word confidence="0.949" wordID="in" beginTime="36.550" endTime="36.640"/>
      <word confidence="1.000" wordID="negentien" beginTime="36.640" endTime="36.950"/>
      <word confidence="0.735" wordID="SIL" beginTime="36.950" endTime="36.960"/>
      <word confidence="1.000" wordID="tweeënveertig" beginTime="36.960" endTime="37.540"/>
      <word confidence="1.000" wordID="dom" beginTime="37.540" endTime="37.750"/>
      <word confidence="1.000" wordID="bombardement" beginTime="37.750" endTime="38.250"/>
      <word confidence="1.000" wordID="van" beginTime="38.250" endTime="38.410"/>
      <word confidence="0.994" wordID="ons" beginTime="38.410" endTime="38.540"/>
      <word confidence="0.992" wordID="per" beginTime="38.540" endTime="38.760"/>
      <word confidence="0.749" wordID="SIL" beginTime="38.760" endTime="39.080"/>
    </wordsequence>
  </speech>
  <speech label="SPK09-013" begintime="39.11" endtime="42.27" >
    <wordsequence>
      <word confidence="0.750" wordID="SIL" beginTime="39.110" endTime="39.250"/>
      <word confidence="0.762" wordID="ja" beginTime="39.250" endTime="39.970"/>
      <word confidence="0.807" wordID="SIL" beginTime="39.970" endTime="39.980"/>
      <word confidence="0.799" wordID="ja" beginTime="39.980" endTime="40.360"/>
      <word confidence="0.711" wordID="SIL" beginTime="40.360" endTime="40.370"/>
      <word confidence="0.739" wordID="ja" beginTime="40.370" endTime="42.160"/>
      <word confidence="0.790" wordID="SIL" beginTime="42.160" endTime="42.270"/>
    </wordsequence>
  </speech>
  <speech label="SPK03-014" begintime="42.29" endtime="44.83" >
    <wordsequence>
      <word confidence="0.750" wordID="SIL" beginTime="42.290" endTime="42.310"/>
      <word confidence="0.904" wordID="ook" beginTime="42.310" endTime="42.490"/>
      <word confidence="0.856" wordID="hebben" beginTime="42.490" endTime="42.810"/>
      <word confidence="1.000" wordID="beurs" beginTime="42.810" endTime="43.140"/>
      <word confidence="1.000" wordID="want" beginTime="43.140" endTime="43.330"/>
      <word confidence="1.000" wordID="die" beginTime="43.330" endTime="43.480"/>
      <word confidence="0.795" wordID="SIL" beginTime="43.480" endTime="43.490"/>
      <word confidence="0.819" wordID="de" beginTime="43.490" endTime="43.580"/>
      <word confidence="1.000" wordID="kantoorpanden" beginTime="43.580" endTime="44.220"/>
      <word confidence="0.940" wordID="bekende" beginTime="44.220" endTime="44.550"/>
      <word confidence="1.000" wordID="waard" beginTime="44.550" endTime="44.830"/>
    </wordsequence>
  </speech>
  <speech label="SPK04-015" begintime="44.85" endtime="47.42" >
    <wordsequence>
      <word confidence="0.782" wordID="ik" beginTime="44.850" endTime="45.280"/>
      <word confidence="0.750" wordID="SIL" beginTime="45.280" endTime="45.660"/>
      <word confidence="0.797" wordID="kan" beginTime="45.660" endTime="45.930"/>
      <word confidence="0.749" wordID="SIL" beginTime="45.930" endTime="46.060"/>
      <word confidence="0.784" wordID="genieten" beginTime="46.060" endTime="47.390"/>
      <word confidence="0.747" wordID="SIL" beginTime="47.390" endTime="47.420"/>
    </wordsequence>
  </speech>
  <speech label="SPK05-016" begintime="47.44" endtime="50.21" >
    <wordsequence>
      <word confidence="0.753" wordID="ja" beginTime="47.440" endTime="50.210"/>
    </wordsequence>
  </speech>
  <speech label="SPK03-017" begintime="50.23" endtime="55.65" >
    <wordsequence>
      <word confidence="0.934" wordID="op" beginTime="50.230" endTime="50.360"/>
      <word confidence="1.000" wordID="SIL" beginTime="50.360" endTime="50.370"/>
      <word confidence="0.970" wordID="verschillende" beginTime="50.370" endTime="50.800"/>
      <word confidence="0.746" wordID="SIL" beginTime="50.800" endTime="50.810"/>
      <word confidence="0.962" wordID="stations" beginTime="50.810" endTime="51.270"/>
      <word confidence="0.883" wordID="SIL" beginTime="51.270" endTime="51.280"/>
      <word confidence="1.000" wordID="weken" beginTime="51.280" endTime="51.510"/>
      <word confidence="1.000" wordID="noodzakelijke" beginTime="51.510" endTime="52.100"/>
      <word confidence="0.901" wordID="perrons" beginTime="52.100" endTime="52.460"/>
      <word confidence="1.000" wordID="te" beginTime="52.460" endTime="52.570"/>
      <word confidence="0.964" wordID="verhogen" beginTime="52.570" endTime="53.040"/>
      <word confidence="1.000" wordID="SIL" beginTime="53.040" endTime="53.240"/>
      <word confidence="0.984" wordID="zodat" beginTime="53.240" endTime="53.460"/>
      <word confidence="1.000" wordID="de" beginTime="53.460" endTime="53.530"/>
      <word confidence="0.907" wordID="ingangen" beginTime="53.530" endTime="53.880"/>
      <word confidence="0.761" wordID="SIL" beginTime="53.880" endTime="53.890"/>
      <word confidence="0.901" wordID="elektrische" beginTime="53.890" endTime="54.440"/>
      <word confidence="0.988" wordID="treden" beginTime="54.440" endTime="54.750"/>
      <word confidence="1.000" wordID="hoger" beginTime="54.750" endTime="55.070"/>
      <word confidence="1.000" wordID="liggen" beginTime="55.070" endTime="55.430"/>
      <word confidence="0.811" wordID="SIL" beginTime="55.430" endTime="55.650"/>
    </wordsequence>
  </speech>
  <speech label="SPK09-018" begintime="55.67" endtime="59.49" >
    <wordsequence>
      <word confidence="0.738" wordID="wat" beginTime="55.670" endTime="56.250"/>
      <word confidence="0.746" wordID="SIL" beginTime="56.250" endTime="56.280"/>
      <word confidence="0.764" wordID="wel" beginTime="56.280" endTime="56.890"/>
      <word confidence="0.940" wordID="SIL" beginTime="56.890" endTime="56.930"/>
      <word confidence="0.790" wordID="en" beginTime="56.930" endTime="57.120"/>
      <word confidence="0.784" wordID="SIL" beginTime="57.120" endTime="57.320"/>
      <word confidence="0.740" wordID="wat" beginTime="57.320" endTime="57.580"/>
      <word confidence="0.729" wordID="SIL" beginTime="57.580" endTime="57.730"/>
      <word confidence="0.743" wordID="is" beginTime="57.730" endTime="58.170"/>
      <word confidence="0.755" wordID="SIL" beginTime="58.170" endTime="58.540"/>
      <word confidence="0.728" wordID="er" beginTime="58.540" endTime="59.360"/>
      <word confidence="0.828" wordID="SIL" beginTime="59.360" endTime="59.390"/>
      <word confidence="0.801" wordID="een" beginTime="59.390" endTime="59.490"/>
    </wordsequence>
  </speech>
  <speech label="SPK03-019" begintime="59.51" endtime="62.63" >
    <wordsequence>
      <word confidence="0.805" wordID="op" beginTime="59.510" endTime="59.590"/>
      <word confidence="0.821" wordID="SIL" beginTime="59.590" endTime="59.610"/>
      <word confidence="0.838" wordID="zeven" beginTime="59.610" endTime="59.960"/>
      <word confidence="1.000" wordID="plaatsen" beginTime="59.960" endTime="60.310"/>
      <word confidence="1.000" wordID="langs" beginTime="60.310" endTime="60.480"/>
      <word confidence="0.906" wordID="de" beginTime="60.480" endTime="60.580"/>
      <word confidence="0.679" wordID="SIL" beginTime="60.580" endTime="60.590"/>
      <word confidence="0.973" wordID="bijna" beginTime="60.590" endTime="60.800"/>
      <word confidence="1.000" wordID="was" beginTime="60.800" endTime="60.980"/>
      <word confidence="0.922" wordID="te" beginTime="60.980" endTime="61.060"/>
      <word confidence="0.927" wordID="licht" beginTime="61.060" endTime="61.330"/>
      <word confidence="0.988" wordID="SIL" beginTime="61.330" endTime="61.370"/>
      <word confidence="0.983" wordID="werden" beginTime="61.370" endTime="61.600"/>
      <word confidence="1.000" wordID="omdat" beginTime="61.600" endTime="61.850"/>
      <word confidence="0.987" wordID="stationsgebouw" beginTime="61.850" endTime="62.480"/>
      <word confidence="0.886" wordID="SIL" beginTime="62.480" endTime="62.630"/>
    </wordsequence>
  </speech>
  <speech label="SPK03-020" begintime="62.65" endtime="66.77" >
    <wordsequence>
      <word confidence="0.750" wordID="SIL" beginTime="62.650" endTime="62.790"/>
      <word confidence="1.000" wordID="maar" beginTime="62.790" endTime="62.940"/>
      <word confidence="0.939" wordID="de" beginTime="62.940" endTime="63.020"/>
      <word confidence="0.906" wordID="beste" beginTime="63.020" endTime="63.260"/>
      <word confidence="0.742" wordID="SIL" beginTime="63.260" endTime="63.270"/>
      <word confidence="0.950" wordID="stroom" beginTime="63.270" endTime="63.570"/>
      <word confidence="0.950" wordID="van" beginTime="63.570" endTime="63.690"/>
      <word confidence="0.978" wordID="tienduizend" beginTime="63.690" endTime="64.150"/>
      <word confidence="0.737" wordID="SIL" beginTime="64.150" endTime="64.160"/>
      <word confidence="1.000" wordID="pond" beginTime="64.160" endTime="64.450"/>
      <word confidence="0.745" wordID="SIL" beginTime="64.450" endTime="64.470"/>
      <word confidence="1.000" wordID="zal" beginTime="64.470" endTime="64.650"/>
      <word confidence="1.000" wordID="worden" beginTime="64.650" endTime="64.880"/>
      <word confidence="0.981" wordID="omgezet" beginTime="64.880" endTime="65.270"/>
      <word confidence="1.000" wordID="in" beginTime="65.270" endTime="65.380"/>
      <word confidence="0.979" wordID="vele" beginTime="65.380" endTime="65.530"/>
      <word confidence="1.000" wordID="ex-topman" beginTime="65.530" endTime="66.060"/>
      <word confidence="1.000" wordID="pectine" beginTime="66.060" endTime="66.500"/>
      <word confidence="1.000" wordID="lopen" beginTime="66.500" endTime="66.770"/>
    </wordsequence>
  </speech>
  <speech label="SPK13-021" begintime="66.79" endtime="69.85" >
    <wordsequence>
      <word confidence="0.750" wordID="SIL" beginTime="66.790" endTime="68.840"/>
      <word confidence="0.812" wordID="ik" beginTime="68.840" endTime="69.020"/>
      <word confidence="0.744" wordID="SIL" beginTime="69.020" endTime="69.030"/>
      <word confidence="0.882" wordID="kan" beginTime="69.030" endTime="69.260"/>
      <word confidence="0.743" wordID="SIL" beginTime="69.260" endTime="69.270"/>
      <word confidence="0.846" wordID="ook" beginTime="69.270" endTime="69.420"/>
      <word confidence="0.803" wordID="niet" beginTime="69.420" endTime="69.580"/>
      <word confidence="0.836" wordID="ik" beginTime="69.580" endTime="69.850"/>
    </wordsequence>
  </speech>
  <speech label="SPK03-022" begintime="69.87" endtime="73.88" >
    <wordsequence>
      <word confidence="0.750" wordID="SIL" beginTime="69.870" endTime="69.880"/>
      <word confidence="1.000" wordID="regeling" beginTime="69.880" endTime="70.250"/>
      <word confidence="1.000" wordID="zou" beginTime="70.250" endTime="70.360"/>
      <word confidence="1.000" wordID="maastricht" beginTime="70.360" endTime="70.830"/>
      <word confidence="1.000" wordID="op" beginTime="70.830" endTime="70.980"/>
      <word confidence="0.929" wordID="het" beginTime="70.980" endTime="71.070"/>
      <word confidence="0.766" wordID="SIL" beginTime="71.070" endTime="71.140"/>
      <word confidence="0.982" wordID="anderhalf" beginTime="71.140" endTime="71.620"/>
      <word confidence="0.916" wordID="uur" beginTime="71.620" endTime="71.740"/>
      <word confidence="0.724" wordID="SIL" beginTime="71.740" endTime="71.750"/>
      <word confidence="0.960" wordID="dichter" beginTime="71.750" endTime="72.080"/>
      <word confidence="0.859" wordID="bij" beginTime="72.080" endTime="72.170"/>
      <word confidence="0.926" wordID="het" beginTime="72.170" endTime="72.290"/>
      <word confidence="1.000" wordID="beste" beginTime="72.290" endTime="72.580"/>
      <word confidence="1.000" wordID="tegenkomen" beginTime="72.580" endTime="73.180"/>
      <word confidence="0.903" wordID="SIL" beginTime="73.180" endTime="73.440"/>
      <word confidence="0.827" wordID="een" beginTime="73.440" endTime="73.880"/>
    </wordsequence>
  </speech>
  <speech label="SPK16-023" begintime="73.90" endtime="77.29" >
    <wordsequence>
      <word confidence="0.750" wordID="SIL" beginTime="73.900" endTime="73.920"/>
      <word confidence="0.756" wordID="ja" beginTime="73.920" endTime="76.680"/>
      <word confidence="0.814" wordID="SIL" beginTime="76.680" endTime="76.760"/>
      <word confidence="0.769" wordID="ik" beginTime="76.760" endTime="77.290"/>
    </wordsequence>
  </speech>

  </segments>
</shout_metadata>
