<?xml version="1.0" encoding="UTF-8"?>
<!--
  ##################################################################################################
  ###                      This transcription is automatically generated by                      ###
  ###                              X-MI, Cross-Media interaction                                 ###
  ###                                    http://x-mi.nl                                          ###
  ##################################################################################################
-->
<shout_metadata>
  <model_info>
    <version>Standaard systeem 28-02-2012</version>
    <description>Academia</description>
  </model_info>
  <segments>
  <speech label="SPK06-001" begintime="0.35" endtime="5.30" >
    <wordsequence>
      <word confidence="0.750" wordID="SIL" beginTime="0.350" endTime="0.780"/>
      <word confidence="0.971" wordID="de" beginTime="0.780" endTime="0.940"/>
      <word confidence="0.983" wordID="eerste" beginTime="0.940" endTime="1.290"/>
      <word confidence="0.956" wordID="nederlandse" beginTime="1.290" endTime="1.830"/>
      <word confidence="1.000" wordID="oliespoor" beginTime="1.830" endTime="2.330"/>
      <word confidence="0.953" wordID="weg" beginTime="2.330" endTime="2.570"/>
      <word confidence="0.748" wordID="SIL" beginTime="2.570" endTime="2.680"/>
      <word confidence="1.000" wordID="van" beginTime="2.680" endTime="2.870"/>
      <word confidence="0.890" wordID="alles" beginTime="2.870" endTime="3.150"/>
      <word confidence="0.910" wordID="voor" beginTime="3.150" endTime="3.360"/>
      <word confidence="0.871" wordID="een" beginTime="3.360" endTime="3.420"/>
      <word confidence="1.000" wordID="week" beginTime="3.420" endTime="3.620"/>
      <word confidence="1.000" wordID="naar" beginTime="3.620" endTime="3.740"/>
      <word confidence="1.000" wordID="new" beginTime="3.740" endTime="3.900"/>
      <word confidence="1.000" wordID="amsterdam" beginTime="3.900" endTime="4.430"/>
      <word confidence="1.000" wordID="dit" beginTime="4.430" endTime="4.570"/>
      <word confidence="0.995" wordID="in" beginTime="4.570" endTime="4.670"/>
      <word confidence="0.984" wordID="gebruik" beginTime="4.670" endTime="4.980"/>
      <word confidence="0.743" wordID="SIL" beginTime="4.980" endTime="5.000"/>
      <word confidence="1.000" wordID="genomen" beginTime="5.000" endTime="5.300"/>
    </wordsequence>
  </speech>
  <speech label="SPK03-002" begintime="5.32" endtime="7.79" >
    <wordsequence>
      <word confidence="0.725" wordID="SIL" beginTime="5.320" endTime="5.730"/>
      <word confidence="0.783" wordID="ja" beginTime="5.730" endTime="7.310"/>
      <word confidence="0.744" wordID="SIL" beginTime="7.310" endTime="7.320"/>
      <word confidence="0.841" wordID="en" beginTime="7.320" endTime="7.560"/>
      <word confidence="0.769" wordID="SIL" beginTime="7.560" endTime="7.600"/>
      <word confidence="0.797" wordID="het" beginTime="7.600" endTime="7.790"/>
    </wordsequence>
  </speech>
  <speech label="SPK06-003" begintime="7.81" endtime="10.04" >
    <wordsequence>
      <word confidence="0.916" wordID="de" beginTime="7.810" endTime="7.930"/>
      <word confidence="0.958" wordID="olie" beginTime="7.930" endTime="8.260"/>
      <word confidence="1.000" wordID="die" beginTime="8.260" endTime="8.400"/>
      <word confidence="0.892" wordID="in" beginTime="8.400" endTime="8.540"/>
      <word confidence="0.890" wordID="het" beginTime="8.540" endTime="8.600"/>
      <word confidence="0.934" wordID="daardoor" beginTime="8.600" endTime="8.990"/>
      <word confidence="0.714" wordID="SIL" beginTime="8.990" endTime="9.000"/>
      <word confidence="0.943" wordID="laten" beginTime="9.000" endTime="9.380"/>
      <word confidence="1.000" wordID="gewonnen" beginTime="9.380" endTime="9.710"/>
      <word confidence="0.971" wordID="maar" beginTime="9.710" endTime="9.940"/>
      <word confidence="0.982" wordID="SIL" beginTime="9.940" endTime="10.040"/>
    </wordsequence>
  </speech>
  <speech label="SPK06-004" begintime="10.07" endtime="13.33" >
    <wordsequence>
      <word confidence="0.750" wordID="SIL" beginTime="10.070" endTime="10.220"/>
      <word confidence="1.000" wordID="gaat" beginTime="10.220" endTime="10.380"/>
      <word confidence="1.000" wordID="openlijker" beginTime="10.380" endTime="10.890"/>
      <word confidence="0.736" wordID="SIL" beginTime="10.890" endTime="10.910"/>
      <word confidence="1.000" wordID="per" beginTime="10.910" endTime="11.110"/>
      <word confidence="1.000" wordID="auto" beginTime="11.110" endTime="11.420"/>
      <word confidence="0.926" wordID="op" beginTime="11.420" endTime="11.540"/>
      <word confidence="0.749" wordID="SIL" beginTime="11.540" endTime="11.590"/>
      <word confidence="0.901" wordID="weg" beginTime="11.590" endTime="11.770"/>
      <word confidence="0.961" wordID="naar" beginTime="11.770" endTime="11.900"/>
      <word confidence="0.950" wordID="de" beginTime="11.900" endTime="11.960"/>
      <word confidence="1.000" wordID="raffinaderijen" beginTime="11.960" endTime="12.600"/>
      <word confidence="1.000" wordID="werd" beginTime="12.600" endTime="12.780"/>
      <word confidence="0.953" wordID="bevonden" beginTime="12.780" endTime="13.330"/>
    </wordsequence>
  </speech>
  <speech label="SPK06-005" begintime="13.36" endtime="17.02" >
    <wordsequence>
      <word confidence="0.750" wordID="SIL" beginTime="13.360" endTime="13.580"/>
      <word confidence="0.993" wordID="konden" beginTime="13.580" endTime="13.870"/>
      <word confidence="0.830" wordID="de" beginTime="13.870" endTime="14.000"/>
      <word confidence="0.742" wordID="SIL" beginTime="14.000" endTime="14.010"/>
      <word confidence="0.973" wordID="opera" beginTime="14.010" endTime="14.440"/>
      <word confidence="1.000" wordID="houdt" beginTime="14.440" endTime="14.650"/>
      <word confidence="1.000" wordID="schoonebeek" beginTime="14.650" endTime="15.130"/>
      <word confidence="0.749" wordID="SIL" beginTime="15.130" endTime="15.420"/>
      <word confidence="1.000" wordID="waren" beginTime="15.420" endTime="15.620"/>
      <word confidence="0.971" wordID="vitello" beginTime="15.620" endTime="16.180"/>
      <word confidence="1.000" wordID="verlaat" beginTime="16.180" endTime="16.460"/>
      <word confidence="1.000" wordID="appartementen" beginTime="16.460" endTime="17.020"/>
    </wordsequence>
  </speech>
  <speech label="SPK08-006" begintime="17.04" endtime="19.54" >
    <wordsequence>
      <word confidence="0.748" wordID="SIL" beginTime="17.040" endTime="17.080"/>
      <word confidence="0.800" wordID="je" beginTime="17.080" endTime="17.480"/>
      <word confidence="0.778" wordID="SIL" beginTime="17.480" endTime="17.950"/>
      <word confidence="0.836" wordID="moet" beginTime="17.950" endTime="18.140"/>
      <word confidence="0.748" wordID="SIL" beginTime="18.140" endTime="18.180"/>
      <word confidence="0.812" wordID="dan" beginTime="18.180" endTime="18.440"/>
      <word confidence="0.746" wordID="SIL" beginTime="18.440" endTime="18.460"/>
      <word confidence="0.821" wordID="een" beginTime="18.460" endTime="18.670"/>
      <word confidence="0.741" wordID="SIL" beginTime="18.670" endTime="18.680"/>
      <word confidence="0.783" wordID="normale" beginTime="18.680" endTime="19.540"/>
    </wordsequence>
  </speech>
  <speech label="SPK10-007" begintime="19.56" endtime="24.32" >
    <wordsequence>
      <word confidence="0.730" wordID="SIL" beginTime="19.560" endTime="19.690"/>
      <word confidence="0.762" wordID="ja" beginTime="19.690" endTime="20.980"/>
      <word confidence="0.812" wordID="SIL" beginTime="20.980" endTime="21.120"/>
      <word confidence="0.752" wordID="ja" beginTime="21.120" endTime="21.960"/>
      <word confidence="0.795" wordID="SIL" beginTime="21.960" endTime="21.980"/>
      <word confidence="0.764" wordID="ja" beginTime="21.980" endTime="22.930"/>
      <word confidence="0.813" wordID="SIL" beginTime="22.930" endTime="22.970"/>
      <word confidence="0.740" wordID="ja" beginTime="22.970" endTime="23.520"/>
      <word confidence="0.720" wordID="SIL" beginTime="23.520" endTime="23.530"/>
      <word confidence="0.767" wordID="ja" beginTime="23.530" endTime="24.300"/>
      <word confidence="0.799" wordID="SIL" beginTime="24.300" endTime="24.320"/>
    </wordsequence>
  </speech>
  <speech label="SPK06-008" begintime="24.34" endtime="27.13" >
    <wordsequence>
      <word confidence="0.750" wordID="SIL" beginTime="24.340" endTime="24.580"/>
      <word confidence="1.000" wordID="ian" beginTime="24.580" endTime="24.820"/>
      <word confidence="0.980" wordID="martin" beginTime="24.820" endTime="25.270"/>
      <word confidence="1.000" wordID="de" beginTime="25.270" endTime="25.360"/>
      <word confidence="0.996" wordID="tankwagens" beginTime="25.360" endTime="25.980"/>
      <word confidence="0.694" wordID="SIL" beginTime="25.980" endTime="25.990"/>
      <word confidence="0.999" wordID="op" beginTime="25.990" endTime="26.130"/>
      <word confidence="1.000" wordID="om" beginTime="26.130" endTime="26.350"/>
      <word confidence="0.749" wordID="SIL" beginTime="26.350" endTime="26.560"/>
      <word confidence="0.792" wordID="een" beginTime="26.560" endTime="27.120"/>
      <word confidence="0.735" wordID="SIL" beginTime="27.120" endTime="27.130"/>
    </wordsequence>
  </speech>
  <speech label="SPK14-009" begintime="27.15" endtime="30.91" >
    <wordsequence>
      <word confidence="0.683" wordID="SIL" beginTime="27.150" endTime="27.190"/>
      <word confidence="0.764" wordID="ja" beginTime="27.190" endTime="30.870"/>
      <word confidence="0.794" wordID="SIL" beginTime="30.870" endTime="30.910"/>
    </wordsequence>
  </speech>
  <speech label="SPK15-010" begintime="30.93" endtime="34.03" >
    <wordsequence>
      <word confidence="0.707" wordID="SIL" beginTime="30.930" endTime="30.980"/>
      <word confidence="0.793" wordID="ja" beginTime="30.980" endTime="31.420"/>
      <word confidence="0.687" wordID="SIL" beginTime="31.420" endTime="31.440"/>
      <word confidence="0.761" wordID="ja" beginTime="31.440" endTime="33.030"/>
      <word confidence="0.700" wordID="SIL" beginTime="33.030" endTime="33.040"/>
      <word confidence="0.748" wordID="ja" beginTime="33.040" endTime="34.030"/>
    </wordsequence>
  </speech>
  <speech label="SPK15-011" begintime="34.05" endtime="39.52" >
    <wordsequence>
      <word confidence="0.755" wordID="ja" beginTime="34.050" endTime="36.120"/>
      <word confidence="0.720" wordID="SIL" beginTime="36.120" endTime="36.140"/>
      <word confidence="0.757" wordID="ja" beginTime="36.140" endTime="37.130"/>
      <word confidence="0.709" wordID="SIL" beginTime="37.130" endTime="37.140"/>
      <word confidence="0.756" wordID="ja" beginTime="37.140" endTime="38.070"/>
      <word confidence="0.795" wordID="SIL" beginTime="38.070" endTime="38.110"/>
      <word confidence="0.761" wordID="ja" beginTime="38.110" endTime="39.010"/>
      <word confidence="0.742" wordID="SIL" beginTime="39.010" endTime="39.080"/>
      <word confidence="0.758" wordID="en" beginTime="39.080" endTime="39.240"/>
      <word confidence="0.804" wordID="SIL" beginTime="39.240" endTime="39.310"/>
      <word confidence="0.818" wordID="dan" beginTime="39.310" endTime="39.520"/>
    </wordsequence>
  </speech>
  <speech label="SPK15-012" begintime="39.54" endtime="39.56" >
    <wordsequence>
      <word confidence="0.750" wordID="SIL" beginTime="39.540" endTime="39.560"/>
    </wordsequence>
  </speech>
  <speech label="SPK03-013" begintime="39.58" endtime="43.76" >
    <wordsequence>
      <word confidence="0.770" wordID="ja" beginTime="39.580" endTime="39.830"/>
      <word confidence="0.702" wordID="SIL" beginTime="39.830" endTime="39.840"/>
      <word confidence="0.751" wordID="ja" beginTime="39.840" endTime="40.470"/>
      <word confidence="0.610" wordID="SIL" beginTime="40.470" endTime="40.480"/>
      <word confidence="0.746" wordID="ja" beginTime="40.480" endTime="41.910"/>
      <word confidence="0.704" wordID="SIL" beginTime="41.910" endTime="41.920"/>
      <word confidence="0.755" wordID="ja" beginTime="41.920" endTime="42.780"/>
      <word confidence="0.782" wordID="SIL" beginTime="42.780" endTime="42.840"/>
      <word confidence="0.746" wordID="ja" beginTime="42.840" endTime="43.220"/>
      <word confidence="0.834" wordID="SIL" beginTime="43.220" endTime="43.230"/>
      <word confidence="0.746" wordID="ja" beginTime="43.230" endTime="43.760"/>
    </wordsequence>
  </speech>
  <speech label="SPK03-014" begintime="43.78" endtime="47.18" >
    <wordsequence>
      <word confidence="0.776" wordID="ja" beginTime="43.780" endTime="44.160"/>
      <word confidence="0.736" wordID="SIL" beginTime="44.160" endTime="44.180"/>
      <word confidence="0.753" wordID="ja" beginTime="44.180" endTime="44.660"/>
      <word confidence="0.717" wordID="SIL" beginTime="44.660" endTime="44.700"/>
      <word confidence="0.757" wordID="ja" beginTime="44.700" endTime="45.780"/>
      <word confidence="0.759" wordID="SIL" beginTime="45.780" endTime="45.790"/>
      <word confidence="0.778" wordID="ja" beginTime="45.790" endTime="47.180"/>
    </wordsequence>
  </speech>
  <speech label="SPK06-015" begintime="47.21" endtime="51.99" >
    <wordsequence>
      <word confidence="0.750" wordID="SIL" beginTime="47.210" endTime="47.450"/>
      <word confidence="1.000" wordID="dit" beginTime="47.450" endTime="47.650"/>
      <word confidence="0.890" wordID="dat" beginTime="47.650" endTime="47.840"/>
      <word confidence="0.981" wordID="achter" beginTime="47.840" endTime="48.090"/>
      <word confidence="1.000" wordID="de" beginTime="48.090" endTime="48.170"/>
      <word confidence="0.991" wordID="rug" beginTime="48.170" endTime="48.500"/>
      <word confidence="0.748" wordID="SIL" beginTime="48.500" endTime="48.650"/>
      <word confidence="1.000" wordID="dan" beginTime="48.650" endTime="48.850"/>
      <word confidence="0.889" wordID="vertrekt" beginTime="48.850" endTime="49.170"/>
      <word confidence="0.992" wordID="de" beginTime="49.170" endTime="49.250"/>
      <word confidence="0.923" wordID="trein" beginTime="49.250" endTime="49.470"/>
      <word confidence="0.907" wordID="naar" beginTime="49.470" endTime="49.590"/>
      <word confidence="1.000" wordID="new" beginTime="49.590" endTime="49.750"/>
      <word confidence="1.000" wordID="amsterdam" beginTime="49.750" endTime="50.360"/>
      <word confidence="0.747" wordID="SIL" beginTime="50.360" endTime="50.440"/>
      <word confidence="1.000" wordID="waar" beginTime="50.440" endTime="50.610"/>
      <word confidence="1.000" wordID="je" beginTime="50.610" endTime="50.690"/>
      <word confidence="1.000" wordID="op" beginTime="50.690" endTime="50.750"/>
      <word confidence="0.927" wordID="de" beginTime="50.750" endTime="50.820"/>
      <word confidence="0.740" wordID="SIL" beginTime="50.820" endTime="50.830"/>
      <word confidence="1.000" wordID="ovse" beginTime="50.830" endTime="51.100"/>
      <word confidence="0.740" wordID="SIL" beginTime="51.100" endTime="51.110"/>
      <word confidence="1.000" wordID="doordrenkt" beginTime="51.110" endTime="51.520"/>
      <word confidence="0.738" wordID="SIL" beginTime="51.520" endTime="51.530"/>
      <word confidence="1.000" wordID="van" beginTime="51.530" endTime="51.740"/>
      <word confidence="0.749" wordID="SIL" beginTime="51.740" endTime="51.990"/>
    </wordsequence>
  </speech>
  <speech label="SPK03-016" begintime="52.01" endtime="55.36" >
    <wordsequence>
      <word confidence="0.748" wordID="SIL" beginTime="52.010" endTime="52.680"/>
      <word confidence="0.842" wordID="het" beginTime="52.680" endTime="52.780"/>
      <word confidence="0.704" wordID="SIL" beginTime="52.780" endTime="52.790"/>
      <word confidence="0.749" wordID="is" beginTime="52.790" endTime="53.170"/>
      <word confidence="0.782" wordID="SIL" beginTime="53.170" endTime="53.180"/>
      <word confidence="0.845" wordID="wel" beginTime="53.180" endTime="53.420"/>
      <word confidence="0.813" wordID="een" beginTime="53.420" endTime="53.710"/>
      <word confidence="0.979" wordID="SIL" beginTime="53.710" endTime="53.810"/>
      <word confidence="0.824" wordID="een" beginTime="53.810" endTime="54.090"/>
      <word confidence="0.747" wordID="SIL" beginTime="54.090" endTime="54.120"/>
      <word confidence="0.799" wordID="belangrijk" beginTime="54.120" endTime="54.670"/>
      <word confidence="0.775" wordID="SIL" beginTime="54.670" endTime="54.820"/>
      <word confidence="0.774" wordID="onderdeel" beginTime="54.820" endTime="55.310"/>
      <word confidence="0.743" wordID="SIL" beginTime="55.310" endTime="55.360"/>
    </wordsequence>
  </speech>
  <speech label="SPK03-017" begintime="55.38" endtime="59.45" >
    <wordsequence>
      <word confidence="0.752" wordID="ja" beginTime="55.380" endTime="55.800"/>
      <word confidence="0.698" wordID="SIL" beginTime="55.800" endTime="55.810"/>
      <word confidence="0.745" wordID="ja" beginTime="55.810" endTime="56.330"/>
      <word confidence="0.682" wordID="SIL" beginTime="56.330" endTime="56.340"/>
      <word confidence="0.744" wordID="ja" beginTime="56.340" endTime="57.380"/>
      <word confidence="0.699" wordID="SIL" beginTime="57.380" endTime="57.390"/>
      <word confidence="0.755" wordID="ja" beginTime="57.390" endTime="57.810"/>
      <word confidence="0.672" wordID="SIL" beginTime="57.810" endTime="57.830"/>
      <word confidence="0.744" wordID="ja" beginTime="57.830" endTime="58.680"/>
      <word confidence="0.838" wordID="SIL" beginTime="58.680" endTime="58.700"/>
      <word confidence="0.785" wordID="ja" beginTime="58.700" endTime="59.340"/>
      <word confidence="0.751" wordID="SIL" beginTime="59.340" endTime="59.450"/>
    </wordsequence>
  </speech>
  <speech label="SPK06-018" begintime="59.47" endtime="64.42" >
    <wordsequence>
      <word confidence="0.750" wordID="SIL" beginTime="59.470" endTime="59.680"/>
      <word confidence="0.987" wordID="deze" beginTime="59.680" endTime="60.000"/>
      <word confidence="0.742" wordID="SIL" beginTime="60.000" endTime="60.010"/>
      <word confidence="0.968" wordID="iedereen" beginTime="60.010" endTime="60.430"/>
      <word confidence="0.946" wordID="betekende" beginTime="60.430" endTime="60.840"/>
      <word confidence="0.968" wordID="belangrijke" beginTime="60.840" endTime="61.300"/>
      <word confidence="1.000" wordID="verbeteringen" beginTime="61.300" endTime="61.900"/>
      <word confidence="0.948" wordID="SIL" beginTime="61.900" endTime="62.120"/>
      <word confidence="1.000" wordID="die" beginTime="62.120" endTime="62.240"/>
      <word confidence="0.907" wordID="ernstige" beginTime="62.240" endTime="62.710"/>
      <word confidence="0.738" wordID="SIL" beginTime="62.710" endTime="62.720"/>
      <word confidence="0.879" wordID="brandwonden" beginTime="62.720" endTime="63.140"/>
      <word confidence="1.000" wordID="van" beginTime="63.140" endTime="63.250"/>
      <word confidence="1.000" wordID="de" beginTime="63.250" endTime="63.320"/>
      <word confidence="1.000" wordID="olie" beginTime="63.320" endTime="63.600"/>
      <word confidence="0.740" wordID="SIL" beginTime="63.600" endTime="63.610"/>
      <word confidence="1.000" wordID="waaraan" beginTime="63.610" endTime="63.860"/>
      <word confidence="1.000" wordID="weer" beginTime="63.860" endTime="64.090"/>
      <word confidence="0.748" wordID="SIL" beginTime="64.090" endTime="64.180"/>
      <word confidence="0.863" wordID="een" beginTime="64.180" endTime="64.400"/>
      <word confidence="0.744" wordID="SIL" beginTime="64.400" endTime="64.420"/>
    </wordsequence>
  </speech>
  <speech label="SPK15-019" begintime="64.44" endtime="69.56" >
    <wordsequence>
      <word confidence="0.756" wordID="ja" beginTime="64.440" endTime="68.060"/>
      <word confidence="0.834" wordID="SIL" beginTime="68.060" endTime="68.090"/>
      <word confidence="0.741" wordID="ja" beginTime="68.090" endTime="69.540"/>
      <word confidence="0.700" wordID="SIL" beginTime="69.540" endTime="69.560"/>
    </wordsequence>
  </speech>
  <speech label="SPK16-020" begintime="69.58" endtime="72.30" >
    <wordsequence>
      <word confidence="0.733" wordID="uh" beginTime="69.580" endTime="69.900"/>
      <word confidence="0.832" wordID="SIL" beginTime="69.900" endTime="70.280"/>
      <word confidence="0.821" wordID="nee" beginTime="70.280" endTime="70.800"/>
      <word confidence="0.750" wordID="SIL" beginTime="70.800" endTime="71.510"/>
      <word confidence="0.907" wordID="grondel" beginTime="71.510" endTime="71.990"/>
      <word confidence="0.916" wordID="in" beginTime="71.990" endTime="72.140"/>
      <word confidence="0.850" wordID="dit" beginTime="72.140" endTime="72.290"/>
      <word confidence="0.742" wordID="SIL" beginTime="72.290" endTime="72.300"/>
    </wordsequence>
  </speech>

  </segments>
</shout_metadata>
