<?xml version="1.0" encoding="UTF-8"?>
<!--
  ##################################################################################################
  ###                      This transcription is automatically generated by                      ###
  ###                              X-MI, Cross-Media interaction                                 ###
  ###                                    http://x-mi.nl                                          ###
  ##################################################################################################
-->
<shout_metadata>
  <model_info>
    <version>Standaard systeem 28-02-2012</version>
    <description>Academia</description>
  </model_info>
  <segments>
  <speech label="SPK07-001" begintime="0.00" endtime="1.74" >
    <wordsequence>
      <word confidence="0.720" wordID="het" beginTime="0.000" endTime="0.370"/>
      <word confidence="0.835" wordID="handelen" beginTime="0.370" endTime="1.740"/>
    </wordsequence>
  </speech>
  <speech label="SPK01-002" begintime="1.76" endtime="6.52" >
    <wordsequence>
      <word confidence="0.745" wordID="SIL" beginTime="1.760" endTime="1.800"/>
      <word confidence="0.824" wordID="ja" beginTime="1.800" endTime="2.200"/>
      <word confidence="0.755" wordID="SIL" beginTime="2.200" endTime="3.130"/>
      <word confidence="0.888" wordID="met" beginTime="3.130" endTime="3.330"/>
      <word confidence="0.933" wordID="een" beginTime="3.330" endTime="3.530"/>
      <word confidence="0.872" wordID="ik" beginTime="3.530" endTime="3.710"/>
      <word confidence="0.743" wordID="SIL" beginTime="3.710" endTime="3.730"/>
      <word confidence="0.869" wordID="weet" beginTime="3.730" endTime="3.970"/>
      <word confidence="0.736" wordID="SIL" beginTime="3.970" endTime="3.980"/>
      <word confidence="0.892" wordID="niet" beginTime="3.980" endTime="4.160"/>
      <word confidence="0.919" wordID="of" beginTime="4.160" endTime="4.390"/>
      <word confidence="0.749" wordID="SIL" beginTime="4.390" endTime="4.500"/>
      <word confidence="0.977" wordID="op" beginTime="4.500" endTime="4.720"/>
      <word confidence="0.912" wordID="een" beginTime="4.720" endTime="4.860"/>
      <word confidence="0.742" wordID="SIL" beginTime="4.860" endTime="4.880"/>
      <word confidence="0.974" wordID="meester" beginTime="4.880" endTime="5.240"/>
      <word confidence="0.969" wordID="buiten" beginTime="5.240" endTime="5.510"/>
      <word confidence="1.000" wordID="want" beginTime="5.510" endTime="5.760"/>
      <word confidence="0.905" wordID="dan" beginTime="5.760" endTime="6.010"/>
      <word confidence="0.740" wordID="SIL" beginTime="6.010" endTime="6.020"/>
      <word confidence="1.000" wordID="weet" beginTime="6.020" endTime="6.250"/>
      <word confidence="0.749" wordID="SIL" beginTime="6.250" endTime="6.520"/>
    </wordsequence>
  </speech>
  <speech label="SPK01-003" begintime="6.55" endtime="9.90" >
    <wordsequence>
      <word confidence="0.750" wordID="SIL" beginTime="6.550" endTime="6.840"/>
      <word confidence="0.904" wordID="commissaris" beginTime="6.840" endTime="7.410"/>
      <word confidence="0.978" wordID="van" beginTime="7.410" endTime="7.540"/>
      <word confidence="0.972" wordID="de" beginTime="7.540" endTime="7.620"/>
      <word confidence="0.996" wordID="koningin" beginTime="7.620" endTime="8.130"/>
      <word confidence="0.739" wordID="SIL" beginTime="8.130" endTime="8.140"/>
      <word confidence="0.914" wordID="in" beginTime="8.140" endTime="8.280"/>
      <word confidence="0.980" wordID="de" beginTime="8.280" endTime="8.370"/>
      <word confidence="0.971" wordID="provincie" beginTime="8.370" endTime="8.950"/>
      <word confidence="0.739" wordID="SIL" beginTime="8.950" endTime="8.960"/>
      <word confidence="0.874" wordID="limburg" beginTime="8.960" endTime="9.520"/>
      <word confidence="0.750" wordID="SIL" beginTime="9.520" endTime="9.900"/>
    </wordsequence>
  </speech>
  <speech label="SPK01-004" begintime="9.92" endtime="12.22" >
    <wordsequence>
      <word confidence="0.750" wordID="SIL" beginTime="9.920" endTime="10.060"/>
      <word confidence="0.917" wordID="de" beginTime="10.060" endTime="10.190"/>
      <word confidence="1.000" wordID="maar" beginTime="10.190" endTime="10.420"/>
      <word confidence="0.749" wordID="SIL" beginTime="10.420" endTime="10.510"/>
      <word confidence="0.873" wordID="er" beginTime="10.510" endTime="10.780"/>
      <word confidence="0.745" wordID="SIL" beginTime="10.780" endTime="10.820"/>
      <word confidence="0.903" wordID="werd" beginTime="10.820" endTime="11.160"/>
      <word confidence="0.822" wordID="oorlog" beginTime="11.160" endTime="11.860"/>
      <word confidence="0.843" wordID="SIL" beginTime="11.860" endTime="11.870"/>
      <word confidence="0.813" wordID="worden" beginTime="11.870" endTime="12.130"/>
      <word confidence="0.849" wordID="de" beginTime="12.130" endTime="12.220"/>
    </wordsequence>
  </speech>
  <speech label="SPK06-005" begintime="12.24" endtime="15.78" >
    <wordsequence>
      <word confidence="0.750" wordID="SIL" beginTime="12.240" endTime="12.540"/>
      <word confidence="0.779" wordID="ik" beginTime="12.540" endTime="12.870"/>
      <word confidence="0.797" wordID="SIL" beginTime="12.870" endTime="12.970"/>
      <word confidence="0.753" wordID="ben" beginTime="12.970" endTime="13.390"/>
      <word confidence="0.748" wordID="SIL" beginTime="13.390" endTime="13.460"/>
      <word confidence="0.732" wordID="er" beginTime="13.460" endTime="13.660"/>
      <word confidence="0.810" wordID="niet" beginTime="13.660" endTime="13.820"/>
      <word confidence="0.762" wordID="meer" beginTime="13.820" endTime="13.990"/>
      <word confidence="0.910" wordID="SIL" beginTime="13.990" endTime="14.040"/>
      <word confidence="0.741" wordID="uh" beginTime="14.040" endTime="14.650"/>
      <word confidence="0.770" wordID="heel" beginTime="14.650" endTime="14.880"/>
      <word confidence="0.726" wordID="SIL" beginTime="14.880" endTime="14.910"/>
      <word confidence="0.801" wordID="goed" beginTime="14.910" endTime="15.780"/>
    </wordsequence>
  </speech>
  <speech label="SPK08-006" begintime="15.80" endtime="18.92" >
    <wordsequence>
      <word confidence="0.742" wordID="SIL" beginTime="15.800" endTime="16.130"/>
      <word confidence="0.763" wordID="ja" beginTime="16.130" endTime="17.940"/>
      <word confidence="0.751" wordID="SIL" beginTime="17.940" endTime="18.260"/>
      <word confidence="0.791" wordID="dan" beginTime="18.260" endTime="18.850"/>
      <word confidence="0.737" wordID="SIL" beginTime="18.850" endTime="18.920"/>
    </wordsequence>
  </speech>
  <speech label="SPK01-007" begintime="18.95" endtime="22.03" >
    <wordsequence>
      <word confidence="0.750" wordID="SIL" beginTime="18.950" endTime="19.330"/>
      <word confidence="0.837" wordID="is" beginTime="19.330" endTime="19.720"/>
      <word confidence="0.987" wordID="de" beginTime="19.720" endTime="19.860"/>
      <word confidence="0.946" wordID="gaulle" beginTime="19.860" endTime="20.210"/>
      <word confidence="0.890" wordID="denken" beginTime="20.210" endTime="20.640"/>
      <word confidence="0.893" wordID="weet" beginTime="20.640" endTime="20.960"/>
      <word confidence="0.939" wordID="over" beginTime="20.960" endTime="21.260"/>
      <word confidence="0.919" wordID="de" beginTime="21.260" endTime="21.370"/>
      <word confidence="0.978" wordID="brug" beginTime="21.370" endTime="21.610"/>
      <word confidence="0.750" wordID="SIL" beginTime="21.610" endTime="22.030"/>
    </wordsequence>
  </speech>
  <speech label="SPK01-008" begintime="22.38" endtime="26.00" >
    <wordsequence>
      <word confidence="0.750" wordID="SIL" beginTime="22.380" endTime="22.860"/>
      <word confidence="0.829" wordID="ik" beginTime="22.860" endTime="23.130"/>
      <word confidence="1.000" wordID="heb" beginTime="23.130" endTime="23.260"/>
      <word confidence="0.875" wordID="er" beginTime="23.260" endTime="23.470"/>
      <word confidence="0.742" wordID="SIL" beginTime="23.470" endTime="23.480"/>
      <word confidence="0.961" wordID="minder" beginTime="23.480" endTime="23.770"/>
      <word confidence="1.000" wordID="van" beginTime="23.770" endTime="23.890"/>
      <word confidence="0.964" wordID="deze" beginTime="23.890" endTime="24.170"/>
      <word confidence="0.895" wordID="brug" beginTime="24.170" endTime="24.580"/>
      <word confidence="0.747" wordID="SIL" beginTime="24.580" endTime="24.620"/>
      <word confidence="0.979" wordID="betekent" beginTime="24.620" endTime="25.080"/>
      <word confidence="1.000" wordID="een" beginTime="25.080" endTime="25.170"/>
      <word confidence="1.000" wordID="enorme" beginTime="25.170" endTime="25.630"/>
      <word confidence="0.738" wordID="SIL" beginTime="25.630" endTime="25.640"/>
      <word confidence="0.881" wordID="wel" beginTime="25.640" endTime="25.960"/>
      <word confidence="0.748" wordID="SIL" beginTime="25.960" endTime="26.000"/>
    </wordsequence>
  </speech>
  <speech label="SPK01-009" begintime="26.02" endtime="29.60" >
    <wordsequence>
      <word confidence="0.750" wordID="SIL" beginTime="26.020" endTime="26.120"/>
      <word confidence="0.908" wordID="voor" beginTime="26.120" endTime="26.270"/>
      <word confidence="0.924" wordID="de" beginTime="26.270" endTime="26.370"/>
      <word confidence="0.982" wordID="wederopbouw" beginTime="26.370" endTime="26.950"/>
      <word confidence="1.000" wordID="van" beginTime="26.950" endTime="27.110"/>
      <word confidence="0.959" wordID="een" beginTime="27.110" endTime="27.300"/>
      <word confidence="0.742" wordID="SIL" beginTime="27.300" endTime="27.310"/>
      <word confidence="1.000" wordID="klant" beginTime="27.310" endTime="27.550"/>
      <word confidence="0.750" wordID="SIL" beginTime="27.550" endTime="28.370"/>
      <word confidence="1.000" wordID="omdat" beginTime="28.370" endTime="28.710"/>
      <word confidence="0.858" wordID="iedere" beginTime="28.710" endTime="29.140"/>
      <word confidence="1.000" wordID="namelijk" beginTime="29.140" endTime="29.600"/>
    </wordsequence>
  </speech>
  <speech label="SPK01-010" begintime="29.62" endtime="32.74" >
    <wordsequence>
      <word confidence="0.865" wordID="voor" beginTime="29.620" endTime="29.930"/>
      <word confidence="0.881" wordID="een" beginTime="29.930" endTime="30.030"/>
      <word confidence="0.928" wordID="zender" beginTime="30.030" endTime="30.270"/>
      <word confidence="0.943" wordID="waar" beginTime="30.270" endTime="30.410"/>
      <word confidence="0.986" wordID="de" beginTime="30.410" endTime="30.500"/>
      <word confidence="0.889" wordID="bevroren" beginTime="30.500" endTime="30.950"/>
      <word confidence="0.887" wordID="SIL" beginTime="30.950" endTime="31.110"/>
      <word confidence="0.957" wordID="van" beginTime="31.110" endTime="31.320"/>
      <word confidence="0.958" wordID="duitsland" beginTime="31.320" endTime="31.880"/>
      <word confidence="0.792" wordID="en" beginTime="31.880" endTime="32.020"/>
      <word confidence="0.770" wordID="SIL" beginTime="32.020" endTime="32.030"/>
      <word confidence="0.973" wordID="nederland" beginTime="32.030" endTime="32.570"/>
      <word confidence="0.761" wordID="SIL" beginTime="32.570" endTime="32.740"/>
    </wordsequence>
  </speech>
  <speech label="SPK01-011" begintime="33.40" endtime="36.96" >
    <wordsequence>
      <word confidence="0.750" wordID="SIL" beginTime="33.400" endTime="34.350"/>
      <word confidence="0.807" wordID="ik" beginTime="34.350" endTime="34.620"/>
      <word confidence="0.741" wordID="SIL" beginTime="34.620" endTime="34.630"/>
      <word confidence="0.888" wordID="ben" beginTime="34.630" endTime="34.810"/>
      <word confidence="0.736" wordID="SIL" beginTime="34.810" endTime="34.820"/>
      <word confidence="0.954" wordID="daar" beginTime="34.820" endTime="35.030"/>
      <word confidence="0.740" wordID="SIL" beginTime="35.030" endTime="35.040"/>
      <word confidence="0.774" wordID="op" beginTime="35.040" endTime="35.230"/>
      <word confidence="1.000" wordID="een" beginTime="35.230" endTime="35.350"/>
      <word confidence="0.971" wordID="beetje" beginTime="35.350" endTime="35.640"/>
      <word confidence="0.941" wordID="trainen" beginTime="35.640" endTime="36.080"/>
      <word confidence="0.741" wordID="SIL" beginTime="36.080" endTime="36.090"/>
      <word confidence="0.797" wordID="ik" beginTime="36.090" endTime="36.280"/>
      <word confidence="0.747" wordID="SIL" beginTime="36.280" endTime="36.300"/>
      <word confidence="0.953" wordID="enorm" beginTime="36.300" endTime="36.720"/>
      <word confidence="0.749" wordID="SIL" beginTime="36.720" endTime="36.960"/>
    </wordsequence>
  </speech>
  <speech label="SPK01-012" begintime="36.98" endtime="40.20" >
    <wordsequence>
      <word confidence="0.750" wordID="SIL" beginTime="36.980" endTime="37.210"/>
      <word confidence="1.000" wordID="om" beginTime="37.210" endTime="37.440"/>
      <word confidence="0.747" wordID="SIL" beginTime="37.440" endTime="37.500"/>
      <word confidence="0.822" wordID="een" beginTime="37.500" endTime="37.880"/>
      <word confidence="0.746" wordID="SIL" beginTime="37.880" endTime="37.910"/>
      <word confidence="0.949" wordID="code" beginTime="37.910" endTime="38.240"/>
      <word confidence="0.747" wordID="SIL" beginTime="38.240" endTime="38.270"/>
      <word confidence="0.964" wordID="om" beginTime="38.270" endTime="38.510"/>
      <word confidence="0.947" wordID="te" beginTime="38.510" endTime="38.630"/>
      <word confidence="0.779" wordID="SIL" beginTime="38.630" endTime="38.640"/>
      <word confidence="1.000" wordID="kunnen" beginTime="38.640" endTime="38.840"/>
      <word confidence="0.886" wordID="oordelen" beginTime="38.840" endTime="39.510"/>
      <word confidence="0.792" wordID="SIL" beginTime="39.510" endTime="40.200"/>
    </wordsequence>
  </speech>
  <speech label="SPK08-013" begintime="40.22" endtime="43.38" >
    <wordsequence>
      <word confidence="0.732" wordID="SIL" beginTime="40.220" endTime="40.610"/>
      <word confidence="0.757" wordID="ja" beginTime="40.610" endTime="43.380"/>
    </wordsequence>
  </speech>
  <speech label="SPK07-014" begintime="43.40" endtime="44.68" >
    <wordsequence>
      <word confidence="0.723" wordID="SIL" beginTime="43.400" endTime="43.610"/>
      <word confidence="0.757" wordID="helemaal" beginTime="43.610" endTime="44.680"/>
    </wordsequence>
  </speech>
  <speech label="SPK07-015" begintime="44.70" endtime="49.44" >
    <wordsequence>
      <word confidence="0.693" wordID="SIL" beginTime="44.700" endTime="44.730"/>
      <word confidence="0.742" wordID="ja" beginTime="44.730" endTime="49.000"/>
      <word confidence="0.785" wordID="SIL" beginTime="49.000" endTime="49.440"/>
    </wordsequence>
  </speech>
  <speech label="SPK08-016" begintime="49.46" endtime="52.79" >
    <wordsequence>
      <word confidence="0.750" wordID="SIL" beginTime="49.460" endTime="49.910"/>
      <word confidence="0.751" wordID="ja" beginTime="49.910" endTime="51.090"/>
      <word confidence="0.771" wordID="SIL" beginTime="51.090" endTime="51.100"/>
      <word confidence="0.729" wordID="ja" beginTime="51.100" endTime="51.960"/>
      <word confidence="0.702" wordID="SIL" beginTime="51.960" endTime="51.970"/>
      <word confidence="0.742" wordID="ja" beginTime="51.970" endTime="52.790"/>
    </wordsequence>
  </speech>
  <speech label="SPK07-017" begintime="52.81" endtime="56.82" >
    <wordsequence>
      <word confidence="0.674" wordID="SIL" beginTime="52.810" endTime="52.920"/>
      <word confidence="0.739" wordID="jarenlang" beginTime="52.920" endTime="56.240"/>
      <word confidence="0.800" wordID="SIL" beginTime="56.240" endTime="56.260"/>
      <word confidence="0.764" wordID="onderhandelen" beginTime="56.260" endTime="56.820"/>
    </wordsequence>
  </speech>
  <speech label="SPK08-018" begintime="56.84" endtime="60.14" >
    <wordsequence>
      <word confidence="0.758" wordID="ja" beginTime="56.840" endTime="58.520"/>
      <word confidence="0.701" wordID="SIL" beginTime="58.520" endTime="58.530"/>
      <word confidence="0.735" wordID="ja" beginTime="58.530" endTime="60.030"/>
      <word confidence="0.813" wordID="SIL" beginTime="60.030" endTime="60.050"/>
      <word confidence="0.759" wordID="ja" beginTime="60.050" endTime="60.140"/>
    </wordsequence>
  </speech>
  <speech label="SPK07-019" begintime="60.16" endtime="61.70" >
    <wordsequence>
      <word confidence="0.647" wordID="SIL" beginTime="60.160" endTime="60.200"/>
      <word confidence="0.764" wordID="er" beginTime="60.200" endTime="60.390"/>
      <word confidence="0.720" wordID="SIL" beginTime="60.390" endTime="60.400"/>
      <word confidence="0.747" wordID="eigenlijk" beginTime="60.400" endTime="61.700"/>
    </wordsequence>
  </speech>
  <speech label="SPK07-020" begintime="61.72" endtime="65.62" >
    <wordsequence>
      <word confidence="0.733" wordID="ja" beginTime="61.720" endTime="62.600"/>
      <word confidence="0.830" wordID="SIL" beginTime="62.600" endTime="62.640"/>
      <word confidence="0.759" wordID="ja" beginTime="62.640" endTime="65.060"/>
      <word confidence="0.828" wordID="SIL" beginTime="65.060" endTime="65.080"/>
      <word confidence="0.752" wordID="ja" beginTime="65.080" endTime="65.620"/>
    </wordsequence>
  </speech>

  </segments>
</shout_metadata>
