<?xml version="1.0" encoding="UTF-8"?>
<!--
  ##################################################################################################
  ###                      This transcription is automatically generated by                      ###
  ###                              X-MI, Cross-Media interaction                                 ###
  ###                                    http://x-mi.nl                                          ###
  ##################################################################################################
-->
<shout_metadata>
  <model_info>
    <version>Standaard systeem 28-02-2012</version>
    <description>Academia</description>
  </model_info>
  <segments>
  <speech label="SPK01-001" begintime="0.00" endtime="2.82" >
    <wordsequence>
      <word confidence="0.750" wordID="SIL" beginTime="0.000" endTime="0.350"/>
      <word confidence="0.795" wordID="nee" beginTime="0.350" endTime="1.900"/>
      <word confidence="0.748" wordID="SIL" beginTime="1.900" endTime="1.940"/>
      <word confidence="0.824" wordID="het" beginTime="1.940" endTime="2.570"/>
      <word confidence="0.749" wordID="SIL" beginTime="2.570" endTime="2.820"/>
    </wordsequence>
  </speech>
  <speech label="SPK03-002" begintime="2.84" endtime="5.33" >
    <wordsequence>
      <word confidence="0.702" wordID="SIL" beginTime="2.840" endTime="3.040"/>
      <word confidence="0.749" wordID="ja" beginTime="3.040" endTime="5.330"/>
    </wordsequence>
  </speech>
  <speech label="SPK04-003" begintime="5.35" endtime="7.82" >
    <wordsequence>
      <word confidence="0.750" wordID="SIL" beginTime="5.350" endTime="5.370"/>
      <word confidence="0.755" wordID="ja" beginTime="5.370" endTime="7.820"/>
    </wordsequence>
  </speech>
  <speech label="SPK12-004" begintime="7.84" endtime="12.46" >
    <wordsequence>
      <word confidence="0.750" wordID="SIL" beginTime="7.840" endTime="7.870"/>
      <word confidence="0.770" wordID="ja" beginTime="7.870" endTime="10.010"/>
      <word confidence="0.755" wordID="SIL" beginTime="10.010" endTime="10.380"/>
      <word confidence="0.775" wordID="hoor" beginTime="10.380" endTime="12.460"/>
    </wordsequence>
  </speech>
  <speech label="SPK08-005" begintime="12.48" endtime="16.18" >
    <wordsequence>
      <word confidence="0.739" wordID="SIL" beginTime="12.480" endTime="13.510"/>
      <word confidence="0.757" wordID="ja" beginTime="13.510" endTime="16.180"/>
    </wordsequence>
  </speech>
  <speech label="SPK09-006" begintime="16.20" endtime="18.93" >
    <wordsequence>
      <word confidence="0.750" wordID="SIL" beginTime="16.200" endTime="16.270"/>
      <word confidence="0.789" wordID="ik" beginTime="16.270" endTime="16.830"/>
      <word confidence="0.750" wordID="SIL" beginTime="16.830" endTime="17.170"/>
      <word confidence="0.751" wordID="heb" beginTime="17.170" endTime="17.280"/>
      <word confidence="0.742" wordID="SIL" beginTime="17.280" endTime="17.290"/>
      <word confidence="0.765" wordID="er" beginTime="17.290" endTime="18.460"/>
      <word confidence="0.749" wordID="SIL" beginTime="18.460" endTime="18.570"/>
      <word confidence="0.794" wordID="een" beginTime="18.570" endTime="18.930"/>
    </wordsequence>
  </speech>
  <speech label="SPK11-007" begintime="18.95" endtime="21.97" >
    <wordsequence>
      <word confidence="0.747" wordID="ja" beginTime="18.950" endTime="21.920"/>
      <word confidence="0.981" wordID="SIL" beginTime="21.920" endTime="21.970"/>
    </wordsequence>
  </speech>
  <speech label="SPK12-008" begintime="21.99" endtime="26.58" >
    <wordsequence>
      <word confidence="0.750" wordID="SIL" beginTime="21.990" endTime="22.210"/>
      <word confidence="0.767" wordID="een" beginTime="22.210" endTime="25.790"/>
      <word confidence="0.750" wordID="SIL" beginTime="25.790" endTime="26.580"/>
    </wordsequence>
  </speech>
  <speech label="SPK15-009" begintime="26.60" endtime="28.70" >
    <wordsequence>
      <word confidence="0.750" wordID="SIL" beginTime="26.600" endTime="26.620"/>
      <word confidence="0.764" wordID="nee" beginTime="26.620" endTime="28.690"/>
      <word confidence="0.896" wordID="SIL" beginTime="28.690" endTime="28.700"/>
    </wordsequence>
  </speech>
  <speech label="SPK12-010" begintime="28.72" endtime="33.03" >
    <wordsequence>
      <word confidence="0.750" wordID="SIL" beginTime="28.720" endTime="28.970"/>
      <word confidence="0.781" wordID="ik" beginTime="28.970" endTime="29.760"/>
      <word confidence="0.745" wordID="SIL" beginTime="29.760" endTime="29.770"/>
      <word confidence="0.809" wordID="ik" beginTime="29.770" endTime="30.120"/>
      <word confidence="0.748" wordID="SIL" beginTime="30.120" endTime="30.200"/>
      <word confidence="0.775" wordID="ben" beginTime="30.200" endTime="30.500"/>
      <word confidence="0.748" wordID="SIL" beginTime="30.500" endTime="30.580"/>
      <word confidence="0.782" wordID="een" beginTime="30.580" endTime="31.440"/>
      <word confidence="0.749" wordID="SIL" beginTime="31.440" endTime="31.500"/>
      <word confidence="0.784" wordID="een" beginTime="31.500" endTime="32.100"/>
      <word confidence="0.750" wordID="SIL" beginTime="32.100" endTime="33.030"/>
    </wordsequence>
  </speech>
  <speech label="SPK02-011" begintime="33.05" endtime="35.90" >
    <wordsequence>
      <word confidence="0.750" wordID="SIL" beginTime="33.050" endTime="35.350"/>
      <word confidence="0.780" wordID="als" beginTime="35.350" endTime="35.700"/>
      <word confidence="0.750" wordID="SIL" beginTime="35.700" endTime="35.900"/>
    </wordsequence>
  </speech>
  <speech label="SPK12-012" begintime="35.92" endtime="38.37" >
    <wordsequence>
      <word confidence="0.770" wordID="het" beginTime="35.920" endTime="36.100"/>
      <word confidence="0.750" wordID="SIL" beginTime="36.100" endTime="37.120"/>
      <word confidence="0.913" wordID="is" beginTime="37.120" endTime="37.230"/>
      <word confidence="0.746" wordID="SIL" beginTime="37.230" endTime="37.260"/>
      <word confidence="0.774" wordID="een" beginTime="37.260" endTime="38.310"/>
      <word confidence="0.747" wordID="SIL" beginTime="38.310" endTime="38.370"/>
    </wordsequence>
  </speech>
  <speech label="SPK05-013" begintime="38.39" endtime="43.12" >
    <wordsequence>
      <word confidence="0.750" wordID="SIL" beginTime="38.390" endTime="38.410"/>
      <word confidence="0.733" wordID="ga" beginTime="38.410" endTime="43.080"/>
      <word confidence="0.844" wordID="SIL" beginTime="43.080" endTime="43.120"/>
    </wordsequence>
  </speech>
  <speech label="SPK12-014" begintime="43.14" endtime="47.93" >
    <wordsequence>
      <word confidence="0.750" wordID="SIL" beginTime="43.140" endTime="43.160"/>
      <word confidence="0.780" wordID="een" beginTime="43.160" endTime="43.710"/>
      <word confidence="0.749" wordID="SIL" beginTime="43.710" endTime="43.960"/>
      <word confidence="0.770" wordID="een" beginTime="43.960" endTime="45.500"/>
      <word confidence="0.750" wordID="SIL" beginTime="45.500" endTime="45.930"/>
      <word confidence="0.783" wordID="een" beginTime="45.930" endTime="46.230"/>
      <word confidence="0.750" wordID="SIL" beginTime="46.230" endTime="47.260"/>
      <word confidence="0.781" wordID="een" beginTime="47.260" endTime="47.930"/>
    </wordsequence>
  </speech>
  <speech label="SPK12-015" begintime="47.95" endtime="51.43" >
    <wordsequence>
      <word confidence="0.750" wordID="SIL" beginTime="47.950" endTime="48.220"/>
      <word confidence="0.772" wordID="een" beginTime="48.220" endTime="49.870"/>
      <word confidence="0.748" wordID="SIL" beginTime="49.870" endTime="49.940"/>
      <word confidence="0.772" wordID="ik" beginTime="49.940" endTime="51.210"/>
      <word confidence="0.749" wordID="SIL" beginTime="51.210" endTime="51.430"/>
    </wordsequence>
  </speech>
  <speech label="SPK11-016" begintime="51.45" endtime="53.24" >
    <wordsequence>
      <word confidence="0.750" wordID="SIL" beginTime="51.450" endTime="51.480"/>
      <word confidence="0.792" wordID="ik" beginTime="51.480" endTime="52.430"/>
      <word confidence="0.764" wordID="SIL" beginTime="52.430" endTime="52.510"/>
      <word confidence="0.782" wordID="ik" beginTime="52.510" endTime="53.230"/>
      <word confidence="0.867" wordID="SIL" beginTime="53.230" endTime="53.240"/>
    </wordsequence>
  </speech>
  <speech label="SPK12-017" begintime="53.26" endtime="56.08" >
    <wordsequence>
      <word confidence="0.750" wordID="SIL" beginTime="53.260" endTime="53.670"/>
      <word confidence="0.784" wordID="ja" beginTime="53.670" endTime="54.710"/>
      <word confidence="0.747" wordID="SIL" beginTime="54.710" endTime="54.730"/>
      <word confidence="0.781" wordID="je" beginTime="54.730" endTime="55.260"/>
      <word confidence="0.741" wordID="SIL" beginTime="55.260" endTime="55.270"/>
      <word confidence="0.791" wordID="ja" beginTime="55.270" endTime="56.040"/>
      <word confidence="0.733" wordID="SIL" beginTime="56.040" endTime="56.080"/>
    </wordsequence>
  </speech>
  <speech label="SPK15-018" begintime="56.10" endtime="59.93" >
    <wordsequence>
      <word confidence="0.740" wordID="ja" beginTime="56.100" endTime="59.920"/>
      <word confidence="0.752" wordID="SIL" beginTime="59.920" endTime="59.930"/>
    </wordsequence>
  </speech>
  <speech label="SPK15-019" begintime="59.95" endtime="61.27" >
    <wordsequence>
      <word confidence="0.719" wordID="SIL" beginTime="59.950" endTime="61.270"/>
    </wordsequence>
  </speech>
  <speech label="SPK12-020" begintime="61.29" endtime="63.32" >
  </speech>

  </segments>
</shout_metadata>
