<?xml version="1.0" encoding="UTF-8"?>
<!--
  ##################################################################################################
  ###                      This transcription is automatically generated by                      ###
  ###                              X-MI, Cross-Media interaction                                 ###
  ###                                    http://x-mi.nl                                          ###
  ##################################################################################################
-->
<shout_metadata>
  <model_info>
    <version>Standaard systeem 28-02-2012</version>
    <description>Academia</description>
  </model_info>
  <segments>
  <speech label="SPK03-001" begintime="0.00" endtime="4.65" >
    <wordsequence>
      <word confidence="0.816" wordID="ucla" beginTime="0.000" endTime="4.650"/>
    </wordsequence>
  </speech>
  <speech label="SPK03-002" begintime="4.67" endtime="8.85" >
    <wordsequence>
      <word confidence="0.749" wordID="ja" beginTime="4.670" endTime="8.850"/>
    </wordsequence>
  </speech>
  <speech label="SPK03-003" begintime="8.87" endtime="13.88" >
    <wordsequence>
      <word confidence="0.740" wordID="SIL" beginTime="8.870" endTime="8.900"/>
      <word confidence="0.751" wordID="ja" beginTime="8.900" endTime="13.880"/>
    </wordsequence>
  </speech>
  <speech label="SPK03-004" begintime="13.90" endtime="17.37" >
    <wordsequence>
      <word confidence="0.754" wordID="ja" beginTime="13.900" endTime="17.370"/>
    </wordsequence>
  </speech>
  <speech label="SPK03-005" begintime="17.39" endtime="21.04" >
    <wordsequence>
      <word confidence="0.749" wordID="ja" beginTime="17.390" endTime="21.030"/>
      <word confidence="0.909" wordID="SIL" beginTime="21.030" endTime="21.040"/>
    </wordsequence>
  </speech>
  <speech label="SPK03-006" begintime="21.06" endtime="26.59" >
    <wordsequence>
      <word confidence="0.753" wordID="ja" beginTime="21.060" endTime="26.590"/>
    </wordsequence>
  </speech>
  <speech label="SPK03-007" begintime="26.61" endtime="30.83" >
    <wordsequence>
      <word confidence="0.747" wordID="ja" beginTime="26.610" endTime="30.830"/>
    </wordsequence>
  </speech>
  <speech label="SPK03-008" begintime="30.85" endtime="33.71" >
    <wordsequence>
      <word confidence="0.692" wordID="SIL" beginTime="30.850" endTime="30.880"/>
      <word confidence="0.754" wordID="ja" beginTime="30.880" endTime="33.200"/>
      <word confidence="0.704" wordID="SIL" beginTime="33.200" endTime="33.220"/>
      <word confidence="0.776" wordID="er" beginTime="33.220" endTime="33.710"/>
    </wordsequence>
  </speech>
  <speech label="SPK03-009" begintime="33.73" endtime="37.60" >
    <wordsequence>
      <word confidence="0.748" wordID="ja" beginTime="33.730" endTime="37.560"/>
      <word confidence="0.717" wordID="SIL" beginTime="37.560" endTime="37.600"/>
    </wordsequence>
  </speech>
  <speech label="SPK03-010" begintime="37.62" endtime="40.11" >
    <wordsequence>
      <word confidence="0.748" wordID="ja" beginTime="37.620" endTime="40.110"/>
    </wordsequence>
  </speech>
  <speech label="SPK03-011" begintime="40.13" endtime="43.84" >
    <wordsequence>
      <word confidence="0.752" wordID="ja" beginTime="40.130" endTime="43.840"/>
    </wordsequence>
  </speech>
  <speech label="SPK03-012" begintime="43.86" endtime="46.67" >
    <wordsequence>
      <word confidence="0.750" wordID="SIL" beginTime="43.860" endTime="43.880"/>
      <word confidence="0.747" wordID="ja" beginTime="43.880" endTime="46.670"/>
    </wordsequence>
  </speech>
  <speech label="SPK03-013" begintime="46.69" endtime="49.29" >
    <wordsequence>
      <word confidence="0.745" wordID="ja" beginTime="46.690" endTime="49.190"/>
      <word confidence="0.729" wordID="SIL" beginTime="49.190" endTime="49.290"/>
    </wordsequence>
  </speech>
  <speech label="SPK03-014" begintime="49.31" endtime="53.00" >
    <wordsequence>
      <word confidence="0.749" wordID="ja" beginTime="49.310" endTime="53.000"/>
    </wordsequence>
  </speech>
  <speech label="SPK03-015" begintime="53.02" endtime="57.62" >
    <wordsequence>
      <word confidence="0.716" wordID="SIL" beginTime="53.020" endTime="53.050"/>
      <word confidence="0.750" wordID="ja" beginTime="53.050" endTime="57.620"/>
    </wordsequence>
  </speech>
  <speech label="SPK03-016" begintime="57.64" endtime="61.31" >
    <wordsequence>
      <word confidence="0.741" wordID="ja" beginTime="57.640" endTime="61.310"/>
    </wordsequence>
  </speech>
  <speech label="SPK03-017" begintime="61.33" endtime="65.25" >
    <wordsequence>
      <word confidence="0.746" wordID="ja" beginTime="61.330" endTime="65.250"/>
    </wordsequence>
  </speech>
  <speech label="SPK03-018" begintime="65.27" endtime="68.17" >
    <wordsequence>
      <word confidence="0.749" wordID="ja" beginTime="65.270" endTime="68.170"/>
    </wordsequence>
  </speech>
  <speech label="SPK03-019" begintime="68.19" endtime="71.69" >
    <wordsequence>
      <word confidence="0.742" wordID="ja" beginTime="68.190" endTime="71.690"/>
    </wordsequence>
  </speech>
  <speech label="SPK03-020" begintime="71.71" endtime="75.30" >
    <wordsequence>
      <word confidence="0.750" wordID="SIL" beginTime="71.710" endTime="71.720"/>
      <word confidence="0.748" wordID="ja" beginTime="71.720" endTime="75.280"/>
      <word confidence="0.983" wordID="SIL" beginTime="75.280" endTime="75.300"/>
    </wordsequence>
  </speech>

  </segments>
</shout_metadata>
