<?xml version="1.0" encoding="UTF-8"?>
<!--
  ##################################################################################################
  ###                      This transcription is automatically generated by                      ###
  ###                              X-MI, Cross-Media interaction                                 ###
  ###                                    http://x-mi.nl                                          ###
  ##################################################################################################
-->
<shout_metadata>
  <model_info>
    <version>Standaard systeem 28-02-2012</version>
    <description>Academia</description>
  </model_info>
  <segments>
  <speech label="SPK01-001" begintime="0.00" endtime="3.61" >
    <wordsequence>
      <word confidence="0.795" wordID="uw" beginTime="0.000" endTime="0.430"/>
      <word confidence="0.664" wordID="SIL" beginTime="0.430" endTime="0.440"/>
      <word confidence="0.809" wordID="ja" beginTime="0.440" endTime="3.610"/>
    </wordsequence>
  </speech>
  <speech label="SPK01-002" begintime="3.63" endtime="6.66" >
    <wordsequence>
      <word confidence="0.747" wordID="ja" beginTime="3.630" endTime="6.660"/>
    </wordsequence>
  </speech>
  <speech label="SPK01-003" begintime="6.68" endtime="9.92" >
    <wordsequence>
      <word confidence="0.738" wordID="ja" beginTime="6.680" endTime="9.920"/>
    </wordsequence>
  </speech>
  <speech label="SPK01-004" begintime="9.94" endtime="13.76" >
    <wordsequence>
      <word confidence="0.746" wordID="ja" beginTime="9.940" endTime="13.760"/>
    </wordsequence>
  </speech>
  <speech label="SPK01-005" begintime="13.78" endtime="16.48" >
    <wordsequence>
      <word confidence="0.744" wordID="ja" beginTime="13.780" endTime="16.480"/>
    </wordsequence>
  </speech>
  <speech label="SPK01-006" begintime="16.50" endtime="19.50" >
    <wordsequence>
      <word confidence="0.742" wordID="ja" beginTime="16.500" endTime="19.500"/>
    </wordsequence>
  </speech>
  <speech label="SPK01-007" begintime="19.52" endtime="22.55" >
    <wordsequence>
      <word confidence="0.744" wordID="ja" beginTime="19.520" endTime="22.490"/>
      <word confidence="0.702" wordID="SIL" beginTime="22.490" endTime="22.550"/>
    </wordsequence>
  </speech>
  <speech label="SPK01-008" begintime="22.57" endtime="27.10" >
    <wordsequence>
      <word confidence="0.747" wordID="ja" beginTime="22.570" endTime="27.100"/>
    </wordsequence>
  </speech>
  <speech label="SPK01-009" begintime="27.12" endtime="31.00" >
    <wordsequence>
      <word confidence="0.749" wordID="ja" beginTime="27.120" endTime="31.000"/>
    </wordsequence>
  </speech>
  <speech label="SPK01-010" begintime="31.02" endtime="33.94" >
    <wordsequence>
      <word confidence="0.746" wordID="ja" beginTime="31.020" endTime="33.940"/>
    </wordsequence>
  </speech>
  <speech label="SPK01-011" begintime="33.96" endtime="37.32" >
    <wordsequence>
      <word confidence="0.745" wordID="ja" beginTime="33.960" endTime="37.320"/>
    </wordsequence>
  </speech>
  <speech label="SPK01-012" begintime="37.34" endtime="40.69" >
    <wordsequence>
      <word confidence="0.745" wordID="ja" beginTime="37.340" endTime="40.690"/>
    </wordsequence>
  </speech>

  </segments>
</shout_metadata>
