<?xml version="1.0" encoding="UTF-8"?>
<!--
  ##################################################################################################
  ###                      This transcription is automatically generated by                      ###
  ###                              X-MI, Cross-Media interaction                                 ###
  ###                                    http://x-mi.nl                                          ###
  ##################################################################################################
-->
<shout_metadata>
  <model_info>
    <version>Standaard systeem 28-02-2012</version>
    <description>Academia</description>
  </model_info>
  <segments>
  <speech label="SPK02-001" begintime="0.00" endtime="2.82" >
    <wordsequence>
      <word confidence="0.795" wordID="uw" beginTime="0.000" endTime="0.410"/>
      <word confidence="0.771" wordID="SIL" beginTime="0.410" endTime="0.430"/>
      <word confidence="0.820" wordID="ja" beginTime="0.430" endTime="2.820"/>
    </wordsequence>
  </speech>
  <speech label="SPK02-002" begintime="2.84" endtime="6.77" >
    <wordsequence>
      <word confidence="0.745" wordID="ja" beginTime="2.840" endTime="6.770"/>
    </wordsequence>
  </speech>
  <speech label="SPK02-003" begintime="6.79" endtime="10.09" >
    <wordsequence>
      <word confidence="0.745" wordID="ja" beginTime="6.790" endTime="10.090"/>
    </wordsequence>
  </speech>
  <speech label="SPK02-004" begintime="10.11" endtime="14.73" >
    <wordsequence>
      <word confidence="0.744" wordID="ja" beginTime="10.110" endTime="14.730"/>
    </wordsequence>
  </speech>
  <speech label="SPK02-005" begintime="14.75" endtime="18.22" >
    <wordsequence>
      <word confidence="0.748" wordID="ja" beginTime="14.750" endTime="18.220"/>
    </wordsequence>
  </speech>
  <speech label="SPK02-006" begintime="18.24" endtime="23.01" >
    <wordsequence>
      <word confidence="0.743" wordID="ja" beginTime="18.240" endTime="23.010"/>
    </wordsequence>
  </speech>
  <speech label="SPK02-007" begintime="23.03" endtime="27.63" >
    <wordsequence>
      <word confidence="0.746" wordID="ja" beginTime="23.030" endTime="27.630"/>
    </wordsequence>
  </speech>
  <speech label="SPK02-008" begintime="27.65" endtime="30.84" >
    <wordsequence>
      <word confidence="0.746" wordID="ja" beginTime="27.650" endTime="30.840"/>
    </wordsequence>
  </speech>
  <speech label="SPK02-009" begintime="30.86" endtime="34.21" >
    <wordsequence>
      <word confidence="0.748" wordID="ja" beginTime="30.860" endTime="34.210"/>
    </wordsequence>
  </speech>
  <speech label="SPK02-010" begintime="34.23" endtime="39.73" >
    <wordsequence>
      <word confidence="0.747" wordID="ja" beginTime="34.230" endTime="39.730"/>
    </wordsequence>
  </speech>
  <speech label="SPK02-011" begintime="39.75" endtime="43.30" >
    <wordsequence>
      <word confidence="0.744" wordID="ja" beginTime="39.750" endTime="43.300"/>
    </wordsequence>
  </speech>

  </segments>
</shout_metadata>
