<?xml version="1.0" encoding="UTF-8"?>
<!--
  ##################################################################################################
  ###                      This transcription is automatically generated by                      ###
  ###                              X-MI, Cross-Media interaction                                 ###
  ###                                    http://x-mi.nl                                          ###
  ##################################################################################################
-->
<shout_metadata>
  <model_info>
    <version>Standaard systeem 28-02-2012</version>
    <description>Academia</description>
  </model_info>
  <segments>
  <speech label="SPK01-001" begintime="0.00" endtime="5.54" >
    <wordsequence>
      <word confidence="0.810" wordID="ucla" beginTime="0.000" endTime="5.490"/>
      <word confidence="0.774" wordID="SIL" beginTime="5.490" endTime="5.540"/>
    </wordsequence>
  </speech>
  <speech label="SPK01-002" begintime="5.56" endtime="8.96" >
    <wordsequence>
      <word confidence="0.750" wordID="ja" beginTime="5.560" endTime="8.960"/>
    </wordsequence>
  </speech>
  <speech label="SPK01-003" begintime="8.98" endtime="12.64" >
    <wordsequence>
      <word confidence="0.752" wordID="ja" beginTime="8.980" endTime="12.640"/>
    </wordsequence>
  </speech>
  <speech label="SPK01-004" begintime="12.66" endtime="17.48" >
    <wordsequence>
      <word confidence="0.750" wordID="SIL" beginTime="12.660" endTime="12.670"/>
      <word confidence="0.746" wordID="ja" beginTime="12.670" endTime="17.480"/>
    </wordsequence>
  </speech>
  <speech label="SPK01-005" begintime="17.50" endtime="20.30" >
    <wordsequence>
      <word confidence="0.745" wordID="ja" beginTime="17.500" endTime="20.300"/>
    </wordsequence>
  </speech>
  <speech label="SPK01-006" begintime="20.32" endtime="24.47" >
    <wordsequence>
      <word confidence="0.751" wordID="ja" beginTime="20.320" endTime="24.470"/>
    </wordsequence>
  </speech>
  <speech label="SPK01-007" begintime="24.49" endtime="27.25" >
    <wordsequence>
      <word confidence="0.750" wordID="SIL" beginTime="24.490" endTime="24.500"/>
      <word confidence="0.747" wordID="ja" beginTime="24.500" endTime="27.240"/>
      <word confidence="0.685" wordID="SIL" beginTime="27.240" endTime="27.250"/>
    </wordsequence>
  </speech>
  <speech label="SPK01-008" begintime="27.27" endtime="32.07" >
    <wordsequence>
      <word confidence="0.750" wordID="SIL" beginTime="27.270" endTime="27.280"/>
      <word confidence="0.750" wordID="ja" beginTime="27.280" endTime="32.070"/>
    </wordsequence>
  </speech>
  <speech label="SPK01-009" begintime="32.09" endtime="37.71" >
    <wordsequence>
      <word confidence="0.748" wordID="ja" beginTime="32.090" endTime="35.710"/>
      <word confidence="0.737" wordID="SIL" beginTime="35.710" endTime="35.720"/>
      <word confidence="0.747" wordID="ik" beginTime="35.720" endTime="37.650"/>
      <word confidence="0.750" wordID="SIL" beginTime="37.650" endTime="37.710"/>
    </wordsequence>
  </speech>
  <speech label="SPK01-010" begintime="37.73" endtime="40.34" >
    <wordsequence>
      <word confidence="0.745" wordID="ja" beginTime="37.730" endTime="40.340"/>
    </wordsequence>
  </speech>
  <speech label="SPK01-011" begintime="40.36" endtime="45.35" >
    <wordsequence>
      <word confidence="0.751" wordID="ja" beginTime="40.360" endTime="45.350"/>
    </wordsequence>
  </speech>
  <speech label="SPK01-012" begintime="45.37" endtime="50.04" >
    <wordsequence>
      <word confidence="0.748" wordID="ja" beginTime="45.370" endTime="50.040"/>
    </wordsequence>
  </speech>
  <speech label="SPK01-013" begintime="50.06" endtime="53.58" >
    <wordsequence>
      <word confidence="0.743" wordID="ja" beginTime="50.060" endTime="53.580"/>
    </wordsequence>
  </speech>
  <speech label="SPK01-014" begintime="53.60" endtime="56.96" >
    <wordsequence>
      <word confidence="0.750" wordID="SIL" beginTime="53.600" endTime="53.610"/>
      <word confidence="0.749" wordID="ja" beginTime="53.610" endTime="56.960"/>
    </wordsequence>
  </speech>
  <speech label="SPK01-015" begintime="56.98" endtime="59.86" >
    <wordsequence>
      <word confidence="0.750" wordID="ja" beginTime="56.980" endTime="59.850"/>
      <word confidence="0.713" wordID="SIL" beginTime="59.850" endTime="59.860"/>
    </wordsequence>
  </speech>
  <speech label="SPK01-016" begintime="59.88" endtime="64.82" >
    <wordsequence>
      <word confidence="0.749" wordID="ja" beginTime="59.880" endTime="64.820"/>
    </wordsequence>
  </speech>
  <speech label="SPK01-017" begintime="64.84" endtime="69.38" >
    <wordsequence>
      <word confidence="0.750" wordID="ja" beginTime="64.840" endTime="69.370"/>
      <word confidence="0.762" wordID="SIL" beginTime="69.370" endTime="69.380"/>
    </wordsequence>
  </speech>
  <speech label="SPK01-018" begintime="69.40" endtime="72.49" >
    <wordsequence>
      <word confidence="0.749" wordID="ja" beginTime="69.400" endTime="72.490"/>
    </wordsequence>
  </speech>
  <speech label="SPK01-019" begintime="72.51" endtime="75.90" >
    <wordsequence>
      <word confidence="0.718" wordID="SIL" beginTime="72.510" endTime="72.590"/>
      <word confidence="0.749" wordID="ja" beginTime="72.590" endTime="75.900"/>
    </wordsequence>
  </speech>
  <speech label="SPK01-020" begintime="75.92" endtime="79.45" >
    <wordsequence>
      <word confidence="0.752" wordID="ja" beginTime="75.920" endTime="79.450"/>
    </wordsequence>
  </speech>
  <speech label="SPK01-021" begintime="79.47" endtime="83.30" >
    <wordsequence>
      <word confidence="0.744" wordID="ja" beginTime="79.470" endTime="83.270"/>
      <word confidence="0.900" wordID="SIL" beginTime="83.270" endTime="83.300"/>
    </wordsequence>
  </speech>

  </segments>
</shout_metadata>
