<?xml version="1.0" encoding="UTF-8"?>
<!--
  ##################################################################################################
  ###                      This transcription is automatically generated by                      ###
  ###                              X-MI, Cross-Media interaction                                 ###
  ###                                    http://x-mi.nl                                          ###
  ##################################################################################################
-->
<shout_metadata>
  <model_info>
    <version>Standaard systeem 28-02-2012</version>
    <description>Academia</description>
  </model_info>
  <segments>
  <speech label="SPK02-001" begintime="1.07" endtime="5.92" >
    <wordsequence>
      <word confidence="0.833" wordID="het" beginTime="1.070" endTime="1.630"/>
      <word confidence="0.861" wordID="is" beginTime="1.630" endTime="1.740"/>
      <word confidence="0.750" wordID="SIL" beginTime="1.740" endTime="2.010"/>
      <word confidence="0.829" wordID="zaterdagavond" beginTime="2.010" endTime="3.080"/>
      <word confidence="0.749" wordID="SIL" beginTime="3.080" endTime="3.240"/>
      <word confidence="0.869" wordID="maar" beginTime="3.240" endTime="3.390"/>
      <word confidence="0.905" wordID="toch" beginTime="3.390" endTime="3.530"/>
      <word confidence="0.819" wordID="nog" beginTime="3.530" endTime="3.780"/>
      <word confidence="0.739" wordID="SIL" beginTime="3.780" endTime="3.790"/>
      <word confidence="0.934" wordID="buiten" beginTime="3.790" endTime="4.070"/>
      <word confidence="0.960" wordID="z&apos;n" beginTime="4.070" endTime="4.200"/>
      <word confidence="0.885" wordID="twintig" beginTime="4.200" endTime="4.450"/>
      <word confidence="0.742" wordID="SIL" beginTime="4.450" endTime="4.460"/>
      <word confidence="0.904" wordID="landen" beginTime="4.460" endTime="4.760"/>
      <word confidence="0.905" wordID="toppen" beginTime="4.760" endTime="5.120"/>
      <word confidence="0.840" wordID="in" beginTime="5.120" endTime="5.260"/>
      <word confidence="0.749" wordID="SIL" beginTime="5.260" endTime="5.370"/>
      <word confidence="0.813" wordID="het" beginTime="5.370" endTime="5.620"/>
      <word confidence="0.935" wordID="derde" beginTime="5.620" endTime="5.920"/>
    </wordsequence>
  </speech>
  <speech label="SPK02-002" begintime="5.94" endtime="8.83" >
    <wordsequence>
      <word confidence="0.868" wordID="op" beginTime="5.940" endTime="6.060"/>
      <word confidence="0.892" wordID="SIL" beginTime="6.060" endTime="6.070"/>
      <word confidence="0.964" wordID="deze" beginTime="6.070" endTime="6.320"/>
      <word confidence="0.927" wordID="romme" beginTime="6.320" endTime="6.590"/>
      <word confidence="0.671" wordID="SIL" beginTime="6.590" endTime="6.600"/>
      <word confidence="0.915" wordID="congres" beginTime="6.600" endTime="7.200"/>
      <word confidence="0.840" wordID="SIL" beginTime="7.200" endTime="7.450"/>
      <word confidence="0.982" wordID="en" beginTime="7.450" endTime="7.530"/>
      <word confidence="0.919" wordID="die" beginTime="7.530" endTime="7.680"/>
      <word confidence="0.746" wordID="SIL" beginTime="7.680" endTime="7.700"/>
      <word confidence="0.830" wordID="op" beginTime="7.700" endTime="7.830"/>
      <word confidence="0.967" wordID="dat" beginTime="7.830" endTime="8.010"/>
      <word confidence="1.000" wordID="wat" beginTime="8.010" endTime="8.160"/>
      <word confidence="0.862" wordID="in" beginTime="8.160" endTime="8.290"/>
      <word confidence="0.883" wordID="geland" beginTime="8.290" endTime="8.790"/>
      <word confidence="0.748" wordID="SIL" beginTime="8.790" endTime="8.830"/>
    </wordsequence>
  </speech>
  <speech label="SPK04-003" begintime="8.85" endtime="11.68" >
    <wordsequence>
      <word confidence="0.790" wordID="het" beginTime="8.850" endTime="8.960"/>
      <word confidence="0.760" wordID="SIL" beginTime="8.960" endTime="9.120"/>
      <word confidence="0.881" wordID="niet" beginTime="9.120" endTime="9.310"/>
      <word confidence="0.810" wordID="op" beginTime="9.310" endTime="9.470"/>
      <word confidence="0.812" wordID="SIL" beginTime="9.470" endTime="9.510"/>
      <word confidence="0.813" wordID="met" beginTime="9.510" endTime="9.740"/>
      <word confidence="0.866" wordID="die" beginTime="9.740" endTime="9.850"/>
      <word confidence="0.749" wordID="SIL" beginTime="9.850" endTime="9.860"/>
      <word confidence="0.835" wordID="bestrijdingsmiddelen" beginTime="9.860" endTime="10.730"/>
      <word confidence="0.795" wordID="SIL" beginTime="10.730" endTime="11.090"/>
      <word confidence="0.974" wordID="doctor" beginTime="11.090" endTime="11.330"/>
      <word confidence="0.743" wordID="SIL" beginTime="11.330" endTime="11.340"/>
      <word confidence="0.989" wordID="jan" beginTime="11.340" endTime="11.540"/>
      <word confidence="0.929" wordID="van" beginTime="11.540" endTime="11.680"/>
    </wordsequence>
  </speech>
  <speech label="SPK02-004" begintime="11.70" endtime="12.18" >
    <wordsequence>
      <word confidence="1.000" wordID="bremen" beginTime="11.700" endTime="12.110"/>
      <word confidence="0.776" wordID="SIL" beginTime="12.110" endTime="12.180"/>
    </wordsequence>
  </speech>
  <speech label="SPK02-005" begintime="12.21" endtime="18.42" >
    <wordsequence>
      <word confidence="0.750" wordID="SIL" beginTime="12.210" endTime="12.780"/>
      <word confidence="0.821" wordID="er" beginTime="12.780" endTime="13.170"/>
      <word confidence="0.749" wordID="SIL" beginTime="13.170" endTime="13.270"/>
      <word confidence="0.812" wordID="is" beginTime="13.270" endTime="13.610"/>
      <word confidence="0.746" wordID="SIL" beginTime="13.610" endTime="13.640"/>
      <word confidence="0.757" wordID="een" beginTime="13.640" endTime="13.780"/>
      <word confidence="0.741" wordID="SIL" beginTime="13.780" endTime="13.790"/>
      <word confidence="0.987" wordID="van" beginTime="13.790" endTime="13.900"/>
      <word confidence="1.000" wordID="de" beginTime="13.900" endTime="13.980"/>
      <word confidence="0.837" wordID="vertegenwoordiger" beginTime="13.980" endTime="14.580"/>
      <word confidence="0.975" wordID="van" beginTime="14.580" endTime="14.680"/>
      <word confidence="0.964" wordID="de" beginTime="14.680" endTime="14.740"/>
      <word confidence="0.910" wordID="coulissen" beginTime="14.740" endTime="15.110"/>
      <word confidence="0.991" wordID="jongkind" beginTime="15.110" endTime="15.420"/>
      <word confidence="0.747" wordID="SIL" beginTime="15.420" endTime="15.440"/>
      <word confidence="0.933" wordID="geweld" beginTime="15.440" endTime="15.780"/>
      <word confidence="0.750" wordID="SIL" beginTime="15.780" endTime="16.210"/>
      <word confidence="0.952" wordID="wordt" beginTime="16.210" endTime="16.380"/>
      <word confidence="0.797" wordID="niet" beginTime="16.380" endTime="16.530"/>
      <word confidence="0.748" wordID="SIL" beginTime="16.530" endTime="16.560"/>
      <word confidence="0.946" wordID="tot" beginTime="16.560" endTime="16.770"/>
      <word confidence="0.741" wordID="SIL" beginTime="16.770" endTime="16.780"/>
      <word confidence="0.851" wordID="een" beginTime="16.780" endTime="16.840"/>
      <word confidence="1.000" wordID="uur" beginTime="16.840" endTime="16.950"/>
      <word confidence="0.877" wordID="op" beginTime="16.950" endTime="17.130"/>
      <word confidence="0.879" wordID="de" beginTime="17.130" endTime="17.210"/>
      <word confidence="1.000" wordID="openingsrede" beginTime="17.210" endTime="17.810"/>
      <word confidence="0.981" wordID="aan" beginTime="17.810" endTime="17.980"/>
      <word confidence="0.750" wordID="SIL" beginTime="17.980" endTime="18.420"/>
    </wordsequence>
  </speech>
  <speech label="SPK02-006" begintime="18.45" endtime="23.33" >
    <wordsequence>
      <word confidence="0.750" wordID="SIL" beginTime="18.450" endTime="18.860"/>
      <word confidence="0.970" wordID="hij" beginTime="18.860" endTime="18.980"/>
      <word confidence="0.965" wordID="op" beginTime="18.980" endTime="19.250"/>
      <word confidence="0.869" wordID="de" beginTime="19.250" endTime="19.460"/>
      <word confidence="0.741" wordID="SIL" beginTime="19.460" endTime="19.470"/>
      <word confidence="0.876" wordID="dat" beginTime="19.470" endTime="19.630"/>
      <word confidence="0.745" wordID="SIL" beginTime="19.630" endTime="19.640"/>
      <word confidence="0.859" wordID="is" beginTime="19.640" endTime="19.790"/>
      <word confidence="1.000" wordID="dus" beginTime="19.790" endTime="19.930"/>
      <word confidence="0.861" wordID="niet" beginTime="19.930" endTime="20.250"/>
      <word confidence="0.974" wordID="ik" beginTime="20.250" endTime="20.410"/>
      <word confidence="0.997" wordID="zal" beginTime="20.410" endTime="20.600"/>
      <word confidence="0.915" wordID="bijdragen" beginTime="20.600" endTime="21.240"/>
      <word confidence="0.749" wordID="SIL" beginTime="21.240" endTime="21.440"/>
      <word confidence="1.000" wordID="tot" beginTime="21.440" endTime="21.610"/>
      <word confidence="0.917" wordID="oplossing" beginTime="21.610" endTime="22.190"/>
      <word confidence="0.748" wordID="SIL" beginTime="22.190" endTime="22.250"/>
      <word confidence="0.896" wordID="van" beginTime="22.250" endTime="22.370"/>
      <word confidence="0.812" wordID="het" beginTime="22.370" endTime="22.460"/>
      <word confidence="0.925" wordID="allemaal" beginTime="22.460" endTime="22.740"/>
      <word confidence="0.858" wordID="prachtig" beginTime="22.740" endTime="23.330"/>
    </wordsequence>
  </speech>
  <speech label="SPK09-007" begintime="23.35" endtime="26.73" >
    <wordsequence>
      <word confidence="0.644" wordID="SIL" beginTime="23.350" endTime="23.380"/>
      <word confidence="0.930" wordID="luik" beginTime="23.380" endTime="23.660"/>
      <word confidence="0.889" wordID="operation" beginTime="23.660" endTime="24.450"/>
      <word confidence="0.900" wordID="SIL" beginTime="24.450" endTime="24.660"/>
      <word confidence="0.817" wordID="nog" beginTime="24.660" endTime="25.130"/>
      <word confidence="0.749" wordID="SIL" beginTime="25.130" endTime="25.220"/>
      <word confidence="0.856" wordID="maar" beginTime="25.220" endTime="25.470"/>
      <word confidence="0.935" wordID="eens" beginTime="25.470" endTime="25.800"/>
      <word confidence="0.747" wordID="SIL" beginTime="25.800" endTime="25.820"/>
      <word confidence="0.834" wordID="konden" beginTime="25.820" endTime="26.320"/>
      <word confidence="0.750" wordID="SIL" beginTime="26.320" endTime="26.730"/>
    </wordsequence>
  </speech>
  <speech label="SPK09-008" begintime="26.75" endtime="29.93" >
    <wordsequence>
      <word confidence="0.750" wordID="SIL" beginTime="26.750" endTime="27.050"/>
      <word confidence="0.855" wordID="werden" beginTime="27.050" endTime="27.590"/>
      <word confidence="0.749" wordID="SIL" beginTime="27.590" endTime="27.760"/>
      <word confidence="0.821" wordID="er" beginTime="27.760" endTime="27.910"/>
      <word confidence="0.946" wordID="staan" beginTime="27.910" endTime="28.100"/>
      <word confidence="0.840" wordID="allemaal" beginTime="28.100" endTime="28.820"/>
      <word confidence="0.749" wordID="SIL" beginTime="28.820" endTime="29.210"/>
      <word confidence="0.849" wordID="helaas" beginTime="29.210" endTime="29.830"/>
      <word confidence="0.838" wordID="voor" beginTime="29.830" endTime="29.930"/>
    </wordsequence>
  </speech>
  <speech label="SPK11-009" begintime="29.95" endtime="32.51" >
    <wordsequence>
      <word confidence="0.765" wordID="de" beginTime="29.950" endTime="30.060"/>
      <word confidence="0.891" wordID="show" beginTime="30.060" endTime="30.410"/>
      <word confidence="0.745" wordID="SIL" beginTime="30.410" endTime="30.420"/>
      <word confidence="0.826" wordID="met" beginTime="30.420" endTime="30.560"/>
      <word confidence="0.963" wordID="SIL" beginTime="30.560" endTime="30.590"/>
      <word confidence="0.855" wordID="problemen" beginTime="30.590" endTime="31.280"/>
      <word confidence="0.845" wordID="SIL" beginTime="31.280" endTime="31.290"/>
      <word confidence="0.930" wordID="dure" beginTime="31.290" endTime="31.620"/>
      <word confidence="0.920" wordID="martins" beginTime="31.620" endTime="32.060"/>
      <word confidence="0.826" wordID="SIL" beginTime="32.060" endTime="32.510"/>
    </wordsequence>
  </speech>
  <speech label="SPK11-010" begintime="32.86" endtime="33.42" >
    <wordsequence>
      <word confidence="0.750" wordID="SIL" beginTime="32.860" endTime="33.330"/>
      <word confidence="1.000" wordID="al" beginTime="33.330" endTime="33.420"/>
    </wordsequence>
  </speech>
  <speech label="SPK09-011" begintime="33.44" endtime="37.48" >
    <wordsequence>
      <word confidence="0.949" wordID="lex" beginTime="33.440" endTime="33.680"/>
      <word confidence="0.888" wordID="SIL" beginTime="33.680" endTime="33.710"/>
      <word confidence="0.885" wordID="riemans" beginTime="33.710" endTime="34.170"/>
      <word confidence="0.978" wordID="address" beginTime="34.170" endTime="34.560"/>
      <word confidence="0.746" wordID="SIL" beginTime="34.560" endTime="34.600"/>
      <word confidence="0.841" wordID="naar" beginTime="34.600" endTime="34.960"/>
      <word confidence="0.749" wordID="SIL" beginTime="34.960" endTime="35.270"/>
      <word confidence="0.883" wordID="chili" beginTime="35.270" endTime="35.560"/>
      <word confidence="0.837" wordID="kan" beginTime="35.560" endTime="36.030"/>
      <word confidence="0.748" wordID="SIL" beginTime="36.030" endTime="36.100"/>
      <word confidence="0.898" wordID="dan" beginTime="36.100" endTime="36.250"/>
      <word confidence="0.852" wordID="komt" beginTime="36.250" endTime="36.540"/>
      <word confidence="0.869" wordID="er" beginTime="36.540" endTime="36.690"/>
      <word confidence="0.749" wordID="SIL" beginTime="36.690" endTime="36.860"/>
      <word confidence="0.855" wordID="een" beginTime="36.860" endTime="36.950"/>
      <word confidence="0.847" wordID="tweede" beginTime="36.950" endTime="37.280"/>
      <word confidence="0.749" wordID="SIL" beginTime="37.280" endTime="37.480"/>
    </wordsequence>
  </speech>
  <speech label="SPK13-012" begintime="37.50" endtime="40.63" >
    <wordsequence>
      <word confidence="0.766" wordID="ja" beginTime="37.500" endTime="39.430"/>
      <word confidence="0.878" wordID="SIL" beginTime="39.430" endTime="39.490"/>
      <word confidence="0.736" wordID="ja" beginTime="39.490" endTime="40.630"/>
    </wordsequence>
  </speech>
  <speech label="SPK02-013" begintime="40.65" endtime="44.88" >
    <wordsequence>
      <word confidence="0.843" wordID="anders" beginTime="40.650" endTime="40.990"/>
      <word confidence="0.781" wordID="dan" beginTime="40.990" endTime="41.180"/>
      <word confidence="0.877" wordID="de" beginTime="41.180" endTime="41.250"/>
      <word confidence="0.670" wordID="SIL" beginTime="41.250" endTime="41.260"/>
      <word confidence="0.820" wordID="vormen" beginTime="41.260" endTime="41.600"/>
      <word confidence="0.895" wordID="van" beginTime="41.600" endTime="41.800"/>
      <word confidence="0.737" wordID="SIL" beginTime="41.800" endTime="41.810"/>
      <word confidence="0.881" wordID="wat" beginTime="41.810" endTime="42.030"/>
      <word confidence="1.000" wordID="ie" beginTime="42.030" endTime="42.170"/>
      <word confidence="0.765" wordID="SIL" beginTime="42.170" endTime="42.180"/>
      <word confidence="0.928" wordID="is" beginTime="42.180" endTime="42.360"/>
      <word confidence="0.896" wordID="de" beginTime="42.360" endTime="42.460"/>
      <word confidence="0.701" wordID="SIL" beginTime="42.460" endTime="42.470"/>
      <word confidence="0.969" wordID="chronisch" beginTime="42.470" endTime="42.830"/>
      <word confidence="0.913" wordID="zieken" beginTime="42.830" endTime="43.030"/>
      <word confidence="0.899" wordID="oprichter" beginTime="43.030" endTime="43.500"/>
      <word confidence="0.962" wordID="matic" beginTime="43.500" endTime="43.810"/>
      <word confidence="0.835" wordID="dat" beginTime="43.810" endTime="43.980"/>
      <word confidence="0.844" wordID="SIL" beginTime="43.980" endTime="43.990"/>
      <word confidence="0.937" wordID="ernstigste" beginTime="43.990" endTime="44.610"/>
      <word confidence="0.756" wordID="SIL" beginTime="44.610" endTime="44.880"/>
    </wordsequence>
  </speech>
  <speech label="SPK02-014" begintime="44.91" endtime="47.48" >
    <wordsequence>
      <word confidence="0.750" wordID="SIL" beginTime="44.910" endTime="45.230"/>
      <word confidence="0.910" wordID="zij" beginTime="45.230" endTime="45.380"/>
      <word confidence="1.000" wordID="kan" beginTime="45.380" endTime="45.600"/>
      <word confidence="0.973" wordID="soms" beginTime="45.600" endTime="45.850"/>
      <word confidence="0.936" wordID="leiden" beginTime="45.850" endTime="46.220"/>
      <word confidence="0.963" wordID="tot" beginTime="46.220" endTime="46.380"/>
      <word confidence="0.746" wordID="SIL" beginTime="46.380" endTime="46.410"/>
      <word confidence="0.909" wordID="blijvende" beginTime="46.410" endTime="46.820"/>
      <word confidence="0.863" wordID="invaliditeit" beginTime="46.820" endTime="47.480"/>
    </wordsequence>
  </speech>
  <speech label="SPK01-015" begintime="47.50" endtime="50.56" >
    <wordsequence>
      <word confidence="0.750" wordID="SIL" beginTime="47.500" endTime="47.640"/>
      <word confidence="0.760" wordID="ja" beginTime="47.640" endTime="49.800"/>
      <word confidence="0.665" wordID="SIL" beginTime="49.800" endTime="49.810"/>
      <word confidence="0.795" wordID="er" beginTime="49.810" endTime="50.160"/>
      <word confidence="0.908" wordID="SIL" beginTime="50.160" endTime="50.190"/>
      <word confidence="0.786" wordID="is" beginTime="50.190" endTime="50.560"/>
    </wordsequence>
  </speech>
  <speech label="SPK02-016" begintime="50.58" endtime="55.16" >
    <wordsequence>
      <word confidence="0.720" wordID="SIL" beginTime="50.580" endTime="50.700"/>
      <word confidence="0.731" wordID="de" beginTime="50.700" endTime="51.180"/>
      <word confidence="0.758" wordID="SIL" beginTime="51.180" endTime="51.200"/>
      <word confidence="0.954" wordID="laatste" beginTime="51.200" endTime="51.530"/>
      <word confidence="0.974" wordID="russen" beginTime="51.530" endTime="51.930"/>
      <word confidence="0.740" wordID="SIL" beginTime="51.930" endTime="51.940"/>
      <word confidence="0.870" wordID="van" beginTime="51.940" endTime="52.050"/>
      <word confidence="0.903" wordID="de" beginTime="52.050" endTime="52.150"/>
      <word confidence="0.872" wordID="regering" beginTime="52.150" endTime="52.690"/>
      <word confidence="0.749" wordID="SIL" beginTime="52.690" endTime="52.800"/>
      <word confidence="0.792" wordID="is" beginTime="52.800" endTime="53.500"/>
      <word confidence="0.766" wordID="SIL" beginTime="53.500" endTime="53.510"/>
      <word confidence="0.870" wordID="die" beginTime="53.510" endTime="53.640"/>
      <word confidence="0.728" wordID="SIL" beginTime="53.640" endTime="53.810"/>
      <word confidence="0.843" wordID="hier" beginTime="53.810" endTime="54.040"/>
      <word confidence="0.836" wordID="een" beginTime="54.040" endTime="54.130"/>
      <word confidence="0.931" wordID="onmisbaar" beginTime="54.130" endTime="54.650"/>
      <word confidence="0.914" wordID="onderdeel" beginTime="54.650" endTime="55.160"/>
    </wordsequence>
  </speech>
  <speech label="SPK04-017" begintime="55.18" endtime="58.39" >
    <wordsequence>
      <word confidence="0.843" wordID="op" beginTime="55.180" endTime="55.260"/>
      <word confidence="0.980" wordID="de" beginTime="55.260" endTime="55.320"/>
      <word confidence="0.922" wordID="behandeling" beginTime="55.320" endTime="55.730"/>
      <word confidence="0.920" wordID="van" beginTime="55.730" endTime="55.840"/>
      <word confidence="0.915" wordID="deze" beginTime="55.840" endTime="56.050"/>
      <word confidence="0.888" wordID="ziekte" beginTime="56.050" endTime="56.450"/>
      <word confidence="1.000" wordID="SIL" beginTime="56.450" endTime="56.730"/>
      <word confidence="0.987" wordID="die" beginTime="56.730" endTime="56.870"/>
      <word confidence="0.812" wordID="onder" beginTime="56.870" endTime="57.320"/>
      <word confidence="0.742" wordID="SIL" beginTime="57.320" endTime="57.330"/>
      <word confidence="0.838" wordID="druk" beginTime="57.330" endTime="57.600"/>
      <word confidence="0.782" wordID="SIL" beginTime="57.600" endTime="57.630"/>
      <word confidence="1.000" wordID="stonden" beginTime="57.630" endTime="57.960"/>
      <word confidence="1.000" wordID="kan" beginTime="57.960" endTime="58.110"/>
      <word confidence="0.906" wordID="treffen" beginTime="58.110" endTime="58.390"/>
    </wordsequence>
  </speech>
  <speech label="SPK05-018" begintime="58.41" endtime="60.92" >
    <wordsequence>
      <word confidence="0.744" wordID="het" beginTime="58.410" endTime="59.530"/>
      <word confidence="0.806" wordID="SIL" beginTime="59.530" endTime="59.540"/>
      <word confidence="0.792" wordID="is" beginTime="59.540" endTime="59.610"/>
      <word confidence="0.799" wordID="er" beginTime="59.610" endTime="60.090"/>
      <word confidence="0.757" wordID="SIL" beginTime="60.090" endTime="60.120"/>
      <word confidence="0.802" wordID="in" beginTime="60.120" endTime="60.540"/>
      <word confidence="0.747" wordID="ieder" beginTime="60.540" endTime="60.900"/>
      <word confidence="0.721" wordID="SIL" beginTime="60.900" endTime="60.920"/>
    </wordsequence>
  </speech>
  <speech label="SPK02-019" begintime="60.94" endtime="63.51" >
    <wordsequence>
      <word confidence="0.745" wordID="de" beginTime="60.940" endTime="61.170"/>
      <word confidence="0.753" wordID="SIL" beginTime="61.170" endTime="61.180"/>
      <word confidence="0.831" wordID="beweeglijkheid" beginTime="61.180" endTime="61.840"/>
      <word confidence="0.713" wordID="SIL" beginTime="61.840" endTime="61.850"/>
      <word confidence="1.000" wordID="van" beginTime="61.850" endTime="61.970"/>
      <word confidence="0.818" wordID="de" beginTime="61.970" endTime="62.080"/>
      <word confidence="0.889" wordID="SIL" beginTime="62.080" endTime="62.090"/>
      <word confidence="0.832" wordID="richtte" beginTime="62.090" endTime="62.540"/>
      <word confidence="0.812" wordID="de" beginTime="62.540" endTime="62.690"/>
      <word confidence="0.869" wordID="SIL" beginTime="62.690" endTime="62.740"/>
      <word confidence="0.782" wordID="werkt" beginTime="62.740" endTime="63.120"/>
      <word confidence="0.852" wordID="SIL" beginTime="63.120" endTime="63.320"/>
      <word confidence="0.936" wordID="dan" beginTime="63.320" endTime="63.510"/>
    </wordsequence>
  </speech>
  <speech label="SPK07-020" begintime="63.53" endtime="66.06" >
    <wordsequence>
      <word confidence="0.750" wordID="SIL" beginTime="63.530" endTime="63.680"/>
      <word confidence="0.793" wordID="als" beginTime="63.680" endTime="63.850"/>
      <word confidence="0.749" wordID="SIL" beginTime="63.850" endTime="63.930"/>
      <word confidence="0.786" wordID="je" beginTime="63.930" endTime="64.300"/>
      <word confidence="0.741" wordID="SIL" beginTime="64.300" endTime="64.310"/>
      <word confidence="0.849" wordID="op" beginTime="64.310" endTime="64.600"/>
      <word confidence="0.749" wordID="SIL" beginTime="64.600" endTime="64.700"/>
      <word confidence="0.788" wordID="een" beginTime="64.700" endTime="64.950"/>
      <word confidence="0.750" wordID="SIL" beginTime="64.950" endTime="66.060"/>
    </wordsequence>
  </speech>
  <speech label="SPK08-021" begintime="66.08" endtime="68.93" >
    <wordsequence>
      <word confidence="0.750" wordID="SIL" beginTime="66.080" endTime="66.090"/>
      <word confidence="0.738" wordID="ja" beginTime="66.090" endTime="67.320"/>
      <word confidence="0.819" wordID="SIL" beginTime="67.320" endTime="67.360"/>
      <word confidence="0.773" wordID="het" beginTime="67.360" endTime="67.600"/>
      <word confidence="0.812" wordID="is" beginTime="67.600" endTime="67.770"/>
      <word confidence="0.783" wordID="SIL" beginTime="67.770" endTime="68.010"/>
      <word confidence="0.747" wordID="een" beginTime="68.010" endTime="68.330"/>
      <word confidence="0.665" wordID="SIL" beginTime="68.330" endTime="68.340"/>
      <word confidence="0.736" wordID="van" beginTime="68.340" endTime="68.630"/>
      <word confidence="0.714" wordID="SIL" beginTime="68.630" endTime="68.670"/>
      <word confidence="0.743" wordID="de" beginTime="68.670" endTime="68.860"/>
      <word confidence="0.833" wordID="SIL" beginTime="68.860" endTime="68.930"/>
    </wordsequence>
  </speech>
  <speech label="SPK02-022" begintime="68.95" endtime="71.40" >
    <wordsequence>
      <word confidence="0.772" wordID="er" beginTime="68.950" endTime="69.700"/>
      <word confidence="0.736" wordID="SIL" beginTime="69.700" endTime="69.710"/>
      <word confidence="0.909" wordID="worden" beginTime="69.710" endTime="69.930"/>
      <word confidence="0.868" wordID="maar" beginTime="69.930" endTime="70.070"/>
      <word confidence="0.929" wordID="omdat" beginTime="70.070" endTime="70.370"/>
      <word confidence="0.868" wordID="de" beginTime="70.370" endTime="70.470"/>
      <word confidence="0.740" wordID="SIL" beginTime="70.470" endTime="70.480"/>
      <word confidence="0.894" wordID="therapie" beginTime="70.480" endTime="70.950"/>
      <word confidence="0.741" wordID="SIL" beginTime="70.950" endTime="70.960"/>
      <word confidence="0.899" wordID="werd" beginTime="70.960" endTime="71.130"/>
      <word confidence="0.917" wordID="omdat" beginTime="71.130" endTime="71.400"/>
    </wordsequence>
  </speech>
  <speech label="SPK11-023" begintime="71.42" endtime="75.28" >
    <wordsequence>
      <word confidence="0.843" wordID="ontworpen" beginTime="71.420" endTime="71.960"/>
      <word confidence="0.780" wordID="SIL" beginTime="71.960" endTime="72.030"/>
      <word confidence="0.774" wordID="in" beginTime="72.030" endTime="72.110"/>
      <word confidence="0.857" wordID="de" beginTime="72.110" endTime="72.190"/>
      <word confidence="0.741" wordID="SIL" beginTime="72.190" endTime="72.200"/>
      <word confidence="0.882" wordID="patiënt" beginTime="72.200" endTime="72.600"/>
      <word confidence="0.719" wordID="SIL" beginTime="72.600" endTime="72.640"/>
      <word confidence="0.836" wordID="ziet" beginTime="72.640" endTime="72.820"/>
      <word confidence="0.891" wordID="zoveel" beginTime="72.820" endTime="73.090"/>
      <word confidence="0.753" wordID="SIL" beginTime="73.090" endTime="73.200"/>
      <word confidence="0.979" wordID="mogelijk" beginTime="73.200" endTime="73.560"/>
      <word confidence="1.000" wordID="kan" beginTime="73.560" endTime="73.720"/>
      <word confidence="0.942" wordID="het" beginTime="73.720" endTime="73.800"/>
      <word confidence="0.856" wordID="niet" beginTime="73.800" endTime="74.060"/>
      <word confidence="0.790" wordID="SIL" beginTime="74.060" endTime="74.790"/>
      <word confidence="0.821" wordID="gelukkig" beginTime="74.790" endTime="75.280"/>
    </wordsequence>
  </speech>
  <speech label="SPK02-024" begintime="75.30" endtime="80.60" >
    <wordsequence>
      <word confidence="0.667" wordID="SIL" beginTime="75.300" endTime="75.370"/>
      <word confidence="0.736" wordID="de" beginTime="75.370" endTime="75.440"/>
      <word confidence="0.918" wordID="ernstigste" beginTime="75.440" endTime="75.950"/>
      <word confidence="0.848" wordID="branden" beginTime="75.950" endTime="76.280"/>
      <word confidence="0.924" wordID="allemaal" beginTime="76.280" endTime="76.760"/>
      <word confidence="0.923" wordID="gelijk" beginTime="76.760" endTime="77.020"/>
      <word confidence="0.688" wordID="SIL" beginTime="77.020" endTime="77.030"/>
      <word confidence="0.924" wordID="zelden" beginTime="77.030" endTime="77.410"/>
      <word confidence="0.965" wordID="voelen" beginTime="77.410" endTime="77.700"/>
      <word confidence="0.862" wordID="SIL" beginTime="77.700" endTime="77.870"/>
      <word confidence="0.824" wordID="er" beginTime="77.870" endTime="77.970"/>
      <word confidence="0.956" wordID="niet" beginTime="77.970" endTime="78.110"/>
      <word confidence="0.974" wordID="in" beginTime="78.110" endTime="78.190"/>
      <word confidence="0.991" wordID="de" beginTime="78.190" endTime="78.260"/>
      <word confidence="0.964" wordID="meeste" beginTime="78.260" endTime="78.540"/>
      <word confidence="0.953" wordID="gevallen" beginTime="78.540" endTime="78.940"/>
      <word confidence="0.999" wordID="SIL" beginTime="78.940" endTime="78.950"/>
      <word confidence="0.784" wordID="een" beginTime="78.950" endTime="79.060"/>
      <word confidence="0.876" wordID="eenvoudige" beginTime="79.060" endTime="79.500"/>
      <word confidence="0.885" wordID="behandeling" beginTime="79.500" endTime="79.910"/>
      <word confidence="0.862" wordID="voldoende" beginTime="79.910" endTime="80.300"/>
      <word confidence="0.960" wordID="SIL" beginTime="80.300" endTime="80.600"/>
    </wordsequence>
  </speech>
  <speech label="SPK02-025" begintime="80.93" endtime="84.44" >
    <wordsequence>
      <word confidence="0.750" wordID="SIL" beginTime="80.930" endTime="81.380"/>
      <word confidence="0.880" wordID="voor" beginTime="81.380" endTime="81.490"/>
      <word confidence="1.000" wordID="de" beginTime="81.490" endTime="81.550"/>
      <word confidence="0.945" wordID="bestudering" beginTime="81.550" endTime="82.160"/>
      <word confidence="0.875" wordID="van" beginTime="82.160" endTime="82.270"/>
      <word confidence="0.853" wordID="de" beginTime="82.270" endTime="82.380"/>
      <word confidence="0.738" wordID="SIL" beginTime="82.380" endTime="82.390"/>
      <word confidence="0.975" wordID="hele" beginTime="82.390" endTime="82.650"/>
      <word confidence="1.000" wordID="aarde" beginTime="82.650" endTime="82.840"/>
      <word confidence="0.952" wordID="is" beginTime="82.840" endTime="82.930"/>
      <word confidence="0.868" wordID="de" beginTime="82.930" endTime="83.020"/>
      <word confidence="0.744" wordID="SIL" beginTime="83.020" endTime="83.040"/>
      <word confidence="0.903" wordID="volksziekte" beginTime="83.040" endTime="83.560"/>
      <word confidence="0.943" wordID="verbonden" beginTime="83.560" endTime="83.900"/>
      <word confidence="0.932" wordID="problemen" beginTime="83.900" endTime="84.440"/>
    </wordsequence>
  </speech>
  <speech label="SPK02-026" begintime="84.46" endtime="88.35" >
    <wordsequence>
      <word confidence="0.750" wordID="SIL" beginTime="84.460" endTime="84.730"/>
      <word confidence="1.000" wordID="kwamen" beginTime="84.730" endTime="84.980"/>
      <word confidence="0.741" wordID="SIL" beginTime="84.980" endTime="84.990"/>
      <word confidence="0.929" wordID="zeven" beginTime="84.990" endTime="85.370"/>
      <word confidence="0.906" wordID="honderd" beginTime="85.370" endTime="85.660"/>
      <word confidence="0.954" wordID="europese" beginTime="85.660" endTime="86.160"/>
      <word confidence="0.921" wordID="wat" beginTime="86.160" endTime="86.460"/>
      <word confidence="0.929" wordID="oorlogen" beginTime="86.460" endTime="86.870"/>
      <word confidence="0.759" wordID="SIL" beginTime="86.870" endTime="86.880"/>
      <word confidence="0.893" wordID="een" beginTime="86.880" endTime="87.030"/>
      <word confidence="0.766" wordID="SIL" beginTime="87.030" endTime="87.040"/>
      <word confidence="0.924" wordID="weerklank" beginTime="87.040" endTime="87.490"/>
      <word confidence="0.743" wordID="SIL" beginTime="87.490" endTime="87.500"/>
      <word confidence="0.931" wordID="in" beginTime="87.500" endTime="87.590"/>
      <word confidence="0.906" wordID="den" beginTime="87.590" endTime="87.710"/>
      <word confidence="0.831" wordID="haag" beginTime="87.710" endTime="88.000"/>
      <word confidence="0.780" wordID="SIL" beginTime="88.000" endTime="88.010"/>
      <word confidence="0.945" wordID="de" beginTime="88.010" endTime="88.110"/>
      <word confidence="0.914" wordID="in" beginTime="88.110" endTime="88.350"/>
    </wordsequence>
  </speech>
  <speech label="SPK16-027" begintime="88.37" endtime="90.92" >
    <wordsequence>
      <word confidence="0.721" wordID="SIL" beginTime="88.370" endTime="88.520"/>
      <word confidence="0.750" wordID="ja" beginTime="88.520" endTime="90.050"/>
      <word confidence="0.777" wordID="SIL" beginTime="90.050" endTime="90.080"/>
      <word confidence="0.825" wordID="als" beginTime="90.080" endTime="90.190"/>
      <word confidence="0.722" wordID="SIL" beginTime="90.190" endTime="90.290"/>
      <word confidence="0.795" wordID="je" beginTime="90.290" endTime="90.480"/>
      <word confidence="0.766" wordID="een" beginTime="90.480" endTime="90.920"/>
    </wordsequence>
  </speech>

  </segments>
</shout_metadata>
