<?xml version="1.0" encoding="UTF-8"?>
<!--
  ##################################################################################################
  ###                      This transcription is automatically generated by                      ###
  ###                              X-MI, Cross-Media interaction                                 ###
  ###                                    http://x-mi.nl                                          ###
  ##################################################################################################
-->
<shout_metadata>
  <model_info>
    <version>Standaard systeem 28-02-2012</version>
    <description>Academia</description>
  </model_info>
  <segments>
  <speech label="SPK06-001" begintime="0.00" endtime="4.76" >
    <wordsequence>
      <word confidence="1.000" wordID="uci-overwinningen" beginTime="0.000" endTime="0.870"/>
      <word confidence="0.802" wordID="SIL" beginTime="0.870" endTime="1.060"/>
      <word confidence="0.780" wordID="glenn" beginTime="1.060" endTime="4.760"/>
    </wordsequence>
  </speech>
  <speech label="SPK06-002" begintime="4.78" endtime="7.42" >
    <wordsequence>
      <word confidence="0.753" wordID="ja" beginTime="4.780" endTime="7.380"/>
      <word confidence="0.770" wordID="SIL" beginTime="7.380" endTime="7.420"/>
    </wordsequence>
  </speech>
  <speech label="SPK06-003" begintime="7.44" endtime="10.78" >
    <wordsequence>
      <word confidence="0.750" wordID="ja" beginTime="7.440" endTime="10.780"/>
    </wordsequence>
  </speech>
  <speech label="SPK06-004" begintime="10.80" endtime="13.63" >
    <wordsequence>
      <word confidence="0.750" wordID="ja" beginTime="10.800" endTime="13.630"/>
    </wordsequence>
  </speech>
  <speech label="SPK06-005" begintime="13.65" endtime="16.42" >
    <wordsequence>
      <word confidence="0.750" wordID="SIL" beginTime="13.650" endTime="13.660"/>
      <word confidence="0.751" wordID="ja" beginTime="13.660" endTime="16.420"/>
    </wordsequence>
  </speech>
  <speech label="SPK06-006" begintime="16.44" endtime="19.19" >
    <wordsequence>
      <word confidence="0.753" wordID="ik" beginTime="16.440" endTime="19.180"/>
      <word confidence="0.735" wordID="SIL" beginTime="19.180" endTime="19.190"/>
    </wordsequence>
  </speech>
  <speech label="SPK06-007" begintime="19.21" endtime="23.37" >
    <wordsequence>
      <word confidence="0.747" wordID="ja" beginTime="19.210" endTime="23.370"/>
    </wordsequence>
  </speech>
  <speech label="SPK06-008" begintime="23.39" endtime="25.99" >
    <wordsequence>
      <word confidence="0.746" wordID="ja" beginTime="23.390" endTime="25.990"/>
    </wordsequence>
  </speech>
  <speech label="SPK06-009" begintime="26.01" endtime="30.29" >
    <wordsequence>
      <word confidence="0.749" wordID="ja" beginTime="26.010" endTime="30.270"/>
      <word confidence="0.771" wordID="SIL" beginTime="30.270" endTime="30.290"/>
    </wordsequence>
  </speech>
  <speech label="SPK06-010" begintime="30.31" endtime="33.29" >
    <wordsequence>
      <word confidence="0.757" wordID="ja" beginTime="30.310" endTime="33.290"/>
    </wordsequence>
  </speech>
  <speech label="SPK06-011" begintime="33.31" endtime="37.42" >
    <wordsequence>
      <word confidence="0.749" wordID="ja" beginTime="33.310" endTime="37.280"/>
      <word confidence="0.758" wordID="SIL" beginTime="37.280" endTime="37.420"/>
    </wordsequence>
  </speech>
  <speech label="SPK06-012" begintime="37.44" endtime="41.08" >
    <wordsequence>
      <word confidence="0.755" wordID="ja" beginTime="37.440" endTime="40.550"/>
      <word confidence="0.777" wordID="SIL" beginTime="40.550" endTime="40.560"/>
      <word confidence="0.756" wordID="ik" beginTime="40.560" endTime="41.070"/>
      <word confidence="0.781" wordID="SIL" beginTime="41.070" endTime="41.080"/>
    </wordsequence>
  </speech>
  <speech label="SPK06-013" begintime="41.10" endtime="44.57" >
    <wordsequence>
      <word confidence="0.752" wordID="ja" beginTime="41.100" endTime="44.570"/>
    </wordsequence>
  </speech>
  <speech label="SPK06-014" begintime="44.59" endtime="48.28" >
    <wordsequence>
      <word confidence="0.757" wordID="ja" beginTime="44.590" endTime="48.270"/>
      <word confidence="0.734" wordID="SIL" beginTime="48.270" endTime="48.280"/>
    </wordsequence>
  </speech>
  <speech label="SPK06-015" begintime="48.30" endtime="51.86" >
    <wordsequence>
      <word confidence="0.747" wordID="ja" beginTime="48.300" endTime="51.860"/>
    </wordsequence>
  </speech>
  <speech label="SPK06-016" begintime="51.88" endtime="55.40" >
    <wordsequence>
      <word confidence="0.684" wordID="SIL" beginTime="51.880" endTime="51.910"/>
      <word confidence="0.759" wordID="glenn" beginTime="51.910" endTime="55.270"/>
      <word confidence="0.740" wordID="SIL" beginTime="55.270" endTime="55.400"/>
    </wordsequence>
  </speech>
  <speech label="SPK06-017" begintime="55.42" endtime="58.14" >
    <wordsequence>
      <word confidence="0.735" wordID="SIL" beginTime="55.420" endTime="55.530"/>
      <word confidence="0.754" wordID="ja" beginTime="55.530" endTime="58.090"/>
      <word confidence="0.739" wordID="SIL" beginTime="58.090" endTime="58.140"/>
    </wordsequence>
  </speech>
  <speech label="SPK06-018" begintime="58.16" endtime="60.89" >
    <wordsequence>
      <word confidence="0.758" wordID="ja" beginTime="58.160" endTime="60.830"/>
      <word confidence="0.748" wordID="SIL" beginTime="60.830" endTime="60.890"/>
    </wordsequence>
  </speech>
  <speech label="SPK06-019" begintime="60.91" endtime="65.81" >
    <wordsequence>
      <word confidence="0.753" wordID="ja" beginTime="60.910" endTime="65.810"/>
    </wordsequence>
  </speech>
  <speech label="SPK06-020" begintime="65.83" endtime="69.88" >
    <wordsequence>
      <word confidence="0.750" wordID="SIL" beginTime="65.830" endTime="65.840"/>
      <word confidence="0.750" wordID="ja" beginTime="65.840" endTime="69.200"/>
      <word confidence="0.769" wordID="SIL" beginTime="69.200" endTime="69.210"/>
      <word confidence="0.767" wordID="ik" beginTime="69.210" endTime="69.790"/>
      <word confidence="0.764" wordID="SIL" beginTime="69.790" endTime="69.880"/>
    </wordsequence>
  </speech>
  <speech label="SPK06-021" begintime="69.90" endtime="74.11" >
    <wordsequence>
      <word confidence="0.752" wordID="ja" beginTime="69.900" endTime="74.050"/>
      <word confidence="0.741" wordID="SIL" beginTime="74.050" endTime="74.110"/>
    </wordsequence>
  </speech>
  <speech label="SPK06-022" begintime="74.13" endtime="78.23" >
    <wordsequence>
      <word confidence="0.705" wordID="SIL" beginTime="74.130" endTime="74.160"/>
      <word confidence="0.756" wordID="glenn" beginTime="74.160" endTime="78.230"/>
    </wordsequence>
  </speech>
  <speech label="SPK06-023" begintime="78.25" endtime="82.84" >
    <wordsequence>
      <word confidence="0.752" wordID="ja" beginTime="78.250" endTime="82.840"/>
    </wordsequence>
  </speech>
  <speech label="SPK06-024" begintime="82.86" endtime="87.33" >
    <wordsequence>
      <word confidence="0.753" wordID="ja" beginTime="82.860" endTime="86.120"/>
      <word confidence="0.794" wordID="SIL" beginTime="86.120" endTime="86.140"/>
      <word confidence="0.760" wordID="ik" beginTime="86.140" endTime="87.150"/>
      <word confidence="0.732" wordID="SIL" beginTime="87.150" endTime="87.330"/>
    </wordsequence>
  </speech>
  <speech label="SPK06-025" begintime="87.35" endtime="91.01" >
    <wordsequence>
      <word confidence="0.751" wordID="ja" beginTime="87.350" endTime="91.000"/>
      <word confidence="0.740" wordID="SIL" beginTime="91.000" endTime="91.010"/>
    </wordsequence>
  </speech>
  <speech label="SPK06-026" begintime="91.03" endtime="96.39" >
    <wordsequence>
      <word confidence="0.753" wordID="ja" beginTime="91.030" endTime="96.390"/>
    </wordsequence>
  </speech>
  <speech label="SPK06-027" begintime="96.41" endtime="99.00" >
    <wordsequence>
      <word confidence="0.750" wordID="ja" beginTime="96.410" endTime="98.510"/>
      <word confidence="0.785" wordID="SIL" beginTime="98.510" endTime="98.520"/>
      <word confidence="0.770" wordID="ik" beginTime="98.520" endTime="99.000"/>
    </wordsequence>
  </speech>
  <speech label="SPK06-028" begintime="99.02" endtime="103.72" >
    <wordsequence>
      <word confidence="0.750" wordID="SIL" beginTime="99.020" endTime="99.030"/>
      <word confidence="0.750" wordID="ja" beginTime="99.030" endTime="103.550"/>
      <word confidence="0.765" wordID="SIL" beginTime="103.550" endTime="103.720"/>
    </wordsequence>
  </speech>
  <speech label="SPK06-029" begintime="103.74" endtime="106.29" >
    <wordsequence>
      <word confidence="0.750" wordID="SIL" beginTime="103.740" endTime="103.750"/>
      <word confidence="0.759" wordID="glenn" beginTime="103.750" endTime="106.260"/>
      <word confidence="0.721" wordID="SIL" beginTime="106.260" endTime="106.290"/>
    </wordsequence>
  </speech>
  <speech label="SPK06-030" begintime="106.31" endtime="112.01" >
    <wordsequence>
      <word confidence="0.745" wordID="ja" beginTime="106.310" endTime="111.830"/>
      <word confidence="0.744" wordID="SIL" beginTime="111.830" endTime="112.010"/>
    </wordsequence>
  </speech>
  <speech label="SPK06-031" begintime="112.03" endtime="116.14" >
    <wordsequence>
      <word confidence="0.751" wordID="ja" beginTime="112.030" endTime="115.970"/>
      <word confidence="0.750" wordID="SIL" beginTime="115.970" endTime="116.140"/>
    </wordsequence>
  </speech>
  <speech label="SPK06-032" begintime="116.16" endtime="120.92" >
    <wordsequence>
      <word confidence="0.751" wordID="ja" beginTime="116.160" endTime="119.310"/>
      <word confidence="0.702" wordID="SIL" beginTime="119.310" endTime="119.320"/>
      <word confidence="0.759" wordID="ik" beginTime="119.320" endTime="120.920"/>
    </wordsequence>
  </speech>
  <speech label="SPK06-033" begintime="120.94" endtime="125.15" >
    <wordsequence>
      <word confidence="0.751" wordID="ja" beginTime="120.940" endTime="125.150"/>
    </wordsequence>
  </speech>
  <speech label="SPK06-034" begintime="125.17" endtime="128.38" >
    <wordsequence>
      <word confidence="0.749" wordID="ja" beginTime="125.170" endTime="128.380"/>
    </wordsequence>
  </speech>
  <speech label="SPK06-035" begintime="128.40" endtime="133.09" >
    <wordsequence>
      <word confidence="0.750" wordID="SIL" beginTime="128.400" endTime="128.410"/>
      <word confidence="0.747" wordID="ja" beginTime="128.410" endTime="133.080"/>
      <word confidence="0.658" wordID="SIL" beginTime="133.080" endTime="133.090"/>
    </wordsequence>
  </speech>
  <speech label="SPK06-036" begintime="133.11" endtime="136.01" >
    <wordsequence>
      <word confidence="0.733" wordID="SIL" beginTime="133.110" endTime="133.190"/>
      <word confidence="0.750" wordID="ja" beginTime="133.190" endTime="136.010"/>
    </wordsequence>
  </speech>
  <speech label="SPK06-037" begintime="136.03" endtime="139.71" >
    <wordsequence>
      <word confidence="0.750" wordID="ja" beginTime="136.030" endTime="139.710"/>
    </wordsequence>
  </speech>
  <speech label="SPK06-038" begintime="139.73" endtime="142.77" >
    <wordsequence>
      <word confidence="0.750" wordID="SIL" beginTime="139.730" endTime="139.740"/>
      <word confidence="0.746" wordID="ja" beginTime="139.740" endTime="142.770"/>
    </wordsequence>
  </speech>
  <speech label="SPK06-039" begintime="142.79" endtime="146.12" >
    <wordsequence>
      <word confidence="0.703" wordID="SIL" beginTime="142.790" endTime="142.840"/>
      <word confidence="0.763" wordID="glenn" beginTime="142.840" endTime="146.120"/>
    </wordsequence>
  </speech>
  <speech label="SPK06-040" begintime="146.14" endtime="149.02" >
    <wordsequence>
      <word confidence="0.751" wordID="ja" beginTime="146.140" endTime="148.970"/>
      <word confidence="0.752" wordID="SIL" beginTime="148.970" endTime="149.020"/>
    </wordsequence>
  </speech>
  <speech label="SPK06-041" begintime="149.04" endtime="153.94" >
    <wordsequence>
      <word confidence="0.749" wordID="ja" beginTime="149.040" endTime="153.860"/>
      <word confidence="0.721" wordID="SIL" beginTime="153.860" endTime="153.940"/>
    </wordsequence>
  </speech>
  <speech label="SPK06-042" begintime="153.96" endtime="157.32" >
    <wordsequence>
      <word confidence="0.762" wordID="de" beginTime="153.960" endTime="154.050"/>
      <word confidence="0.757" wordID="glazen" beginTime="154.050" endTime="157.320"/>
    </wordsequence>
  </speech>
  <speech label="SPK06-043" begintime="157.34" endtime="163.06" >
    <wordsequence>
      <word confidence="0.692" wordID="SIL" beginTime="157.340" endTime="157.380"/>
      <word confidence="0.726" wordID="ik" beginTime="157.380" endTime="157.550"/>
      <word confidence="0.761" wordID="lag" beginTime="157.550" endTime="162.820"/>
      <word confidence="0.762" wordID="SIL" beginTime="162.820" endTime="162.840"/>
      <word confidence="0.770" wordID="er" beginTime="162.840" endTime="163.040"/>
      <word confidence="0.847" wordID="SIL" beginTime="163.040" endTime="163.060"/>
    </wordsequence>
  </speech>
  <speech label="SPK06-044" begintime="163.08" endtime="165.97" >
    <wordsequence>
      <word confidence="0.750" wordID="SIL" beginTime="163.080" endTime="163.090"/>
      <word confidence="0.750" wordID="ja" beginTime="163.090" endTime="165.890"/>
      <word confidence="0.738" wordID="SIL" beginTime="165.890" endTime="165.970"/>
    </wordsequence>
  </speech>
  <speech label="SPK06-045" begintime="165.99" endtime="171.63" >
    <wordsequence>
      <word confidence="0.750" wordID="ja" beginTime="165.990" endTime="171.630"/>
    </wordsequence>
  </speech>
  <speech label="SPK06-046" begintime="171.65" endtime="175.02" >
    <wordsequence>
      <word confidence="0.753" wordID="ja" beginTime="171.650" endTime="172.840"/>
      <word confidence="0.793" wordID="SIL" beginTime="172.840" endTime="172.870"/>
      <word confidence="0.750" wordID="ik" beginTime="172.870" endTime="175.020"/>
    </wordsequence>
  </speech>
  <speech label="SPK06-047" begintime="175.04" endtime="177.81" >
    <wordsequence>
      <word confidence="0.749" wordID="ja" beginTime="175.040" endTime="177.810"/>
    </wordsequence>
  </speech>
  <speech label="SPK06-048" begintime="177.83" endtime="181.45" >
    <wordsequence>
      <word confidence="0.748" wordID="ja" beginTime="177.830" endTime="181.450"/>
    </wordsequence>
  </speech>
  <speech label="SPK06-049" begintime="181.47" endtime="184.85" >
    <wordsequence>
      <word confidence="0.753" wordID="ja" beginTime="181.470" endTime="183.630"/>
      <word confidence="0.827" wordID="SIL" beginTime="183.630" endTime="183.660"/>
      <word confidence="0.766" wordID="ik" beginTime="183.660" endTime="184.700"/>
      <word confidence="0.705" wordID="SIL" beginTime="184.700" endTime="184.850"/>
    </wordsequence>
  </speech>
  <speech label="SPK06-050" begintime="184.87" endtime="188.11" >
    <wordsequence>
      <word confidence="0.750" wordID="ja" beginTime="184.870" endTime="188.010"/>
      <word confidence="0.751" wordID="SIL" beginTime="188.010" endTime="188.110"/>
    </wordsequence>
  </speech>
  <speech label="SPK06-051" begintime="188.13" endtime="192.56" >
    <wordsequence>
      <word confidence="0.750" wordID="SIL" beginTime="188.130" endTime="188.150"/>
      <word confidence="0.784" wordID="ik" beginTime="188.150" endTime="188.720"/>
      <word confidence="0.727" wordID="SIL" beginTime="188.720" endTime="188.750"/>
      <word confidence="0.750" wordID="ja" beginTime="188.750" endTime="192.550"/>
      <word confidence="0.800" wordID="SIL" beginTime="192.550" endTime="192.560"/>
    </wordsequence>
  </speech>
  <speech label="SPK06-052" begintime="192.58" endtime="195.56" >
    <wordsequence>
      <word confidence="0.719" wordID="SIL" beginTime="192.580" endTime="192.620"/>
      <word confidence="0.750" wordID="ja" beginTime="192.620" endTime="195.560"/>
    </wordsequence>
  </speech>
  <speech label="SPK06-053" begintime="195.58" endtime="198.67" >
    <wordsequence>
      <word confidence="0.749" wordID="ja" beginTime="195.580" endTime="198.670"/>
    </wordsequence>
  </speech>
  <speech label="SPK06-054" begintime="198.69" endtime="201.49" >
    <wordsequence>
      <word confidence="0.751" wordID="ja" beginTime="198.690" endTime="201.260"/>
      <word confidence="0.752" wordID="SIL" beginTime="201.260" endTime="201.280"/>
      <word confidence="0.819" wordID="ik" beginTime="201.280" endTime="201.430"/>
      <word confidence="0.731" wordID="SIL" beginTime="201.430" endTime="201.490"/>
    </wordsequence>
  </speech>
  <speech label="SPK06-055" begintime="201.51" endtime="205.24" >
    <wordsequence>
      <word confidence="0.755" wordID="ja" beginTime="201.510" endTime="205.240"/>
    </wordsequence>
  </speech>
  <speech label="SPK06-056" begintime="205.26" endtime="208.22" >
    <wordsequence>
      <word confidence="0.745" wordID="ja" beginTime="205.260" endTime="208.220"/>
    </wordsequence>
  </speech>
  <speech label="SPK06-057" begintime="208.24" endtime="211.69" >
    <wordsequence>
      <word confidence="0.744" wordID="ja" beginTime="208.240" endTime="210.410"/>
      <word confidence="0.711" wordID="SIL" beginTime="210.410" endTime="210.420"/>
      <word confidence="0.756" wordID="ik" beginTime="210.420" endTime="211.640"/>
      <word confidence="0.723" wordID="SIL" beginTime="211.640" endTime="211.690"/>
    </wordsequence>
  </speech>
  <speech label="SPK06-058" begintime="211.71" endtime="217.25" >
    <wordsequence>
      <word confidence="0.744" wordID="ja" beginTime="211.710" endTime="213.980"/>
      <word confidence="0.739" wordID="SIL" beginTime="213.980" endTime="213.990"/>
      <word confidence="0.737" wordID="ik" beginTime="213.990" endTime="214.100"/>
      <word confidence="0.763" wordID="lag" beginTime="214.100" endTime="217.250"/>
    </wordsequence>
  </speech>
  <speech label="SPK06-059" begintime="217.27" endtime="222.82" >
    <wordsequence>
      <word confidence="0.757" wordID="glenn" beginTime="217.270" endTime="222.820"/>
    </wordsequence>
  </speech>
  <speech label="SPK06-060" begintime="222.84" endtime="226.97" >
    <wordsequence>
      <word confidence="0.734" wordID="SIL" beginTime="222.840" endTime="222.890"/>
      <word confidence="0.758" wordID="glenn" beginTime="222.890" endTime="226.970"/>
    </wordsequence>
  </speech>
  <speech label="SPK06-061" begintime="226.99" endtime="229.50" >
    <wordsequence>
      <word confidence="0.753" wordID="ja" beginTime="226.990" endTime="229.490"/>
      <word confidence="0.713" wordID="SIL" beginTime="229.490" endTime="229.500"/>
    </wordsequence>
  </speech>
  <speech label="SPK06-062" begintime="229.52" endtime="233.19" >
    <wordsequence>
      <word confidence="0.751" wordID="ja" beginTime="229.520" endTime="233.190"/>
    </wordsequence>
  </speech>
  <speech label="SPK06-063" begintime="233.21" endtime="235.87" >
    <wordsequence>
      <word confidence="0.751" wordID="ja" beginTime="233.210" endTime="235.870"/>
    </wordsequence>
  </speech>
  <speech label="SPK06-064" begintime="235.89" endtime="239.32" >
    <wordsequence>
      <word confidence="0.750" wordID="ja" beginTime="235.890" endTime="239.320"/>
    </wordsequence>
  </speech>
  <speech label="SPK06-065" begintime="239.34" endtime="243.19" >
    <wordsequence>
      <word confidence="0.752" wordID="ja" beginTime="239.340" endTime="242.150"/>
      <word confidence="0.779" wordID="SIL" beginTime="242.150" endTime="242.160"/>
      <word confidence="0.755" wordID="ik" beginTime="242.160" endTime="243.160"/>
      <word confidence="0.731" wordID="SIL" beginTime="243.160" endTime="243.190"/>
    </wordsequence>
  </speech>
  <speech label="SPK06-066" begintime="243.21" endtime="248.13" >
    <wordsequence>
      <word confidence="0.753" wordID="ja" beginTime="243.210" endTime="248.130"/>
    </wordsequence>
  </speech>
  <speech label="SPK06-067" begintime="248.15" endtime="251.43" >
    <wordsequence>
      <word confidence="0.750" wordID="SIL" beginTime="248.150" endTime="248.160"/>
      <word confidence="0.749" wordID="ja" beginTime="248.160" endTime="251.410"/>
      <word confidence="0.755" wordID="SIL" beginTime="251.410" endTime="251.430"/>
    </wordsequence>
  </speech>
  <speech label="SPK06-068" begintime="251.45" endtime="257.29" >
    <wordsequence>
      <word confidence="0.751" wordID="ja" beginTime="251.450" endTime="257.290"/>
    </wordsequence>
  </speech>
  <speech label="SPK06-069" begintime="257.31" endtime="259.85" >
    <wordsequence>
      <word confidence="0.748" wordID="ja" beginTime="257.310" endTime="259.350"/>
      <word confidence="0.650" wordID="SIL" beginTime="259.350" endTime="259.360"/>
      <word confidence="0.756" wordID="ik" beginTime="259.360" endTime="259.850"/>
    </wordsequence>
  </speech>
  <speech label="SPK06-070" begintime="259.87" endtime="263.79" >
    <wordsequence>
      <word confidence="0.750" wordID="SIL" beginTime="259.870" endTime="259.880"/>
      <word confidence="0.750" wordID="ja" beginTime="259.880" endTime="262.310"/>
      <word confidence="0.815" wordID="SIL" beginTime="262.310" endTime="262.320"/>
      <word confidence="0.758" wordID="ik" beginTime="262.320" endTime="263.790"/>
    </wordsequence>
  </speech>
  <speech label="SPK06-071" begintime="263.81" endtime="269.32" >
    <wordsequence>
      <word confidence="0.751" wordID="ja" beginTime="263.810" endTime="269.180"/>
      <word confidence="0.747" wordID="SIL" beginTime="269.180" endTime="269.320"/>
    </wordsequence>
  </speech>
  <speech label="SPK06-072" begintime="269.34" endtime="272.29" >
    <wordsequence>
      <word confidence="0.751" wordID="ja" beginTime="269.340" endTime="272.290"/>
    </wordsequence>
  </speech>
  <speech label="SPK06-073" begintime="272.31" endtime="275.98" >
    <wordsequence>
      <word confidence="0.717" wordID="SIL" beginTime="272.310" endTime="272.390"/>
      <word confidence="0.754" wordID="ja" beginTime="272.390" endTime="275.980"/>
    </wordsequence>
  </speech>
  <speech label="SPK06-074" begintime="276.00" endtime="278.60" >
    <wordsequence>
      <word confidence="0.752" wordID="ja" beginTime="276.000" endTime="278.600"/>
    </wordsequence>
  </speech>
  <speech label="SPK06-075" begintime="278.62" endtime="284.54" >
    <wordsequence>
      <word confidence="0.722" wordID="SIL" beginTime="278.620" endTime="278.650"/>
      <word confidence="0.750" wordID="ja" beginTime="278.650" endTime="282.050"/>
      <word confidence="0.663" wordID="SIL" beginTime="282.050" endTime="282.060"/>
      <word confidence="0.726" wordID="ik" beginTime="282.060" endTime="282.230"/>
      <word confidence="0.757" wordID="lag" beginTime="282.230" endTime="284.540"/>
    </wordsequence>
  </speech>
  <speech label="SPK06-076" begintime="284.56" endtime="288.16" >
    <wordsequence>
      <word confidence="0.750" wordID="SIL" beginTime="284.560" endTime="284.590"/>
      <word confidence="0.746" wordID="ja" beginTime="284.590" endTime="288.160"/>
    </wordsequence>
  </speech>
  <speech label="SPK06-077" begintime="288.18" endtime="292.04" >
    <wordsequence>
      <word confidence="0.748" wordID="ja" beginTime="288.180" endTime="291.520"/>
      <word confidence="0.733" wordID="SIL" beginTime="291.520" endTime="291.530"/>
      <word confidence="0.751" wordID="ik" beginTime="291.530" endTime="292.010"/>
      <word confidence="0.718" wordID="SIL" beginTime="292.010" endTime="292.040"/>
    </wordsequence>
  </speech>
  <speech label="SPK06-078" begintime="292.06" endtime="295.28" >
    <wordsequence>
      <word confidence="0.750" wordID="SIL" beginTime="292.060" endTime="292.080"/>
      <word confidence="0.756" wordID="glenn" beginTime="292.080" endTime="295.280"/>
    </wordsequence>
  </speech>
  <speech label="SPK06-079" begintime="295.30" endtime="299.20" >
    <wordsequence>
      <word confidence="0.747" wordID="ja" beginTime="295.300" endTime="299.200"/>
    </wordsequence>
  </speech>
  <speech label="SPK06-080" begintime="299.22" endtime="302.50" >
    <wordsequence>
      <word confidence="0.760" wordID="glenn" beginTime="299.220" endTime="302.500"/>
    </wordsequence>
  </speech>
  <speech label="SPK06-081" begintime="302.52" endtime="307.37" >
    <wordsequence>
      <word confidence="0.684" wordID="SIL" beginTime="302.520" endTime="302.550"/>
      <word confidence="0.756" wordID="glenn" beginTime="302.550" endTime="307.280"/>
      <word confidence="0.729" wordID="SIL" beginTime="307.280" endTime="307.370"/>
    </wordsequence>
  </speech>
  <speech label="SPK06-082" begintime="307.39" endtime="311.68" >
    <wordsequence>
      <word confidence="0.753" wordID="glenn" beginTime="307.390" endTime="311.680"/>
    </wordsequence>
  </speech>
  <speech label="SPK06-083" begintime="311.70" endtime="316.46" >
    <wordsequence>
      <word confidence="0.750" wordID="SIL" beginTime="311.700" endTime="311.710"/>
      <word confidence="0.754" wordID="ja" beginTime="311.710" endTime="316.460"/>
    </wordsequence>
  </speech>
  <speech label="SPK06-084" begintime="316.48" endtime="320.27" >
    <wordsequence>
      <word confidence="0.751" wordID="ja" beginTime="316.480" endTime="320.270"/>
    </wordsequence>
  </speech>
  <speech label="SPK06-085" begintime="320.29" endtime="322.84" >
    <wordsequence>
      <word confidence="0.751" wordID="ja" beginTime="320.290" endTime="322.840"/>
    </wordsequence>
  </speech>
  <speech label="SPK06-086" begintime="322.86" endtime="326.87" >
    <wordsequence>
      <word confidence="0.750" wordID="SIL" beginTime="322.860" endTime="322.880"/>
      <word confidence="0.759" wordID="glen" beginTime="322.880" endTime="326.870"/>
    </wordsequence>
  </speech>
  <speech label="SPK06-087" begintime="326.89" endtime="329.76" >
    <wordsequence>
      <word confidence="0.749" wordID="ja" beginTime="326.890" endTime="328.640"/>
      <word confidence="0.647" wordID="SIL" beginTime="328.640" endTime="328.650"/>
      <word confidence="0.761" wordID="ik" beginTime="328.650" endTime="329.720"/>
      <word confidence="0.716" wordID="SIL" beginTime="329.720" endTime="329.760"/>
    </wordsequence>
  </speech>
  <speech label="SPK06-088" begintime="329.78" endtime="335.12" >
    <wordsequence>
      <word confidence="0.750" wordID="ja" beginTime="329.780" endTime="335.120"/>
    </wordsequence>
  </speech>
  <speech label="SPK06-089" begintime="335.14" endtime="338.66" >
    <wordsequence>
      <word confidence="0.750" wordID="SIL" beginTime="335.140" endTime="335.150"/>
      <word confidence="0.758" wordID="ja" beginTime="335.150" endTime="338.660"/>
    </wordsequence>
  </speech>
  <speech label="SPK06-090" begintime="338.68" endtime="341.64" >
    <wordsequence>
      <word confidence="0.759" wordID="ja" beginTime="338.680" endTime="341.640"/>
    </wordsequence>
  </speech>
  <speech label="SPK06-091" begintime="341.66" endtime="344.15" >
    <wordsequence>
      <word confidence="0.754" wordID="ja" beginTime="341.660" endTime="343.280"/>
      <word confidence="0.643" wordID="SIL" beginTime="343.280" endTime="343.290"/>
      <word confidence="0.759" wordID="ik" beginTime="343.290" endTime="344.150"/>
    </wordsequence>
  </speech>
  <speech label="SPK06-092" begintime="344.17" endtime="349.03" >
    <wordsequence>
      <word confidence="0.749" wordID="ja" beginTime="344.170" endTime="349.030"/>
    </wordsequence>
  </speech>
  <speech label="SPK06-093" begintime="349.05" endtime="352.34" >
    <wordsequence>
      <word confidence="0.754" wordID="ja" beginTime="349.050" endTime="352.340"/>
    </wordsequence>
  </speech>
  <speech label="SPK06-094" begintime="352.36" endtime="355.15" >
    <wordsequence>
      <word confidence="0.748" wordID="ja" beginTime="352.360" endTime="354.980"/>
      <word confidence="0.695" wordID="SIL" beginTime="354.980" endTime="354.990"/>
      <word confidence="0.763" wordID="ik" beginTime="354.990" endTime="355.150"/>
    </wordsequence>
  </speech>
  <speech label="SPK06-095" begintime="355.17" endtime="359.67" >
    <wordsequence>
      <word confidence="0.750" wordID="SIL" beginTime="355.170" endTime="355.330"/>
      <word confidence="0.748" wordID="ja" beginTime="355.330" endTime="359.670"/>
    </wordsequence>
  </speech>
  <speech label="SPK06-096" begintime="359.69" endtime="365.30" >
    <wordsequence>
      <word confidence="0.747" wordID="ja" beginTime="359.690" endTime="364.270"/>
      <word confidence="0.783" wordID="SIL" beginTime="364.270" endTime="364.300"/>
      <word confidence="0.749" wordID="ik" beginTime="364.300" endTime="365.250"/>
      <word confidence="0.770" wordID="SIL" beginTime="365.250" endTime="365.300"/>
    </wordsequence>
  </speech>

  </segments>
</shout_metadata>
