<?xml version="1.0" encoding="UTF-8"?>
<!--
  ##################################################################################################
  ###                      This transcription is automatically generated by                      ###
  ###                              X-MI, Cross-Media interaction                                 ###
  ###                                    http://x-mi.nl                                          ###
  ##################################################################################################
-->
<shout_metadata>
  <model_info>
    <version>Standaard systeem 28-02-2012</version>
    <description>Academia</description>
  </model_info>
  <segments>
  <speech label="SPK01-001" begintime="0.00" endtime="6.05" >
    <wordsequence>
      <word confidence="0.787" wordID="johnny" beginTime="0.000" endTime="0.550"/>
      <word confidence="0.702" wordID="SIL" beginTime="0.550" endTime="0.560"/>
      <word confidence="0.781" wordID="ja" beginTime="0.560" endTime="6.050"/>
    </wordsequence>
  </speech>
  <speech label="SPK01-002" begintime="6.07" endtime="9.67" >
    <wordsequence>
      <word confidence="0.741" wordID="ja" beginTime="6.070" endTime="9.670"/>
    </wordsequence>
  </speech>
  <speech label="SPK01-003" begintime="9.69" endtime="12.55" >
    <wordsequence>
      <word confidence="0.741" wordID="ja" beginTime="9.690" endTime="12.540"/>
      <word confidence="0.829" wordID="SIL" beginTime="12.540" endTime="12.550"/>
    </wordsequence>
  </speech>
  <speech label="SPK01-004" begintime="12.57" endtime="15.52" >
    <wordsequence>
      <word confidence="0.746" wordID="ja" beginTime="12.570" endTime="15.520"/>
    </wordsequence>
  </speech>
  <speech label="SPK01-005" begintime="15.54" endtime="18.91" >
    <wordsequence>
      <word confidence="0.750" wordID="SIL" beginTime="15.540" endTime="15.560"/>
      <word confidence="0.740" wordID="ja" beginTime="15.560" endTime="18.910"/>
    </wordsequence>
  </speech>
  <speech label="SPK01-006" begintime="18.93" endtime="21.79" >
    <wordsequence>
      <word confidence="0.741" wordID="ja" beginTime="18.930" endTime="21.790"/>
    </wordsequence>
  </speech>
  <speech label="SPK01-007" begintime="21.81" endtime="27.36" >
    <wordsequence>
      <word confidence="0.745" wordID="ja" beginTime="21.810" endTime="27.360"/>
    </wordsequence>
  </speech>
  <speech label="SPK01-008" begintime="27.38" endtime="32.34" >
    <wordsequence>
      <word confidence="0.752" wordID="ja" beginTime="27.380" endTime="32.330"/>
      <word confidence="0.915" wordID="SIL" beginTime="32.330" endTime="32.340"/>
    </wordsequence>
  </speech>

  </segments>
</shout_metadata>
