<?xml version="1.0" encoding="UTF-8"?>
<!--
  ##################################################################################################
  ###                      This transcription is automatically generated by                      ###
  ###                              X-MI, Cross-Media interaction                                 ###
  ###                                    http://x-mi.nl                                          ###
  ##################################################################################################
-->
<shout_metadata>
  <model_info>
    <version>Standaard systeem 28-02-2012</version>
    <description>Academia</description>
  </model_info>
  <segments>
  <speech label="SPK01-001" begintime="0.00" endtime="5.70" >
    <wordsequence>
      <word confidence="0.750" wordID="SIL" beginTime="0.000" endTime="0.370"/>
      <word confidence="1.000" wordID="op" beginTime="0.370" endTime="0.540"/>
      <word confidence="1.000" wordID="de" beginTime="0.540" endTime="0.620"/>
      <word confidence="1.000" wordID="efficiency" beginTime="0.620" endTime="1.210"/>
      <word confidence="1.000" wordID="tentoonstellingen" beginTime="1.210" endTime="1.890"/>
      <word confidence="1.000" wordID="de" beginTime="1.890" endTime="1.960"/>
      <word confidence="1.000" wordID="amsterdamse" beginTime="1.960" endTime="2.480"/>
      <word confidence="1.000" wordID="raï" beginTime="2.480" endTime="2.810"/>
      <word confidence="1.000" wordID="uh" beginTime="2.810" endTime="2.860"/>
      <word confidence="1.000" wordID="zag" beginTime="2.860" endTime="3.050"/>
      <word confidence="1.000" wordID="men" beginTime="3.050" endTime="3.180"/>
      <word confidence="1.000" wordID="de" beginTime="3.180" endTime="3.250"/>
      <word confidence="1.000" wordID="betekenis" beginTime="3.250" endTime="3.800"/>
      <word confidence="1.000" wordID="van" beginTime="3.800" endTime="3.930"/>
      <word confidence="1.000" wordID="de" beginTime="3.930" endTime="4.000"/>
      <word confidence="1.000" wordID="robot" beginTime="4.000" endTime="4.510"/>
      <word confidence="1.000" wordID="in" beginTime="4.510" endTime="4.590"/>
      <word confidence="1.000" wordID="de" beginTime="4.590" endTime="4.670"/>
      <word confidence="1.000" wordID="automatisering" beginTime="4.670" endTime="5.360"/>
      <word confidence="1.000" wordID="van" beginTime="5.360" endTime="5.510"/>
      <word confidence="1.000" wordID="kan" beginTime="5.510" endTime="5.700"/>
    </wordsequence>
  </speech>
  <speech label="SPK01-002" begintime="5.72" endtime="6.33" >
    <wordsequence>
      <word confidence="0.961" wordID="door" beginTime="5.720" endTime="5.910"/>
      <word confidence="0.909" wordID="een" beginTime="5.910" endTime="6.020"/>
      <word confidence="1.000" wordID="bedrijf" beginTime="6.020" endTime="6.330"/>
    </wordsequence>
  </speech>
  <speech label="SPK03-003" begintime="6.35" endtime="11.55" >
    <wordsequence>
      <word confidence="0.750" wordID="SIL" beginTime="6.350" endTime="7.100"/>
      <word confidence="1.000" wordID="met" beginTime="7.100" endTime="7.260"/>
      <word confidence="0.960" wordID="dit" beginTime="7.260" endTime="7.360"/>
      <word confidence="0.743" wordID="SIL" beginTime="7.360" endTime="7.370"/>
      <word confidence="0.845" wordID="is" beginTime="7.370" endTime="7.670"/>
      <word confidence="0.980" wordID="aantekende" beginTime="7.670" endTime="8.200"/>
      <word confidence="0.924" wordID="schrijvers" beginTime="8.200" endTime="8.690"/>
      <word confidence="1.000" wordID="zien" beginTime="8.690" endTime="8.870"/>
      <word confidence="0.955" wordID="als" beginTime="8.870" endTime="9.050"/>
      <word confidence="0.924" wordID="een" beginTime="9.050" endTime="9.130"/>
      <word confidence="0.981" wordID="teken" beginTime="9.130" endTime="9.440"/>
      <word confidence="1.000" wordID="des" beginTime="9.440" endTime="9.610"/>
      <word confidence="0.950" wordID="tijds" beginTime="9.610" endTime="9.900"/>
      <word confidence="0.749" wordID="SIL" beginTime="9.900" endTime="10.110"/>
      <word confidence="0.780" wordID="niet" beginTime="10.110" endTime="10.890"/>
      <word confidence="0.750" wordID="SIL" beginTime="10.890" endTime="11.550"/>
    </wordsequence>
  </speech>
  <speech label="SPK01-004" begintime="11.57" endtime="15.28" >
    <wordsequence>
      <word confidence="0.750" wordID="SIL" beginTime="11.570" endTime="11.850"/>
      <word confidence="0.892" wordID="de" beginTime="11.850" endTime="11.990"/>
      <word confidence="0.737" wordID="SIL" beginTime="11.990" endTime="12.000"/>
      <word confidence="0.937" wordID="dranken" beginTime="12.000" endTime="12.380"/>
      <word confidence="1.000" wordID="op" beginTime="12.380" endTime="12.540"/>
      <word confidence="1.000" wordID="telefoon" beginTime="12.540" endTime="13.050"/>
      <word confidence="0.743" wordID="SIL" beginTime="13.050" endTime="13.060"/>
      <word confidence="1.000" wordID="is" beginTime="13.060" endTime="13.270"/>
      <word confidence="0.739" wordID="SIL" beginTime="13.270" endTime="13.280"/>
      <word confidence="1.000" wordID="deze" beginTime="13.280" endTime="13.630"/>
      <word confidence="0.749" wordID="SIL" beginTime="13.630" endTime="13.690"/>
      <word confidence="1.000" wordID="terrein" beginTime="13.690" endTime="14.050"/>
      <word confidence="1.000" wordID="te" beginTime="14.050" endTime="14.150"/>
      <word confidence="1.000" wordID="winnen" beginTime="14.150" endTime="14.400"/>
      <word confidence="1.000" wordID="op" beginTime="14.400" endTime="14.490"/>
      <word confidence="1.000" wordID="de" beginTime="14.490" endTime="14.570"/>
      <word confidence="1.000" wordID="kies" beginTime="14.570" endTime="14.760"/>
      <word confidence="1.000" wordID="schrijft" beginTime="14.760" endTime="15.120"/>
      <word confidence="0.748" wordID="SIL" beginTime="15.120" endTime="15.280"/>
    </wordsequence>
  </speech>
  <speech label="SPK01-005" begintime="15.30" endtime="17.65" >
    <wordsequence>
      <word confidence="0.750" wordID="SIL" beginTime="15.300" endTime="15.740"/>
      <word confidence="1.000" wordID="als" beginTime="15.740" endTime="15.950"/>
      <word confidence="1.000" wordID="hij" beginTime="15.950" endTime="16.090"/>
      <word confidence="0.892" wordID="de" beginTime="16.090" endTime="16.170"/>
      <word confidence="1.000" wordID="gesprekken" beginTime="16.170" endTime="16.640"/>
      <word confidence="1.000" wordID="als" beginTime="16.640" endTime="16.780"/>
      <word confidence="0.989" wordID="dit" beginTime="16.780" endTime="17.100"/>
      <word confidence="0.737" wordID="SIL" beginTime="17.100" endTime="17.110"/>
      <word confidence="1.000" wordID="nog" beginTime="17.110" endTime="17.310"/>
      <word confidence="1.000" wordID="stelt" beginTime="17.310" endTime="17.560"/>
      <word confidence="1.000" wordID="ze" beginTime="17.560" endTime="17.650"/>
    </wordsequence>
  </speech>
  <speech label="SPK06-006" begintime="17.67" endtime="20.51" >
    <wordsequence>
      <word confidence="0.654" wordID="SIL" beginTime="17.670" endTime="17.730"/>
      <word confidence="0.857" wordID="die" beginTime="17.730" endTime="17.910"/>
      <word confidence="0.780" wordID="SIL" beginTime="17.910" endTime="18.360"/>
      <word confidence="0.815" wordID="ik" beginTime="18.360" endTime="18.580"/>
      <word confidence="0.743" wordID="SIL" beginTime="18.580" endTime="18.590"/>
      <word confidence="0.848" wordID="ooit" beginTime="18.590" endTime="18.880"/>
      <word confidence="0.939" wordID="ook" beginTime="18.880" endTime="18.970"/>
      <word confidence="0.742" wordID="SIL" beginTime="18.970" endTime="18.980"/>
      <word confidence="0.851" wordID="al" beginTime="18.980" endTime="19.110"/>
      <word confidence="0.743" wordID="SIL" beginTime="19.110" endTime="19.130"/>
      <word confidence="0.928" wordID="wordt" beginTime="19.130" endTime="19.300"/>
      <word confidence="0.743" wordID="SIL" beginTime="19.300" endTime="19.310"/>
      <word confidence="0.885" wordID="er" beginTime="19.310" endTime="19.470"/>
      <word confidence="0.749" wordID="SIL" beginTime="19.470" endTime="19.540"/>
      <word confidence="0.849" wordID="echt" beginTime="19.540" endTime="19.660"/>
      <word confidence="0.746" wordID="SIL" beginTime="19.660" endTime="19.700"/>
      <word confidence="0.915" wordID="wakker" beginTime="19.700" endTime="19.890"/>
      <word confidence="0.926" wordID="van" beginTime="19.890" endTime="20.070"/>
      <word confidence="0.735" wordID="SIL" beginTime="20.070" endTime="20.080"/>
      <word confidence="0.936" wordID="yoghurt" beginTime="20.080" endTime="20.330"/>
      <word confidence="0.750" wordID="SIL" beginTime="20.330" endTime="20.510"/>
    </wordsequence>
  </speech>
  <speech label="SPK07-007" begintime="20.53" endtime="24.65" >
    <wordsequence>
      <word confidence="0.771" wordID="maar" beginTime="20.530" endTime="20.750"/>
      <word confidence="0.680" wordID="SIL" beginTime="20.750" endTime="20.760"/>
      <word confidence="0.910" wordID="ze" beginTime="20.760" endTime="20.890"/>
      <word confidence="0.793" wordID="kan" beginTime="20.890" endTime="21.070"/>
      <word confidence="0.750" wordID="SIL" beginTime="21.070" endTime="21.760"/>
      <word confidence="0.864" wordID="zingen" beginTime="21.760" endTime="22.160"/>
      <word confidence="0.750" wordID="SIL" beginTime="22.160" endTime="22.690"/>
      <word confidence="0.794" wordID="ja" beginTime="22.690" endTime="23.000"/>
      <word confidence="0.750" wordID="SIL" beginTime="23.000" endTime="23.540"/>
      <word confidence="0.855" wordID="zeggen" beginTime="23.540" endTime="24.160"/>
      <word confidence="0.748" wordID="SIL" beginTime="24.160" endTime="24.260"/>
      <word confidence="0.819" wordID="de" beginTime="24.260" endTime="24.420"/>
      <word confidence="0.923" wordID="moed" beginTime="24.420" endTime="24.650"/>
    </wordsequence>
  </speech>
  <speech label="SPK01-008" begintime="24.67" endtime="29.56" >
    <wordsequence>
      <word confidence="0.703" wordID="SIL" beginTime="24.670" endTime="24.790"/>
      <word confidence="0.828" wordID="met" beginTime="24.790" endTime="24.920"/>
      <word confidence="0.824" wordID="SIL" beginTime="24.920" endTime="24.940"/>
      <word confidence="1.000" wordID="computers" beginTime="24.940" endTime="25.500"/>
      <word confidence="0.931" wordID="te" beginTime="25.500" endTime="25.620"/>
      <word confidence="0.999" wordID="zijn" beginTime="25.620" endTime="25.750"/>
      <word confidence="1.000" wordID="is" beginTime="25.750" endTime="25.900"/>
      <word confidence="1.000" wordID="dat" beginTime="25.900" endTime="26.120"/>
      <word confidence="0.955" wordID="millioenen" beginTime="26.120" endTime="26.540"/>
      <word confidence="0.959" wordID="gegeven" beginTime="26.540" endTime="27.070"/>
      <word confidence="1.000" wordID="ter" beginTime="27.070" endTime="27.210"/>
      <word confidence="0.950" wordID="tijd" beginTime="27.210" endTime="27.530"/>
      <word confidence="1.000" wordID="en" beginTime="27.530" endTime="27.630"/>
      <word confidence="1.000" wordID="als" beginTime="27.630" endTime="27.780"/>
      <word confidence="0.935" wordID="reusachtige" beginTime="27.780" endTime="28.650"/>
      <word confidence="0.687" wordID="SIL" beginTime="28.650" endTime="28.700"/>
      <word confidence="1.000" wordID="vast" beginTime="28.700" endTime="29.000"/>
      <word confidence="1.000" wordID="te" beginTime="29.000" endTime="29.070"/>
      <word confidence="1.000" wordID="houden" beginTime="29.070" endTime="29.440"/>
      <word confidence="1.000" wordID="SIL" beginTime="29.440" endTime="29.560"/>
    </wordsequence>
  </speech>
  <speech label="SPK01-009" begintime="29.58" endtime="33.78" >
    <wordsequence>
      <word confidence="0.750" wordID="SIL" beginTime="29.580" endTime="29.750"/>
      <word confidence="1.000" wordID="en" beginTime="29.750" endTime="29.890"/>
      <word confidence="1.000" wordID="informatie" beginTime="29.890" endTime="30.410"/>
      <word confidence="1.000" wordID="is" beginTime="30.410" endTime="30.500"/>
      <word confidence="1.000" wordID="de" beginTime="30.500" endTime="30.610"/>
      <word confidence="1.000" wordID="verschaffen" beginTime="30.610" endTime="31.040"/>
      <word confidence="0.991" wordID="over" beginTime="31.040" endTime="31.210"/>
      <word confidence="1.000" wordID="de" beginTime="31.210" endTime="31.290"/>
      <word confidence="1.000" wordID="ingewikkeldste" beginTime="31.290" endTime="31.930"/>
      <word confidence="1.000" wordID="combinaties" beginTime="31.930" endTime="32.570"/>
      <word confidence="1.000" wordID="van" beginTime="32.570" endTime="32.710"/>
      <word confidence="1.000" wordID="deze" beginTime="32.710" endTime="32.950"/>
      <word confidence="1.000" wordID="gegevens" beginTime="32.950" endTime="33.470"/>
      <word confidence="0.749" wordID="SIL" beginTime="33.470" endTime="33.780"/>
    </wordsequence>
  </speech>
  <speech label="SPK01-010" begintime="33.81" endtime="34.98" >
    <wordsequence>
      <word confidence="0.750" wordID="SIL" beginTime="33.810" endTime="34.150"/>
      <word confidence="1.000" wordID="hun" beginTime="34.150" endTime="34.300"/>
      <word confidence="1.000" wordID="onderdelen" beginTime="34.300" endTime="34.830"/>
      <word confidence="1.000" wordID="zijn" beginTime="34.830" endTime="34.980"/>
    </wordsequence>
  </speech>
  <speech label="SPK11-011" begintime="35.00" endtime="39.60" >
    <wordsequence>
      <word confidence="0.940" wordID="uiterst" beginTime="35.000" endTime="35.400"/>
      <word confidence="0.969" wordID="compact" beginTime="35.400" endTime="35.910"/>
      <word confidence="0.744" wordID="SIL" beginTime="35.910" endTime="35.950"/>
      <word confidence="0.852" wordID="vergeleken" beginTime="35.950" endTime="36.420"/>
      <word confidence="0.829" wordID="met" beginTime="36.420" endTime="36.600"/>
      <word confidence="0.896" wordID="rotterdam" beginTime="36.600" endTime="37.030"/>
      <word confidence="0.979" wordID="plaats" beginTime="37.030" endTime="37.310"/>
      <word confidence="1.000" wordID="in" beginTime="37.310" endTime="37.390"/>
      <word confidence="0.952" wordID="de" beginTime="37.390" endTime="37.520"/>
      <word confidence="0.750" wordID="SIL" beginTime="37.520" endTime="39.600"/>
    </wordsequence>
  </speech>
  <speech label="SPK01-012" begintime="39.63" endtime="44.70" >
    <wordsequence>
      <word confidence="0.750" wordID="SIL" beginTime="39.630" endTime="39.860"/>
      <word confidence="1.000" wordID="door" beginTime="39.860" endTime="39.980"/>
      <word confidence="0.998" wordID="deze" beginTime="39.980" endTime="40.190"/>
      <word confidence="1.000" wordID="apparaten" beginTime="40.190" endTime="40.710"/>
      <word confidence="1.000" wordID="zijn" beginTime="40.710" endTime="40.840"/>
      <word confidence="1.000" wordID="bijvoorbeeld" beginTime="40.840" endTime="41.290"/>
      <word confidence="1.000" wordID="alle" beginTime="41.290" endTime="41.520"/>
      <word confidence="1.000" wordID="veelsoortige" beginTime="41.520" endTime="42.280"/>
      <word confidence="1.000" wordID="gegeven" beginTime="42.280" endTime="42.820"/>
      <word confidence="0.918" wordID="SIL" beginTime="42.820" endTime="42.830"/>
      <word confidence="1.000" wordID="die" beginTime="42.830" endTime="42.930"/>
      <word confidence="1.000" wordID="in" beginTime="42.930" endTime="43.030"/>
      <word confidence="1.000" wordID="de" beginTime="43.030" endTime="43.090"/>
      <word confidence="1.000" wordID="moderne" beginTime="43.090" endTime="43.480"/>
      <word confidence="0.600" wordID="SIL" beginTime="43.480" endTime="43.490"/>
      <word confidence="1.000" wordID="loonadministratie" beginTime="43.490" endTime="44.340"/>
      <word confidence="1.000" wordID="verwerkt" beginTime="44.340" endTime="44.700"/>
    </wordsequence>
  </speech>
  <speech label="SPK01-013" begintime="44.72" endtime="48.10" >
    <wordsequence>
      <word confidence="0.942" wordID="waar" beginTime="44.720" endTime="45.020"/>
      <word confidence="0.900" wordID="de" beginTime="45.020" endTime="45.100"/>
      <word confidence="0.905" wordID="film" beginTime="45.100" endTime="45.710"/>
      <word confidence="0.987" wordID="van" beginTime="45.710" endTime="45.860"/>
      <word confidence="1.000" wordID="de" beginTime="45.860" endTime="45.960"/>
      <word confidence="1.000" wordID="zien" beginTime="45.960" endTime="46.210"/>
      <word confidence="0.746" wordID="SIL" beginTime="46.210" endTime="46.250"/>
      <word confidence="0.995" wordID="volledig" beginTime="46.250" endTime="46.850"/>
      <word confidence="1.000" wordID="automatisch" beginTime="46.850" endTime="47.460"/>
      <word confidence="1.000" wordID="te" beginTime="47.460" endTime="47.570"/>
      <word confidence="0.985" wordID="verkrijgen" beginTime="47.570" endTime="48.070"/>
      <word confidence="0.745" wordID="SIL" beginTime="48.070" endTime="48.100"/>
    </wordsequence>
  </speech>
  <speech label="SPK15-014" begintime="48.12" endtime="52.06" >
    <wordsequence>
      <word confidence="0.765" wordID="ja" beginTime="48.120" endTime="49.420"/>
      <word confidence="0.745" wordID="SIL" beginTime="49.420" endTime="49.430"/>
      <word confidence="0.751" wordID="ik" beginTime="49.430" endTime="52.010"/>
      <word confidence="0.804" wordID="SIL" beginTime="52.010" endTime="52.060"/>
    </wordsequence>
  </speech>
  <speech label="SPK01-015" begintime="52.08" endtime="55.02" >
    <wordsequence>
      <word confidence="0.750" wordID="SIL" beginTime="52.080" endTime="52.240"/>
      <word confidence="0.943" wordID="ook" beginTime="52.240" endTime="52.460"/>
      <word confidence="1.000" wordID="voor" beginTime="52.460" endTime="52.660"/>
      <word confidence="1.000" wordID="factureren" beginTime="52.660" endTime="53.360"/>
      <word confidence="1.000" wordID="zijn" beginTime="53.360" endTime="53.500"/>
      <word confidence="1.000" wordID="deze" beginTime="53.500" endTime="53.690"/>
      <word confidence="1.000" wordID="apparaten" beginTime="53.690" endTime="54.150"/>
      <word confidence="1.000" wordID="van" beginTime="54.150" endTime="54.280"/>
      <word confidence="1.000" wordID="groot" beginTime="54.280" endTime="54.520"/>
      <word confidence="1.000" wordID="belang" beginTime="54.520" endTime="54.850"/>
      <word confidence="1.000" wordID="SIL" beginTime="54.850" endTime="55.020"/>
    </wordsequence>
  </speech>
  <speech label="SPK01-016" begintime="55.05" endtime="60.52" >
    <wordsequence>
      <word confidence="0.750" wordID="SIL" beginTime="55.050" endTime="55.350"/>
      <word confidence="1.000" wordID="ze" beginTime="55.350" endTime="55.500"/>
      <word confidence="1.000" wordID="berichten" beginTime="55.500" endTime="55.900"/>
      <word confidence="1.000" wordID="machinaal" beginTime="55.900" endTime="56.420"/>
      <word confidence="1.000" wordID="in" beginTime="56.420" endTime="56.510"/>
      <word confidence="1.000" wordID="een" beginTime="56.510" endTime="56.600"/>
      <word confidence="0.736" wordID="SIL" beginTime="56.600" endTime="56.610"/>
      <word confidence="0.958" wordID="paar" beginTime="56.610" endTime="56.780"/>
      <word confidence="0.743" wordID="SIL" beginTime="56.780" endTime="56.790"/>
      <word confidence="1.000" wordID="seconden" beginTime="56.790" endTime="57.290"/>
      <word confidence="0.749" wordID="SIL" beginTime="57.290" endTime="57.620"/>
      <word confidence="1.000" wordID="hoeveelheden" beginTime="57.620" endTime="58.160"/>
      <word confidence="0.735" wordID="SIL" beginTime="58.160" endTime="58.170"/>
      <word confidence="1.000" wordID="werk" beginTime="58.170" endTime="58.420"/>
      <word confidence="1.000" wordID="waar" beginTime="58.420" endTime="58.560"/>
      <word confidence="1.000" wordID="talrijke" beginTime="58.560" endTime="58.970"/>
      <word confidence="1.000" wordID="mensen" beginTime="58.970" endTime="59.290"/>
      <word confidence="1.000" wordID="een" beginTime="59.290" endTime="59.370"/>
      <word confidence="1.000" wordID="week" beginTime="59.370" endTime="59.610"/>
      <word confidence="1.000" wordID="voor" beginTime="59.610" endTime="59.760"/>
      <word confidence="1.000" wordID="nodig" beginTime="59.760" endTime="60.020"/>
      <word confidence="1.000" wordID="zouden" beginTime="60.020" endTime="60.280"/>
      <word confidence="1.000" wordID="hebben" beginTime="60.280" endTime="60.490"/>
      <word confidence="0.744" wordID="SIL" beginTime="60.490" endTime="60.520"/>
    </wordsequence>
  </speech>
  <speech label="SPK01-017" begintime="60.54" endtime="62.95" >
    <wordsequence>
      <word confidence="0.750" wordID="SIL" beginTime="60.540" endTime="60.970"/>
      <word confidence="1.000" wordID="en" beginTime="60.970" endTime="61.110"/>
      <word confidence="0.995" wordID="kunnen" beginTime="61.110" endTime="61.340"/>
      <word confidence="1.000" wordID="tegelijkertijd" beginTime="61.340" endTime="62.010"/>
      <word confidence="1.000" wordID="automatisch" beginTime="62.010" endTime="62.580"/>
      <word confidence="0.738" wordID="SIL" beginTime="62.580" endTime="62.590"/>
      <word confidence="0.926" wordID="en" beginTime="62.590" endTime="62.700"/>
      <word confidence="0.737" wordID="SIL" beginTime="62.700" endTime="62.710"/>
      <word confidence="1.000" wordID="voor" beginTime="62.710" endTime="62.950"/>
    </wordsequence>
  </speech>
  <speech label="SPK03-018" begintime="62.97" endtime="65.95" >
    <wordsequence>
      <word confidence="0.748" wordID="nou" beginTime="62.970" endTime="63.060"/>
      <word confidence="1.000" wordID="dat" beginTime="63.060" endTime="63.230"/>
      <word confidence="1.000" wordID="SIL" beginTime="63.230" endTime="63.240"/>
      <word confidence="0.961" wordID="is" beginTime="63.240" endTime="63.450"/>
      <word confidence="0.976" wordID="dan" beginTime="63.450" endTime="63.660"/>
      <word confidence="0.999" wordID="cyber" beginTime="63.660" endTime="63.980"/>
      <word confidence="0.743" wordID="SIL" beginTime="63.980" endTime="63.990"/>
      <word confidence="0.943" wordID="houden" beginTime="63.990" endTime="64.260"/>
      <word confidence="0.785" wordID="SIL" beginTime="64.260" endTime="64.660"/>
      <word confidence="0.770" wordID="of" beginTime="64.660" endTime="65.940"/>
      <word confidence="0.738" wordID="SIL" beginTime="65.940" endTime="65.950"/>
    </wordsequence>
  </speech>
  <speech label="SPK01-019" begintime="65.97" endtime="70.27" >
    <wordsequence>
      <word confidence="1.000" wordID="deze" beginTime="65.970" endTime="66.180"/>
      <word confidence="1.000" wordID="beurs" beginTime="66.180" endTime="66.490"/>
      <word confidence="1.000" wordID="toonde" beginTime="66.490" endTime="66.760"/>
      <word confidence="1.000" wordID="ook" beginTime="66.760" endTime="66.950"/>
      <word confidence="1.000" wordID="verschillende" beginTime="66.950" endTime="67.390"/>
      <word confidence="1.000" wordID="nieuwe" beginTime="67.390" endTime="67.630"/>
      <word confidence="1.000" wordID="op" beginTime="67.630" endTime="67.810"/>
      <word confidence="1.000" wordID="bed" beginTime="67.810" endTime="68.030"/>
      <word confidence="1.000" wordID="systemen" beginTime="68.030" endTime="68.500"/>
      <word confidence="1.000" wordID="voor" beginTime="68.500" endTime="68.680"/>
      <word confidence="1.000" wordID="alle" beginTime="68.680" endTime="68.810"/>
      <word confidence="1.000" wordID="lezen" beginTime="68.810" endTime="69.080"/>
      <word confidence="0.980" wordID="we" beginTime="69.080" endTime="69.160"/>
      <word confidence="0.940" wordID="de" beginTime="69.160" endTime="69.230"/>
      <word confidence="1.000" wordID="administratie" beginTime="69.230" endTime="70.100"/>
      <word confidence="1.000" wordID="SIL" beginTime="70.100" endTime="70.270"/>
    </wordsequence>
  </speech>
  <speech label="SPK01-020" begintime="70.30" endtime="74.39" >
    <wordsequence>
      <word confidence="0.750" wordID="SIL" beginTime="70.300" endTime="70.500"/>
      <word confidence="1.000" wordID="die" beginTime="70.500" endTime="70.600"/>
      <word confidence="1.000" wordID="niet" beginTime="70.600" endTime="70.770"/>
      <word confidence="0.951" wordID="alleen" beginTime="70.770" endTime="70.970"/>
      <word confidence="1.000" wordID="overzichtelijk" beginTime="70.970" endTime="71.540"/>
      <word confidence="1.000" wordID="opgesteld" beginTime="71.540" endTime="72.060"/>
      <word confidence="0.749" wordID="SIL" beginTime="72.060" endTime="72.280"/>
      <word confidence="0.953" wordID="maar" beginTime="72.280" endTime="72.420"/>
      <word confidence="1.000" wordID="ook" beginTime="72.420" endTime="72.560"/>
      <word confidence="1.000" wordID="makkelijk" beginTime="72.560" endTime="72.910"/>
      <word confidence="1.000" wordID="bereikbaar" beginTime="72.910" endTime="73.400"/>
      <word confidence="1.000" wordID="dienen" beginTime="73.400" endTime="73.610"/>
      <word confidence="1.000" wordID="te" beginTime="73.610" endTime="73.710"/>
      <word confidence="1.000" wordID="zijn" beginTime="73.710" endTime="74.000"/>
      <word confidence="0.749" wordID="SIL" beginTime="74.000" endTime="74.390"/>
    </wordsequence>
  </speech>
  <speech label="SPK01-021" begintime="74.99" endtime="77.86" >
    <wordsequence>
      <word confidence="0.750" wordID="SIL" beginTime="74.990" endTime="75.480"/>
      <word confidence="1.000" wordID="van" beginTime="75.480" endTime="75.610"/>
      <word confidence="1.000" wordID="betekenis" beginTime="75.610" endTime="76.060"/>
      <word confidence="1.000" wordID="wordt" beginTime="76.060" endTime="76.210"/>
      <word confidence="1.000" wordID="ook" beginTime="76.210" endTime="76.320"/>
      <word confidence="1.000" wordID="dumeco" beginTime="76.320" endTime="76.800"/>
      <word confidence="1.000" wordID="registratie" beginTime="76.800" endTime="77.630"/>
      <word confidence="0.748" wordID="SIL" beginTime="77.630" endTime="77.860"/>
    </wordsequence>
  </speech>
  <speech label="SPK01-022" begintime="77.89" endtime="82.57" >
    <wordsequence>
      <word confidence="0.750" wordID="SIL" beginTime="77.890" endTime="77.960"/>
      <word confidence="1.000" wordID="maar" beginTime="77.960" endTime="78.060"/>
      <word confidence="1.000" wordID="bij" beginTime="78.060" endTime="78.170"/>
      <word confidence="1.000" wordID="documenten" beginTime="78.170" endTime="78.650"/>
      <word confidence="1.000" wordID="microscopisch" beginTime="78.650" endTime="79.420"/>
      <word confidence="1.000" wordID="klein" beginTime="79.420" endTime="79.670"/>
      <word confidence="1.000" wordID="worden" beginTime="79.670" endTime="79.870"/>
      <word confidence="0.976" wordID="geproduceerd" beginTime="79.870" endTime="80.730"/>
      <word confidence="0.747" wordID="SIL" beginTime="80.730" endTime="80.970"/>
      <word confidence="1.000" wordID="en" beginTime="80.970" endTime="81.110"/>
      <word confidence="1.000" wordID="dus" beginTime="81.110" endTime="81.300"/>
      <word confidence="1.000" wordID="geen" beginTime="81.300" endTime="81.520"/>
      <word confidence="1.000" wordID="plaats" beginTime="81.520" endTime="81.810"/>
      <word confidence="1.000" wordID="meer" beginTime="81.810" endTime="81.960"/>
      <word confidence="1.000" wordID="innemen" beginTime="81.960" endTime="82.400"/>
      <word confidence="0.748" wordID="SIL" beginTime="82.400" endTime="82.570"/>
    </wordsequence>
  </speech>
  <speech label="SPK01-023" begintime="82.59" endtime="87.16" >
    <wordsequence>
      <word confidence="0.750" wordID="SIL" beginTime="82.590" endTime="82.970"/>
      <word confidence="1.000" wordID="de" beginTime="82.970" endTime="83.060"/>
      <word confidence="1.000" wordID="hele" beginTime="83.060" endTime="83.380"/>
      <word confidence="1.000" wordID="bijbel" beginTime="83.380" endTime="83.820"/>
      <word confidence="1.000" wordID="is" beginTime="83.820" endTime="83.950"/>
      <word confidence="1.000" wordID="ook" beginTime="83.950" endTime="84.050"/>
      <word confidence="1.000" wordID="die" beginTime="84.050" endTime="84.140"/>
      <word confidence="1.000" wordID="wanneer" beginTime="84.140" endTime="84.430"/>
      <word confidence="1.000" wordID="ondergebracht" beginTime="84.430" endTime="85.020"/>
      <word confidence="0.748" wordID="SIL" beginTime="85.020" endTime="85.240"/>
      <word confidence="1.000" wordID="op" beginTime="85.240" endTime="85.350"/>
      <word confidence="1.000" wordID="een" beginTime="85.350" endTime="85.430"/>
      <word confidence="1.000" wordID="plaatje" beginTime="85.430" endTime="85.770"/>
      <word confidence="1.000" wordID="ter" beginTime="85.770" endTime="85.910"/>
      <word confidence="1.000" wordID="grootte" beginTime="85.910" endTime="86.230"/>
      <word confidence="1.000" wordID="van" beginTime="86.230" endTime="86.340"/>
      <word confidence="1.000" wordID="een" beginTime="86.340" endTime="86.410"/>
      <word confidence="1.000" wordID="pasfoto" beginTime="86.410" endTime="87.090"/>
      <word confidence="0.744" wordID="SIL" beginTime="87.090" endTime="87.160"/>
    </wordsequence>
  </speech>
  <speech label="SPK01-024" begintime="89.02" endtime="92.58" >
    <wordsequence>
      <word confidence="0.750" wordID="SIL" beginTime="89.020" endTime="89.690"/>
      <word confidence="1.000" wordID="geld" beginTime="89.690" endTime="90.080"/>
      <word confidence="0.736" wordID="SIL" beginTime="90.080" endTime="90.100"/>
      <word confidence="1.000" wordID="tellen" beginTime="90.100" endTime="90.410"/>
      <word confidence="1.000" wordID="schijnt" beginTime="90.410" endTime="90.670"/>
      <word confidence="1.000" wordID="nog" beginTime="90.670" endTime="90.820"/>
      <word confidence="1.000" wordID="wel" beginTime="90.820" endTime="91.010"/>
      <word confidence="1.000" wordID="te" beginTime="91.010" endTime="91.120"/>
      <word confidence="1.000" wordID="doen" beginTime="91.120" endTime="91.360"/>
      <word confidence="1.000" wordID="als" beginTime="91.360" endTime="91.500"/>
      <word confidence="1.000" wordID="het" beginTime="91.500" endTime="91.590"/>
      <word confidence="1.000" wordID="je" beginTime="91.590" endTime="91.690"/>
      <word confidence="1.000" wordID="eigen" beginTime="91.690" endTime="91.900"/>
      <word confidence="1.000" wordID="geld" beginTime="91.900" endTime="92.170"/>
      <word confidence="1.000" wordID="is" beginTime="92.170" endTime="92.360"/>
      <word confidence="0.746" wordID="SIL" beginTime="92.360" endTime="92.580"/>
    </wordsequence>
  </speech>
  <speech label="SPK01-025" begintime="92.60" endtime="96.23" >
    <wordsequence>
      <word confidence="0.750" wordID="SIL" beginTime="92.600" endTime="92.840"/>
      <word confidence="0.948" wordID="wat" beginTime="92.840" endTime="92.980"/>
      <word confidence="1.000" wordID="doe" beginTime="92.980" endTime="93.070"/>
      <word confidence="1.000" wordID="je" beginTime="93.070" endTime="93.200"/>
      <word confidence="0.740" wordID="SIL" beginTime="93.200" endTime="93.210"/>
      <word confidence="1.000" wordID="voor" beginTime="93.210" endTime="93.360"/>
      <word confidence="0.977" wordID="een" beginTime="93.360" endTime="93.430"/>
      <word confidence="1.000" wordID="ander" beginTime="93.430" endTime="93.750"/>
      <word confidence="0.749" wordID="SIL" beginTime="93.750" endTime="94.020"/>
      <word confidence="1.000" wordID="en" beginTime="94.020" endTime="94.140"/>
      <word confidence="1.000" wordID="is" beginTime="94.140" endTime="94.270"/>
      <word confidence="1.000" wordID="om" beginTime="94.270" endTime="94.390"/>
      <word confidence="1.000" wordID="martinair" beginTime="94.390" endTime="94.820"/>
      <word confidence="1.000" wordID="en" beginTime="94.820" endTime="94.910"/>
      <word confidence="1.000" wordID="alle" beginTime="94.910" endTime="95.170"/>
      <word confidence="0.740" wordID="SIL" beginTime="95.170" endTime="95.180"/>
      <word confidence="1.000" wordID="aangenaamste" beginTime="95.180" endTime="95.760"/>
      <word confidence="1.000" wordID="hulpmiddel" beginTime="95.760" endTime="96.220"/>
      <word confidence="0.705" wordID="SIL" beginTime="96.220" endTime="96.230"/>
    </wordsequence>
  </speech>
  <speech label="SPK01-026" begintime="96.26" endtime="97.76" >
    <wordsequence>
      <word confidence="0.750" wordID="SIL" beginTime="96.260" endTime="96.670"/>
      <word confidence="1.000" wordID="en" beginTime="96.670" endTime="96.790"/>
      <word confidence="1.000" wordID="het" beginTime="96.790" endTime="96.870"/>
      <word confidence="1.000" wordID="geschiedt" beginTime="96.870" endTime="97.170"/>
      <word confidence="1.000" wordID="veelal" beginTime="97.170" endTime="97.420"/>
      <word confidence="0.983" wordID="terug" beginTime="97.420" endTime="97.700"/>
      <word confidence="0.748" wordID="SIL" beginTime="97.700" endTime="97.760"/>
    </wordsequence>
  </speech>
  <speech label="SPK03-027" begintime="97.78" endtime="99.84" >
    <wordsequence>
      <word confidence="0.750" wordID="SIL" beginTime="97.780" endTime="98.010"/>
      <word confidence="0.735" wordID="toch" beginTime="98.010" endTime="99.780"/>
      <word confidence="0.733" wordID="SIL" beginTime="99.780" endTime="99.840"/>
    </wordsequence>
  </speech>
  <speech label="SPK03-028" begintime="99.86" endtime="103.82" >
    <wordsequence>
      <word confidence="0.732" wordID="SIL" beginTime="99.860" endTime="100.130"/>
      <word confidence="0.774" wordID="was" beginTime="100.130" endTime="100.560"/>
      <word confidence="0.773" wordID="SIL" beginTime="100.560" endTime="100.570"/>
      <word confidence="0.878" wordID="het" beginTime="100.570" endTime="100.740"/>
      <word confidence="1.000" wordID="snel" beginTime="100.740" endTime="101.000"/>
      <word confidence="1.000" wordID="tellen" beginTime="101.000" endTime="101.260"/>
      <word confidence="1.000" wordID="van" beginTime="101.260" endTime="101.410"/>
      <word confidence="1.000" wordID="witte" beginTime="101.410" endTime="101.640"/>
      <word confidence="0.965" wordID="alle" beginTime="101.640" endTime="101.830"/>
      <word confidence="0.985" wordID="grote" beginTime="101.830" endTime="102.210"/>
      <word confidence="1.000" wordID="machines" beginTime="102.210" endTime="102.620"/>
      <word confidence="0.900" wordID="geen" beginTime="102.620" endTime="102.800"/>
      <word confidence="0.979" wordID="moeilijkheden" beginTime="102.800" endTime="103.220"/>
      <word confidence="0.953" wordID="meer" beginTime="103.220" endTime="103.550"/>
      <word confidence="0.867" wordID="SIL" beginTime="103.550" endTime="103.820"/>
    </wordsequence>
  </speech>
  <speech label="SPK01-029" begintime="103.84" endtime="107.61" >
    <wordsequence>
      <word confidence="0.645" wordID="SIL" beginTime="103.840" endTime="103.930"/>
      <word confidence="0.848" wordID="het" beginTime="103.930" endTime="104.050"/>
      <word confidence="1.000" wordID="gaat" beginTime="104.050" endTime="104.240"/>
      <word confidence="0.852" wordID="om" beginTime="104.240" endTime="104.330"/>
      <word confidence="0.977" wordID="het" beginTime="104.330" endTime="104.450"/>
      <word confidence="0.980" wordID="was" beginTime="104.450" endTime="104.640"/>
      <word confidence="0.982" wordID="het" beginTime="104.640" endTime="104.730"/>
      <word confidence="0.986" wordID="in" beginTime="104.730" endTime="104.920"/>
      <word confidence="0.635" wordID="SIL" beginTime="104.920" endTime="104.940"/>
      <word confidence="0.928" wordID="het" beginTime="104.940" endTime="105.070"/>
      <word confidence="1.000" wordID="komt" beginTime="105.070" endTime="105.250"/>
      <word confidence="0.963" wordID="dat" beginTime="105.250" endTime="105.370"/>
      <word confidence="1.000" wordID="het" beginTime="105.370" endTime="105.450"/>
      <word confidence="1.000" wordID="zo" beginTime="105.450" endTime="105.620"/>
      <word confidence="0.643" wordID="SIL" beginTime="105.620" endTime="105.630"/>
      <word confidence="1.000" wordID="veertig" beginTime="105.630" endTime="106.030"/>
      <word confidence="1.000" wordID="geveld" beginTime="106.030" endTime="106.380"/>
      <word confidence="1.000" wordID="weer" beginTime="106.380" endTime="106.560"/>
      <word confidence="0.792" wordID="SIL" beginTime="106.560" endTime="106.660"/>
      <word confidence="0.925" wordID="fit" beginTime="106.660" endTime="107.610"/>
    </wordsequence>
  </speech>
  <speech label="SPK01-030" begintime="107.63" endtime="111.93" >
    <wordsequence>
      <word confidence="0.750" wordID="SIL" beginTime="107.630" endTime="107.690"/>
      <word confidence="1.000" wordID="deze" beginTime="107.690" endTime="107.940"/>
      <word confidence="1.000" wordID="efficiency" beginTime="107.940" endTime="108.430"/>
      <word confidence="1.000" wordID="beurs" beginTime="108.430" endTime="108.840"/>
      <word confidence="1.000" wordID="voor" beginTime="108.840" endTime="109.020"/>
      <word confidence="1.000" wordID="de" beginTime="109.020" endTime="109.100"/>
      <word confidence="1.000" wordID="deskundigen" beginTime="109.100" endTime="109.700"/>
      <word confidence="1.000" wordID="veel" beginTime="109.700" endTime="109.960"/>
      <word confidence="1.000" wordID="nieuws" beginTime="109.960" endTime="110.350"/>
      <word confidence="1.000" wordID="SIL" beginTime="110.350" endTime="110.630"/>
      <word confidence="1.000" wordID="en" beginTime="110.630" endTime="110.740"/>
      <word confidence="1.000" wordID="de" beginTime="110.740" endTime="110.830"/>
      <word confidence="0.741" wordID="SIL" beginTime="110.830" endTime="110.840"/>
      <word confidence="0.957" wordID="leek" beginTime="110.840" endTime="111.270"/>
      <word confidence="0.744" wordID="SIL" beginTime="111.270" endTime="111.310"/>
      <word confidence="1.000" wordID="het" beginTime="111.310" endTime="111.440"/>
      <word confidence="0.736" wordID="SIL" beginTime="111.440" endTime="111.450"/>
      <word confidence="1.000" wordID="wonder" beginTime="111.450" endTime="111.930"/>
    </wordsequence>
  </speech>
  <speech label="SPK16-031" begintime="111.95" endtime="114.40" >
    <wordsequence>
      <word confidence="0.750" wordID="SIL" beginTime="111.950" endTime="112.090"/>
      <word confidence="0.928" wordID="op" beginTime="112.090" endTime="112.250"/>
      <word confidence="0.881" wordID="SIL" beginTime="112.250" endTime="112.270"/>
      <word confidence="0.834" wordID="de" beginTime="112.270" endTime="112.390"/>
      <word confidence="0.896" wordID="kop" beginTime="112.390" endTime="112.560"/>
      <word confidence="0.743" wordID="SIL" beginTime="112.560" endTime="112.580"/>
      <word confidence="0.859" wordID="wordt" beginTime="112.580" endTime="112.940"/>
      <word confidence="0.750" wordID="SIL" beginTime="112.940" endTime="114.400"/>
    </wordsequence>
  </speech>

  </segments>
</shout_metadata>
