<?xml version="1.0" encoding="UTF-8"?>
<!--
  ##################################################################################################
  ###                      This transcription is automatically generated by                      ###
  ###                              X-MI, Cross-Media interaction                                 ###
  ###                                    http://x-mi.nl                                          ###
  ##################################################################################################
-->
<shout_metadata>
  <model_info>
    <version>Standaard systeem 28-02-2012</version>
    <description>Academia</description>
  </model_info>
  <segments>
  <speech label="SPK01-001" begintime="0.00" endtime="2.53" >
    <wordsequence>
      <word confidence="0.806" wordID="tikken" beginTime="0.000" endTime="0.300"/>
      <word confidence="0.736" wordID="SIL" beginTime="0.300" endTime="0.310"/>
      <word confidence="0.768" wordID="ja" beginTime="0.310" endTime="2.530"/>
    </wordsequence>
  </speech>
  <speech label="SPK02-002" begintime="2.55" endtime="5.33" >
    <wordsequence>
      <word confidence="0.748" wordID="ik" beginTime="2.550" endTime="5.330"/>
    </wordsequence>
  </speech>
  <speech label="SPK03-003" begintime="5.35" endtime="8.03" >
    <wordsequence>
      <word confidence="0.750" wordID="SIL" beginTime="5.350" endTime="5.370"/>
      <word confidence="0.745" wordID="ik" beginTime="5.370" endTime="8.030"/>
    </wordsequence>
  </speech>
  <speech label="SPK14-004" begintime="8.05" endtime="10.97" >
    <wordsequence>
      <word confidence="0.751" wordID="ik" beginTime="8.050" endTime="10.970"/>
    </wordsequence>
  </speech>
  <speech label="SPK03-005" begintime="10.99" endtime="14.28" >
    <wordsequence>
      <word confidence="0.747" wordID="ik" beginTime="10.990" endTime="14.280"/>
    </wordsequence>
  </speech>
  <speech label="SPK01-006" begintime="14.30" endtime="18.02" >
    <wordsequence>
      <word confidence="0.758" wordID="glen" beginTime="14.300" endTime="17.800"/>
      <word confidence="0.734" wordID="SIL" beginTime="17.800" endTime="18.020"/>
    </wordsequence>
  </speech>
  <speech label="SPK07-007" begintime="18.04" endtime="20.65" >
    <wordsequence>
      <word confidence="0.684" wordID="SIL" beginTime="18.040" endTime="18.100"/>
      <word confidence="0.750" wordID="ik" beginTime="18.100" endTime="20.650"/>
    </wordsequence>
  </speech>
  <speech label="SPK01-008" begintime="20.67" endtime="24.95" >
    <wordsequence>
      <word confidence="0.751" wordID="ja" beginTime="20.670" endTime="21.400"/>
      <word confidence="0.802" wordID="SIL" beginTime="21.400" endTime="21.410"/>
      <word confidence="0.754" wordID="ik" beginTime="21.410" endTime="24.640"/>
      <word confidence="0.745" wordID="SIL" beginTime="24.640" endTime="24.950"/>
    </wordsequence>
  </speech>
  <speech label="SPK03-009" begintime="24.97" endtime="27.48" >
    <wordsequence>
      <word confidence="0.750" wordID="ik" beginTime="24.970" endTime="27.400"/>
      <word confidence="0.750" wordID="SIL" beginTime="27.400" endTime="27.480"/>
    </wordsequence>
  </speech>
  <speech label="SPK01-010" begintime="27.50" endtime="30.34" >
    <wordsequence>
      <word confidence="0.758" wordID="ja" beginTime="27.500" endTime="30.030"/>
      <word confidence="0.721" wordID="SIL" beginTime="30.030" endTime="30.040"/>
      <word confidence="0.765" wordID="ik" beginTime="30.040" endTime="30.340"/>
    </wordsequence>
  </speech>
  <speech label="SPK05-011" begintime="30.36" endtime="32.88" >
    <wordsequence>
      <word confidence="0.750" wordID="SIL" beginTime="30.360" endTime="30.370"/>
      <word confidence="0.749" wordID="ik" beginTime="30.370" endTime="32.880"/>
    </wordsequence>
  </speech>
  <speech label="SPK11-012" begintime="32.90" endtime="35.41" >
    <wordsequence>
      <word confidence="0.751" wordID="ik" beginTime="32.900" endTime="34.730"/>
      <word confidence="0.727" wordID="SIL" beginTime="34.730" endTime="34.770"/>
      <word confidence="0.770" wordID="heb" beginTime="34.770" endTime="34.860"/>
      <word confidence="0.710" wordID="SIL" beginTime="34.860" endTime="34.870"/>
      <word confidence="0.769" wordID="het" beginTime="34.870" endTime="35.410"/>
    </wordsequence>
  </speech>
  <speech label="SPK01-013" begintime="35.43" endtime="38.50" >
    <wordsequence>
      <word confidence="0.735" wordID="SIL" beginTime="35.430" endTime="35.470"/>
      <word confidence="0.752" wordID="ja" beginTime="35.470" endTime="38.500"/>
    </wordsequence>
  </speech>
  <speech label="SPK01-014" begintime="38.52" endtime="42.23" >
    <wordsequence>
      <word confidence="0.746" wordID="ja" beginTime="38.520" endTime="42.210"/>
      <word confidence="0.713" wordID="SIL" beginTime="42.210" endTime="42.230"/>
    </wordsequence>
  </speech>
  <speech label="SPK01-015" begintime="42.25" endtime="46.45" >
    <wordsequence>
      <word confidence="0.751" wordID="ja" beginTime="42.250" endTime="46.440"/>
      <word confidence="0.745" wordID="SIL" beginTime="46.440" endTime="46.450"/>
    </wordsequence>
  </speech>
  <speech label="SPK01-016" begintime="46.47" endtime="50.47" >
    <wordsequence>
      <word confidence="0.750" wordID="SIL" beginTime="46.470" endTime="46.590"/>
      <word confidence="0.753" wordID="ja" beginTime="46.590" endTime="50.470"/>
    </wordsequence>
  </speech>
  <speech label="SPK03-017" begintime="50.49" endtime="53.22" >
    <wordsequence>
      <word confidence="0.753" wordID="ik" beginTime="50.490" endTime="53.220"/>
    </wordsequence>
  </speech>
  <speech label="SPK01-018" begintime="53.24" endtime="56.05" >
    <wordsequence>
      <word confidence="0.748" wordID="ja" beginTime="53.240" endTime="56.050"/>
    </wordsequence>
  </speech>
  <speech label="SPK01-019" begintime="56.07" endtime="59.47" >
    <wordsequence>
      <word confidence="0.751" wordID="ja" beginTime="56.070" endTime="59.440"/>
      <word confidence="0.696" wordID="SIL" beginTime="59.440" endTime="59.470"/>
    </wordsequence>
  </speech>
  <speech label="SPK03-020" begintime="59.49" endtime="61.97" >
    <wordsequence>
      <word confidence="0.748" wordID="ik" beginTime="59.490" endTime="61.950"/>
      <word confidence="0.723" wordID="SIL" beginTime="61.950" endTime="61.970"/>
    </wordsequence>
  </speech>
  <speech label="SPK01-021" begintime="61.99" endtime="63.13" >
    <wordsequence>
      <word confidence="0.757" wordID="ja" beginTime="61.990" endTime="63.130"/>
    </wordsequence>
  </speech>
  <speech label="SPK01-022" begintime="63.15" endtime="67.95" >
    <wordsequence>
      <word confidence="0.751" wordID="ja" beginTime="63.150" endTime="67.950"/>
    </wordsequence>
  </speech>
  <speech label="SPK01-023" begintime="67.97" endtime="68.40" >
    <wordsequence>
      <word confidence="0.717" wordID="SIL" beginTime="67.970" endTime="68.400"/>
    </wordsequence>
  </speech>
  <speech label="SPK03-024" begintime="68.42" endtime="69.92" >
    <wordsequence>
      <word confidence="0.756" wordID="ik" beginTime="68.420" endTime="69.680"/>
      <word confidence="0.734" wordID="SIL" beginTime="69.680" endTime="69.920"/>
    </wordsequence>
  </speech>
  <speech label="SPK01-025" begintime="69.94" endtime="70.92" >
    <wordsequence>
      <word confidence="0.744" wordID="ja" beginTime="69.940" endTime="70.920"/>
    </wordsequence>
  </speech>
  <speech label="SPK03-026" begintime="70.94" endtime="73.43" >
    <wordsequence>
      <word confidence="0.743" wordID="ik" beginTime="70.940" endTime="73.420"/>
      <word confidence="0.765" wordID="SIL" beginTime="73.420" endTime="73.430"/>
    </wordsequence>
  </speech>
  <speech label="SPK01-027" begintime="73.45" endtime="76.47" >
    <wordsequence>
      <word confidence="0.728" wordID="SIL" beginTime="73.450" endTime="73.570"/>
      <word confidence="0.749" wordID="ja" beginTime="73.570" endTime="76.440"/>
      <word confidence="0.800" wordID="SIL" beginTime="76.440" endTime="76.470"/>
    </wordsequence>
  </speech>
  <speech label="SPK03-028" begintime="76.49" endtime="77.72" >
    <wordsequence>
      <word confidence="0.727" wordID="SIL" beginTime="76.490" endTime="76.530"/>
      <word confidence="0.741" wordID="ja" beginTime="76.530" endTime="77.720"/>
    </wordsequence>
  </speech>
  <speech label="SPK03-029" begintime="77.74" endtime="81.48" >
    <wordsequence>
      <word confidence="0.741" wordID="ja" beginTime="77.740" endTime="79.380"/>
      <word confidence="0.760" wordID="SIL" beginTime="79.380" endTime="79.390"/>
      <word confidence="0.749" wordID="ik" beginTime="79.390" endTime="80.130"/>
      <word confidence="0.695" wordID="SIL" beginTime="80.130" endTime="80.150"/>
      <word confidence="0.797" wordID="dacht" beginTime="80.150" endTime="80.400"/>
      <word confidence="0.744" wordID="SIL" beginTime="80.400" endTime="80.540"/>
      <word confidence="0.808" wordID="dat" beginTime="80.540" endTime="80.680"/>
      <word confidence="0.795" wordID="SIL" beginTime="80.680" endTime="80.690"/>
      <word confidence="0.754" wordID="ik" beginTime="80.690" endTime="81.480"/>
    </wordsequence>
  </speech>
  <speech label="SPK03-030" begintime="81.50" endtime="83.53" >
    <wordsequence>
      <word confidence="0.746" wordID="ik" beginTime="81.500" endTime="83.450"/>
      <word confidence="0.770" wordID="SIL" beginTime="83.450" endTime="83.530"/>
    </wordsequence>
  </speech>
  <speech label="SPK11-031" begintime="83.55" endtime="86.12" >
    <wordsequence>
      <word confidence="0.750" wordID="SIL" beginTime="83.550" endTime="83.600"/>
      <word confidence="0.745" wordID="ik" beginTime="83.600" endTime="86.110"/>
      <word confidence="0.813" wordID="SIL" beginTime="86.110" endTime="86.120"/>
    </wordsequence>
  </speech>
  <speech label="SPK03-032" begintime="86.14" endtime="89.18" >
    <wordsequence>
      <word confidence="0.748" wordID="ik" beginTime="86.140" endTime="89.180"/>
    </wordsequence>
  </speech>
  <speech label="SPK01-033" begintime="89.20" endtime="91.75" >
    <wordsequence>
      <word confidence="0.692" wordID="SIL" beginTime="89.200" endTime="89.230"/>
      <word confidence="0.763" wordID="glenn" beginTime="89.230" endTime="91.750"/>
    </wordsequence>
  </speech>
  <speech label="SPK03-034" begintime="91.77" endtime="93.53" >
    <wordsequence>
      <word confidence="0.730" wordID="ik" beginTime="91.770" endTime="92.280"/>
      <word confidence="0.704" wordID="SIL" beginTime="92.280" endTime="92.290"/>
      <word confidence="0.767" wordID="hou" beginTime="92.290" endTime="93.420"/>
      <word confidence="0.730" wordID="SIL" beginTime="93.420" endTime="93.530"/>
    </wordsequence>
  </speech>
  <speech label="SPK01-035" begintime="93.55" endtime="96.18" >
    <wordsequence>
      <word confidence="0.750" wordID="ja" beginTime="93.550" endTime="96.180"/>
    </wordsequence>
  </speech>
  <speech label="SPK01-036" begintime="96.20" endtime="99.95" >
    <wordsequence>
      <word confidence="0.755" wordID="ja" beginTime="96.200" endTime="99.390"/>
      <word confidence="0.721" wordID="SIL" beginTime="99.390" endTime="99.400"/>
      <word confidence="0.755" wordID="ik" beginTime="99.400" endTime="99.950"/>
    </wordsequence>
  </speech>
  <speech label="SPK03-037" begintime="99.97" endtime="103.30" >
    <wordsequence>
      <word confidence="0.744" wordID="ik" beginTime="99.970" endTime="101.300"/>
      <word confidence="0.728" wordID="SIL" beginTime="101.300" endTime="101.450"/>
      <word confidence="0.758" wordID="had" beginTime="101.450" endTime="101.600"/>
      <word confidence="0.788" wordID="SIL" beginTime="101.600" endTime="101.610"/>
      <word confidence="0.757" wordID="het" beginTime="101.610" endTime="103.300"/>
    </wordsequence>
  </speech>

  </segments>
</shout_metadata>
