<?xml version="1.0" encoding="UTF-8"?>
<!--
  ##################################################################################################
  ###                      This transcription is automatically generated by                      ###
  ###                              X-MI, Cross-Media interaction                                 ###
  ###                                    http://x-mi.nl                                          ###
  ##################################################################################################
-->
<shout_metadata>
  <model_info>
    <version>Standaard systeem 28-02-2012</version>
    <description>Academia</description>
  </model_info>
  <segments>
  <speech label="SPK02-001" begintime="0.18" endtime="4.14" >
    <wordsequence>
      <word confidence="0.750" wordID="SIL" beginTime="0.180" endTime="0.300"/>
      <word confidence="0.858" wordID="een" beginTime="0.300" endTime="0.660"/>
      <word confidence="0.744" wordID="SIL" beginTime="0.660" endTime="0.680"/>
      <word confidence="1.000" wordID="jonge" beginTime="0.680" endTime="0.910"/>
      <word confidence="1.000" wordID="mensen" beginTime="0.910" endTime="1.400"/>
      <word confidence="0.748" wordID="SIL" beginTime="1.400" endTime="1.440"/>
      <word confidence="1.000" wordID="wier" beginTime="1.440" endTime="1.670"/>
      <word confidence="1.000" wordID="leeftijd" beginTime="1.670" endTime="2.130"/>
      <word confidence="0.737" wordID="SIL" beginTime="2.130" endTime="2.140"/>
      <word confidence="1.000" wordID="varieert" beginTime="2.140" endTime="2.600"/>
      <word confidence="1.000" wordID="van" beginTime="2.600" endTime="2.770"/>
      <word confidence="0.963" wordID="vijftien" beginTime="2.770" endTime="3.160"/>
      <word confidence="1.000" wordID="tot" beginTime="3.160" endTime="3.340"/>
      <word confidence="0.990" wordID="twintig" beginTime="3.340" endTime="3.700"/>
      <word confidence="1.000" wordID="jaar" beginTime="3.700" endTime="4.020"/>
      <word confidence="0.749" wordID="SIL" beginTime="4.020" endTime="4.140"/>
    </wordsequence>
  </speech>
  <speech label="SPK02-002" begintime="4.17" endtime="10.45" >
    <wordsequence>
      <word confidence="0.750" wordID="SIL" beginTime="4.170" endTime="4.340"/>
      <word confidence="0.857" wordID="en" beginTime="4.340" endTime="4.540"/>
      <word confidence="1.000" wordID="als" beginTime="4.540" endTime="4.710"/>
      <word confidence="1.000" wordID="winnaar" beginTime="4.710" endTime="5.000"/>
      <word confidence="0.916" wordID="zijn" beginTime="5.000" endTime="5.130"/>
      <word confidence="1.000" wordID="minnares" beginTime="5.130" endTime="5.490"/>
      <word confidence="1.000" wordID="de" beginTime="5.490" endTime="5.610"/>
      <word confidence="1.000" wordID="wadden" beginTime="5.610" endTime="5.880"/>
      <word confidence="1.000" wordID="opstelwedstrijd" beginTime="5.880" endTime="6.700"/>
      <word confidence="1.000" wordID="over" beginTime="6.700" endTime="6.910"/>
      <word confidence="1.000" wordID="industrialisatie" beginTime="6.910" endTime="7.900"/>
      <word confidence="1.000" wordID="en" beginTime="7.900" endTime="8.010"/>
      <word confidence="0.746" wordID="SIL" beginTime="8.010" endTime="8.040"/>
      <word confidence="0.931" wordID="tochten" beginTime="8.040" endTime="8.410"/>
      <word confidence="1.000" wordID="langs" beginTime="8.410" endTime="8.610"/>
      <word confidence="0.994" wordID="de" beginTime="8.610" endTime="8.680"/>
      <word confidence="1.000" wordID="nederlandse" beginTime="8.680" endTime="9.180"/>
      <word confidence="1.000" wordID="industrie" beginTime="9.180" endTime="9.600"/>
      <word confidence="0.937" wordID="ingebakken" beginTime="9.600" endTime="10.450"/>
    </wordsequence>
  </speech>
  <speech label="SPK02-003" begintime="10.48" endtime="16.74" >
    <wordsequence>
      <word confidence="0.750" wordID="SIL" beginTime="10.480" endTime="10.860"/>
      <word confidence="1.000" wordID="op" beginTime="10.860" endTime="11.000"/>
      <word confidence="0.989" wordID="de" beginTime="11.000" endTime="11.080"/>
      <word confidence="0.997" wordID="laatste" beginTime="11.080" endTime="11.410"/>
      <word confidence="1.000" wordID="dag" beginTime="11.410" endTime="11.590"/>
      <word confidence="1.000" wordID="daarvan" beginTime="11.590" endTime="12.080"/>
      <word confidence="0.748" wordID="SIL" beginTime="12.080" endTime="12.260"/>
      <word confidence="1.000" wordID="hebben" beginTime="12.260" endTime="12.490"/>
      <word confidence="1.000" wordID="ze" beginTime="12.490" endTime="12.580"/>
      <word confidence="1.000" wordID="in" beginTime="12.580" endTime="12.710"/>
      <word confidence="0.902" wordID="een" beginTime="12.710" endTime="12.810"/>
      <word confidence="0.738" wordID="SIL" beginTime="12.810" endTime="12.820"/>
      <word confidence="1.000" wordID="chemische" beginTime="12.820" endTime="13.180"/>
      <word confidence="1.000" wordID="fabriek" beginTime="13.180" endTime="13.500"/>
      <word confidence="1.000" wordID="in" beginTime="13.500" endTime="13.620"/>
      <word confidence="0.918" wordID="naarden" beginTime="13.620" endTime="14.020"/>
      <word confidence="0.749" wordID="SIL" beginTime="14.020" endTime="14.260"/>
      <word confidence="0.997" wordID="aan" beginTime="14.260" endTime="14.390"/>
      <word confidence="1.000" wordID="de" beginTime="14.390" endTime="14.460"/>
      <word confidence="0.980" wordID="productieverhoging" beginTime="14.460" endTime="15.490"/>
      <word confidence="0.744" wordID="SIL" beginTime="15.490" endTime="15.500"/>
      <word confidence="1.000" wordID="actief" beginTime="15.500" endTime="15.960"/>
      <word confidence="1.000" wordID="meegewerkt" beginTime="15.960" endTime="16.630"/>
      <word confidence="0.748" wordID="SIL" beginTime="16.630" endTime="16.740"/>
    </wordsequence>
  </speech>
  <speech label="SPK02-004" begintime="16.76" endtime="18.57" >
    <wordsequence>
      <word confidence="0.750" wordID="SIL" beginTime="16.760" endTime="16.910"/>
      <word confidence="0.920" wordID="maar" beginTime="16.910" endTime="17.040"/>
      <word confidence="1.000" wordID="wel" beginTime="17.040" endTime="17.220"/>
      <word confidence="1.000" wordID="als" beginTime="17.220" endTime="17.450"/>
      <word confidence="0.741" wordID="SIL" beginTime="17.450" endTime="17.460"/>
      <word confidence="0.987" wordID="tijdelijke" beginTime="17.460" endTime="17.910"/>
      <word confidence="1.000" wordID="arbeidskrachten" beginTime="17.910" endTime="18.570"/>
    </wordsequence>
  </speech>
  <speech label="SPK08-005" begintime="18.59" endtime="21.10" >
    <wordsequence>
      <word confidence="0.750" wordID="SIL" beginTime="18.590" endTime="18.730"/>
      <word confidence="0.774" wordID="en" beginTime="18.730" endTime="19.150"/>
      <word confidence="0.750" wordID="SIL" beginTime="19.150" endTime="19.930"/>
      <word confidence="0.779" wordID="ik" beginTime="19.930" endTime="20.670"/>
      <word confidence="0.750" wordID="SIL" beginTime="20.670" endTime="20.850"/>
      <word confidence="0.833" wordID="blijf" beginTime="20.850" endTime="21.090"/>
      <word confidence="0.743" wordID="SIL" beginTime="21.090" endTime="21.100"/>
    </wordsequence>
  </speech>
  <speech label="SPK02-006" begintime="21.12" endtime="24.61" >
    <wordsequence>
      <word confidence="0.962" wordID="in" beginTime="21.120" endTime="21.290"/>
      <word confidence="0.938" wordID="een" beginTime="21.290" endTime="21.440"/>
      <word confidence="1.000" wordID="SIL" beginTime="21.440" endTime="21.450"/>
      <word confidence="1.000" wordID="gevulde" beginTime="21.450" endTime="21.810"/>
      <word confidence="0.961" wordID="walter" beginTime="21.810" endTime="22.190"/>
      <word confidence="0.794" wordID="SIL" beginTime="22.190" endTime="22.200"/>
      <word confidence="1.000" wordID="gold" beginTime="22.200" endTime="22.620"/>
      <word confidence="0.980" wordID="SIL" beginTime="22.620" endTime="22.660"/>
      <word confidence="0.930" wordID="niet" beginTime="22.660" endTime="22.800"/>
      <word confidence="0.854" wordID="voor" beginTime="22.800" endTime="22.970"/>
      <word confidence="1.000" wordID="onderwijzers" beginTime="22.970" endTime="23.500"/>
      <word confidence="1.000" wordID="studeert" beginTime="23.500" endTime="24.030"/>
      <word confidence="0.749" wordID="SIL" beginTime="24.030" endTime="24.200"/>
      <word confidence="1.000" wordID="grote" beginTime="24.200" endTime="24.610"/>
    </wordsequence>
  </speech>
  <speech label="SPK11-007" begintime="24.63" endtime="27.14" >
    <wordsequence>
      <word confidence="0.750" wordID="SIL" beginTime="24.630" endTime="24.640"/>
      <word confidence="1.000" wordID="praten" beginTime="24.640" endTime="25.110"/>
      <word confidence="0.987" wordID="met" beginTime="25.110" endTime="25.280"/>
      <word confidence="0.933" wordID="een" beginTime="25.280" endTime="25.390"/>
      <word confidence="0.928" wordID="verlies" beginTime="25.390" endTime="25.680"/>
      <word confidence="0.997" wordID="dat" beginTime="25.680" endTime="25.920"/>
      <word confidence="0.749" wordID="SIL" beginTime="25.920" endTime="26.240"/>
      <word confidence="0.822" wordID="een" beginTime="26.240" endTime="26.330"/>
      <word confidence="0.906" wordID="van" beginTime="26.330" endTime="26.440"/>
      <word confidence="0.852" wordID="de" beginTime="26.440" endTime="26.520"/>
      <word confidence="0.744" wordID="SIL" beginTime="26.520" endTime="26.530"/>
      <word confidence="1.000" wordID="naam" beginTime="26.530" endTime="26.770"/>
      <word confidence="0.936" wordID="onder" beginTime="26.770" endTime="27.140"/>
    </wordsequence>
  </speech>
  <speech label="SPK02-008" begintime="27.16" endtime="28.25" >
    <wordsequence>
      <word confidence="1.000" wordID="breekbaar" beginTime="27.160" endTime="27.560"/>
      <word confidence="1.000" wordID="is" beginTime="27.560" endTime="27.810"/>
      <word confidence="0.749" wordID="SIL" beginTime="27.810" endTime="28.250"/>
    </wordsequence>
  </speech>
  <speech label="SPK02-009" begintime="28.62" endtime="32.84" >
    <wordsequence>
      <word confidence="0.750" wordID="SIL" beginTime="28.620" endTime="29.100"/>
      <word confidence="0.946" wordID="in" beginTime="29.100" endTime="29.220"/>
      <word confidence="0.821" wordID="de" beginTime="29.220" endTime="29.310"/>
      <word confidence="0.738" wordID="SIL" beginTime="29.310" endTime="29.320"/>
      <word confidence="0.889" wordID="partij" beginTime="29.320" endTime="29.530"/>
      <word confidence="0.733" wordID="SIL" beginTime="29.530" endTime="29.540"/>
      <word confidence="0.861" wordID="van" beginTime="29.540" endTime="29.680"/>
      <word confidence="0.772" wordID="de" beginTime="29.680" endTime="29.770"/>
      <word confidence="0.741" wordID="SIL" beginTime="29.770" endTime="29.780"/>
      <word confidence="1.000" wordID="compositie-afdeling" beginTime="29.780" endTime="30.800"/>
      <word confidence="0.743" wordID="SIL" beginTime="30.800" endTime="30.820"/>
      <word confidence="0.983" wordID="troffen" beginTime="30.820" endTime="31.110"/>
      <word confidence="0.978" wordID="we" beginTime="31.110" endTime="31.250"/>
      <word confidence="0.987" wordID="gezeten" beginTime="31.250" endTime="31.760"/>
      <word confidence="0.738" wordID="SIL" beginTime="31.760" endTime="31.770"/>
      <word confidence="1.000" wordID="voor" beginTime="31.770" endTime="32.000"/>
      <word confidence="1.000" wordID="het" beginTime="32.000" endTime="32.080"/>
      <word confidence="0.958" wordID="leuk" beginTime="32.080" endTime="32.380"/>
      <word confidence="1.000" wordID="orgel" beginTime="32.380" endTime="32.780"/>
      <word confidence="0.747" wordID="SIL" beginTime="32.780" endTime="32.840"/>
    </wordsequence>
  </speech>
  <speech label="SPK02-010" begintime="32.86" endtime="35.75" >
    <wordsequence>
      <word confidence="0.750" wordID="SIL" beginTime="32.860" endTime="33.110"/>
      <word confidence="1.000" wordID="de" beginTime="33.110" endTime="33.210"/>
      <word confidence="1.000" wordID="gymnasium" beginTime="33.210" endTime="33.780"/>
      <word confidence="1.000" wordID="weer" beginTime="33.780" endTime="34.000"/>
      <word confidence="1.000" wordID="lingen" beginTime="34.000" endTime="34.230"/>
      <word confidence="1.000" wordID="helmi" beginTime="34.230" endTime="34.600"/>
      <word confidence="1.000" wordID="van" beginTime="34.600" endTime="34.790"/>
      <word confidence="1.000" wordID="bach" beginTime="34.790" endTime="35.060"/>
      <word confidence="0.983" wordID="dan" beginTime="35.060" endTime="35.440"/>
      <word confidence="0.749" wordID="SIL" beginTime="35.440" endTime="35.750"/>
    </wordsequence>
  </speech>
  <speech label="SPK02-011" begintime="35.77" endtime="38.21" >
    <wordsequence>
      <word confidence="0.750" wordID="SIL" beginTime="35.770" endTime="35.820"/>
      <word confidence="1.000" wordID="die" beginTime="35.820" endTime="35.960"/>
      <word confidence="1.000" wordID="uit" beginTime="35.960" endTime="36.140"/>
      <word confidence="1.000" wordID="al" beginTime="36.140" endTime="36.290"/>
      <word confidence="1.000" wordID="die" beginTime="36.290" endTime="36.420"/>
      <word confidence="0.740" wordID="SIL" beginTime="36.420" endTime="36.430"/>
      <word confidence="1.000" wordID="flesjes" beginTime="36.430" endTime="36.840"/>
      <word confidence="0.997" wordID="dan" beginTime="36.840" endTime="36.960"/>
      <word confidence="0.746" wordID="SIL" beginTime="36.960" endTime="36.990"/>
      <word confidence="0.980" wordID="wat" beginTime="36.990" endTime="37.170"/>
      <word confidence="1.000" wordID="er" beginTime="37.170" endTime="37.280"/>
      <word confidence="1.000" wordID="moest" beginTime="37.280" endTime="37.540"/>
      <word confidence="1.000" wordID="daar" beginTime="37.540" endTime="37.740"/>
      <word confidence="1.000" wordID="was" beginTime="37.740" endTime="37.870"/>
      <word confidence="1.000" wordID="dan" beginTime="37.870" endTime="38.070"/>
      <word confidence="1.000" wordID="een" beginTime="38.070" endTime="38.150"/>
      <word confidence="0.746" wordID="SIL" beginTime="38.150" endTime="38.210"/>
    </wordsequence>
  </speech>
  <speech label="SPK16-012" begintime="38.23" endtime="40.70" >
    <wordsequence>
      <word confidence="0.750" wordID="SIL" beginTime="38.230" endTime="39.210"/>
      <word confidence="0.800" wordID="uh" beginTime="39.210" endTime="39.730"/>
      <word confidence="0.749" wordID="SIL" beginTime="39.730" endTime="39.860"/>
      <word confidence="0.846" wordID="hebben" beginTime="39.860" endTime="40.180"/>
      <word confidence="0.749" wordID="SIL" beginTime="40.180" endTime="40.380"/>
      <word confidence="0.794" wordID="we" beginTime="40.380" endTime="40.700"/>
    </wordsequence>
  </speech>
  <speech label="SPK01-013" begintime="40.72" endtime="42.45" >
    <wordsequence>
      <word confidence="0.750" wordID="SIL" beginTime="40.720" endTime="40.840"/>
      <word confidence="0.768" wordID="uh" beginTime="40.840" endTime="41.810"/>
      <word confidence="0.726" wordID="SIL" beginTime="41.810" endTime="41.820"/>
      <word confidence="0.793" wordID="ik" beginTime="41.820" endTime="42.160"/>
      <word confidence="0.750" wordID="SIL" beginTime="42.160" endTime="42.450"/>
    </wordsequence>
  </speech>
  <speech label="SPK02-014" begintime="42.47" endtime="44.16" >
    <wordsequence>
      <word confidence="0.842" wordID="het" beginTime="42.470" endTime="42.560"/>
      <word confidence="1.000" wordID="winnares" beginTime="42.560" endTime="43.080"/>
      <word confidence="0.743" wordID="SIL" beginTime="43.080" endTime="43.090"/>
      <word confidence="1.000" wordID="maria" beginTime="43.090" endTime="43.450"/>
      <word confidence="0.740" wordID="SIL" beginTime="43.450" endTime="43.460"/>
      <word confidence="1.000" wordID="hamelink" beginTime="43.460" endTime="44.100"/>
      <word confidence="1.000" wordID="SIL" beginTime="44.100" endTime="44.160"/>
    </wordsequence>
  </speech>
  <speech label="SPK02-015" begintime="44.18" endtime="49.69" >
    <wordsequence>
      <word confidence="0.750" wordID="SIL" beginTime="44.180" endTime="44.310"/>
      <word confidence="1.000" wordID="die" beginTime="44.310" endTime="44.400"/>
      <word confidence="1.000" wordID="in" beginTime="44.400" endTime="44.500"/>
      <word confidence="0.970" wordID="het" beginTime="44.500" endTime="44.580"/>
      <word confidence="1.000" wordID="dagelijks" beginTime="44.580" endTime="44.970"/>
      <word confidence="1.000" wordID="leven" beginTime="44.970" endTime="45.290"/>
      <word confidence="1.000" wordID="verpleegster" beginTime="45.290" endTime="45.920"/>
      <word confidence="1.000" wordID="is" beginTime="45.920" endTime="46.170"/>
      <word confidence="0.748" wordID="SIL" beginTime="46.170" endTime="46.280"/>
      <word confidence="0.908" wordID="hield" beginTime="46.280" endTime="46.480"/>
      <word confidence="1.000" wordID="zich" beginTime="46.480" endTime="46.610"/>
      <word confidence="0.737" wordID="SIL" beginTime="46.610" endTime="46.620"/>
      <word confidence="1.000" wordID="bezig" beginTime="46.620" endTime="46.980"/>
      <word confidence="0.979" wordID="met" beginTime="46.980" endTime="47.120"/>
      <word confidence="0.908" wordID="een" beginTime="47.120" endTime="47.200"/>
      <word confidence="1.000" wordID="bepaling" beginTime="47.200" endTime="47.730"/>
      <word confidence="1.000" wordID="volgens" beginTime="47.730" endTime="48.110"/>
      <word confidence="1.000" wordID="jodium" beginTime="48.110" endTime="48.560"/>
      <word confidence="0.734" wordID="SIL" beginTime="48.560" endTime="48.570"/>
      <word confidence="0.880" wordID="die" beginTime="48.570" endTime="48.730"/>
      <word confidence="0.735" wordID="SIL" beginTime="48.730" endTime="48.740"/>
      <word confidence="1.000" wordID="draad" beginTime="48.740" endTime="49.110"/>
      <word confidence="0.743" wordID="SIL" beginTime="49.110" endTime="49.120"/>
      <word confidence="0.855" wordID="die" beginTime="49.120" endTime="49.230"/>
      <word confidence="0.750" wordID="SIL" beginTime="49.230" endTime="49.690"/>
    </wordsequence>
  </speech>
  <speech label="SPK05-016" begintime="49.89" endtime="53.79" >
    <wordsequence>
      <word confidence="0.707" wordID="SIL" beginTime="49.890" endTime="50.000"/>
      <word confidence="0.768" wordID="goed" beginTime="50.000" endTime="50.800"/>
      <word confidence="0.797" wordID="SIL" beginTime="50.800" endTime="50.840"/>
      <word confidence="0.825" wordID="bedoeld" beginTime="50.840" endTime="51.590"/>
      <word confidence="0.785" wordID="SIL" beginTime="51.590" endTime="51.630"/>
      <word confidence="0.768" wordID="maar" beginTime="51.630" endTime="51.870"/>
      <word confidence="0.774" wordID="helemaal" beginTime="51.870" endTime="52.270"/>
      <word confidence="0.775" wordID="hun" beginTime="52.270" endTime="52.840"/>
      <word confidence="0.744" wordID="SIL" beginTime="52.840" endTime="52.930"/>
      <word confidence="0.774" wordID="ongenoegen" beginTime="52.930" endTime="53.630"/>
      <word confidence="0.753" wordID="SIL" beginTime="53.630" endTime="53.790"/>
    </wordsequence>
  </speech>
  <speech label="SPK02-017" begintime="53.81" endtime="56.20" >
    <wordsequence>
      <word confidence="1.000" wordID="ria" beginTime="53.810" endTime="54.120"/>
      <word confidence="1.000" wordID="feldman" beginTime="54.120" endTime="54.760"/>
      <word confidence="0.804" wordID="SIL" beginTime="54.760" endTime="54.810"/>
      <word confidence="0.977" wordID="die" beginTime="54.810" endTime="54.940"/>
      <word confidence="1.000" wordID="meeloopt" beginTime="54.940" endTime="55.420"/>
      <word confidence="1.000" wordID="in" beginTime="55.420" endTime="55.490"/>
      <word confidence="1.000" wordID="de" beginTime="55.490" endTime="55.560"/>
      <word confidence="0.993" wordID="huishouding" beginTime="55.560" endTime="56.120"/>
      <word confidence="0.853" wordID="SIL" beginTime="56.120" endTime="56.200"/>
    </wordsequence>
  </speech>
  <speech label="SPK02-018" begintime="56.23" endtime="58.92" >
    <wordsequence>
      <word confidence="0.750" wordID="SIL" beginTime="56.230" endTime="56.320"/>
      <word confidence="1.000" wordID="moest" beginTime="56.320" endTime="56.530"/>
      <word confidence="1.000" wordID="in" beginTime="56.530" endTime="56.610"/>
      <word confidence="1.000" wordID="het" beginTime="56.610" endTime="56.700"/>
      <word confidence="1.000" wordID="smaakstof" beginTime="56.700" endTime="57.180"/>
      <word confidence="1.000" wordID="laboratorium" beginTime="57.180" endTime="57.900"/>
      <word confidence="0.970" wordID="vruchtensappen" beginTime="57.900" endTime="58.590"/>
      <word confidence="1.000" wordID="teksten" beginTime="58.590" endTime="58.920"/>
    </wordsequence>
  </speech>
  <speech label="SPK09-019" begintime="58.94" endtime="62.26" >
    <wordsequence>
      <word confidence="0.870" wordID="vitamine" beginTime="58.940" endTime="59.380"/>
      <word confidence="0.984" wordID="bereiden" beginTime="59.380" endTime="59.970"/>
      <word confidence="0.750" wordID="SIL" beginTime="59.970" endTime="60.560"/>
      <word confidence="0.883" wordID="werd" beginTime="60.560" endTime="60.910"/>
      <word confidence="0.924" wordID="acteren" beginTime="60.910" endTime="61.540"/>
      <word confidence="0.743" wordID="SIL" beginTime="61.540" endTime="61.550"/>
      <word confidence="0.871" wordID="niet" beginTime="61.550" endTime="61.920"/>
      <word confidence="0.805" wordID="op" beginTime="61.920" endTime="62.000"/>
      <word confidence="0.746" wordID="SIL" beginTime="62.000" endTime="62.020"/>
      <word confidence="0.796" wordID="de" beginTime="62.020" endTime="62.090"/>
      <word confidence="0.927" wordID="dag" beginTime="62.090" endTime="62.260"/>
    </wordsequence>
  </speech>
  <speech label="SPK02-020" begintime="62.28" endtime="64.43" >
    <wordsequence>
      <word confidence="0.967" wordID="internetbank" beginTime="62.280" endTime="62.810"/>
      <word confidence="1.000" wordID="SIL" beginTime="62.810" endTime="62.820"/>
      <word confidence="1.000" wordID="continu" beginTime="62.820" endTime="63.280"/>
      <word confidence="1.000" wordID="destillaat" beginTime="63.280" endTime="63.950"/>
      <word confidence="0.847" wordID="SIL" beginTime="63.950" endTime="64.430"/>
    </wordsequence>
  </speech>
  <speech label="SPK02-021" begintime="64.96" endtime="71.15" >
    <wordsequence>
      <word confidence="0.750" wordID="SIL" beginTime="64.960" endTime="66.260"/>
      <word confidence="0.944" wordID="in" beginTime="66.260" endTime="66.350"/>
      <word confidence="0.888" wordID="de" beginTime="66.350" endTime="66.450"/>
      <word confidence="0.740" wordID="SIL" beginTime="66.450" endTime="66.460"/>
      <word confidence="0.960" wordID="technische" beginTime="66.460" endTime="66.880"/>
      <word confidence="1.000" wordID="werkplaatsen" beginTime="66.880" endTime="67.470"/>
      <word confidence="1.000" wordID="bestond" beginTime="67.470" endTime="67.770"/>
      <word confidence="0.971" wordID="gerard" beginTime="67.770" endTime="68.160"/>
      <word confidence="0.738" wordID="SIL" beginTime="68.160" endTime="68.170"/>
      <word confidence="1.000" wordID="eerst" beginTime="68.170" endTime="68.490"/>
      <word confidence="0.743" wordID="SIL" beginTime="68.490" endTime="68.500"/>
      <word confidence="1.000" wordID="achter" beginTime="68.500" endTime="68.760"/>
      <word confidence="0.935" wordID="de" beginTime="68.760" endTime="68.830"/>
      <word confidence="0.973" wordID="draaibanken" beginTime="68.830" endTime="69.420"/>
      <word confidence="0.749" wordID="SIL" beginTime="69.420" endTime="69.700"/>
      <word confidence="0.990" wordID="en" beginTime="69.700" endTime="69.840"/>
      <word confidence="0.980" wordID="zo" beginTime="69.840" endTime="69.960"/>
      <word confidence="1.000" wordID="deden" beginTime="69.960" endTime="70.220"/>
      <word confidence="1.000" wordID="ze" beginTime="70.220" endTime="70.290"/>
      <word confidence="1.000" wordID="allemaal" beginTime="70.290" endTime="70.660"/>
      <word confidence="1.000" wordID="wat" beginTime="70.660" endTime="70.950"/>
      <word confidence="0.749" wordID="SIL" beginTime="70.950" endTime="71.150"/>
    </wordsequence>
  </speech>
  <speech label="SPK02-022" begintime="71.18" endtime="76.88" >
    <wordsequence>
      <word confidence="0.750" wordID="SIL" beginTime="71.180" endTime="71.430"/>
      <word confidence="1.000" wordID="jonge" beginTime="71.430" endTime="71.650"/>
      <word confidence="1.000" wordID="mensen" beginTime="71.650" endTime="72.030"/>
      <word confidence="0.941" wordID="hebben" beginTime="72.030" endTime="72.230"/>
      <word confidence="1.000" wordID="gezien" beginTime="72.230" endTime="72.550"/>
      <word confidence="1.000" wordID="hoe" beginTime="72.550" endTime="72.710"/>
      <word confidence="1.000" wordID="nederland" beginTime="72.710" endTime="73.170"/>
      <word confidence="0.913" wordID="werkt" beginTime="73.170" endTime="73.520"/>
      <word confidence="0.749" wordID="al" beginTime="73.520" endTime="73.580"/>
      <word confidence="0.750" wordID="SIL" beginTime="73.580" endTime="74.030"/>
      <word confidence="1.000" wordID="twee" beginTime="74.030" endTime="74.210"/>
      <word confidence="0.968" wordID="weken" beginTime="74.210" endTime="74.530"/>
      <word confidence="0.961" wordID="uh" beginTime="74.530" endTime="74.610"/>
      <word confidence="0.992" wordID="beseffen" beginTime="74.610" endTime="75.070"/>
      <word confidence="1.000" wordID="dat" beginTime="75.070" endTime="75.190"/>
      <word confidence="1.000" wordID="industrialisatie" beginTime="75.190" endTime="76.120"/>
      <word confidence="1.000" wordID="nodig" beginTime="76.120" endTime="76.480"/>
      <word confidence="1.000" wordID="is" beginTime="76.480" endTime="76.710"/>
      <word confidence="0.749" wordID="SIL" beginTime="76.710" endTime="76.880"/>
    </wordsequence>
  </speech>
  <speech label="SPK02-023" begintime="76.91" endtime="78.85" >
    <wordsequence>
      <word confidence="0.750" wordID="SIL" beginTime="76.910" endTime="77.080"/>
      <word confidence="1.000" wordID="en" beginTime="77.080" endTime="77.220"/>
      <word confidence="0.982" wordID="ze" beginTime="77.220" endTime="77.310"/>
      <word confidence="1.000" wordID="zullen" beginTime="77.310" endTime="77.510"/>
      <word confidence="1.000" wordID="die" beginTime="77.510" endTime="77.610"/>
      <word confidence="1.000" wordID="wetenschap" beginTime="77.610" endTime="78.200"/>
      <word confidence="1.000" wordID="in" beginTime="78.200" endTime="78.330"/>
      <word confidence="0.744" wordID="SIL" beginTime="78.330" endTime="78.350"/>
      <word confidence="1.000" wordID="eigen" beginTime="78.350" endTime="78.650"/>
      <word confidence="0.879" wordID="land" beginTime="78.650" endTime="78.850"/>
    </wordsequence>
  </speech>
  <speech label="SPK16-024" begintime="78.87" endtime="81.09" >
    <wordsequence>
      <word confidence="0.635" wordID="SIL" beginTime="78.870" endTime="79.020"/>
      <word confidence="0.818" wordID="ik" beginTime="79.020" endTime="79.190"/>
      <word confidence="0.712" wordID="SIL" beginTime="79.190" endTime="79.200"/>
      <word confidence="0.906" wordID="houd" beginTime="79.200" endTime="79.460"/>
      <word confidence="0.756" wordID="SIL" beginTime="79.460" endTime="79.520"/>
      <word confidence="0.822" wordID="acht" beginTime="79.520" endTime="79.810"/>
      <word confidence="0.750" wordID="SIL" beginTime="79.810" endTime="80.280"/>
      <word confidence="0.855" wordID="ronden" beginTime="80.280" endTime="81.090"/>
    </wordsequence>
  </speech>

  </segments>
</shout_metadata>
