<?xml version="1.0" encoding="UTF-8"?>
<!--
  ##################################################################################################
  ###                      This transcription is automatically generated by                      ###
  ###                              X-MI, Cross-Media interaction                                 ###
  ###                                    http://x-mi.nl                                          ###
  ##################################################################################################
-->
<shout_metadata>
  <model_info>
    <version>Standaard systeem 28-02-2012</version>
    <description>Academia</description>
  </model_info>
  <segments>
  <speech label="SPK02-001" begintime="0.00" endtime="3.88" >
    <wordsequence>
      <word confidence="0.750" wordID="SIL" beginTime="0.000" endTime="0.390"/>
      <word confidence="0.979" wordID="honderd" beginTime="0.390" endTime="0.760"/>
      <word confidence="1.000" wordID="jaar" beginTime="0.760" endTime="0.980"/>
      <word confidence="0.742" wordID="SIL" beginTime="0.980" endTime="0.990"/>
      <word confidence="1.000" wordID="activiteit" beginTime="0.990" endTime="1.680"/>
      <word confidence="1.000" wordID="is" beginTime="1.680" endTime="1.790"/>
      <word confidence="1.000" wordID="het" beginTime="1.790" endTime="1.890"/>
      <word confidence="0.971" wordID="motto" beginTime="1.890" endTime="2.220"/>
      <word confidence="0.980" wordID="van" beginTime="2.220" endTime="2.360"/>
      <word confidence="1.000" wordID="de" beginTime="2.360" endTime="2.430"/>
      <word confidence="0.997" wordID="tentoonstelling" beginTime="2.430" endTime="3.130"/>
      <word confidence="1.000" wordID="in" beginTime="3.130" endTime="3.210"/>
      <word confidence="0.984" wordID="enschede" beginTime="3.210" endTime="3.810"/>
      <word confidence="0.747" wordID="SIL" beginTime="3.810" endTime="3.880"/>
    </wordsequence>
  </speech>
  <speech label="SPK02-002" begintime="3.91" endtime="6.90" >
    <wordsequence>
      <word confidence="0.750" wordID="SIL" beginTime="3.910" endTime="4.030"/>
      <word confidence="1.000" wordID="die" beginTime="4.030" endTime="4.140"/>
      <word confidence="0.918" wordID="een" beginTime="4.140" endTime="4.220"/>
      <word confidence="1.000" wordID="beeld" beginTime="4.220" endTime="4.480"/>
      <word confidence="0.990" wordID="geeft" beginTime="4.480" endTime="4.750"/>
      <word confidence="0.918" wordID="SIL" beginTime="4.750" endTime="4.760"/>
      <word confidence="1.000" wordID="van" beginTime="4.760" endTime="4.910"/>
      <word confidence="0.992" wordID="een" beginTime="4.910" endTime="5.020"/>
      <word confidence="0.807" wordID="SIL" beginTime="5.020" endTime="5.030"/>
      <word confidence="0.951" wordID="eeuw" beginTime="5.030" endTime="5.240"/>
      <word confidence="1.000" wordID="bedrijvigheid" beginTime="5.240" endTime="5.920"/>
      <word confidence="1.000" wordID="in" beginTime="5.920" endTime="6.050"/>
      <word confidence="1.000" wordID="twente" beginTime="6.050" endTime="6.530"/>
      <word confidence="0.815" wordID="SIL" beginTime="6.530" endTime="6.690"/>
      <word confidence="0.911" wordID="op" beginTime="6.690" endTime="6.900"/>
    </wordsequence>
  </speech>
  <speech label="SPK04-003" begintime="6.92" endtime="9.41" >
    <wordsequence>
      <word confidence="0.779" wordID="het" beginTime="6.920" endTime="7.000"/>
      <word confidence="0.947" wordID="gebied" beginTime="7.000" endTime="7.290"/>
      <word confidence="1.000" wordID="van" beginTime="7.290" endTime="7.460"/>
      <word confidence="1.000" wordID="de" beginTime="7.460" endTime="7.550"/>
      <word confidence="0.894" wordID="tweede" beginTime="7.550" endTime="7.810"/>
      <word confidence="0.644" wordID="SIL" beginTime="7.810" endTime="7.820"/>
      <word confidence="1.000" wordID="wereld" beginTime="7.820" endTime="8.210"/>
      <word confidence="0.856" wordID="SIL" beginTime="8.210" endTime="8.220"/>
      <word confidence="0.827" wordID="rug" beginTime="8.220" endTime="9.410"/>
    </wordsequence>
  </speech>
  <speech label="SPK05-004" begintime="9.43" endtime="10.87" >
    <wordsequence>
      <word confidence="0.697" wordID="ik" beginTime="9.430" endTime="9.520"/>
      <word confidence="0.721" wordID="SIL" beginTime="9.520" endTime="9.610"/>
      <word confidence="0.775" wordID="heb" beginTime="9.610" endTime="10.120"/>
      <word confidence="0.690" wordID="SIL" beginTime="10.120" endTime="10.130"/>
      <word confidence="0.776" wordID="er" beginTime="10.130" endTime="10.870"/>
    </wordsequence>
  </speech>
  <speech label="SPK02-005" begintime="10.89" endtime="11.93" >
    <wordsequence>
      <word confidence="0.857" wordID="maar" beginTime="10.890" endTime="11.060"/>
      <word confidence="0.900" wordID="vooral" beginTime="11.060" endTime="11.440"/>
      <word confidence="0.908" wordID="ook" beginTime="11.440" endTime="11.550"/>
      <word confidence="0.947" wordID="van" beginTime="11.550" endTime="11.720"/>
      <word confidence="1.000" wordID="de" beginTime="11.720" endTime="11.800"/>
      <word confidence="1.000" wordID="in" beginTime="11.800" endTime="11.930"/>
    </wordsequence>
  </speech>
  <speech label="SPK05-006" begintime="11.95" endtime="13.88" >
    <wordsequence>
      <word confidence="0.818" wordID="ik" beginTime="11.950" endTime="12.140"/>
      <word confidence="0.751" wordID="SIL" beginTime="12.140" endTime="12.390"/>
      <word confidence="0.787" wordID="heb" beginTime="12.390" endTime="12.510"/>
      <word confidence="0.750" wordID="SIL" beginTime="12.510" endTime="13.240"/>
      <word confidence="0.787" wordID="genoeg" beginTime="13.240" endTime="13.870"/>
      <word confidence="0.736" wordID="SIL" beginTime="13.870" endTime="13.880"/>
    </wordsequence>
  </speech>
  <speech label="SPK02-007" begintime="13.90" endtime="18.83" >
    <wordsequence>
      <word confidence="0.836" wordID="de" beginTime="13.900" endTime="14.010"/>
      <word confidence="0.964" wordID="machine" beginTime="14.010" endTime="14.390"/>
      <word confidence="1.000" wordID="heeft" beginTime="14.390" endTime="14.610"/>
      <word confidence="0.928" wordID="een" beginTime="14.610" endTime="14.680"/>
      <word confidence="1.000" wordID="geweldige" beginTime="14.680" endTime="15.140"/>
      <word confidence="1.000" wordID="ontwikkeling" beginTime="15.140" endTime="15.660"/>
      <word confidence="0.982" wordID="doorgemaakt" beginTime="15.660" endTime="16.320"/>
      <word confidence="1.000" wordID="SIL" beginTime="16.320" endTime="16.470"/>
      <word confidence="0.955" wordID="en" beginTime="16.470" endTime="16.620"/>
      <word confidence="1.000" wordID="machines" beginTime="16.620" endTime="17.080"/>
      <word confidence="1.000" wordID="zijn" beginTime="17.080" endTime="17.260"/>
      <word confidence="0.951" wordID="in" beginTime="17.260" endTime="17.380"/>
      <word confidence="0.994" wordID="twente" beginTime="17.380" endTime="17.690"/>
      <word confidence="1.000" wordID="met" beginTime="17.690" endTime="17.890"/>
      <word confidence="0.909" wordID="een" beginTime="17.890" endTime="17.990"/>
      <word confidence="0.732" wordID="SIL" beginTime="17.990" endTime="18.000"/>
      <word confidence="0.993" wordID="textielindustrie" beginTime="18.000" endTime="18.830"/>
    </wordsequence>
  </speech>
  <speech label="SPK04-008" begintime="18.85" endtime="19.69" >
    <wordsequence>
      <word confidence="0.979" wordID="van" beginTime="18.850" endTime="19.040"/>
      <word confidence="0.887" wordID="groot" beginTime="19.040" endTime="19.310"/>
      <word confidence="0.820" wordID="SIL" beginTime="19.310" endTime="19.320"/>
      <word confidence="0.947" wordID="belang" beginTime="19.320" endTime="19.690"/>
    </wordsequence>
  </speech>
  <speech label="SPK04-009" begintime="19.71" endtime="24.35" >
    <wordsequence>
      <word confidence="0.750" wordID="SIL" beginTime="19.710" endTime="20.090"/>
      <word confidence="0.976" wordID="maar" beginTime="20.090" endTime="20.230"/>
      <word confidence="1.000" wordID="de" beginTime="20.230" endTime="20.300"/>
      <word confidence="1.000" wordID="mensen" beginTime="20.300" endTime="20.690"/>
      <word confidence="0.744" wordID="SIL" beginTime="20.690" endTime="20.710"/>
      <word confidence="1.000" wordID="speelt" beginTime="20.710" endTime="21.000"/>
      <word confidence="1.000" wordID="nog" beginTime="21.000" endTime="21.150"/>
      <word confidence="1.000" wordID="altijd" beginTime="21.150" endTime="21.520"/>
      <word confidence="1.000" wordID="de" beginTime="21.520" endTime="21.580"/>
      <word confidence="1.000" wordID="belangrijkste" beginTime="21.580" endTime="22.220"/>
      <word confidence="0.980" wordID="rol" beginTime="22.220" endTime="22.490"/>
      <word confidence="0.750" wordID="SIL" beginTime="22.490" endTime="22.900"/>
      <word confidence="0.949" wordID="onder" beginTime="22.900" endTime="23.110"/>
      <word confidence="1.000" wordID="andere" beginTime="23.110" endTime="23.370"/>
      <word confidence="1.000" wordID="bij" beginTime="23.370" endTime="23.510"/>
      <word confidence="1.000" wordID="het" beginTime="23.510" endTime="23.610"/>
      <word confidence="0.978" wordID="ontwerpen" beginTime="23.610" endTime="24.060"/>
      <word confidence="1.000" wordID="van" beginTime="24.060" endTime="24.210"/>
      <word confidence="0.968" wordID="de" beginTime="24.210" endTime="24.350"/>
    </wordsequence>
  </speech>
  <speech label="SPK04-010" begintime="24.37" endtime="25.24" >
    <wordsequence>
      <word confidence="0.673" wordID="SIL" beginTime="24.370" endTime="24.460"/>
      <word confidence="0.854" wordID="ik" beginTime="24.460" endTime="24.600"/>
      <word confidence="0.871" wordID="ben" beginTime="24.600" endTime="24.730"/>
      <word confidence="0.662" wordID="SIL" beginTime="24.730" endTime="24.740"/>
      <word confidence="1.000" wordID="voor" beginTime="24.740" endTime="24.880"/>
      <word confidence="0.868" wordID="de" beginTime="24.880" endTime="24.950"/>
      <word confidence="1.000" wordID="straf" beginTime="24.950" endTime="25.240"/>
    </wordsequence>
  </speech>
  <speech label="SPK02-011" begintime="25.26" endtime="27.80" >
    <wordsequence>
      <word confidence="0.803" wordID="een" beginTime="25.260" endTime="25.440"/>
      <word confidence="0.749" wordID="SIL" beginTime="25.440" endTime="25.550"/>
      <word confidence="0.838" wordID="hele" beginTime="25.550" endTime="25.850"/>
      <word confidence="1.000" wordID="machines" beginTime="25.850" endTime="26.320"/>
      <word confidence="0.970" wordID="geweten" beginTime="26.320" endTime="26.810"/>
      <word confidence="0.871" wordID="en" beginTime="26.810" endTime="26.940"/>
      <word confidence="0.930" wordID="SIL" beginTime="26.940" endTime="26.950"/>
      <word confidence="0.967" wordID="bedrukt" beginTime="26.950" endTime="27.300"/>
      <word confidence="0.966" wordID="worden" beginTime="27.300" endTime="27.790"/>
      <word confidence="0.736" wordID="SIL" beginTime="27.790" endTime="27.800"/>
    </wordsequence>
  </speech>
  <speech label="SPK13-012" begintime="27.82" endtime="30.72" >
    <wordsequence>
      <word confidence="0.749" wordID="SIL" beginTime="27.820" endTime="28.030"/>
      <word confidence="0.757" wordID="hij" beginTime="28.030" endTime="28.630"/>
      <word confidence="0.693" wordID="SIL" beginTime="28.630" endTime="28.650"/>
      <word confidence="0.792" wordID="zei" beginTime="28.650" endTime="28.990"/>
      <word confidence="0.753" wordID="SIL" beginTime="28.990" endTime="29.470"/>
      <word confidence="0.808" wordID="liever" beginTime="29.470" endTime="30.570"/>
      <word confidence="0.809" wordID="SIL" beginTime="30.570" endTime="30.720"/>
    </wordsequence>
  </speech>
  <speech label="SPK02-013" begintime="30.74" endtime="32.50" >
    <wordsequence>
      <word confidence="0.826" wordID="men" beginTime="30.740" endTime="30.900"/>
      <word confidence="1.000" wordID="kan" beginTime="30.900" endTime="31.110"/>
      <word confidence="0.961" wordID="op" beginTime="31.110" endTime="31.220"/>
      <word confidence="1.000" wordID="deze" beginTime="31.220" endTime="31.440"/>
      <word confidence="0.966" wordID="tentoonstelling" beginTime="31.440" endTime="32.160"/>
      <word confidence="1.000" wordID="zien" beginTime="32.160" endTime="32.470"/>
      <word confidence="1.000" wordID="SIL" beginTime="32.470" endTime="32.500"/>
    </wordsequence>
  </speech>
  <speech label="SPK02-014" begintime="32.52" endtime="36.75" >
    <wordsequence>
      <word confidence="0.750" wordID="SIL" beginTime="32.520" endTime="32.650"/>
      <word confidence="0.976" wordID="komt" beginTime="32.650" endTime="32.810"/>
      <word confidence="0.904" wordID="tegenwoordig" beginTime="32.810" endTime="33.420"/>
      <word confidence="0.743" wordID="SIL" beginTime="33.420" endTime="33.440"/>
      <word confidence="0.893" wordID="het" beginTime="33.440" endTime="33.540"/>
      <word confidence="0.963" wordID="SIL" beginTime="33.540" endTime="33.560"/>
      <word confidence="0.962" wordID="gaat" beginTime="33.560" endTime="33.760"/>
      <word confidence="1.000" wordID="om" beginTime="33.760" endTime="33.920"/>
      <word confidence="1.000" wordID="wordt" beginTime="33.920" endTime="34.110"/>
      <word confidence="1.000" wordID="gesponnen" beginTime="34.110" endTime="34.590"/>
      <word confidence="0.926" wordID="een" beginTime="34.590" endTime="34.770"/>
      <word confidence="1.000" wordID="vernuftige" beginTime="34.770" endTime="35.300"/>
      <word confidence="1.000" wordID="machines" beginTime="35.300" endTime="35.970"/>
      <word confidence="0.750" wordID="SIL" beginTime="35.970" endTime="36.750"/>
    </wordsequence>
  </speech>
  <speech label="SPK01-015" begintime="36.77" endtime="39.69" >
    <wordsequence>
      <word confidence="0.680" wordID="SIL" beginTime="36.770" endTime="36.820"/>
      <word confidence="0.765" wordID="ruim" beginTime="36.820" endTime="37.250"/>
      <word confidence="0.749" wordID="SIL" beginTime="37.250" endTime="37.340"/>
      <word confidence="0.799" wordID="een" beginTime="37.340" endTime="37.670"/>
      <word confidence="0.755" wordID="SIL" beginTime="37.670" endTime="38.030"/>
      <word confidence="0.823" wordID="jaar" beginTime="38.030" endTime="38.170"/>
      <word confidence="0.817" wordID="SIL" beginTime="38.170" endTime="38.450"/>
      <word confidence="0.781" wordID="in" beginTime="38.450" endTime="38.740"/>
      <word confidence="0.767" wordID="SIL" beginTime="38.740" endTime="38.910"/>
      <word confidence="0.802" wordID="zee" beginTime="38.910" endTime="39.580"/>
      <word confidence="0.860" wordID="SIL" beginTime="39.580" endTime="39.690"/>
    </wordsequence>
  </speech>
  <speech label="SPK02-016" begintime="39.71" endtime="45.53" >
    <wordsequence>
      <word confidence="0.788" wordID="want" beginTime="39.710" endTime="40.020"/>
      <word confidence="0.854" wordID="ik" beginTime="40.020" endTime="40.130"/>
      <word confidence="0.815" wordID="SIL" beginTime="40.130" endTime="40.140"/>
      <word confidence="1.000" wordID="kan" beginTime="40.140" endTime="40.280"/>
      <word confidence="1.000" wordID="SIL" beginTime="40.280" endTime="40.320"/>
      <word confidence="0.950" wordID="toen" beginTime="40.320" endTime="40.510"/>
      <word confidence="1.000" wordID="heeft" beginTime="40.510" endTime="40.720"/>
      <word confidence="0.809" wordID="SIL" beginTime="40.720" endTime="40.730"/>
      <word confidence="1.000" wordID="ze" beginTime="40.730" endTime="40.850"/>
      <word confidence="0.864" wordID="aan" beginTime="40.850" endTime="40.990"/>
      <word confidence="0.822" wordID="SIL" beginTime="40.990" endTime="41.000"/>
      <word confidence="0.954" wordID="hun" beginTime="41.000" endTime="41.140"/>
      <word confidence="1.000" wordID="eigen" beginTime="41.140" endTime="41.400"/>
      <word confidence="1.000" wordID="mode-industrie" beginTime="41.400" endTime="42.120"/>
      <word confidence="1.000" wordID="opgebouwd" beginTime="42.120" endTime="42.670"/>
      <word confidence="1.000" wordID="SIL" beginTime="42.670" endTime="42.900"/>
      <word confidence="0.934" wordID="die" beginTime="42.900" endTime="43.000"/>
      <word confidence="1.000" wordID="bekend" beginTime="43.000" endTime="43.320"/>
      <word confidence="1.000" wordID="is" beginTime="43.320" endTime="43.450"/>
      <word confidence="1.000" wordID="geworden" beginTime="43.450" endTime="43.790"/>
      <word confidence="0.994" wordID="tot" beginTime="43.790" endTime="44.010"/>
      <word confidence="0.738" wordID="SIL" beginTime="44.010" endTime="44.020"/>
      <word confidence="0.919" wordID="ver" beginTime="44.020" endTime="44.240"/>
      <word confidence="0.904" wordID="over" beginTime="44.240" endTime="44.450"/>
      <word confidence="1.000" wordID="onze" beginTime="44.450" endTime="44.710"/>
      <word confidence="0.987" wordID="grenzen" beginTime="44.710" endTime="45.330"/>
      <word confidence="0.749" wordID="SIL" beginTime="45.330" endTime="45.530"/>
    </wordsequence>
  </speech>
  <speech label="SPK02-017" begintime="45.77" endtime="49.32" >
    <wordsequence>
      <word confidence="0.750" wordID="SIL" beginTime="45.770" endTime="46.320"/>
      <word confidence="0.888" wordID="de" beginTime="46.320" endTime="46.450"/>
      <word confidence="1.000" wordID="denkmachine" beginTime="46.450" endTime="47.010"/>
      <word confidence="1.000" wordID="is" beginTime="47.010" endTime="47.130"/>
      <word confidence="1.000" wordID="zijn" beginTime="47.130" endTime="47.270"/>
      <word confidence="0.993" wordID="in" beginTime="47.270" endTime="47.340"/>
      <word confidence="0.965" wordID="de" beginTime="47.340" endTime="47.410"/>
      <word confidence="1.000" wordID="loop" beginTime="47.410" endTime="47.620"/>
      <word confidence="0.984" wordID="der" beginTime="47.620" endTime="47.780"/>
      <word confidence="0.742" wordID="SIL" beginTime="47.780" endTime="47.790"/>
      <word confidence="1.000" wordID="jaren" beginTime="47.790" endTime="48.160"/>
      <word confidence="0.740" wordID="SIL" beginTime="48.160" endTime="48.170"/>
      <word confidence="0.963" wordID="volledig" beginTime="48.170" endTime="48.570"/>
      <word confidence="1.000" wordID="automatisch" beginTime="48.570" endTime="49.120"/>
      <word confidence="0.932" wordID="gewoon" beginTime="49.120" endTime="49.320"/>
    </wordsequence>
  </speech>
  <speech label="SPK04-018" begintime="49.34" endtime="52.32" >
    <wordsequence>
      <word confidence="0.615" wordID="SIL" beginTime="49.340" endTime="49.380"/>
      <word confidence="0.920" wordID="de" beginTime="49.380" endTime="49.510"/>
      <word confidence="0.804" wordID="SIL" beginTime="49.510" endTime="49.690"/>
      <word confidence="0.962" wordID="wanneer" beginTime="49.690" endTime="50.170"/>
      <word confidence="1.000" wordID="mensen" beginTime="50.170" endTime="50.420"/>
      <word confidence="1.000" wordID="in" beginTime="50.420" endTime="50.510"/>
      <word confidence="0.738" wordID="SIL" beginTime="50.510" endTime="50.520"/>
      <word confidence="0.971" wordID="werking" beginTime="50.520" endTime="50.880"/>
      <word confidence="1.000" wordID="ziet" beginTime="50.880" endTime="51.150"/>
      <word confidence="0.749" wordID="SIL" beginTime="51.150" endTime="51.330"/>
      <word confidence="0.985" wordID="moet" beginTime="51.330" endTime="51.500"/>
      <word confidence="1.000" wordID="men" beginTime="51.500" endTime="51.640"/>
      <word confidence="1.000" wordID="onwillekeurig" beginTime="51.640" endTime="52.210"/>
      <word confidence="0.882" wordID="het" beginTime="52.210" endTime="52.320"/>
    </wordsequence>
  </speech>
  <speech label="SPK02-019" begintime="52.34" endtime="53.71" >
    <wordsequence>
      <word confidence="0.711" wordID="we" beginTime="52.340" endTime="52.460"/>
      <word confidence="0.755" wordID="SIL" beginTime="52.460" endTime="52.490"/>
      <word confidence="0.983" wordID="denken" beginTime="52.490" endTime="52.780"/>
      <word confidence="1.000" wordID="aan" beginTime="52.780" endTime="52.910"/>
      <word confidence="0.982" wordID="vroeger" beginTime="52.910" endTime="53.240"/>
      <word confidence="0.768" wordID="SIL" beginTime="53.240" endTime="53.250"/>
      <word confidence="1.000" wordID="jaren" beginTime="53.250" endTime="53.600"/>
      <word confidence="0.965" wordID="SIL" beginTime="53.600" endTime="53.710"/>
    </wordsequence>
  </speech>
  <speech label="SPK02-020" begintime="53.74" endtime="57.79" >
    <wordsequence>
      <word confidence="0.750" wordID="SIL" beginTime="53.740" endTime="53.880"/>
      <word confidence="0.946" wordID="klop" beginTime="53.880" endTime="54.120"/>
      <word confidence="1.000" wordID="het" beginTime="54.120" endTime="54.190"/>
      <word confidence="1.000" wordID="hand" beginTime="54.190" endTime="54.420"/>
      <word confidence="1.000" wordID="in" beginTime="54.420" endTime="54.570"/>
      <word confidence="0.928" wordID="vertrouwde" beginTime="54.570" endTime="55.060"/>
      <word confidence="0.740" wordID="SIL" beginTime="55.060" endTime="55.070"/>
      <word confidence="1.000" wordID="winters" beginTime="55.070" endTime="55.440"/>
      <word confidence="1.000" wordID="met" beginTime="55.440" endTime="55.600"/>
      <word confidence="0.747" wordID="SIL" beginTime="55.600" endTime="55.650"/>
      <word confidence="1.000" wordID="eindeloos" beginTime="55.650" endTime="56.130"/>
      <word confidence="1.000" wordID="geduld" beginTime="56.130" endTime="56.540"/>
      <word confidence="0.746" wordID="SIL" beginTime="56.540" endTime="56.570"/>
      <word confidence="1.000" wordID="dus" beginTime="56.570" endTime="56.750"/>
      <word confidence="1.000" wordID="toch" beginTime="56.750" endTime="56.910"/>
      <word confidence="0.738" wordID="SIL" beginTime="56.910" endTime="56.920"/>
      <word confidence="0.927" wordID="een" beginTime="56.920" endTime="57.090"/>
      <word confidence="0.740" wordID="SIL" beginTime="57.090" endTime="57.100"/>
      <word confidence="0.936" wordID="waar" beginTime="57.100" endTime="57.450"/>
      <word confidence="0.748" wordID="SIL" beginTime="57.450" endTime="57.540"/>
      <word confidence="0.882" wordID="de" beginTime="57.540" endTime="57.710"/>
      <word confidence="0.747" wordID="SIL" beginTime="57.710" endTime="57.790"/>
    </wordsequence>
  </speech>
  <speech label="SPK10-021" begintime="57.81" endtime="62.25" >
    <wordsequence>
      <word confidence="0.746" wordID="SIL" beginTime="57.810" endTime="58.050"/>
      <word confidence="0.817" wordID="maar" beginTime="58.050" endTime="58.280"/>
      <word confidence="0.750" wordID="SIL" beginTime="58.280" endTime="58.840"/>
      <word confidence="0.760" wordID="ja" beginTime="58.840" endTime="60.290"/>
      <word confidence="0.633" wordID="SIL" beginTime="60.290" endTime="60.300"/>
      <word confidence="0.764" wordID="je" beginTime="60.300" endTime="60.540"/>
      <word confidence="0.652" wordID="SIL" beginTime="60.540" endTime="60.550"/>
      <word confidence="0.800" wordID="gaat" beginTime="60.550" endTime="60.700"/>
      <word confidence="0.849" wordID="naar" beginTime="60.700" endTime="60.980"/>
      <word confidence="0.812" wordID="SIL" beginTime="60.980" endTime="61.520"/>
      <word confidence="0.792" wordID="een" beginTime="61.520" endTime="61.760"/>
      <word confidence="0.718" wordID="SIL" beginTime="61.760" endTime="61.770"/>
      <word confidence="0.828" wordID="nieuw" beginTime="61.770" endTime="62.220"/>
      <word confidence="0.778" wordID="SIL" beginTime="62.220" endTime="62.250"/>
    </wordsequence>
  </speech>
  <speech label="SPK04-022" begintime="62.27" endtime="64.74" >
    <wordsequence>
      <word confidence="1.000" wordID="zeven" beginTime="62.270" endTime="62.600"/>
      <word confidence="0.985" wordID="stonden" beginTime="62.600" endTime="62.980"/>
      <word confidence="0.776" wordID="hun" beginTime="62.980" endTime="63.160"/>
      <word confidence="0.912" wordID="vak" beginTime="63.160" endTime="63.480"/>
      <word confidence="0.779" wordID="SIL" beginTime="63.480" endTime="63.560"/>
      <word confidence="1.000" wordID="gezien" beginTime="63.560" endTime="63.920"/>
      <word confidence="0.755" wordID="SIL" beginTime="63.920" endTime="63.930"/>
      <word confidence="0.888" wordID="de" beginTime="63.930" endTime="64.020"/>
      <word confidence="1.000" wordID="fraaie" beginTime="64.020" endTime="64.410"/>
      <word confidence="0.952" wordID="kosten" beginTime="64.410" endTime="64.740"/>
    </wordsequence>
  </speech>
  <speech label="SPK02-023" begintime="64.76" endtime="68.74" >
    <wordsequence>
      <word confidence="0.617" wordID="SIL" beginTime="64.760" endTime="64.800"/>
      <word confidence="1.000" wordID="zou" beginTime="64.800" endTime="64.980"/>
      <word confidence="0.920" wordID="die" beginTime="64.980" endTime="65.130"/>
      <word confidence="0.955" wordID="dag" beginTime="65.130" endTime="65.350"/>
      <word confidence="0.783" wordID="SIL" beginTime="65.350" endTime="65.890"/>
      <word confidence="1.000" wordID="dat" beginTime="65.890" endTime="66.120"/>
      <word confidence="1.000" wordID="alles" beginTime="66.120" endTime="66.380"/>
      <word confidence="1.000" wordID="is" beginTime="66.380" endTime="66.500"/>
      <word confidence="1.000" wordID="te" beginTime="66.500" endTime="66.610"/>
      <word confidence="1.000" wordID="zien" beginTime="66.610" endTime="66.830"/>
      <word confidence="1.000" wordID="op" beginTime="66.830" endTime="66.900"/>
      <word confidence="1.000" wordID="de" beginTime="66.900" endTime="66.970"/>
      <word confidence="1.000" wordID="tentoonstelling" beginTime="66.970" endTime="67.750"/>
      <word confidence="0.740" wordID="SIL" beginTime="67.750" endTime="67.760"/>
      <word confidence="0.965" wordID="driemaal" beginTime="67.760" endTime="68.200"/>
      <word confidence="0.743" wordID="SIL" beginTime="68.200" endTime="68.210"/>
      <word confidence="0.966" wordID="aan" beginTime="68.210" endTime="68.490"/>
      <word confidence="0.749" wordID="SIL" beginTime="68.490" endTime="68.740"/>
    </wordsequence>
  </speech>
  <speech label="SPK02-024" begintime="68.76" endtime="71.34" >
    <wordsequence>
      <word confidence="0.750" wordID="SIL" beginTime="68.760" endTime="68.840"/>
      <word confidence="1.000" wordID="driemaal" beginTime="68.840" endTime="69.320"/>
      <word confidence="0.985" wordID="activiteit" beginTime="69.320" endTime="70.010"/>
      <word confidence="0.734" wordID="SIL" beginTime="70.010" endTime="70.020"/>
      <word confidence="1.000" wordID="ze" beginTime="70.020" endTime="70.140"/>
      <word confidence="0.749" wordID="SIL" beginTime="70.140" endTime="70.320"/>
      <word confidence="0.909" wordID="doen" beginTime="70.320" endTime="70.580"/>
      <word confidence="0.836" wordID="het" beginTime="70.580" endTime="70.760"/>
      <word confidence="1.000" wordID="anders" beginTime="70.760" endTime="71.110"/>
      <word confidence="0.743" wordID="SIL" beginTime="71.110" endTime="71.120"/>
      <word confidence="0.960" wordID="en" beginTime="71.120" endTime="71.250"/>
      <word confidence="1.000" wordID="in" beginTime="71.250" endTime="71.340"/>
    </wordsequence>
  </speech>
  <speech label="SPK15-025" begintime="71.36" endtime="73.79" >
    <wordsequence>
      <word confidence="0.752" wordID="ik" beginTime="71.360" endTime="71.500"/>
      <word confidence="0.788" wordID="SIL" beginTime="71.500" endTime="71.590"/>
      <word confidence="0.839" wordID="kon" beginTime="71.590" endTime="71.800"/>
      <word confidence="0.629" wordID="SIL" beginTime="71.800" endTime="71.810"/>
      <word confidence="0.843" wordID="ze" beginTime="71.810" endTime="72.190"/>
      <word confidence="0.748" wordID="SIL" beginTime="72.190" endTime="72.250"/>
      <word confidence="0.813" wordID="er" beginTime="72.250" endTime="72.590"/>
      <word confidence="0.747" wordID="SIL" beginTime="72.590" endTime="72.640"/>
      <word confidence="0.823" wordID="al" beginTime="72.640" endTime="72.790"/>
      <word confidence="0.730" wordID="SIL" beginTime="72.790" endTime="72.800"/>
      <word confidence="0.854" wordID="uh" beginTime="72.800" endTime="73.780"/>
      <word confidence="0.740" wordID="SIL" beginTime="73.780" endTime="73.790"/>
    </wordsequence>
  </speech>
  <speech label="SPK16-026" begintime="73.81" endtime="76.39" >
    <wordsequence>
      <word confidence="0.750" wordID="SIL" beginTime="73.810" endTime="75.010"/>
      <word confidence="0.842" wordID="een" beginTime="75.010" endTime="75.240"/>
      <word confidence="0.749" wordID="SIL" beginTime="75.240" endTime="75.360"/>
      <word confidence="0.828" wordID="een" beginTime="75.360" endTime="76.360"/>
      <word confidence="0.747" wordID="SIL" beginTime="76.360" endTime="76.390"/>
    </wordsequence>
  </speech>

  </segments>
</shout_metadata>
