<?xml version="1.0" encoding="UTF-8"?>
<!--
  ##################################################################################################
  ###                      This transcription is automatically generated by                      ###
  ###                              X-MI, Cross-Media interaction                                 ###
  ###                                    http://x-mi.nl                                          ###
  ##################################################################################################
-->
<shout_metadata>
  <model_info>
    <version>Standaard systeem 28-02-2012</version>
    <description>Academia</description>
  </model_info>
  <segments>
  <speech label="SPK02-001" begintime="0.00" endtime="2.77" >
    <wordsequence>
      <word confidence="0.832" wordID="uw" beginTime="0.000" endTime="0.440"/>
      <word confidence="0.717" wordID="SIL" beginTime="0.440" endTime="0.450"/>
      <word confidence="0.790" wordID="ja" beginTime="0.450" endTime="2.090"/>
      <word confidence="0.657" wordID="SIL" beginTime="2.090" endTime="2.100"/>
      <word confidence="0.836" wordID="er" beginTime="2.100" endTime="2.770"/>
    </wordsequence>
  </speech>
  <speech label="SPK10-002" begintime="2.79" endtime="3.87" >
    <wordsequence>
      <word confidence="0.669" wordID="SIL" beginTime="2.790" endTime="2.820"/>
      <word confidence="0.750" wordID="ja" beginTime="2.820" endTime="3.870"/>
    </wordsequence>
  </speech>
  <speech label="SPK09-003" begintime="3.89" endtime="4.87" >
    <wordsequence>
      <word confidence="0.759" wordID="het" beginTime="3.890" endTime="4.780"/>
      <word confidence="0.736" wordID="SIL" beginTime="4.780" endTime="4.790"/>
      <word confidence="0.836" wordID="is" beginTime="4.790" endTime="4.870"/>
    </wordsequence>
  </speech>
  <speech label="SPK02-004" begintime="4.89" endtime="6.19" >
    <wordsequence>
      <word confidence="0.735" wordID="ja" beginTime="4.890" endTime="6.190"/>
    </wordsequence>
  </speech>
  <speech label="SPK15-005" begintime="6.21" endtime="7.45" >
    <wordsequence>
      <word confidence="0.689" wordID="SIL" beginTime="6.210" endTime="6.310"/>
      <word confidence="0.755" wordID="ja" beginTime="6.310" endTime="7.450"/>
    </wordsequence>
  </speech>
  <speech label="SPK02-006" begintime="7.47" endtime="8.70" >
    <wordsequence>
      <word confidence="0.741" wordID="ja" beginTime="7.470" endTime="8.700"/>
    </wordsequence>
  </speech>
  <speech label="SPK09-007" begintime="8.72" endtime="10.50" >
    <wordsequence>
      <word confidence="0.710" wordID="SIL" beginTime="8.720" endTime="8.750"/>
      <word confidence="0.741" wordID="ja" beginTime="8.750" endTime="10.470"/>
      <word confidence="0.770" wordID="SIL" beginTime="10.470" endTime="10.500"/>
    </wordsequence>
  </speech>
  <speech label="SPK02-008" begintime="10.52" endtime="15.38" >
    <wordsequence>
      <word confidence="0.735" wordID="ja" beginTime="10.520" endTime="15.350"/>
      <word confidence="0.747" wordID="SIL" beginTime="15.350" endTime="15.380"/>
    </wordsequence>
  </speech>
  <speech label="SPK02-009" begintime="15.40" endtime="16.55" >
    <wordsequence>
      <word confidence="0.745" wordID="ja" beginTime="15.400" endTime="16.230"/>
      <word confidence="0.708" wordID="SIL" beginTime="16.230" endTime="16.240"/>
      <word confidence="0.739" wordID="een" beginTime="16.240" endTime="16.550"/>
    </wordsequence>
  </speech>
  <speech label="SPK10-010" begintime="16.57" endtime="18.88" >
    <wordsequence>
      <word confidence="0.753" wordID="ja" beginTime="16.570" endTime="18.880"/>
    </wordsequence>
  </speech>
  <speech label="SPK02-011" begintime="18.90" endtime="20.10" >
    <wordsequence>
      <word confidence="0.727" wordID="ja" beginTime="18.900" endTime="20.060"/>
      <word confidence="0.726" wordID="SIL" beginTime="20.060" endTime="20.100"/>
    </wordsequence>
  </speech>
  <speech label="SPK15-012" begintime="20.12" endtime="21.10" >
    <wordsequence>
      <word confidence="0.736" wordID="ja" beginTime="20.120" endTime="21.090"/>
      <word confidence="0.771" wordID="SIL" beginTime="21.090" endTime="21.100"/>
    </wordsequence>
  </speech>
  <speech label="SPK02-013" begintime="21.12" endtime="22.67" >
    <wordsequence>
      <word confidence="0.746" wordID="ja" beginTime="21.120" endTime="22.670"/>
    </wordsequence>
  </speech>
  <speech label="SPK09-014" begintime="22.69" endtime="23.67" >
    <wordsequence>
      <word confidence="0.743" wordID="SIL" beginTime="22.690" endTime="22.890"/>
      <word confidence="0.750" wordID="het" beginTime="22.890" endTime="23.670"/>
    </wordsequence>
  </speech>
  <speech label="SPK02-015" begintime="23.69" endtime="26.13" >
    <wordsequence>
      <word confidence="0.739" wordID="ja" beginTime="23.690" endTime="26.130"/>
    </wordsequence>
  </speech>
  <speech label="SPK10-016" begintime="26.15" endtime="28.66" >
    <wordsequence>
      <word confidence="0.742" wordID="ja" beginTime="26.150" endTime="28.650"/>
      <word confidence="0.769" wordID="SIL" beginTime="28.650" endTime="28.660"/>
    </wordsequence>
  </speech>
  <speech label="SPK02-017" begintime="28.68" endtime="31.92" >
    <wordsequence>
      <word confidence="0.740" wordID="ja" beginTime="28.680" endTime="31.880"/>
      <word confidence="0.839" wordID="SIL" beginTime="31.880" endTime="31.920"/>
    </wordsequence>
  </speech>
  <speech label="SPK09-018" begintime="31.94" endtime="33.89" >
    <wordsequence>
      <word confidence="0.710" wordID="SIL" beginTime="31.940" endTime="31.980"/>
      <word confidence="0.743" wordID="je" beginTime="31.980" endTime="32.930"/>
      <word confidence="0.751" wordID="SIL" beginTime="32.930" endTime="32.980"/>
      <word confidence="0.775" wordID="hebt" beginTime="32.980" endTime="33.640"/>
      <word confidence="0.753" wordID="SIL" beginTime="33.640" endTime="33.890"/>
    </wordsequence>
  </speech>
  <speech label="SPK02-019" begintime="33.91" endtime="36.39" >
    <wordsequence>
      <word confidence="0.735" wordID="ja" beginTime="33.910" endTime="35.650"/>
      <word confidence="0.687" wordID="SIL" beginTime="35.650" endTime="35.660"/>
      <word confidence="0.740" wordID="ik" beginTime="35.660" endTime="36.330"/>
      <word confidence="0.744" wordID="SIL" beginTime="36.330" endTime="36.390"/>
    </wordsequence>
  </speech>
  <speech label="SPK09-020" begintime="36.41" endtime="40.87" >
    <wordsequence>
      <word confidence="0.750" wordID="ja" beginTime="36.410" endTime="40.870"/>
    </wordsequence>
  </speech>
  <speech label="SPK09-021" begintime="40.89" endtime="42.89" >
    <wordsequence>
      <word confidence="0.749" wordID="SIL" beginTime="40.890" endTime="40.940"/>
      <word confidence="0.742" wordID="ja" beginTime="40.940" endTime="42.870"/>
      <word confidence="0.833" wordID="SIL" beginTime="42.870" endTime="42.890"/>
    </wordsequence>
  </speech>
  <speech label="SPK02-022" begintime="42.91" endtime="47.38" >
    <wordsequence>
      <word confidence="0.747" wordID="ja" beginTime="42.910" endTime="47.370"/>
      <word confidence="0.713" wordID="SIL" beginTime="47.370" endTime="47.380"/>
    </wordsequence>
  </speech>
  <speech label="SPK10-023" begintime="47.40" endtime="48.54" >
    <wordsequence>
      <word confidence="0.741" wordID="ja" beginTime="47.400" endTime="48.540"/>
    </wordsequence>
  </speech>
  <speech label="SPK02-024" begintime="48.56" endtime="51.25" >
    <wordsequence>
      <word confidence="0.739" wordID="ja" beginTime="48.560" endTime="51.250"/>
    </wordsequence>
  </speech>
  <speech label="SPK09-025" begintime="51.27" endtime="52.25" >
    <wordsequence>
      <word confidence="0.687" wordID="SIL" beginTime="51.270" endTime="51.420"/>
      <word confidence="0.753" wordID="het" beginTime="51.420" endTime="52.250"/>
    </wordsequence>
  </speech>
  <speech label="SPK02-026" begintime="52.27" endtime="53.85" >
    <wordsequence>
      <word confidence="0.684" wordID="SIL" beginTime="52.270" endTime="52.300"/>
      <word confidence="0.738" wordID="ja" beginTime="52.300" endTime="53.850"/>
    </wordsequence>
  </speech>
  <speech label="SPK09-027" begintime="53.87" endtime="55.06" >
    <wordsequence>
      <word confidence="0.738" wordID="SIL" beginTime="53.870" endTime="53.970"/>
      <word confidence="0.766" wordID="het" beginTime="53.970" endTime="54.320"/>
      <word confidence="0.695" wordID="SIL" beginTime="54.320" endTime="54.330"/>
      <word confidence="0.749" wordID="is" beginTime="54.330" endTime="54.420"/>
      <word confidence="0.702" wordID="SIL" beginTime="54.420" endTime="54.450"/>
      <word confidence="0.752" wordID="een" beginTime="54.450" endTime="55.060"/>
    </wordsequence>
  </speech>
  <speech label="SPK02-028" begintime="55.08" endtime="58.28" >
    <wordsequence>
      <word confidence="0.742" wordID="ja" beginTime="55.080" endTime="58.240"/>
      <word confidence="0.677" wordID="SIL" beginTime="58.240" endTime="58.280"/>
    </wordsequence>
  </speech>
  <speech label="SPK10-029" begintime="58.30" endtime="59.29" >
    <wordsequence>
      <word confidence="0.750" wordID="SIL" beginTime="58.300" endTime="58.320"/>
      <word confidence="0.749" wordID="ja" beginTime="58.320" endTime="59.250"/>
      <word confidence="0.792" wordID="SIL" beginTime="59.250" endTime="59.290"/>
    </wordsequence>
  </speech>
  <speech label="SPK09-030" begintime="59.31" endtime="60.99" >
    <wordsequence>
      <word confidence="0.751" wordID="ja" beginTime="59.310" endTime="60.470"/>
      <word confidence="0.778" wordID="SIL" beginTime="60.470" endTime="60.570"/>
      <word confidence="0.740" wordID="ik" beginTime="60.570" endTime="60.980"/>
      <word confidence="0.706" wordID="SIL" beginTime="60.980" endTime="60.990"/>
    </wordsequence>
  </speech>
  <speech label="SPK02-031" begintime="61.01" endtime="64.74" >
    <wordsequence>
      <word confidence="0.742" wordID="ja" beginTime="61.010" endTime="64.740"/>
    </wordsequence>
  </speech>
  <speech label="SPK09-032" begintime="64.76" endtime="65.80" >
    <wordsequence>
      <word confidence="0.743" wordID="ja" beginTime="64.760" endTime="65.520"/>
      <word confidence="0.743" wordID="SIL" beginTime="65.520" endTime="65.800"/>
    </wordsequence>
  </speech>
  <speech label="SPK10-033" begintime="65.82" endtime="67.99" >
    <wordsequence>
      <word confidence="0.748" wordID="ja" beginTime="65.820" endTime="67.990"/>
    </wordsequence>
  </speech>
  <speech label="SPK02-034" begintime="68.01" endtime="70.50" >
    <wordsequence>
      <word confidence="0.750" wordID="SIL" beginTime="68.010" endTime="68.020"/>
      <word confidence="0.747" wordID="ja" beginTime="68.020" endTime="70.460"/>
      <word confidence="0.777" wordID="SIL" beginTime="70.460" endTime="70.500"/>
    </wordsequence>
  </speech>
  <speech label="SPK10-035" begintime="70.52" endtime="72.24" >
    <wordsequence>
      <word confidence="0.741" wordID="ja" beginTime="70.520" endTime="72.240"/>
    </wordsequence>
  </speech>
  <speech label="SPK15-036" begintime="72.26" endtime="73.24" >
    <wordsequence>
      <word confidence="0.750" wordID="SIL" beginTime="72.260" endTime="72.270"/>
      <word confidence="0.740" wordID="ja" beginTime="72.270" endTime="73.240"/>
    </wordsequence>
  </speech>
  <speech label="SPK02-037" begintime="73.26" endtime="74.24" >
    <wordsequence>
      <word confidence="0.744" wordID="ja" beginTime="73.260" endTime="74.240"/>
    </wordsequence>
  </speech>
  <speech label="SPK09-038" begintime="74.26" endtime="75.24" >
    <wordsequence>
      <word confidence="0.756" wordID="het" beginTime="74.260" endTime="74.730"/>
      <word confidence="0.793" wordID="is" beginTime="74.730" endTime="74.850"/>
      <word confidence="0.724" wordID="SIL" beginTime="74.850" endTime="75.090"/>
      <word confidence="0.769" wordID="een" beginTime="75.090" endTime="75.240"/>
    </wordsequence>
  </speech>
  <speech label="SPK02-039" begintime="75.26" endtime="76.24" >
    <wordsequence>
      <word confidence="0.735" wordID="ja" beginTime="75.260" endTime="76.240"/>
    </wordsequence>
  </speech>
  <speech label="SPK10-040" begintime="76.26" endtime="77.24" >
    <wordsequence>
      <word confidence="0.750" wordID="SIL" beginTime="76.260" endTime="76.270"/>
      <word confidence="0.739" wordID="ja" beginTime="76.270" endTime="77.190"/>
      <word confidence="0.737" wordID="SIL" beginTime="77.190" endTime="77.240"/>
    </wordsequence>
  </speech>
  <speech label="SPK02-041" begintime="77.26" endtime="81.16" >
    <wordsequence>
      <word confidence="0.741" wordID="ja" beginTime="77.260" endTime="81.160"/>
    </wordsequence>
  </speech>
  <speech label="SPK10-042" begintime="81.18" endtime="82.23" >
    <wordsequence>
      <word confidence="0.684" wordID="SIL" beginTime="81.180" endTime="81.210"/>
      <word confidence="0.755" wordID="als" beginTime="81.210" endTime="81.850"/>
      <word confidence="0.782" wordID="SIL" beginTime="81.850" endTime="81.930"/>
      <word confidence="0.770" wordID="er" beginTime="81.930" endTime="82.200"/>
      <word confidence="0.762" wordID="SIL" beginTime="82.200" endTime="82.230"/>
    </wordsequence>
  </speech>
  <speech label="SPK02-043" begintime="82.25" endtime="84.31" >
    <wordsequence>
      <word confidence="0.740" wordID="ja" beginTime="82.250" endTime="84.060"/>
      <word confidence="0.882" wordID="SIL" beginTime="84.060" endTime="84.070"/>
      <word confidence="0.810" wordID="er" beginTime="84.070" endTime="84.310"/>
    </wordsequence>
  </speech>
  <speech label="SPK10-044" begintime="84.33" endtime="85.77" >
    <wordsequence>
      <word confidence="0.708" wordID="SIL" beginTime="84.330" endTime="84.430"/>
      <word confidence="0.754" wordID="ja" beginTime="84.430" endTime="85.750"/>
      <word confidence="0.795" wordID="SIL" beginTime="85.750" endTime="85.770"/>
    </wordsequence>
  </speech>
  <speech label="SPK02-045" begintime="85.79" endtime="89.36" >
    <wordsequence>
      <word confidence="0.740" wordID="ja" beginTime="85.790" endTime="89.030"/>
      <word confidence="0.663" wordID="SIL" beginTime="89.030" endTime="89.040"/>
      <word confidence="0.754" wordID="er" beginTime="89.040" endTime="89.360"/>
    </wordsequence>
  </speech>
  <speech label="SPK10-046" begintime="89.38" endtime="91.23" >
    <wordsequence>
      <word confidence="0.753" wordID="ja" beginTime="89.380" endTime="91.230"/>
    </wordsequence>
  </speech>
  <speech label="SPK09-047" begintime="91.25" endtime="92.29" >
    <wordsequence>
      <word confidence="0.749" wordID="ja" beginTime="91.250" endTime="92.290"/>
    </wordsequence>
  </speech>
  <speech label="SPK02-048" begintime="92.31" endtime="93.41" >
    <wordsequence>
      <word confidence="0.737" wordID="ja" beginTime="92.310" endTime="93.370"/>
      <word confidence="0.716" wordID="SIL" beginTime="93.370" endTime="93.410"/>
    </wordsequence>
  </speech>
  <speech label="SPK10-049" begintime="93.43" endtime="94.49" >
    <wordsequence>
      <word confidence="0.718" wordID="SIL" beginTime="93.430" endTime="93.460"/>
      <word confidence="0.750" wordID="ja" beginTime="93.460" endTime="94.490"/>
    </wordsequence>
  </speech>
  <speech label="SPK15-050" begintime="94.51" endtime="96.28" >
    <wordsequence>
      <word confidence="0.738" wordID="ja" beginTime="94.510" endTime="95.480"/>
      <word confidence="0.686" wordID="SIL" beginTime="95.480" endTime="95.490"/>
      <word confidence="0.774" wordID="hoor" beginTime="95.490" endTime="96.240"/>
      <word confidence="0.726" wordID="SIL" beginTime="96.240" endTime="96.280"/>
    </wordsequence>
  </speech>
  <speech label="SPK09-051" begintime="96.30" endtime="97.28" >
    <wordsequence>
      <word confidence="0.749" wordID="er" beginTime="96.300" endTime="96.730"/>
      <word confidence="0.773" wordID="SIL" beginTime="96.730" endTime="96.750"/>
      <word confidence="0.750" wordID="is" beginTime="96.750" endTime="96.940"/>
      <word confidence="0.714" wordID="SIL" beginTime="96.940" endTime="96.960"/>
      <word confidence="0.760" wordID="een" beginTime="96.960" endTime="97.190"/>
      <word confidence="0.731" wordID="SIL" beginTime="97.190" endTime="97.280"/>
    </wordsequence>
  </speech>
  <speech label="SPK10-052" begintime="97.30" endtime="99.24" >
    <wordsequence>
      <word confidence="0.750" wordID="SIL" beginTime="97.300" endTime="97.320"/>
      <word confidence="0.746" wordID="als" beginTime="97.320" endTime="98.030"/>
      <word confidence="0.759" wordID="SIL" beginTime="98.030" endTime="98.110"/>
      <word confidence="0.788" wordID="ik" beginTime="98.110" endTime="98.460"/>
      <word confidence="0.720" wordID="SIL" beginTime="98.460" endTime="98.500"/>
      <word confidence="0.749" wordID="op" beginTime="98.500" endTime="99.230"/>
      <word confidence="0.740" wordID="SIL" beginTime="99.230" endTime="99.240"/>
    </wordsequence>
  </speech>
  <speech label="SPK02-053" begintime="99.26" endtime="101.41" >
    <wordsequence>
      <word confidence="0.745" wordID="ja" beginTime="99.260" endTime="101.350"/>
      <word confidence="0.775" wordID="SIL" beginTime="101.350" endTime="101.410"/>
    </wordsequence>
  </speech>
  <speech label="SPK09-054" begintime="101.43" endtime="102.44" >
    <wordsequence>
      <word confidence="0.742" wordID="ja" beginTime="101.430" endTime="102.430"/>
      <word confidence="0.781" wordID="SIL" beginTime="102.430" endTime="102.440"/>
    </wordsequence>
  </speech>
  <speech label="SPK02-055" begintime="102.46" endtime="103.45" >
    <wordsequence>
      <word confidence="0.750" wordID="SIL" beginTime="102.460" endTime="102.480"/>
      <word confidence="0.735" wordID="ja" beginTime="102.480" endTime="103.450"/>
    </wordsequence>
  </speech>
  <speech label="SPK10-056" begintime="103.47" endtime="104.93" >
    <wordsequence>
      <word confidence="0.728" wordID="SIL" beginTime="103.470" endTime="103.520"/>
      <word confidence="0.737" wordID="ja" beginTime="103.520" endTime="104.930"/>
    </wordsequence>
  </speech>
  <speech label="SPK02-057" begintime="104.95" endtime="105.93" >
    <wordsequence>
      <word confidence="0.746" wordID="ja" beginTime="104.950" endTime="105.930"/>
    </wordsequence>
  </speech>
  <speech label="SPK10-058" begintime="105.95" endtime="106.98" >
    <wordsequence>
      <word confidence="0.719" wordID="SIL" beginTime="105.950" endTime="106.050"/>
      <word confidence="0.730" wordID="ja" beginTime="106.050" endTime="106.950"/>
      <word confidence="0.812" wordID="SIL" beginTime="106.950" endTime="106.980"/>
    </wordsequence>
  </speech>
  <speech label="SPK02-059" begintime="107.00" endtime="110.34" >
    <wordsequence>
      <word confidence="0.751" wordID="ja" beginTime="107.000" endTime="110.320"/>
      <word confidence="0.684" wordID="SIL" beginTime="110.320" endTime="110.340"/>
    </wordsequence>
  </speech>
  <speech label="SPK09-060" begintime="110.36" endtime="111.93" >
    <wordsequence>
      <word confidence="0.742" wordID="ja" beginTime="110.360" endTime="111.930"/>
    </wordsequence>
  </speech>
  <speech label="SPK10-061" begintime="111.95" endtime="113.08" >
    <wordsequence>
      <word confidence="0.756" wordID="&apos;k" beginTime="111.950" endTime="113.050"/>
      <word confidence="0.755" wordID="SIL" beginTime="113.050" endTime="113.080"/>
    </wordsequence>
  </speech>
  <speech label="SPK02-062" begintime="113.10" endtime="114.08" >
    <wordsequence>
      <word confidence="0.738" wordID="ja" beginTime="113.100" endTime="113.550"/>
      <word confidence="0.663" wordID="SIL" beginTime="113.550" endTime="113.560"/>
      <word confidence="0.733" wordID="er" beginTime="113.560" endTime="114.080"/>
    </wordsequence>
  </speech>
  <speech label="SPK10-063" begintime="114.10" endtime="115.10" >
    <wordsequence>
      <word confidence="0.735" wordID="SIL" beginTime="114.100" endTime="114.130"/>
      <word confidence="0.744" wordID="ja" beginTime="114.130" endTime="115.100"/>
    </wordsequence>
  </speech>
  <speech label="SPK02-064" begintime="115.12" endtime="118.26" >
    <wordsequence>
      <word confidence="0.750" wordID="SIL" beginTime="115.120" endTime="115.150"/>
      <word confidence="0.743" wordID="ja" beginTime="115.150" endTime="117.720"/>
      <word confidence="0.715" wordID="SIL" beginTime="117.720" endTime="117.730"/>
      <word confidence="0.748" wordID="er" beginTime="117.730" endTime="118.110"/>
      <word confidence="0.765" wordID="is" beginTime="118.110" endTime="118.260"/>
    </wordsequence>
  </speech>
  <speech label="SPK10-065" begintime="118.28" endtime="120.14" >
    <wordsequence>
      <word confidence="0.750" wordID="SIL" beginTime="118.280" endTime="118.290"/>
      <word confidence="0.741" wordID="ja" beginTime="118.290" endTime="120.140"/>
    </wordsequence>
  </speech>
  <speech label="SPK02-066" begintime="120.16" endtime="121.69" >
    <wordsequence>
      <word confidence="0.750" wordID="SIL" beginTime="120.160" endTime="120.180"/>
      <word confidence="0.735" wordID="ja" beginTime="120.180" endTime="121.660"/>
      <word confidence="0.679" wordID="SIL" beginTime="121.660" endTime="121.690"/>
    </wordsequence>
  </speech>
  <speech label="SPK10-067" begintime="121.71" endtime="123.32" >
    <wordsequence>
      <word confidence="0.737" wordID="SIL" beginTime="121.710" endTime="121.990"/>
      <word confidence="0.750" wordID="ja" beginTime="121.990" endTime="123.320"/>
    </wordsequence>
  </speech>
  <speech label="SPK02-068" begintime="123.34" endtime="124.38" >
    <wordsequence>
      <word confidence="0.750" wordID="SIL" beginTime="123.340" endTime="123.350"/>
      <word confidence="0.736" wordID="ja" beginTime="123.350" endTime="124.380"/>
    </wordsequence>
  </speech>
  <speech label="SPK09-069" begintime="124.40" endtime="126.06" >
    <wordsequence>
      <word confidence="0.664" wordID="SIL" beginTime="124.400" endTime="124.430"/>
      <word confidence="0.752" wordID="ja" beginTime="124.430" endTime="126.060"/>
    </wordsequence>
  </speech>
  <speech label="SPK02-070" begintime="126.08" endtime="127.11" >
    <wordsequence>
      <word confidence="0.666" wordID="SIL" beginTime="126.080" endTime="126.120"/>
      <word confidence="0.741" wordID="ja" beginTime="126.120" endTime="127.110"/>
    </wordsequence>
  </speech>
  <speech label="SPK10-071" begintime="127.13" endtime="128.19" >
    <wordsequence>
      <word confidence="0.748" wordID="ja" beginTime="127.130" endTime="128.150"/>
      <word confidence="0.770" wordID="SIL" beginTime="128.150" endTime="128.190"/>
    </wordsequence>
  </speech>
  <speech label="SPK02-072" begintime="128.21" endtime="131.06" >
    <wordsequence>
      <word confidence="0.683" wordID="SIL" beginTime="128.210" endTime="128.260"/>
      <word confidence="0.741" wordID="ja" beginTime="128.260" endTime="131.060"/>
    </wordsequence>
  </speech>
  <speech label="SPK15-073" begintime="131.08" endtime="132.90" >
    <wordsequence>
      <word confidence="0.750" wordID="SIL" beginTime="131.080" endTime="131.100"/>
      <word confidence="0.746" wordID="ja" beginTime="131.100" endTime="132.600"/>
      <word confidence="0.729" wordID="SIL" beginTime="132.600" endTime="132.610"/>
      <word confidence="0.777" wordID="ik" beginTime="132.610" endTime="132.880"/>
      <word confidence="0.813" wordID="SIL" beginTime="132.880" endTime="132.900"/>
    </wordsequence>
  </speech>
  <speech label="SPK10-074" begintime="132.92" endtime="137.19" >
    <wordsequence>
      <word confidence="0.750" wordID="SIL" beginTime="132.920" endTime="132.940"/>
      <word confidence="0.753" wordID="ja" beginTime="132.940" endTime="136.510"/>
      <word confidence="0.775" wordID="SIL" beginTime="136.510" endTime="136.540"/>
      <word confidence="0.759" wordID="ik" beginTime="136.540" endTime="136.930"/>
      <word confidence="0.745" wordID="SIL" beginTime="136.930" endTime="137.190"/>
    </wordsequence>
  </speech>
  <speech label="SPK15-075" begintime="137.21" endtime="138.26" >
    <wordsequence>
      <word confidence="0.750" wordID="SIL" beginTime="137.210" endTime="137.230"/>
      <word confidence="0.747" wordID="ja" beginTime="137.230" endTime="138.250"/>
      <word confidence="0.762" wordID="SIL" beginTime="138.250" endTime="138.260"/>
    </wordsequence>
  </speech>
  <speech label="SPK02-076" begintime="138.28" endtime="139.85" >
    <wordsequence>
      <word confidence="0.750" wordID="SIL" beginTime="138.280" endTime="138.290"/>
      <word confidence="0.739" wordID="ja" beginTime="138.290" endTime="139.850"/>
    </wordsequence>
  </speech>
  <speech label="SPK10-077" begintime="139.87" endtime="140.85" >
    <wordsequence>
      <word confidence="0.753" wordID="het" beginTime="139.870" endTime="140.560"/>
      <word confidence="0.732" wordID="SIL" beginTime="140.560" endTime="140.850"/>
    </wordsequence>
  </speech>
  <speech label="SPK02-078" begintime="140.87" endtime="141.85" >
    <wordsequence>
      <word confidence="0.726" wordID="ja" beginTime="140.870" endTime="141.850"/>
    </wordsequence>
  </speech>
  <speech label="SPK10-079" begintime="141.87" endtime="144.79" >
    <wordsequence>
      <word confidence="0.751" wordID="ja" beginTime="141.870" endTime="144.730"/>
      <word confidence="0.763" wordID="SIL" beginTime="144.730" endTime="144.790"/>
    </wordsequence>
  </speech>
  <speech label="SPK02-080" begintime="144.81" endtime="146.12" >
    <wordsequence>
      <word confidence="0.736" wordID="ja" beginTime="144.810" endTime="146.120"/>
    </wordsequence>
  </speech>
  <speech label="SPK15-081" begintime="146.14" endtime="147.40" >
    <wordsequence>
      <word confidence="0.737" wordID="ja" beginTime="146.140" endTime="147.400"/>
    </wordsequence>
  </speech>
  <speech label="SPK02-082" begintime="147.42" endtime="148.79" >
    <wordsequence>
      <word confidence="0.750" wordID="SIL" beginTime="147.420" endTime="147.430"/>
      <word confidence="0.743" wordID="er" beginTime="147.430" endTime="148.790"/>
    </wordsequence>
  </speech>
  <speech label="SPK10-083" begintime="148.81" endtime="149.79" >
    <wordsequence>
      <word confidence="0.750" wordID="SIL" beginTime="148.810" endTime="148.820"/>
      <word confidence="0.739" wordID="ja" beginTime="148.820" endTime="149.790"/>
    </wordsequence>
  </speech>
  <speech label="SPK02-084" begintime="149.81" endtime="150.79" >
    <wordsequence>
      <word confidence="0.660" wordID="SIL" beginTime="149.810" endTime="149.840"/>
      <word confidence="0.721" wordID="uh" beginTime="149.840" endTime="150.790"/>
    </wordsequence>
  </speech>
  <speech label="SPK10-085" begintime="150.81" endtime="152.27" >
    <wordsequence>
      <word confidence="0.741" wordID="ja" beginTime="150.810" endTime="152.270"/>
    </wordsequence>
  </speech>
  <speech label="SPK02-086" begintime="152.29" endtime="153.27" >
    <wordsequence>
      <word confidence="0.729" wordID="ja" beginTime="152.290" endTime="153.160"/>
      <word confidence="0.731" wordID="SIL" beginTime="153.160" endTime="153.270"/>
    </wordsequence>
  </speech>
  <speech label="SPK15-087" begintime="153.29" endtime="156.70" >
    <wordsequence>
      <word confidence="0.750" wordID="SIL" beginTime="153.290" endTime="153.300"/>
      <word confidence="0.746" wordID="ja" beginTime="153.300" endTime="156.580"/>
      <word confidence="0.769" wordID="SIL" beginTime="156.580" endTime="156.700"/>
    </wordsequence>
  </speech>
  <speech label="SPK02-088" begintime="156.72" endtime="160.42" >
    <wordsequence>
      <word confidence="0.668" wordID="SIL" beginTime="156.720" endTime="156.750"/>
      <word confidence="0.745" wordID="ja" beginTime="156.750" endTime="160.420"/>
    </wordsequence>
  </speech>
  <speech label="SPK09-089" begintime="160.44" endtime="162.17" >
    <wordsequence>
      <word confidence="0.749" wordID="ja" beginTime="160.440" endTime="162.170"/>
    </wordsequence>
  </speech>
  <speech label="SPK02-090" begintime="162.19" endtime="163.17" >
    <wordsequence>
      <word confidence="0.731" wordID="ja" beginTime="162.190" endTime="163.150"/>
      <word confidence="0.682" wordID="SIL" beginTime="163.150" endTime="163.170"/>
    </wordsequence>
  </speech>
  <speech label="SPK10-091" begintime="163.19" endtime="164.20" >
    <wordsequence>
      <word confidence="0.746" wordID="het" beginTime="163.190" endTime="164.160"/>
      <word confidence="0.727" wordID="SIL" beginTime="164.160" endTime="164.200"/>
    </wordsequence>
  </speech>
  <speech label="SPK02-092" begintime="164.22" endtime="166.01" >
    <wordsequence>
      <word confidence="0.750" wordID="ja" beginTime="164.220" endTime="166.010"/>
    </wordsequence>
  </speech>
  <speech label="SPK10-093" begintime="166.03" endtime="168.81" >
    <wordsequence>
      <word confidence="0.695" wordID="SIL" beginTime="166.030" endTime="166.060"/>
      <word confidence="0.749" wordID="ja" beginTime="166.060" endTime="168.470"/>
      <word confidence="0.783" wordID="SIL" beginTime="168.470" endTime="168.480"/>
      <word confidence="0.776" wordID="ik" beginTime="168.480" endTime="168.730"/>
      <word confidence="0.723" wordID="SIL" beginTime="168.730" endTime="168.810"/>
    </wordsequence>
  </speech>
  <speech label="SPK02-094" begintime="168.83" endtime="169.81" >
    <wordsequence>
      <word confidence="0.735" wordID="ja" beginTime="168.830" endTime="169.800"/>
      <word confidence="0.806" wordID="SIL" beginTime="169.800" endTime="169.810"/>
    </wordsequence>
  </speech>
  <speech label="SPK09-095" begintime="169.83" endtime="170.83" >
    <wordsequence>
      <word confidence="0.699" wordID="SIL" beginTime="169.830" endTime="169.910"/>
      <word confidence="0.757" wordID="ik" beginTime="169.910" endTime="170.490"/>
      <word confidence="0.744" wordID="SIL" beginTime="170.490" endTime="170.830"/>
    </wordsequence>
  </speech>
  <speech label="SPK02-096" begintime="170.85" endtime="172.21" >
    <wordsequence>
      <word confidence="0.737" wordID="ja" beginTime="170.850" endTime="172.210"/>
    </wordsequence>
  </speech>
  <speech label="SPK10-097" begintime="172.23" endtime="174.06" >
    <wordsequence>
      <word confidence="0.724" wordID="SIL" beginTime="172.230" endTime="172.280"/>
      <word confidence="0.743" wordID="ja" beginTime="172.280" endTime="173.740"/>
      <word confidence="0.758" wordID="SIL" beginTime="173.740" endTime="174.060"/>
    </wordsequence>
  </speech>
  <speech label="SPK02-098" begintime="174.08" endtime="175.06" >
    <wordsequence>
      <word confidence="0.736" wordID="ja" beginTime="174.080" endTime="175.060"/>
    </wordsequence>
  </speech>
  <speech label="SPK15-099" begintime="175.08" endtime="176.06" >
    <wordsequence>
      <word confidence="0.705" wordID="SIL" beginTime="175.080" endTime="175.130"/>
      <word confidence="0.748" wordID="ja" beginTime="175.130" endTime="176.060"/>
    </wordsequence>
  </speech>
  <speech label="SPK10-100" begintime="176.08" endtime="177.40" >
    <wordsequence>
      <word confidence="0.750" wordID="SIL" beginTime="176.080" endTime="176.090"/>
      <word confidence="0.755" wordID="het" beginTime="176.090" endTime="177.400"/>
    </wordsequence>
  </speech>
  <speech label="SPK02-101" begintime="177.42" endtime="179.16" >
    <wordsequence>
      <word confidence="0.731" wordID="ja" beginTime="177.420" endTime="179.160"/>
    </wordsequence>
  </speech>
  <speech label="SPK10-102" begintime="179.18" endtime="180.27" >
    <wordsequence>
      <word confidence="0.725" wordID="SIL" beginTime="179.180" endTime="179.350"/>
      <word confidence="0.779" wordID="het" beginTime="179.350" endTime="179.680"/>
      <word confidence="0.750" wordID="SIL" beginTime="179.680" endTime="179.690"/>
      <word confidence="0.757" wordID="is" beginTime="179.690" endTime="179.820"/>
      <word confidence="0.722" wordID="SIL" beginTime="179.820" endTime="179.850"/>
      <word confidence="0.767" wordID="een" beginTime="179.850" endTime="180.270"/>
    </wordsequence>
  </speech>
  <speech label="SPK15-103" begintime="180.29" endtime="181.27" >
    <wordsequence>
      <word confidence="0.742" wordID="ja" beginTime="180.290" endTime="181.250"/>
      <word confidence="0.719" wordID="SIL" beginTime="181.250" endTime="181.270"/>
    </wordsequence>
  </speech>
  <speech label="SPK09-104" begintime="181.29" endtime="182.32" >
    <wordsequence>
      <word confidence="0.751" wordID="ja" beginTime="181.290" endTime="182.170"/>
      <word confidence="0.729" wordID="SIL" beginTime="182.170" endTime="182.320"/>
    </wordsequence>
  </speech>
  <speech label="SPK10-105" begintime="182.34" endtime="185.80" >
    <wordsequence>
      <word confidence="0.746" wordID="ja" beginTime="182.340" endTime="185.390"/>
      <word confidence="0.701" wordID="SIL" beginTime="185.390" endTime="185.400"/>
      <word confidence="0.806" wordID="er" beginTime="185.400" endTime="185.800"/>
    </wordsequence>
  </speech>
  <speech label="SPK09-106" begintime="185.82" endtime="187.77" >
    <wordsequence>
      <word confidence="0.750" wordID="SIL" beginTime="185.820" endTime="185.900"/>
      <word confidence="0.755" wordID="ja" beginTime="185.900" endTime="186.340"/>
      <word confidence="0.704" wordID="SIL" beginTime="186.340" endTime="186.370"/>
      <word confidence="0.746" wordID="ik" beginTime="186.370" endTime="187.770"/>
    </wordsequence>
  </speech>
  <speech label="SPK10-107" begintime="187.79" endtime="188.77" >
    <wordsequence>
      <word confidence="0.671" wordID="SIL" beginTime="187.790" endTime="187.830"/>
      <word confidence="0.738" wordID="ja" beginTime="187.830" endTime="188.730"/>
      <word confidence="0.771" wordID="SIL" beginTime="188.730" endTime="188.770"/>
    </wordsequence>
  </speech>
  <speech label="SPK02-108" begintime="188.79" endtime="189.34" >
    <wordsequence>
      <word confidence="0.727" wordID="SIL" beginTime="188.790" endTime="188.820"/>
      <word confidence="0.737" wordID="ik" beginTime="188.820" endTime="189.280"/>
      <word confidence="0.730" wordID="SIL" beginTime="189.280" endTime="189.340"/>
    </wordsequence>
  </speech>
  <speech label="SPK02-109" begintime="189.36" endtime="193.85" >
    <wordsequence>
      <word confidence="0.746" wordID="ja" beginTime="189.360" endTime="192.810"/>
      <word confidence="0.691" wordID="SIL" beginTime="192.810" endTime="192.820"/>
      <word confidence="0.773" wordID="er" beginTime="192.820" endTime="193.740"/>
      <word confidence="0.818" wordID="is" beginTime="193.740" endTime="193.850"/>
    </wordsequence>
  </speech>
  <speech label="SPK10-110" begintime="193.87" endtime="196.03" >
    <wordsequence>
      <word confidence="0.682" wordID="SIL" beginTime="193.870" endTime="193.920"/>
      <word confidence="0.752" wordID="ja" beginTime="193.920" endTime="196.030"/>
    </wordsequence>
  </speech>
  <speech label="SPK02-111" begintime="196.05" endtime="200.78" >
    <wordsequence>
      <word confidence="0.742" wordID="ja" beginTime="196.050" endTime="200.780"/>
    </wordsequence>
  </speech>
  <speech label="SPK10-112" begintime="200.80" endtime="202.96" >
    <wordsequence>
      <word confidence="0.737" wordID="&apos;k" beginTime="200.800" endTime="202.950"/>
      <word confidence="0.732" wordID="SIL" beginTime="202.950" endTime="202.960"/>
    </wordsequence>
  </speech>
  <speech label="SPK02-113" begintime="202.98" endtime="204.20" >
    <wordsequence>
      <word confidence="0.721" wordID="er" beginTime="202.980" endTime="204.200"/>
    </wordsequence>
  </speech>
  <speech label="SPK15-114" begintime="204.22" endtime="206.02" >
    <wordsequence>
      <word confidence="0.740" wordID="ja" beginTime="204.220" endTime="206.010"/>
      <word confidence="0.654" wordID="SIL" beginTime="206.010" endTime="206.020"/>
    </wordsequence>
  </speech>
  <speech label="SPK02-115" begintime="206.04" endtime="208.44" >
    <wordsequence>
      <word confidence="0.750" wordID="SIL" beginTime="206.040" endTime="206.050"/>
      <word confidence="0.742" wordID="ja" beginTime="206.050" endTime="208.160"/>
      <word confidence="0.819" wordID="SIL" beginTime="208.160" endTime="208.170"/>
      <word confidence="0.762" wordID="een" beginTime="208.170" endTime="208.440"/>
    </wordsequence>
  </speech>
  <speech label="SPK10-116" begintime="208.46" endtime="209.66" >
    <wordsequence>
      <word confidence="0.750" wordID="ja" beginTime="208.460" endTime="209.600"/>
      <word confidence="0.750" wordID="SIL" beginTime="209.600" endTime="209.660"/>
    </wordsequence>
  </speech>
  <speech label="SPK15-117" begintime="209.68" endtime="210.88" >
    <wordsequence>
      <word confidence="0.757" wordID="het" beginTime="209.680" endTime="210.020"/>
      <word confidence="0.852" wordID="SIL" beginTime="210.020" endTime="210.050"/>
      <word confidence="0.753" wordID="is" beginTime="210.050" endTime="210.320"/>
      <word confidence="0.775" wordID="SIL" beginTime="210.320" endTime="210.330"/>
      <word confidence="0.761" wordID="een" beginTime="210.330" endTime="210.880"/>
    </wordsequence>
  </speech>
  <speech label="SPK02-118" begintime="210.90" endtime="213.31" >
    <wordsequence>
      <word confidence="0.738" wordID="ja" beginTime="210.900" endTime="213.290"/>
      <word confidence="0.913" wordID="SIL" beginTime="213.290" endTime="213.310"/>
    </wordsequence>
  </speech>

  </segments>
</shout_metadata>
