<?xml version="1.0" encoding="UTF-8"?>
<!--
  ##################################################################################################
  ###                      This transcription is automatically generated by                      ###
  ###                              X-MI, Cross-Media interaction                                 ###
  ###                                    http://x-mi.nl                                          ###
  ##################################################################################################
-->
<shout_metadata>
  <model_info>
    <version>Standaard systeem 28-02-2012</version>
    <description>Academia</description>
  </model_info>
  <segments>
  <speech label="SPK02-001" begintime="0.00" endtime="5.73" >
    <wordsequence>
      <word confidence="0.750" wordID="SIL" beginTime="0.000" endTime="0.360"/>
      <word confidence="0.770" wordID="ja" beginTime="0.360" endTime="3.740"/>
      <word confidence="0.749" wordID="SIL" beginTime="3.740" endTime="3.860"/>
      <word confidence="0.787" wordID="ja" beginTime="3.860" endTime="4.180"/>
      <word confidence="0.749" wordID="SIL" beginTime="4.180" endTime="4.220"/>
      <word confidence="0.790" wordID="ja" beginTime="4.220" endTime="4.710"/>
      <word confidence="0.743" wordID="SIL" beginTime="4.710" endTime="4.720"/>
      <word confidence="0.796" wordID="ik" beginTime="4.720" endTime="4.910"/>
      <word confidence="0.744" wordID="SIL" beginTime="4.910" endTime="4.930"/>
      <word confidence="0.805" wordID="heb" beginTime="4.930" endTime="5.020"/>
      <word confidence="0.750" wordID="SIL" beginTime="5.020" endTime="5.460"/>
      <word confidence="0.898" wordID="ik" beginTime="5.460" endTime="5.570"/>
      <word confidence="0.748" wordID="SIL" beginTime="5.570" endTime="5.730"/>
    </wordsequence>
  </speech>
  <speech label="SPK05-002" begintime="9.11" endtime="12.28" >
    <wordsequence>
      <word confidence="0.755" wordID="ja" beginTime="9.110" endTime="10.600"/>
      <word confidence="0.729" wordID="SIL" beginTime="10.600" endTime="10.610"/>
      <word confidence="0.820" wordID="daar" beginTime="10.610" endTime="10.970"/>
      <word confidence="0.742" wordID="SIL" beginTime="10.970" endTime="10.980"/>
      <word confidence="0.763" wordID="ja" beginTime="10.980" endTime="12.230"/>
      <word confidence="0.800" wordID="SIL" beginTime="12.230" endTime="12.280"/>
    </wordsequence>
  </speech>
  <speech label="SPK08-003" begintime="12.30" endtime="12.83" >
    <wordsequence>
      <word confidence="0.750" wordID="SIL" beginTime="12.300" endTime="12.830"/>
    </wordsequence>
  </speech>
  <speech label="SPK08-004" begintime="14.40" endtime="18.59" >
    <wordsequence>
      <word confidence="0.750" wordID="SIL" beginTime="14.400" endTime="15.340"/>
      <word confidence="0.808" wordID="nee" beginTime="15.340" endTime="15.530"/>
      <word confidence="0.750" wordID="SIL" beginTime="15.530" endTime="16.140"/>
      <word confidence="0.788" wordID="nee" beginTime="16.140" endTime="16.930"/>
      <word confidence="0.748" wordID="SIL" beginTime="16.930" endTime="16.980"/>
      <word confidence="0.781" wordID="nee" beginTime="16.980" endTime="17.390"/>
      <word confidence="0.750" wordID="SIL" beginTime="17.390" endTime="18.040"/>
      <word confidence="0.798" wordID="hoor" beginTime="18.040" endTime="18.540"/>
      <word confidence="0.749" wordID="SIL" beginTime="18.540" endTime="18.590"/>
    </wordsequence>
  </speech>
  <speech label="SPK08-005" begintime="18.61" endtime="19.40" >
    <wordsequence>
      <word confidence="0.726" wordID="SIL" beginTime="18.610" endTime="18.720"/>
      <word confidence="0.739" wordID="er" beginTime="18.720" endTime="19.380"/>
      <word confidence="0.747" wordID="SIL" beginTime="19.380" endTime="19.400"/>
    </wordsequence>
  </speech>
  <speech label="SPK09-006" begintime="19.42" endtime="22.49" >
    <wordsequence>
      <word confidence="0.732" wordID="ja" beginTime="19.420" endTime="22.490"/>
    </wordsequence>
  </speech>
  <speech label="SPK13-007" begintime="22.51" endtime="26.45" >
    <wordsequence>
      <word confidence="0.740" wordID="SIL" beginTime="22.510" endTime="23.570"/>
      <word confidence="0.747" wordID="ja" beginTime="23.570" endTime="24.580"/>
      <word confidence="0.764" wordID="SIL" beginTime="24.580" endTime="26.450"/>
    </wordsequence>
  </speech>
  <speech label="SPK14-008" begintime="26.47" endtime="28.92" >
    <wordsequence>
      <word confidence="0.671" wordID="SIL" beginTime="26.470" endTime="26.660"/>
      <word confidence="0.737" wordID="ik" beginTime="26.660" endTime="27.110"/>
      <word confidence="0.778" wordID="SIL" beginTime="27.110" endTime="28.920"/>
    </wordsequence>
  </speech>
  <speech label="SPK16-009" begintime="28.94" endtime="31.88" >
    <wordsequence>
      <word confidence="0.750" wordID="SIL" beginTime="28.940" endTime="29.120"/>
      <word confidence="0.788" wordID="ja" beginTime="29.120" endTime="31.390"/>
      <word confidence="0.772" wordID="SIL" beginTime="31.390" endTime="31.880"/>
    </wordsequence>
  </speech>
  <speech label="SPK16-010" begintime="33.20" endtime="33.72" >
    <wordsequence>
      <word confidence="0.750" wordID="SIL" beginTime="33.200" endTime="33.720"/>
    </wordsequence>
  </speech>
  <speech label="SPK02-011" begintime="33.74" endtime="36.75" >
    <wordsequence>
      <word confidence="0.750" wordID="SIL" beginTime="33.740" endTime="33.760"/>
      <word confidence="0.723" wordID="doen" beginTime="33.760" endTime="36.750"/>
    </wordsequence>
  </speech>
  <speech label="SPK04-012" begintime="36.77" endtime="39.52" >
    <wordsequence>
      <word confidence="0.750" wordID="SIL" beginTime="36.770" endTime="36.790"/>
      <word confidence="0.735" wordID="ja" beginTime="36.790" endTime="39.520"/>
    </wordsequence>
  </speech>
  <speech label="SPK06-013" begintime="39.54" endtime="43.57" >
    <wordsequence>
      <word confidence="0.750" wordID="ja" beginTime="39.540" endTime="43.570"/>
    </wordsequence>
  </speech>
  <speech label="SPK09-014" begintime="43.59" endtime="46.65" >
    <wordsequence>
      <word confidence="0.750" wordID="SIL" beginTime="43.590" endTime="43.620"/>
      <word confidence="0.752" wordID="ja" beginTime="43.620" endTime="46.130"/>
      <word confidence="0.903" wordID="SIL" beginTime="46.130" endTime="46.650"/>
    </wordsequence>
  </speech>
  <speech label="SPK11-015" begintime="47.21" endtime="50.67" >
    <wordsequence>
      <word confidence="0.750" wordID="SIL" beginTime="47.210" endTime="47.770"/>
      <word confidence="0.779" wordID="ja" beginTime="47.770" endTime="50.590"/>
      <word confidence="0.749" wordID="SIL" beginTime="50.590" endTime="50.670"/>
    </wordsequence>
  </speech>
  <speech label="SPK12-016" begintime="50.69" endtime="53.28" >
    <wordsequence>
      <word confidence="0.736" wordID="SIL" beginTime="50.690" endTime="51.910"/>
      <word confidence="0.745" wordID="ja" beginTime="51.910" endTime="53.280"/>
    </wordsequence>
  </speech>
  <speech label="SPK15-017" begintime="53.30" endtime="58.71" >
    <wordsequence>
      <word confidence="0.750" wordID="SIL" beginTime="53.300" endTime="54.100"/>
      <word confidence="0.793" wordID="ja" beginTime="54.100" endTime="54.950"/>
      <word confidence="0.747" wordID="SIL" beginTime="54.950" endTime="54.990"/>
      <word confidence="0.748" wordID="ja" beginTime="54.990" endTime="55.590"/>
      <word confidence="0.779" wordID="SIL" beginTime="55.590" endTime="55.850"/>
      <word confidence="0.783" wordID="ja" beginTime="55.850" endTime="56.870"/>
      <word confidence="0.750" wordID="SIL" beginTime="56.870" endTime="57.810"/>
      <word confidence="0.786" wordID="ik" beginTime="57.810" endTime="58.280"/>
      <word confidence="0.750" wordID="SIL" beginTime="58.280" endTime="58.710"/>
    </wordsequence>
  </speech>

  </segments>
</shout_metadata>
