<?xml version="1.0" encoding="UTF-8"?>
<!--
  ##################################################################################################
  ###                      This transcription is automatically generated by                      ###
  ###                              X-MI, Cross-Media interaction                                 ###
  ###                                    http://x-mi.nl                                          ###
  ##################################################################################################
-->
<shout_metadata>
  <model_info>
    <version>Standaard systeem 28-02-2012</version>
    <description>Academia</description>
  </model_info>
  <segments>
  <speech label="SPK01-001" begintime="0.00" endtime="3.54" >
    <wordsequence>
      <word confidence="0.750" wordID="SIL" beginTime="0.000" endTime="0.360"/>
      <word confidence="0.768" wordID="ik" beginTime="0.360" endTime="1.080"/>
      <word confidence="0.783" wordID="lag" beginTime="1.080" endTime="2.710"/>
      <word confidence="0.742" wordID="SIL" beginTime="2.710" endTime="2.720"/>
      <word confidence="0.777" wordID="ik" beginTime="2.720" endTime="3.500"/>
      <word confidence="0.748" wordID="SIL" beginTime="3.500" endTime="3.540"/>
    </wordsequence>
  </speech>
  <speech label="SPK01-002" begintime="3.56" endtime="7.03" >
    <wordsequence>
      <word confidence="0.769" wordID="ja" beginTime="3.560" endTime="4.410"/>
      <word confidence="0.743" wordID="SIL" beginTime="4.410" endTime="4.420"/>
      <word confidence="0.761" wordID="ik" beginTime="4.420" endTime="5.380"/>
      <word confidence="0.744" wordID="SIL" beginTime="5.380" endTime="5.420"/>
      <word confidence="0.785" wordID="ik" beginTime="5.420" endTime="6.370"/>
      <word confidence="0.703" wordID="SIL" beginTime="6.370" endTime="6.390"/>
      <word confidence="0.766" wordID="ik" beginTime="6.390" endTime="6.710"/>
      <word confidence="0.753" wordID="SIL" beginTime="6.710" endTime="6.730"/>
      <word confidence="0.749" wordID="ik" beginTime="6.730" endTime="7.030"/>
    </wordsequence>
  </speech>
  <speech label="SPK01-003" begintime="7.05" endtime="9.99" >
    <wordsequence>
      <word confidence="0.690" wordID="SIL" beginTime="7.050" endTime="7.160"/>
      <word confidence="0.769" wordID="de" beginTime="7.160" endTime="7.430"/>
      <word confidence="0.773" wordID="SIL" beginTime="7.430" endTime="7.480"/>
      <word confidence="0.783" wordID="glen" beginTime="7.480" endTime="9.980"/>
      <word confidence="0.743" wordID="SIL" beginTime="9.980" endTime="9.990"/>
    </wordsequence>
  </speech>
  <speech label="SPK01-004" begintime="10.01" endtime="15.69" >
    <wordsequence>
      <word confidence="0.776" wordID="hoorde" beginTime="10.010" endTime="12.460"/>
      <word confidence="0.760" wordID="SIL" beginTime="12.460" endTime="12.500"/>
      <word confidence="0.771" wordID="ik" beginTime="12.500" endTime="13.790"/>
      <word confidence="0.789" wordID="later" beginTime="13.790" endTime="15.690"/>
    </wordsequence>
  </speech>
  <speech label="SPK01-005" begintime="15.71" endtime="18.75" >
    <wordsequence>
      <word confidence="0.757" wordID="een" beginTime="15.710" endTime="15.970"/>
      <word confidence="0.820" wordID="SIL" beginTime="15.970" endTime="15.980"/>
      <word confidence="0.805" wordID="glen" beginTime="15.980" endTime="18.650"/>
      <word confidence="0.749" wordID="SIL" beginTime="18.650" endTime="18.750"/>
    </wordsequence>
  </speech>
  <speech label="SPK01-006" begintime="18.77" endtime="22.53" >
    <wordsequence>
      <word confidence="0.767" wordID="ja" beginTime="18.770" endTime="21.320"/>
      <word confidence="0.670" wordID="SIL" beginTime="21.320" endTime="21.330"/>
      <word confidence="0.792" wordID="ik" beginTime="21.330" endTime="22.500"/>
      <word confidence="0.669" wordID="SIL" beginTime="22.500" endTime="22.530"/>
    </wordsequence>
  </speech>
  <speech label="SPK01-007" begintime="22.55" endtime="25.93" >
    <wordsequence>
      <word confidence="0.761" wordID="ja" beginTime="22.550" endTime="25.680"/>
      <word confidence="0.675" wordID="SIL" beginTime="25.680" endTime="25.690"/>
      <word confidence="0.871" wordID="daar" beginTime="25.690" endTime="25.910"/>
      <word confidence="0.711" wordID="SIL" beginTime="25.910" endTime="25.930"/>
    </wordsequence>
  </speech>
  <speech label="SPK01-008" begintime="25.95" endtime="28.85" >
    <wordsequence>
      <word confidence="0.768" wordID="ja" beginTime="25.950" endTime="28.850"/>
    </wordsequence>
  </speech>
  <speech label="SPK01-009" begintime="28.87" endtime="33.24" >
    <wordsequence>
      <word confidence="0.758" wordID="ja" beginTime="28.870" endTime="31.460"/>
      <word confidence="0.856" wordID="SIL" beginTime="31.460" endTime="31.470"/>
      <word confidence="0.828" wordID="ik" beginTime="31.470" endTime="31.630"/>
      <word confidence="0.712" wordID="SIL" beginTime="31.630" endTime="31.690"/>
      <word confidence="0.868" wordID="heb" beginTime="31.690" endTime="31.950"/>
      <word confidence="0.720" wordID="als" beginTime="31.950" endTime="32.060"/>
      <word confidence="0.667" wordID="SIL" beginTime="32.060" endTime="32.070"/>
      <word confidence="0.778" wordID="ik" beginTime="32.070" endTime="32.810"/>
      <word confidence="0.739" wordID="SIL" beginTime="32.810" endTime="33.000"/>
      <word confidence="0.763" wordID="een" beginTime="33.000" endTime="33.240"/>
    </wordsequence>
  </speech>
  <speech label="SPK01-010" begintime="33.26" endtime="36.67" >
    <wordsequence>
      <word confidence="0.762" wordID="ja" beginTime="33.260" endTime="36.500"/>
      <word confidence="0.700" wordID="SIL" beginTime="36.500" endTime="36.510"/>
      <word confidence="0.819" wordID="ik" beginTime="36.510" endTime="36.670"/>
    </wordsequence>
  </speech>
  <speech label="SPK01-011" begintime="36.69" endtime="40.39" >
    <wordsequence>
      <word confidence="0.750" wordID="ja" beginTime="36.690" endTime="39.440"/>
      <word confidence="0.770" wordID="SIL" beginTime="39.440" endTime="39.460"/>
      <word confidence="0.818" wordID="glendenning" beginTime="39.460" endTime="40.390"/>
    </wordsequence>
  </speech>
  <speech label="SPK01-012" begintime="40.41" endtime="43.10" >
    <wordsequence>
      <word confidence="0.755" wordID="ja" beginTime="40.410" endTime="42.600"/>
      <word confidence="0.789" wordID="SIL" beginTime="42.600" endTime="42.620"/>
      <word confidence="0.783" wordID="ik" beginTime="42.620" endTime="43.100"/>
    </wordsequence>
  </speech>
  <speech label="SPK01-013" begintime="43.12" endtime="47.48" >
    <wordsequence>
      <word confidence="0.695" wordID="SIL" beginTime="43.120" endTime="43.290"/>
      <word confidence="0.864" wordID="daar" beginTime="43.290" endTime="43.560"/>
      <word confidence="0.745" wordID="SIL" beginTime="43.560" endTime="43.580"/>
      <word confidence="0.805" wordID="is" beginTime="43.580" endTime="43.680"/>
      <word confidence="0.757" wordID="SIL" beginTime="43.680" endTime="43.740"/>
      <word confidence="0.813" wordID="een" beginTime="43.740" endTime="44.060"/>
      <word confidence="0.743" wordID="SIL" beginTime="44.060" endTime="44.070"/>
      <word confidence="0.774" wordID="houten" beginTime="44.070" endTime="46.230"/>
      <word confidence="0.753" wordID="SIL" beginTime="46.230" endTime="46.240"/>
      <word confidence="0.796" wordID="glen" beginTime="46.240" endTime="47.480"/>
    </wordsequence>
  </speech>
  <speech label="SPK01-014" begintime="47.50" endtime="50.93" >
    <wordsequence>
      <word confidence="0.749" wordID="ja" beginTime="47.500" endTime="48.100"/>
      <word confidence="0.839" wordID="SIL" beginTime="48.100" endTime="48.170"/>
      <word confidence="0.770" wordID="ja" beginTime="48.170" endTime="50.800"/>
      <word confidence="0.725" wordID="SIL" beginTime="50.800" endTime="50.810"/>
      <word confidence="0.848" wordID="een" beginTime="50.810" endTime="50.930"/>
    </wordsequence>
  </speech>
  <speech label="SPK01-015" begintime="50.95" endtime="56.74" >
    <wordsequence>
      <word confidence="0.749" wordID="ja" beginTime="50.950" endTime="52.040"/>
      <word confidence="0.676" wordID="SIL" beginTime="52.040" endTime="52.050"/>
      <word confidence="0.817" wordID="ik" beginTime="52.050" endTime="52.500"/>
      <word confidence="0.728" wordID="SIL" beginTime="52.500" endTime="52.510"/>
      <word confidence="0.759" wordID="ja" beginTime="52.510" endTime="56.450"/>
      <word confidence="0.805" wordID="SIL" beginTime="56.450" endTime="56.500"/>
      <word confidence="0.779" wordID="ik" beginTime="56.500" endTime="56.710"/>
      <word confidence="0.727" wordID="SIL" beginTime="56.710" endTime="56.740"/>
    </wordsequence>
  </speech>
  <speech label="SPK01-016" begintime="56.76" endtime="61.03" >
    <wordsequence>
      <word confidence="0.757" wordID="ja" beginTime="56.760" endTime="59.560"/>
      <word confidence="0.801" wordID="SIL" beginTime="59.560" endTime="59.620"/>
      <word confidence="0.740" wordID="ja" beginTime="59.620" endTime="61.020"/>
      <word confidence="0.717" wordID="SIL" beginTime="61.020" endTime="61.030"/>
    </wordsequence>
  </speech>
  <speech label="SPK13-017" begintime="61.05" endtime="63.68" >
    <wordsequence>
      <word confidence="0.764" wordID="als" beginTime="61.050" endTime="61.230"/>
      <word confidence="0.647" wordID="SIL" beginTime="61.230" endTime="61.240"/>
      <word confidence="0.770" wordID="ik" beginTime="61.240" endTime="61.930"/>
      <word confidence="0.807" wordID="SIL" beginTime="61.930" endTime="61.950"/>
      <word confidence="0.785" wordID="daar" beginTime="61.950" endTime="62.370"/>
      <word confidence="0.774" wordID="SIL" beginTime="62.370" endTime="62.380"/>
      <word confidence="0.767" wordID="nou" beginTime="62.380" endTime="63.490"/>
      <word confidence="0.729" wordID="SIL" beginTime="63.490" endTime="63.680"/>
    </wordsequence>
  </speech>
  <speech label="SPK01-018" begintime="63.70" endtime="66.81" >
    <wordsequence>
      <word confidence="0.829" wordID="ik" beginTime="63.700" endTime="63.840"/>
      <word confidence="0.780" wordID="SIL" beginTime="63.840" endTime="63.870"/>
      <word confidence="0.758" wordID="ja" beginTime="63.870" endTime="66.810"/>
    </wordsequence>
  </speech>
  <speech label="SPK01-019" begintime="66.83" endtime="70.31" >
    <wordsequence>
      <word confidence="0.757" wordID="ja" beginTime="66.830" endTime="69.600"/>
      <word confidence="0.767" wordID="SIL" beginTime="69.600" endTime="69.610"/>
      <word confidence="0.785" wordID="ik" beginTime="69.610" endTime="70.310"/>
    </wordsequence>
  </speech>

  </segments>
</shout_metadata>
