<?xml version="1.0" encoding="UTF-8"?>
<!--
  ##################################################################################################
  ###                      This transcription is automatically generated by                      ###
  ###                              X-MI, Cross-Media interaction                                 ###
  ###                                    http://x-mi.nl                                          ###
  ##################################################################################################
-->
<shout_metadata>
  <model_info>
    <version>Standaard systeem 28-02-2012</version>
    <description>Academia</description>
  </model_info>
  <segments>
  <speech label="SPK01-001" begintime="0.00" endtime="2.84" >
    <wordsequence>
      <word confidence="0.750" wordID="SIL" beginTime="0.000" endTime="0.350"/>
      <word confidence="0.794" wordID="nee" beginTime="0.350" endTime="0.760"/>
      <word confidence="0.750" wordID="SIL" beginTime="0.760" endTime="1.350"/>
      <word confidence="0.894" wordID="dan" beginTime="1.350" endTime="1.500"/>
      <word confidence="0.738" wordID="SIL" beginTime="1.500" endTime="1.510"/>
      <word confidence="0.814" wordID="liever" beginTime="1.510" endTime="1.760"/>
      <word confidence="0.837" wordID="een" beginTime="1.760" endTime="1.890"/>
      <word confidence="0.749" wordID="SIL" beginTime="1.890" endTime="1.960"/>
      <word confidence="0.808" wordID="andere" beginTime="1.960" endTime="2.840"/>
    </wordsequence>
  </speech>
  <speech label="SPK03-002" begintime="2.86" endtime="7.15" >
    <wordsequence>
      <word confidence="0.749" wordID="ja" beginTime="2.860" endTime="3.340"/>
      <word confidence="0.676" wordID="SIL" beginTime="3.340" endTime="3.350"/>
      <word confidence="0.735" wordID="ja" beginTime="3.350" endTime="4.240"/>
      <word confidence="0.731" wordID="SIL" beginTime="4.240" endTime="4.550"/>
      <word confidence="0.729" wordID="ja" beginTime="4.550" endTime="4.970"/>
      <word confidence="0.619" wordID="SIL" beginTime="4.970" endTime="4.980"/>
      <word confidence="0.736" wordID="ja" beginTime="4.980" endTime="5.550"/>
      <word confidence="0.694" wordID="SIL" beginTime="5.550" endTime="5.570"/>
      <word confidence="0.751" wordID="ja" beginTime="5.570" endTime="6.810"/>
      <word confidence="0.764" wordID="SIL" beginTime="6.810" endTime="7.150"/>
    </wordsequence>
  </speech>
  <speech label="SPK05-003" begintime="7.17" endtime="10.40" >
    <wordsequence>
      <word confidence="0.770" wordID="een" beginTime="7.170" endTime="7.340"/>
      <word confidence="0.868" wordID="SIL" beginTime="7.340" endTime="7.350"/>
      <word confidence="0.831" wordID="evenwichtig" beginTime="7.350" endTime="8.040"/>
      <word confidence="0.718" wordID="SIL" beginTime="8.040" endTime="8.050"/>
      <word confidence="0.857" wordID="kwamen" beginTime="8.050" endTime="8.470"/>
      <word confidence="0.900" wordID="SIL" beginTime="8.470" endTime="8.480"/>
      <word confidence="0.864" wordID="wonen" beginTime="8.480" endTime="8.740"/>
      <word confidence="0.821" wordID="SIL" beginTime="8.740" endTime="8.780"/>
      <word confidence="0.752" wordID="werken" beginTime="8.780" endTime="9.250"/>
      <word confidence="0.806" wordID="aan" beginTime="9.250" endTime="9.480"/>
      <word confidence="0.909" wordID="SIL" beginTime="9.480" endTime="9.490"/>
      <word confidence="0.849" wordID="een" beginTime="9.490" endTime="9.600"/>
      <word confidence="0.801" wordID="SIL" beginTime="9.600" endTime="9.610"/>
      <word confidence="0.947" wordID="loop" beginTime="9.610" endTime="9.890"/>
      <word confidence="0.855" wordID="ik" beginTime="9.890" endTime="9.980"/>
      <word confidence="1.000" wordID="SIL" beginTime="9.980" endTime="10.400"/>
    </wordsequence>
  </speech>
  <speech label="SPK05-004" begintime="10.50" endtime="15.73" >
    <wordsequence>
      <word confidence="0.750" wordID="SIL" beginTime="10.500" endTime="10.970"/>
      <word confidence="0.919" wordID="langs" beginTime="10.970" endTime="11.190"/>
      <word confidence="0.839" wordID="de" beginTime="11.190" endTime="11.320"/>
      <word confidence="0.739" wordID="SIL" beginTime="11.320" endTime="11.330"/>
      <word confidence="0.854" wordID="noord-friesland" beginTime="11.330" endTime="12.280"/>
      <word confidence="0.749" wordID="SIL" beginTime="12.280" endTime="12.450"/>
      <word confidence="0.854" wordID="lekker" beginTime="12.450" endTime="12.870"/>
      <word confidence="0.738" wordID="SIL" beginTime="12.870" endTime="12.880"/>
      <word confidence="0.850" wordID="dat" beginTime="12.880" endTime="13.030"/>
      <word confidence="0.914" wordID="je" beginTime="13.030" endTime="13.120"/>
      <word confidence="0.849" wordID="als" beginTime="13.120" endTime="13.230"/>
      <word confidence="0.743" wordID="SIL" beginTime="13.230" endTime="13.240"/>
      <word confidence="0.802" wordID="het" beginTime="13.240" endTime="13.410"/>
      <word confidence="0.747" wordID="SIL" beginTime="13.410" endTime="13.470"/>
      <word confidence="0.901" wordID="ware" beginTime="13.470" endTime="13.750"/>
      <word confidence="0.996" wordID="punten" beginTime="13.750" endTime="13.980"/>
      <word confidence="0.876" wordID="werd" beginTime="13.980" endTime="14.250"/>
      <word confidence="0.742" wordID="SIL" beginTime="14.250" endTime="14.260"/>
      <word confidence="0.850" wordID="waren" beginTime="14.260" endTime="14.630"/>
      <word confidence="0.742" wordID="SIL" beginTime="14.630" endTime="14.640"/>
      <word confidence="0.838" wordID="er" beginTime="14.640" endTime="14.750"/>
      <word confidence="0.933" wordID="binnen" beginTime="14.750" endTime="15.020"/>
      <word confidence="0.916" wordID="drie" beginTime="15.020" endTime="15.380"/>
      <word confidence="0.750" wordID="SIL" beginTime="15.380" endTime="15.730"/>
    </wordsequence>
  </speech>
  <speech label="SPK08-005" begintime="16.31" endtime="19.97" >
    <wordsequence>
      <word confidence="0.750" wordID="SIL" beginTime="16.310" endTime="16.670"/>
      <word confidence="0.785" wordID="en" beginTime="16.670" endTime="17.070"/>
      <word confidence="0.750" wordID="SIL" beginTime="17.070" endTime="17.620"/>
      <word confidence="0.868" wordID="die" beginTime="17.620" endTime="17.880"/>
      <word confidence="0.750" wordID="SIL" beginTime="17.880" endTime="19.320"/>
      <word confidence="0.813" wordID="ook" beginTime="19.320" endTime="19.720"/>
      <word confidence="0.750" wordID="SIL" beginTime="19.720" endTime="19.970"/>
    </wordsequence>
  </speech>
  <speech label="SPK08-006" begintime="20.00" endtime="21.42" >
    <wordsequence>
      <word confidence="0.750" wordID="SIL" beginTime="20.000" endTime="20.020"/>
      <word confidence="0.783" wordID="dat" beginTime="20.020" endTime="20.230"/>
      <word confidence="0.749" wordID="doen" beginTime="20.230" endTime="21.420"/>
    </wordsequence>
  </speech>
  <speech label="SPK16-007" begintime="21.44" endtime="25.58" >
    <wordsequence>
      <word confidence="0.730" wordID="ja" beginTime="21.440" endTime="22.010"/>
      <word confidence="0.705" wordID="SIL" beginTime="22.010" endTime="22.230"/>
      <word confidence="0.740" wordID="ja" beginTime="22.230" endTime="25.580"/>
    </wordsequence>
  </speech>
  <speech label="SPK12-008" begintime="25.60" endtime="28.27" >
    <wordsequence>
      <word confidence="0.747" wordID="ja" beginTime="25.600" endTime="28.170"/>
      <word confidence="0.753" wordID="SIL" beginTime="28.170" endTime="28.270"/>
    </wordsequence>
  </speech>
  <speech label="SPK13-009" begintime="28.29" endtime="30.71" >
    <wordsequence>
      <word confidence="0.738" wordID="ja" beginTime="28.290" endTime="29.020"/>
      <word confidence="0.809" wordID="SIL" beginTime="29.020" endTime="29.030"/>
      <word confidence="0.735" wordID="ja" beginTime="29.030" endTime="29.690"/>
      <word confidence="0.776" wordID="SIL" beginTime="29.690" endTime="29.760"/>
      <word confidence="0.723" wordID="ja" beginTime="29.760" endTime="30.240"/>
      <word confidence="0.689" wordID="SIL" beginTime="30.240" endTime="30.250"/>
      <word confidence="0.823" wordID="als" beginTime="30.250" endTime="30.390"/>
      <word confidence="0.733" wordID="SIL" beginTime="30.390" endTime="30.590"/>
      <word confidence="0.846" wordID="je" beginTime="30.590" endTime="30.710"/>
    </wordsequence>
  </speech>
  <speech label="SPK08-010" begintime="30.73" endtime="33.33" >
    <wordsequence>
      <word confidence="0.746" wordID="uh" beginTime="30.730" endTime="30.830"/>
      <word confidence="0.648" wordID="SIL" beginTime="30.830" endTime="30.850"/>
      <word confidence="0.801" wordID="nee" beginTime="30.850" endTime="31.240"/>
      <word confidence="0.749" wordID="SIL" beginTime="31.240" endTime="31.370"/>
      <word confidence="0.770" wordID="gelukkig" beginTime="31.370" endTime="32.020"/>
      <word confidence="0.803" wordID="SIL" beginTime="32.020" endTime="32.150"/>
      <word confidence="0.789" wordID="niet" beginTime="32.150" endTime="32.670"/>
      <word confidence="0.840" wordID="SIL" beginTime="32.670" endTime="32.740"/>
      <word confidence="0.771" wordID="in" beginTime="32.740" endTime="32.860"/>
      <word confidence="0.775" wordID="SIL" beginTime="32.860" endTime="32.980"/>
      <word confidence="0.816" wordID="de" beginTime="32.980" endTime="33.120"/>
      <word confidence="0.808" wordID="SIL" beginTime="33.120" endTime="33.330"/>
    </wordsequence>
  </speech>
  <speech label="SPK08-011" begintime="33.36" endtime="35.99" >
    <wordsequence>
      <word confidence="0.750" wordID="SIL" beginTime="33.360" endTime="33.870"/>
      <word confidence="0.835" wordID="alle" beginTime="33.870" endTime="34.210"/>
      <word confidence="0.798" wordID="andere" beginTime="34.210" endTime="34.540"/>
      <word confidence="0.812" wordID="van" beginTime="34.540" endTime="34.720"/>
      <word confidence="0.752" wordID="SIL" beginTime="34.720" endTime="34.740"/>
      <word confidence="0.750" wordID="negen" beginTime="34.740" endTime="35.930"/>
      <word confidence="0.682" wordID="SIL" beginTime="35.930" endTime="35.990"/>
    </wordsequence>
  </speech>
  <speech label="SPK16-012" begintime="36.01" endtime="38.87" >
    <wordsequence>
      <word confidence="0.704" wordID="SIL" beginTime="36.010" endTime="36.060"/>
      <word confidence="0.747" wordID="ja" beginTime="36.060" endTime="38.420"/>
      <word confidence="0.681" wordID="SIL" beginTime="38.420" endTime="38.430"/>
      <word confidence="0.766" wordID="had" beginTime="38.430" endTime="38.870"/>
    </wordsequence>
  </speech>
  <speech label="SPK02-013" begintime="38.89" endtime="41.73" >
    <wordsequence>
      <word confidence="0.714" wordID="er" beginTime="38.890" endTime="39.290"/>
      <word confidence="0.775" wordID="SIL" beginTime="39.290" endTime="39.300"/>
      <word confidence="0.756" wordID="is" beginTime="39.300" endTime="39.850"/>
      <word confidence="0.775" wordID="SIL" beginTime="39.850" endTime="39.980"/>
      <word confidence="0.769" wordID="een" beginTime="39.980" endTime="40.310"/>
      <word confidence="0.733" wordID="SIL" beginTime="40.310" endTime="40.510"/>
      <word confidence="0.762" wordID="een" beginTime="40.510" endTime="40.800"/>
      <word confidence="0.741" wordID="SIL" beginTime="40.800" endTime="40.810"/>
      <word confidence="0.772" wordID="een" beginTime="40.810" endTime="41.160"/>
      <word confidence="0.779" wordID="SIL" beginTime="41.160" endTime="41.390"/>
      <word confidence="0.749" wordID="een" beginTime="41.390" endTime="41.640"/>
      <word confidence="0.765" wordID="SIL" beginTime="41.640" endTime="41.730"/>
    </wordsequence>
  </speech>
  <speech label="SPK03-014" begintime="41.75" endtime="45.50" >
    <wordsequence>
      <word confidence="0.740" wordID="ja" beginTime="41.750" endTime="42.560"/>
      <word confidence="0.799" wordID="SIL" beginTime="42.560" endTime="42.900"/>
      <word confidence="0.767" wordID="ja" beginTime="42.900" endTime="45.500"/>
    </wordsequence>
  </speech>
  <speech label="SPK09-015" begintime="45.52" endtime="48.47" >
    <wordsequence>
      <word confidence="0.681" wordID="het" beginTime="45.520" endTime="45.780"/>
      <word confidence="0.751" wordID="SIL" beginTime="45.780" endTime="45.950"/>
      <word confidence="0.773" wordID="leven" beginTime="45.950" endTime="47.240"/>
      <word confidence="0.755" wordID="SIL" beginTime="47.240" endTime="47.370"/>
      <word confidence="0.745" wordID="die" beginTime="47.370" endTime="48.470"/>
    </wordsequence>
  </speech>
  <speech label="SPK03-016" begintime="48.49" endtime="51.32" >
    <wordsequence>
      <word confidence="0.750" wordID="SIL" beginTime="48.490" endTime="48.500"/>
      <word confidence="0.753" wordID="een" beginTime="48.500" endTime="48.760"/>
      <word confidence="0.902" wordID="SIL" beginTime="48.760" endTime="48.770"/>
      <word confidence="0.784" wordID="een" beginTime="48.770" endTime="49.110"/>
      <word confidence="0.763" wordID="SIL" beginTime="49.110" endTime="49.370"/>
      <word confidence="0.751" wordID="een" beginTime="49.370" endTime="49.870"/>
      <word confidence="0.717" wordID="SIL" beginTime="49.870" endTime="49.920"/>
      <word confidence="0.760" wordID="een" beginTime="49.920" endTime="50.220"/>
      <word confidence="0.784" wordID="SIL" beginTime="50.220" endTime="50.240"/>
      <word confidence="0.775" wordID="een" beginTime="50.240" endTime="50.560"/>
      <word confidence="0.783" wordID="SIL" beginTime="50.560" endTime="50.570"/>
      <word confidence="0.768" wordID="een" beginTime="50.570" endTime="50.950"/>
      <word confidence="0.785" wordID="nieuwe" beginTime="50.950" endTime="51.320"/>
    </wordsequence>
  </speech>
  <speech label="SPK09-017" begintime="51.34" endtime="52.84" >
    <wordsequence>
      <word confidence="0.748" wordID="SIL" beginTime="51.340" endTime="51.520"/>
      <word confidence="0.752" wordID="ja" beginTime="51.520" endTime="52.550"/>
      <word confidence="0.702" wordID="SIL" beginTime="52.550" endTime="52.570"/>
      <word confidence="0.757" wordID="dat" beginTime="52.570" endTime="52.840"/>
    </wordsequence>
  </speech>
  <speech label="SPK09-018" begintime="52.86" endtime="58.04" >
    <wordsequence>
      <word confidence="0.750" wordID="SIL" beginTime="52.860" endTime="52.870"/>
      <word confidence="0.748" wordID="ja" beginTime="52.870" endTime="54.150"/>
      <word confidence="0.717" wordID="SIL" beginTime="54.150" endTime="54.180"/>
      <word confidence="0.734" wordID="ja" beginTime="54.180" endTime="54.590"/>
      <word confidence="0.782" wordID="SIL" beginTime="54.590" endTime="54.650"/>
      <word confidence="0.754" wordID="ja" beginTime="54.650" endTime="56.280"/>
      <word confidence="0.817" wordID="SIL" beginTime="56.280" endTime="56.570"/>
      <word confidence="0.778" wordID="ik" beginTime="56.570" endTime="57.060"/>
      <word confidence="0.732" wordID="SIL" beginTime="57.060" endTime="57.190"/>
      <word confidence="0.855" wordID="mag" beginTime="57.190" endTime="57.360"/>
      <word confidence="0.802" wordID="van" beginTime="57.360" endTime="57.710"/>
      <word confidence="0.777" wordID="SIL" beginTime="57.710" endTime="58.040"/>
    </wordsequence>
  </speech>
  <speech label="SPK05-019" begintime="58.43" endtime="61.77" >
    <wordsequence>
      <word confidence="0.750" wordID="SIL" beginTime="58.430" endTime="59.020"/>
      <word confidence="0.807" wordID="ja" beginTime="59.020" endTime="59.320"/>
      <word confidence="0.861" wordID="want" beginTime="59.320" endTime="59.670"/>
      <word confidence="0.749" wordID="SIL" beginTime="59.670" endTime="59.750"/>
      <word confidence="0.806" wordID="dat" beginTime="59.750" endTime="59.920"/>
      <word confidence="0.740" wordID="SIL" beginTime="59.920" endTime="59.930"/>
      <word confidence="0.861" wordID="is" beginTime="59.930" endTime="60.110"/>
      <word confidence="0.873" wordID="onder" beginTime="60.110" endTime="60.490"/>
      <word confidence="0.742" wordID="SIL" beginTime="60.490" endTime="60.500"/>
      <word confidence="0.869" wordID="smakelijk" beginTime="60.500" endTime="61.010"/>
      <word confidence="0.745" wordID="SIL" beginTime="61.010" endTime="61.060"/>
      <word confidence="0.864" wordID="voedsel" beginTime="61.060" endTime="61.410"/>
      <word confidence="1.000" wordID="op" beginTime="61.410" endTime="61.590"/>
      <word confidence="0.749" wordID="SIL" beginTime="61.590" endTime="61.770"/>
    </wordsequence>
  </speech>
  <speech label="SPK05-020" begintime="61.79" endtime="65.52" >
    <wordsequence>
      <word confidence="0.750" wordID="SIL" beginTime="61.790" endTime="62.020"/>
      <word confidence="0.810" wordID="er" beginTime="62.020" endTime="62.240"/>
      <word confidence="0.733" wordID="SIL" beginTime="62.240" endTime="62.250"/>
      <word confidence="0.866" wordID="worden" beginTime="62.250" endTime="62.590"/>
      <word confidence="0.913" wordID="enorme" beginTime="62.590" endTime="62.970"/>
      <word confidence="0.737" wordID="SIL" beginTime="62.970" endTime="62.980"/>
      <word confidence="0.993" wordID="allemaal" beginTime="62.980" endTime="63.470"/>
      <word confidence="0.743" wordID="SIL" beginTime="63.470" endTime="63.490"/>
      <word confidence="0.917" wordID="weer" beginTime="63.490" endTime="63.650"/>
      <word confidence="0.737" wordID="SIL" beginTime="63.650" endTime="63.660"/>
      <word confidence="0.918" wordID="weg" beginTime="63.660" endTime="63.940"/>
      <word confidence="0.743" wordID="SIL" beginTime="63.940" endTime="63.960"/>
      <word confidence="0.916" wordID="hebben" beginTime="63.960" endTime="64.260"/>
      <word confidence="0.743" wordID="SIL" beginTime="64.260" endTime="64.280"/>
      <word confidence="0.883" wordID="duidelijk" beginTime="64.280" endTime="64.720"/>
      <word confidence="0.742" wordID="SIL" beginTime="64.720" endTime="64.730"/>
      <word confidence="0.789" wordID="een" beginTime="64.730" endTime="65.460"/>
      <word confidence="0.747" wordID="SIL" beginTime="65.460" endTime="65.520"/>
    </wordsequence>
  </speech>
  <speech label="SPK13-021" begintime="65.58" endtime="68.56" >
    <wordsequence>
      <word confidence="0.661" wordID="SIL" beginTime="65.580" endTime="65.680"/>
      <word confidence="0.752" wordID="ja" beginTime="65.680" endTime="67.310"/>
      <word confidence="0.820" wordID="SIL" beginTime="67.310" endTime="67.360"/>
      <word confidence="0.756" wordID="ja" beginTime="67.360" endTime="68.530"/>
      <word confidence="0.703" wordID="SIL" beginTime="68.530" endTime="68.560"/>
    </wordsequence>
  </speech>
  <speech label="SPK09-022" begintime="68.58" endtime="72.51" >
    <wordsequence>
      <word confidence="0.708" wordID="SIL" beginTime="68.580" endTime="68.610"/>
      <word confidence="0.732" wordID="ja" beginTime="68.610" endTime="71.400"/>
      <word confidence="0.721" wordID="SIL" beginTime="71.400" endTime="71.470"/>
      <word confidence="0.743" wordID="ja" beginTime="71.470" endTime="72.500"/>
      <word confidence="0.706" wordID="SIL" beginTime="72.500" endTime="72.510"/>
    </wordsequence>
  </speech>
  <speech label="SPK15-023" begintime="72.53" endtime="75.31" >
    <wordsequence>
      <word confidence="0.756" wordID="ja" beginTime="72.530" endTime="75.300"/>
      <word confidence="0.700" wordID="SIL" beginTime="75.300" endTime="75.310"/>
    </wordsequence>
  </speech>

  </segments>
</shout_metadata>
