<?xml version="1.0" encoding="UTF-8"?>
<!--
  ##################################################################################################
  ###                      This transcription is automatically generated by                      ###
  ###                              X-MI, Cross-Media interaction                                 ###
  ###                                    http://x-mi.nl                                          ###
  ##################################################################################################
-->
<shout_metadata>
  <model_info>
    <version>Standaard systeem 28-02-2012</version>
    <description>Academia</description>
  </model_info>
  <segments>
  <speech label="SPK02-001" begintime="0.17" endtime="4.84" >
    <wordsequence>
      <word confidence="0.750" wordID="SIL" beginTime="0.170" endTime="0.650"/>
      <word confidence="1.000" wordID="zit" beginTime="0.650" endTime="0.920"/>
      <word confidence="0.945" wordID="het" beginTime="0.920" endTime="1.050"/>
      <word confidence="0.956" wordID="mee" beginTime="1.050" endTime="1.290"/>
      <word confidence="1.000" wordID="negentien" beginTime="1.290" endTime="1.740"/>
      <word confidence="1.000" wordID="acht" beginTime="1.740" endTime="1.930"/>
      <word confidence="1.000" wordID="en" beginTime="1.930" endTime="2.040"/>
      <word confidence="0.985" wordID="vijftig" beginTime="2.040" endTime="2.470"/>
      <word confidence="1.000" wordID="nemen" beginTime="2.470" endTime="2.730"/>
      <word confidence="1.000" wordID="straaljagers" beginTime="2.730" endTime="3.410"/>
      <word confidence="1.000" wordID="van" beginTime="3.410" endTime="3.580"/>
      <word confidence="1.000" wordID="drie" beginTime="3.580" endTime="3.780"/>
      <word confidence="0.741" wordID="SIL" beginTime="3.780" endTime="3.790"/>
      <word confidence="1.000" wordID="twee" beginTime="3.790" endTime="3.980"/>
      <word confidence="1.000" wordID="vier" beginTime="3.980" endTime="4.240"/>
      <word confidence="0.972" wordID="scoren" beginTime="4.240" endTime="4.840"/>
    </wordsequence>
  </speech>
  <speech label="SPK02-002" begintime="4.87" endtime="10.21" >
    <wordsequence>
      <word confidence="0.750" wordID="SIL" beginTime="4.870" endTime="5.050"/>
      <word confidence="1.000" wordID="tweemaal" beginTime="5.050" endTime="5.430"/>
      <word confidence="0.870" wordID="per" beginTime="5.430" endTime="5.580"/>
      <word confidence="1.000" wordID="week" beginTime="5.580" endTime="5.800"/>
      <word confidence="1.000" wordID="luchtmonsters" beginTime="5.800" endTime="6.620"/>
      <word confidence="0.749" wordID="SIL" beginTime="6.620" endTime="6.930"/>
      <word confidence="1.000" wordID="om" beginTime="6.930" endTime="7.070"/>
      <word confidence="1.000" wordID="het" beginTime="7.070" endTime="7.160"/>
      <word confidence="1.000" wordID="mogelijk" beginTime="7.160" endTime="7.500"/>
      <word confidence="0.957" wordID="te" beginTime="7.500" endTime="7.570"/>
      <word confidence="1.000" wordID="maken" beginTime="7.570" endTime="7.860"/>
      <word confidence="0.890" wordID="met" beginTime="7.860" endTime="7.980"/>
      <word confidence="0.745" wordID="SIL" beginTime="7.980" endTime="8.020"/>
      <word confidence="0.994" wordID="de" beginTime="8.020" endTime="8.090"/>
      <word confidence="1.000" wordID="radioactiviteit" beginTime="8.090" endTime="9.060"/>
      <word confidence="1.000" wordID="van" beginTime="9.060" endTime="9.190"/>
      <word confidence="1.000" wordID="de" beginTime="9.190" endTime="9.250"/>
      <word confidence="1.000" wordID="lucht" beginTime="9.250" endTime="9.460"/>
      <word confidence="1.000" wordID="vast" beginTime="9.460" endTime="9.670"/>
      <word confidence="1.000" wordID="te" beginTime="9.670" endTime="9.750"/>
      <word confidence="1.000" wordID="stellen" beginTime="9.750" endTime="10.080"/>
      <word confidence="0.748" wordID="SIL" beginTime="10.080" endTime="10.210"/>
    </wordsequence>
  </speech>
  <speech label="SPK02-003" begintime="10.24" endtime="14.20" >
    <wordsequence>
      <word confidence="0.750" wordID="SIL" beginTime="10.240" endTime="10.950"/>
      <word confidence="1.000" wordID="een" beginTime="10.950" endTime="11.070"/>
      <word confidence="0.741" wordID="SIL" beginTime="11.070" endTime="11.080"/>
      <word confidence="1.000" wordID="veel" beginTime="11.080" endTime="11.320"/>
      <word confidence="0.742" wordID="SIL" beginTime="11.320" endTime="11.330"/>
      <word confidence="0.943" wordID="te" beginTime="11.330" endTime="11.460"/>
      <word confidence="1.000" wordID="worden" beginTime="11.460" endTime="11.660"/>
      <word confidence="0.737" wordID="SIL" beginTime="11.660" endTime="11.670"/>
      <word confidence="0.981" wordID="daardoor" beginTime="11.670" endTime="11.990"/>
      <word confidence="1.000" wordID="aangebracht" beginTime="11.990" endTime="12.510"/>
      <word confidence="0.748" wordID="SIL" beginTime="12.510" endTime="12.600"/>
      <word confidence="1.000" wordID="in" beginTime="12.600" endTime="12.700"/>
      <word confidence="1.000" wordID="een" beginTime="12.700" endTime="12.790"/>
      <word confidence="0.746" wordID="SIL" beginTime="12.790" endTime="12.830"/>
      <word confidence="1.000" wordID="omgebouwde" beginTime="12.830" endTime="13.330"/>
      <word confidence="1.000" wordID="brandstoftank" beginTime="13.330" endTime="14.050"/>
      <word confidence="0.749" wordID="SIL" beginTime="14.050" endTime="14.200"/>
    </wordsequence>
  </speech>
  <speech label="SPK02-004" begintime="14.22" endtime="16.33" >
    <wordsequence>
      <word confidence="0.750" wordID="SIL" beginTime="14.220" endTime="14.430"/>
      <word confidence="0.985" wordID="die" beginTime="14.430" endTime="14.550"/>
      <word confidence="1.000" wordID="onder" beginTime="14.550" endTime="14.760"/>
      <word confidence="1.000" wordID="de" beginTime="14.760" endTime="14.850"/>
      <word confidence="1.000" wordID="vleugel" beginTime="14.850" endTime="15.190"/>
      <word confidence="1.000" wordID="van" beginTime="15.190" endTime="15.320"/>
      <word confidence="0.924" wordID="een" beginTime="15.320" endTime="15.430"/>
      <word confidence="0.960" wordID="roker" beginTime="15.430" endTime="15.780"/>
      <word confidence="0.845" wordID="SIL" beginTime="15.780" endTime="15.790"/>
      <word confidence="1.000" wordID="want" beginTime="15.790" endTime="15.980"/>
      <word confidence="1.000" wordID="er" beginTime="15.980" endTime="16.050"/>
      <word confidence="1.000" wordID="wordt" beginTime="16.050" endTime="16.200"/>
      <word confidence="1.000" wordID="op" beginTime="16.200" endTime="16.330"/>
    </wordsequence>
  </speech>
  <speech label="SPK05-005" begintime="16.35" endtime="18.82" >
    <wordsequence>
      <word confidence="0.676" wordID="SIL" beginTime="16.350" endTime="16.380"/>
      <word confidence="0.841" wordID="ook" beginTime="16.380" endTime="16.700"/>
      <word confidence="0.755" wordID="SIL" beginTime="16.700" endTime="18.070"/>
      <word confidence="0.816" wordID="de" beginTime="18.070" endTime="18.250"/>
      <word confidence="0.748" wordID="SIL" beginTime="18.250" endTime="18.300"/>
      <word confidence="0.826" wordID="toeloop" beginTime="18.300" endTime="18.750"/>
      <word confidence="0.749" wordID="SIL" beginTime="18.750" endTime="18.820"/>
    </wordsequence>
  </speech>
  <speech label="SPK02-006" begintime="18.84" endtime="23.31" >
    <wordsequence>
      <word confidence="0.992" wordID="opening" beginTime="18.840" endTime="19.130"/>
      <word confidence="1.000" wordID="wordt" beginTime="19.130" endTime="19.290"/>
      <word confidence="0.945" wordID="SIL" beginTime="19.290" endTime="19.300"/>
      <word confidence="1.000" wordID="gesloten" beginTime="19.300" endTime="19.790"/>
      <word confidence="0.870" wordID="SIL" beginTime="19.790" endTime="20.160"/>
      <word confidence="1.000" wordID="en" beginTime="20.160" endTime="20.300"/>
      <word confidence="1.000" wordID="zal" beginTime="20.300" endTime="20.460"/>
      <word confidence="1.000" wordID="pas" beginTime="20.460" endTime="20.780"/>
      <word confidence="0.738" wordID="SIL" beginTime="20.780" endTime="20.790"/>
      <word confidence="1.000" wordID="op" beginTime="20.790" endTime="20.930"/>
      <word confidence="0.981" wordID="het" beginTime="20.930" endTime="21.070"/>
      <word confidence="0.923" wordID="tevoren" beginTime="21.070" endTime="21.500"/>
      <word confidence="1.000" wordID="vastgestelde" beginTime="21.500" endTime="22.160"/>
      <word confidence="0.738" wordID="SIL" beginTime="22.160" endTime="22.170"/>
      <word confidence="0.978" wordID="over" beginTime="22.170" endTime="22.420"/>
      <word confidence="0.733" wordID="SIL" beginTime="22.420" endTime="22.430"/>
      <word confidence="1.000" wordID="de" beginTime="22.430" endTime="22.580"/>
      <word confidence="0.741" wordID="SIL" beginTime="22.580" endTime="22.590"/>
      <word confidence="1.000" wordID="weer" beginTime="22.590" endTime="22.790"/>
      <word confidence="1.000" wordID="overgaan" beginTime="22.790" endTime="23.280"/>
      <word confidence="0.740" wordID="SIL" beginTime="23.280" endTime="23.310"/>
    </wordsequence>
  </speech>
  <speech label="SPK02-007" begintime="23.33" endtime="24.29" >
    <wordsequence>
      <word confidence="0.750" wordID="SIL" beginTime="23.330" endTime="24.290"/>
    </wordsequence>
  </speech>
  <speech label="SPK08-008" begintime="24.31" endtime="29.30" >
    <wordsequence>
      <word confidence="0.740" wordID="SIL" beginTime="24.310" endTime="24.450"/>
      <word confidence="0.731" wordID="ja" beginTime="24.450" endTime="25.620"/>
      <word confidence="0.792" wordID="SIL" beginTime="25.620" endTime="25.860"/>
      <word confidence="0.765" wordID="zeiden" beginTime="25.860" endTime="26.600"/>
      <word confidence="0.828" wordID="ze" beginTime="26.600" endTime="26.760"/>
      <word confidence="0.649" wordID="SIL" beginTime="26.760" endTime="26.770"/>
      <word confidence="0.796" wordID="in" beginTime="26.770" endTime="27.200"/>
      <word confidence="0.760" wordID="SIL" beginTime="27.200" endTime="27.210"/>
      <word confidence="0.787" wordID="een" beginTime="27.210" endTime="27.760"/>
      <word confidence="0.768" wordID="SIL" beginTime="27.760" endTime="27.770"/>
      <word confidence="0.771" wordID="nu" beginTime="27.770" endTime="28.310"/>
      <word confidence="0.681" wordID="SIL" beginTime="28.310" endTime="28.330"/>
      <word confidence="0.785" wordID="nog" beginTime="28.330" endTime="29.030"/>
      <word confidence="0.751" wordID="SIL" beginTime="29.030" endTime="29.300"/>
    </wordsequence>
  </speech>
  <speech label="SPK08-009" begintime="29.32" endtime="29.40" >
    <wordsequence>
      <word confidence="0.729" wordID="SIL" beginTime="29.320" endTime="29.400"/>
    </wordsequence>
  </speech>
  <speech label="SPK02-010" begintime="29.42" endtime="32.39" >
    <wordsequence>
      <word confidence="0.745" wordID="de" beginTime="29.420" endTime="29.510"/>
      <word confidence="1.000" wordID="straaljager" beginTime="29.510" endTime="30.170"/>
      <word confidence="1.000" wordID="stijgt" beginTime="30.170" endTime="30.570"/>
      <word confidence="1.000" wordID="snel" beginTime="30.570" endTime="30.900"/>
      <word confidence="1.000" wordID="naar" beginTime="30.900" endTime="31.050"/>
      <word confidence="1.000" wordID="de" beginTime="31.050" endTime="31.140"/>
      <word confidence="1.000" wordID="hogere" beginTime="31.140" endTime="31.530"/>
      <word confidence="1.000" wordID="luchtlagen" beginTime="31.530" endTime="32.190"/>
      <word confidence="0.767" wordID="SIL" beginTime="32.190" endTime="32.390"/>
    </wordsequence>
  </speech>
  <speech label="SPK02-011" begintime="32.41" endtime="36.05" >
    <wordsequence>
      <word confidence="0.750" wordID="SIL" beginTime="32.410" endTime="32.700"/>
      <word confidence="1.000" wordID="het" beginTime="32.700" endTime="32.810"/>
      <word confidence="1.000" wordID="toestel" beginTime="32.810" endTime="33.170"/>
      <word confidence="1.000" wordID="moeten" beginTime="33.170" endTime="33.470"/>
      <word confidence="0.733" wordID="SIL" beginTime="33.470" endTime="33.480"/>
      <word confidence="1.000" wordID="gemeenten" beginTime="33.480" endTime="33.950"/>
      <word confidence="1.000" wordID="lucht" beginTime="33.950" endTime="34.200"/>
      <word confidence="1.000" wordID="in" beginTime="34.200" endTime="34.360"/>
      <word confidence="1.000" wordID="zagen" beginTime="34.360" endTime="34.660"/>
      <word confidence="1.000" wordID="op" beginTime="34.660" endTime="34.750"/>
      <word confidence="1.000" wordID="een" beginTime="34.750" endTime="34.810"/>
      <word confidence="1.000" wordID="hoogte" beginTime="34.810" endTime="35.090"/>
      <word confidence="1.000" wordID="van" beginTime="35.090" endTime="35.200"/>
      <word confidence="1.000" wordID="ongeveer" beginTime="35.200" endTime="35.490"/>
      <word confidence="1.000" wordID="dertien" beginTime="35.490" endTime="35.810"/>
      <word confidence="1.000" wordID="kilo" beginTime="35.810" endTime="36.050"/>
    </wordsequence>
  </speech>
  <speech label="SPK12-012" begintime="36.07" endtime="38.43" >
    <wordsequence>
      <word confidence="1.000" wordID="eten" beginTime="36.070" endTime="36.390"/>
      <word confidence="0.749" wordID="SIL" beginTime="36.390" endTime="36.600"/>
      <word confidence="1.000" wordID="in" beginTime="36.600" endTime="36.710"/>
      <word confidence="1.000" wordID="de" beginTime="36.710" endTime="36.780"/>
      <word confidence="1.000" wordID="zogenaamde" beginTime="36.780" endTime="37.160"/>
      <word confidence="1.000" wordID="tropopauze" beginTime="37.160" endTime="38.000"/>
      <word confidence="0.750" wordID="SIL" beginTime="38.000" endTime="38.430"/>
    </wordsequence>
  </speech>
  <speech label="SPK02-013" begintime="38.45" endtime="41.74" >
    <wordsequence>
      <word confidence="0.898" wordID="het" beginTime="38.450" endTime="38.530"/>
      <word confidence="1.000" wordID="is" beginTime="38.530" endTime="38.620"/>
      <word confidence="0.959" wordID="de" beginTime="38.620" endTime="38.710"/>
      <word confidence="1.000" wordID="ruimte" beginTime="38.710" endTime="39.060"/>
      <word confidence="1.000" wordID="tussen" beginTime="39.060" endTime="39.320"/>
      <word confidence="1.000" wordID="troposfeer" beginTime="39.320" endTime="39.910"/>
      <word confidence="1.000" wordID="en" beginTime="39.910" endTime="40.010"/>
      <word confidence="1.000" wordID="stratosfeer" beginTime="40.010" endTime="40.700"/>
      <word confidence="0.750" wordID="SIL" beginTime="40.700" endTime="41.470"/>
      <word confidence="1.000" wordID="en" beginTime="41.470" endTime="41.590"/>
      <word confidence="0.912" wordID="nog" beginTime="41.590" endTime="41.740"/>
    </wordsequence>
  </speech>
  <speech label="SPK13-014" begintime="41.76" endtime="44.64" >
    <wordsequence>
      <word confidence="0.750" wordID="SIL" beginTime="41.760" endTime="41.780"/>
      <word confidence="0.770" wordID="en" beginTime="41.780" endTime="41.940"/>
      <word confidence="0.840" wordID="SIL" beginTime="41.940" endTime="42.080"/>
      <word confidence="1.000" wordID="dat" beginTime="42.080" endTime="42.210"/>
      <word confidence="0.962" wordID="het" beginTime="42.210" endTime="42.310"/>
      <word confidence="1.000" wordID="hier" beginTime="42.310" endTime="42.500"/>
      <word confidence="0.768" wordID="SIL" beginTime="42.500" endTime="42.510"/>
      <word confidence="0.973" wordID="gaat" beginTime="42.510" endTime="42.720"/>
      <word confidence="1.000" wordID="om" beginTime="42.720" endTime="42.840"/>
      <word confidence="0.925" wordID="de" beginTime="42.840" endTime="42.910"/>
      <word confidence="1.000" wordID="radioactiviteit" beginTime="42.910" endTime="43.800"/>
      <word confidence="0.878" wordID="SIL" beginTime="43.800" endTime="44.070"/>
      <word confidence="1.000" wordID="doen" beginTime="44.070" endTime="44.290"/>
      <word confidence="0.738" wordID="SIL" beginTime="44.290" endTime="44.300"/>
      <word confidence="0.891" wordID="kennen" beginTime="44.300" endTime="44.640"/>
    </wordsequence>
  </speech>
  <speech label="SPK14-015" begintime="44.66" endtime="47.94" >
    <wordsequence>
      <word confidence="0.748" wordID="SIL" beginTime="44.660" endTime="44.740"/>
      <word confidence="1.000" wordID="koers" beginTime="44.740" endTime="44.960"/>
      <word confidence="1.000" wordID="is" beginTime="44.960" endTime="45.070"/>
      <word confidence="1.000" wordID="in" beginTime="45.070" endTime="45.150"/>
      <word confidence="1.000" wordID="de" beginTime="45.150" endTime="45.230"/>
      <word confidence="0.952" wordID="dampkring" beginTime="45.230" endTime="45.670"/>
      <word confidence="1.000" wordID="is" beginTime="45.670" endTime="45.790"/>
      <word confidence="0.864" wordID="moet" beginTime="45.790" endTime="46.120"/>
      <word confidence="0.799" wordID="SIL" beginTime="46.120" endTime="47.200"/>
      <word confidence="0.834" wordID="er" beginTime="47.200" endTime="47.520"/>
      <word confidence="0.750" wordID="SIL" beginTime="47.520" endTime="47.940"/>
    </wordsequence>
  </speech>
  <speech label="SPK02-016" begintime="47.96" endtime="53.43" >
    <wordsequence>
      <word confidence="0.750" wordID="SIL" beginTime="47.960" endTime="48.400"/>
      <word confidence="0.924" wordID="in" beginTime="48.400" endTime="48.580"/>
      <word confidence="0.748" wordID="SIL" beginTime="48.580" endTime="48.620"/>
      <word confidence="0.980" wordID="heeswijk" beginTime="48.620" endTime="49.100"/>
      <word confidence="1.000" wordID="bevindt" beginTime="49.100" endTime="49.380"/>
      <word confidence="1.000" wordID="zich" beginTime="49.380" endTime="49.560"/>
      <word confidence="0.741" wordID="SIL" beginTime="49.560" endTime="49.570"/>
      <word confidence="1.000" wordID="het" beginTime="49.570" endTime="49.690"/>
      <word confidence="0.942" wordID="medisch" beginTime="49.690" endTime="50.060"/>
      <word confidence="1.000" wordID="biologisch" beginTime="50.060" endTime="50.620"/>
      <word confidence="1.000" wordID="laboratorium" beginTime="50.620" endTime="51.310"/>
      <word confidence="0.956" wordID="van" beginTime="51.310" endTime="51.420"/>
      <word confidence="0.969" wordID="de" beginTime="51.420" endTime="51.490"/>
      <word confidence="1.000" wordID="rijkste" beginTime="51.490" endTime="51.800"/>
      <word confidence="1.000" wordID="binnen" beginTime="51.800" endTime="52.040"/>
      <word confidence="0.741" wordID="SIL" beginTime="52.040" endTime="52.050"/>
      <word confidence="0.976" wordID="onze" beginTime="52.050" endTime="52.230"/>
      <word confidence="1.000" wordID="organisatie" beginTime="52.230" endTime="52.790"/>
      <word confidence="1.000" wordID="tno" beginTime="52.790" endTime="53.390"/>
      <word confidence="0.744" wordID="SIL" beginTime="53.390" endTime="53.430"/>
    </wordsequence>
  </speech>
  <speech label="SPK02-017" begintime="53.46" endtime="55.98" >
    <wordsequence>
      <word confidence="0.750" wordID="SIL" beginTime="53.460" endTime="53.780"/>
      <word confidence="1.000" wordID="dat" beginTime="53.780" endTime="53.940"/>
      <word confidence="1.000" wordID="belast" beginTime="53.940" endTime="54.240"/>
      <word confidence="1.000" wordID="is" beginTime="54.240" endTime="54.370"/>
      <word confidence="1.000" wordID="met" beginTime="54.370" endTime="54.490"/>
      <word confidence="1.000" wordID="het" beginTime="54.490" endTime="54.580"/>
      <word confidence="1.000" wordID="onderzoek" beginTime="54.580" endTime="55.030"/>
      <word confidence="1.000" wordID="van" beginTime="55.030" endTime="55.140"/>
      <word confidence="0.928" wordID="de" beginTime="55.140" endTime="55.210"/>
      <word confidence="1.000" wordID="luchtmonsters" beginTime="55.210" endTime="55.860"/>
      <word confidence="0.748" wordID="SIL" beginTime="55.860" endTime="55.980"/>
    </wordsequence>
  </speech>
  <speech label="SPK02-018" begintime="56.00" endtime="59.34" >
    <wordsequence>
      <word confidence="0.750" wordID="SIL" beginTime="56.000" endTime="56.140"/>
      <word confidence="0.828" wordID="en" beginTime="56.140" endTime="56.230"/>
      <word confidence="0.731" wordID="SIL" beginTime="56.230" endTime="56.240"/>
      <word confidence="1.000" wordID="die" beginTime="56.240" endTime="56.320"/>
      <word confidence="1.000" wordID="van" beginTime="56.320" endTime="56.490"/>
      <word confidence="1.000" wordID="de" beginTime="56.490" endTime="56.560"/>
      <word confidence="1.000" wordID="basis" beginTime="56.560" endTime="56.890"/>
      <word confidence="1.000" wordID="leeuwarden" beginTime="56.890" endTime="57.340"/>
      <word confidence="1.000" wordID="gewoon" beginTime="57.340" endTime="57.610"/>
      <word confidence="1.000" wordID="per" beginTime="57.610" endTime="57.770"/>
      <word confidence="1.000" wordID="trein" beginTime="57.770" endTime="58.050"/>
      <word confidence="0.995" wordID="iedereen" beginTime="58.050" endTime="58.350"/>
      <word confidence="1.000" wordID="komen" beginTime="58.350" endTime="58.760"/>
      <word confidence="0.750" wordID="SIL" beginTime="58.760" endTime="59.340"/>
    </wordsequence>
  </speech>
  <speech label="SPK02-019" begintime="59.36" endtime="63.38" >
    <wordsequence>
      <word confidence="0.750" wordID="SIL" beginTime="59.360" endTime="59.630"/>
      <word confidence="0.965" wordID="en" beginTime="59.630" endTime="59.760"/>
      <word confidence="1.000" wordID="gebruikt" beginTime="59.760" endTime="60.130"/>
      <word confidence="0.926" wordID="een" beginTime="60.130" endTime="60.230"/>
      <word confidence="1.000" wordID="gedeelte" beginTime="60.230" endTime="60.640"/>
      <word confidence="1.000" wordID="van" beginTime="60.640" endTime="60.770"/>
      <word confidence="1.000" wordID="het" beginTime="60.770" endTime="60.860"/>
      <word confidence="1.000" wordID="filter" beginTime="60.860" endTime="61.260"/>
      <word confidence="0.749" wordID="SIL" beginTime="61.260" endTime="61.590"/>
      <word confidence="1.000" wordID="voor" beginTime="61.590" endTime="61.740"/>
      <word confidence="1.000" wordID="de" beginTime="61.740" endTime="61.820"/>
      <word confidence="1.000" wordID="meting" beginTime="61.820" endTime="62.160"/>
      <word confidence="1.000" wordID="van" beginTime="62.160" endTime="62.270"/>
      <word confidence="1.000" wordID="de" beginTime="62.270" endTime="62.340"/>
      <word confidence="1.000" wordID="gezamenlijke" beginTime="62.340" endTime="62.890"/>
      <word confidence="1.000" wordID="straling" beginTime="62.890" endTime="63.380"/>
    </wordsequence>
  </speech>
  <speech label="SPK02-020" begintime="63.40" endtime="66.01" >
    <wordsequence>
      <word confidence="1.000" wordID="van" beginTime="63.400" endTime="63.580"/>
      <word confidence="0.828" wordID="SIL" beginTime="63.580" endTime="63.640"/>
      <word confidence="0.954" wordID="alle" beginTime="63.640" endTime="63.950"/>
      <word confidence="0.769" wordID="SIL" beginTime="63.950" endTime="63.970"/>
      <word confidence="1.000" wordID="in" beginTime="63.970" endTime="64.110"/>
      <word confidence="1.000" wordID="&apos;t" beginTime="64.110" endTime="64.190"/>
      <word confidence="1.000" wordID="veld" beginTime="64.190" endTime="64.480"/>
      <word confidence="1.000" wordID="aanwezig" beginTime="64.480" endTime="64.940"/>
      <word confidence="0.779" wordID="SIL" beginTime="64.940" endTime="64.990"/>
      <word confidence="1.000" wordID="radioactieve" beginTime="64.990" endTime="65.660"/>
      <word confidence="1.000" wordID="stoffen" beginTime="65.660" endTime="66.010"/>
    </wordsequence>
  </speech>
  <speech label="SPK02-021" begintime="66.04" endtime="69.59" >
    <wordsequence>
      <word confidence="0.750" wordID="SIL" beginTime="66.040" endTime="66.950"/>
      <word confidence="1.000" wordID="dat" beginTime="66.950" endTime="67.090"/>
      <word confidence="1.000" wordID="geschiedenissen" beginTime="67.090" endTime="67.640"/>
      <word confidence="1.000" wordID="dagen" beginTime="67.640" endTime="67.930"/>
      <word confidence="1.000" wordID="voor" beginTime="67.930" endTime="68.040"/>
      <word confidence="1.000" wordID="de" beginTime="68.040" endTime="68.110"/>
      <word confidence="1.000" wordID="tweehonderd" beginTime="68.110" endTime="68.580"/>
      <word confidence="0.737" wordID="SIL" beginTime="68.580" endTime="68.590"/>
      <word confidence="1.000" wordID="vijftig" beginTime="68.590" endTime="68.910"/>
      <word confidence="1.000" wordID="ste" beginTime="68.910" endTime="69.030"/>
      <word confidence="1.000" wordID="maal" beginTime="69.030" endTime="69.330"/>
      <word confidence="0.749" wordID="SIL" beginTime="69.330" endTime="69.590"/>
    </wordsequence>
  </speech>
  <speech label="SPK02-022" begintime="69.62" endtime="73.22" >
    <wordsequence>
      <word confidence="0.750" wordID="SIL" beginTime="69.620" endTime="69.950"/>
      <word confidence="1.000" wordID="want" beginTime="69.950" endTime="70.260"/>
      <word confidence="0.749" wordID="SIL" beginTime="70.260" endTime="70.410"/>
      <word confidence="1.000" wordID="de" beginTime="70.410" endTime="70.540"/>
      <word confidence="1.000" wordID="vliegers" beginTime="70.540" endTime="70.930"/>
      <word confidence="1.000" wordID="van" beginTime="70.930" endTime="71.070"/>
      <word confidence="1.000" wordID="leeuwarden" beginTime="71.070" endTime="71.580"/>
      <word confidence="0.749" wordID="SIL" beginTime="71.580" endTime="71.840"/>
      <word confidence="1.000" wordID="hadden" beginTime="71.840" endTime="72.060"/>
      <word confidence="1.000" wordID="een" beginTime="72.060" endTime="72.160"/>
      <word confidence="1.000" wordID="jubileum" beginTime="72.160" endTime="72.670"/>
      <word confidence="1.000" wordID="vlucht" beginTime="72.670" endTime="72.900"/>
      <word confidence="1.000" wordID="gemaakt" beginTime="72.900" endTime="73.220"/>
    </wordsequence>
  </speech>
  <speech label="SPK06-023" begintime="73.25" endtime="77.46" >
    <wordsequence>
      <word confidence="0.752" wordID="het" beginTime="73.250" endTime="73.460"/>
      <word confidence="0.692" wordID="SIL" beginTime="73.460" endTime="73.470"/>
      <word confidence="0.806" wordID="is" beginTime="73.470" endTime="73.650"/>
      <word confidence="0.731" wordID="SIL" beginTime="73.650" endTime="73.830"/>
      <word confidence="0.762" wordID="ook" beginTime="73.830" endTime="74.260"/>
      <word confidence="0.736" wordID="SIL" beginTime="74.260" endTime="74.430"/>
      <word confidence="0.801" wordID="dat" beginTime="74.430" endTime="75.100"/>
      <word confidence="0.786" wordID="SIL" beginTime="75.100" endTime="75.160"/>
      <word confidence="0.750" wordID="je" beginTime="75.160" endTime="75.520"/>
      <word confidence="0.847" wordID="SIL" beginTime="75.520" endTime="75.820"/>
      <word confidence="0.838" wordID="er" beginTime="75.820" endTime="76.230"/>
      <word confidence="0.749" wordID="SIL" beginTime="76.230" endTime="76.350"/>
      <word confidence="0.796" wordID="weer" beginTime="76.350" endTime="76.730"/>
      <word confidence="0.742" wordID="SIL" beginTime="76.730" endTime="76.750"/>
      <word confidence="0.814" wordID="een" beginTime="76.750" endTime="77.210"/>
      <word confidence="0.750" wordID="SIL" beginTime="77.210" endTime="77.460"/>
    </wordsequence>
  </speech>
  <speech label="SPK02-024" begintime="77.48" endtime="81.75" >
    <wordsequence>
      <word confidence="0.974" wordID="uit" beginTime="77.480" endTime="77.610"/>
      <word confidence="0.939" wordID="de" beginTime="77.610" endTime="77.680"/>
      <word confidence="1.000" wordID="resten" beginTime="77.680" endTime="78.140"/>
      <word confidence="1.000" wordID="van" beginTime="78.140" endTime="78.260"/>
      <word confidence="1.000" wordID="het" beginTime="78.260" endTime="78.360"/>
      <word confidence="1.000" wordID="filter" beginTime="78.360" endTime="78.700"/>
      <word confidence="1.000" wordID="isoleert" beginTime="78.700" endTime="79.140"/>
      <word confidence="1.000" wordID="men" beginTime="79.140" endTime="79.290"/>
      <word confidence="1.000" wordID="langs" beginTime="79.290" endTime="79.500"/>
      <word confidence="1.000" wordID="chemische" beginTime="79.500" endTime="79.880"/>
      <word confidence="1.000" wordID="weg" beginTime="79.880" endTime="80.040"/>
      <word confidence="1.000" wordID="bepaalde" beginTime="80.040" endTime="80.430"/>
      <word confidence="1.000" wordID="radioactieve" beginTime="80.430" endTime="81.060"/>
      <word confidence="0.974" wordID="in" beginTime="81.060" endTime="81.170"/>
      <word confidence="1.000" wordID="zoete" beginTime="81.170" endTime="81.400"/>
      <word confidence="1.000" wordID="open" beginTime="81.400" endTime="81.630"/>
      <word confidence="0.905" wordID="SIL" beginTime="81.630" endTime="81.750"/>
    </wordsequence>
  </speech>
  <speech label="SPK02-025" begintime="81.78" endtime="86.45" >
    <wordsequence>
      <word confidence="0.750" wordID="SIL" beginTime="81.780" endTime="82.020"/>
      <word confidence="1.000" wordID="bijvoorbeeld" beginTime="82.020" endTime="82.570"/>
      <word confidence="1.000" wordID="het" beginTime="82.570" endTime="82.690"/>
      <word confidence="1.000" wordID="isotoop" beginTime="82.690" endTime="83.140"/>
      <word confidence="1.000" wordID="strontium" beginTime="83.140" endTime="83.620"/>
      <word confidence="1.000" wordID="negentig" beginTime="83.620" endTime="84.140"/>
      <word confidence="0.749" wordID="SIL" beginTime="84.140" endTime="84.460"/>
      <word confidence="1.000" wordID="dat" beginTime="84.460" endTime="84.590"/>
      <word confidence="1.000" wordID="in" beginTime="84.590" endTime="84.710"/>
      <word confidence="1.000" wordID="dan" beginTime="84.710" endTime="84.810"/>
      <word confidence="1.000" wordID="de" beginTime="84.810" endTime="84.870"/>
      <word confidence="1.000" wordID="bekendste" beginTime="84.870" endTime="85.320"/>
      <word confidence="0.949" wordID="en" beginTime="85.320" endTime="85.440"/>
      <word confidence="1.000" wordID="belangrijkste" beginTime="85.440" endTime="85.990"/>
      <word confidence="1.000" wordID="is" beginTime="85.990" endTime="86.240"/>
      <word confidence="0.749" wordID="SIL" beginTime="86.240" endTime="86.450"/>
    </wordsequence>
  </speech>
  <speech label="SPK02-026" begintime="86.48" endtime="91.24" >
    <wordsequence>
      <word confidence="0.750" wordID="SIL" beginTime="86.480" endTime="86.720"/>
      <word confidence="1.000" wordID="dat" beginTime="86.720" endTime="86.860"/>
      <word confidence="1.000" wordID="gebeurt" beginTime="86.860" endTime="87.140"/>
      <word confidence="1.000" wordID="onder" beginTime="87.140" endTime="87.340"/>
      <word confidence="1.000" wordID="meer" beginTime="87.340" endTime="87.530"/>
      <word confidence="1.000" wordID="door" beginTime="87.530" endTime="87.690"/>
      <word confidence="1.000" wordID="koken" beginTime="87.690" endTime="88.260"/>
      <word confidence="0.703" wordID="SIL" beginTime="88.260" endTime="88.270"/>
      <word confidence="1.000" wordID="in" beginTime="88.270" endTime="88.470"/>
      <word confidence="1.000" wordID="dampen" beginTime="88.470" endTime="88.810"/>
      <word confidence="1.000" wordID="en" beginTime="88.810" endTime="88.930"/>
      <word confidence="1.000" wordID="centrifugeren" beginTime="88.930" endTime="89.830"/>
      <word confidence="0.750" wordID="SIL" beginTime="89.830" endTime="91.240"/>
    </wordsequence>
  </speech>
  <speech label="SPK02-027" begintime="91.43" endtime="95.72" >
    <wordsequence>
      <word confidence="0.750" wordID="SIL" beginTime="91.430" endTime="91.890"/>
      <word confidence="1.000" wordID="de" beginTime="91.890" endTime="91.990"/>
      <word confidence="1.000" wordID="radioactiviteit" beginTime="91.990" endTime="92.950"/>
      <word confidence="1.000" wordID="van" beginTime="92.950" endTime="93.090"/>
      <word confidence="1.000" wordID="dit" beginTime="93.090" endTime="93.240"/>
      <word confidence="1.000" wordID="die" beginTime="93.240" endTime="93.340"/>
      <word confidence="1.000" wordID="zoektocht" beginTime="93.340" endTime="93.740"/>
      <word confidence="1.000" wordID="wordt" beginTime="93.740" endTime="93.900"/>
      <word confidence="1.000" wordID="gemeten" beginTime="93.900" endTime="94.380"/>
      <word confidence="0.749" wordID="SIL" beginTime="94.380" endTime="94.580"/>
      <word confidence="1.000" wordID="met" beginTime="94.580" endTime="94.710"/>
      <word confidence="1.000" wordID="een" beginTime="94.710" endTime="94.820"/>
      <word confidence="0.995" wordID="draait" beginTime="94.820" endTime="95.050"/>
      <word confidence="0.972" wordID="inmiddels" beginTime="95.050" endTime="95.420"/>
      <word confidence="0.736" wordID="SIL" beginTime="95.420" endTime="95.430"/>
      <word confidence="0.996" wordID="danig" beginTime="95.430" endTime="95.720"/>
    </wordsequence>
  </speech>
  <speech label="SPK12-028" begintime="95.74" endtime="99.56" >
    <wordsequence>
      <word confidence="0.750" wordID="SIL" beginTime="95.740" endTime="96.970"/>
      <word confidence="0.974" wordID="ondanks" beginTime="96.970" endTime="97.350"/>
      <word confidence="0.976" wordID="het" beginTime="97.350" endTime="97.460"/>
      <word confidence="0.739" wordID="SIL" beginTime="97.460" endTime="97.470"/>
      <word confidence="0.947" wordID="feit" beginTime="97.470" endTime="97.770"/>
      <word confidence="0.748" wordID="SIL" beginTime="97.770" endTime="97.820"/>
      <word confidence="1.000" wordID="dat" beginTime="97.820" endTime="97.950"/>
      <word confidence="0.944" wordID="de" beginTime="97.950" endTime="98.030"/>
      <word confidence="1.000" wordID="grote" beginTime="98.030" endTime="98.310"/>
      <word confidence="1.000" wordID="mogendheden" beginTime="98.310" endTime="98.910"/>
      <word confidence="1.000" wordID="besloten" beginTime="98.910" endTime="99.340"/>
      <word confidence="1.000" wordID="hebben" beginTime="99.340" endTime="99.560"/>
    </wordsequence>
  </speech>
  <speech label="SPK02-029" begintime="99.58" endtime="104.53" >
    <wordsequence>
      <word confidence="1.000" wordID="geen" beginTime="99.580" endTime="99.860"/>
      <word confidence="1.000" wordID="uh" beginTime="99.860" endTime="99.900"/>
      <word confidence="1.000" wordID="atoomexplosies" beginTime="99.900" endTime="100.760"/>
      <word confidence="1.000" wordID="meer" beginTime="100.760" endTime="100.970"/>
      <word confidence="1.000" wordID="in" beginTime="100.970" endTime="101.060"/>
      <word confidence="1.000" wordID="de" beginTime="101.060" endTime="101.130"/>
      <word confidence="1.000" wordID="dampkring" beginTime="101.130" endTime="101.560"/>
      <word confidence="1.000" wordID="te" beginTime="101.560" endTime="101.630"/>
      <word confidence="1.000" wordID="laten" beginTime="101.630" endTime="101.850"/>
      <word confidence="1.000" wordID="plaatsvinden" beginTime="101.850" endTime="102.420"/>
      <word confidence="0.749" wordID="SIL" beginTime="102.420" endTime="102.850"/>
      <word confidence="1.000" wordID="blijven" beginTime="102.850" endTime="103.240"/>
      <word confidence="1.000" wordID="de" beginTime="103.240" endTime="103.340"/>
      <word confidence="1.000" wordID="vliegers" beginTime="103.340" endTime="103.740"/>
      <word confidence="1.000" wordID="van" beginTime="103.740" endTime="103.870"/>
      <word confidence="1.000" wordID="de" beginTime="103.870" endTime="103.940"/>
      <word confidence="1.000" wordID="luchtmacht" beginTime="103.940" endTime="104.390"/>
      <word confidence="0.749" wordID="SIL" beginTime="104.390" endTime="104.530"/>
    </wordsequence>
  </speech>
  <speech label="SPK02-030" begintime="104.55" endtime="108.29" >
    <wordsequence>
      <word confidence="0.750" wordID="SIL" beginTime="104.550" endTime="104.700"/>
      <word confidence="1.000" wordID="een" beginTime="104.700" endTime="104.860"/>
      <word confidence="1.000" wordID="zogenaamde" beginTime="104.860" endTime="105.310"/>
      <word confidence="1.000" wordID="snel" beginTime="105.310" endTime="105.570"/>
      <word confidence="0.738" wordID="SIL" beginTime="105.570" endTime="105.580"/>
      <word confidence="1.000" wordID="vol" beginTime="105.580" endTime="105.750"/>
      <word confidence="1.000" wordID="vluchten" beginTime="105.750" endTime="106.070"/>
      <word confidence="1.000" wordID="uitvoeren" beginTime="106.070" endTime="106.590"/>
      <word confidence="0.749" wordID="SIL" beginTime="106.590" endTime="106.920"/>
      <word confidence="1.000" wordID="in" beginTime="106.920" endTime="107.030"/>
      <word confidence="1.000" wordID="het" beginTime="107.030" endTime="107.110"/>
      <word confidence="0.740" wordID="SIL" beginTime="107.110" endTime="107.140"/>
      <word confidence="1.000" wordID="belang" beginTime="107.140" endTime="107.500"/>
      <word confidence="0.748" wordID="SIL" beginTime="107.500" endTime="107.670"/>
      <word confidence="1.000" wordID="van" beginTime="107.670" endTime="107.810"/>
      <word confidence="1.000" wordID="het" beginTime="107.810" endTime="107.880"/>
      <word confidence="0.982" wordID="hoogste" beginTime="107.880" endTime="108.290"/>
    </wordsequence>
  </speech>
  <speech label="SPK16-031" begintime="108.31" endtime="112.57" >
    <wordsequence>
      <word confidence="0.750" wordID="SIL" beginTime="108.310" endTime="109.850"/>
      <word confidence="0.772" wordID="ja" beginTime="109.850" endTime="110.460"/>
      <word confidence="0.804" wordID="SIL" beginTime="110.460" endTime="110.760"/>
      <word confidence="0.762" wordID="ja" beginTime="110.760" endTime="110.940"/>
      <word confidence="0.849" wordID="SIL" beginTime="110.940" endTime="111.040"/>
      <word confidence="0.763" wordID="ja" beginTime="111.040" endTime="112.570"/>
    </wordsequence>
  </speech>

  </segments>
</shout_metadata>
