<?xml version="1.0" encoding="UTF-8"?>
<!--
  ##################################################################################################
  ###                      This transcription is automatically generated by                      ###
  ###                              X-MI, Cross-Media interaction                                 ###
  ###                                    http://x-mi.nl                                          ###
  ##################################################################################################
-->
<shout_metadata>
  <model_info>
    <version>Standaard systeem 28-02-2012</version>
    <description>Academia</description>
  </model_info>
  <segments>
  <speech label="SPK07-001" begintime="0.00" endtime="4.48" >
    <wordsequence>
      <word confidence="0.866" wordID="natuurlijk" beginTime="0.000" endTime="0.690"/>
      <word confidence="0.685" wordID="SIL" beginTime="0.690" endTime="0.700"/>
      <word confidence="0.804" wordID="ja" beginTime="0.700" endTime="4.480"/>
    </wordsequence>
  </speech>
  <speech label="SPK07-002" begintime="4.50" endtime="8.47" >
    <wordsequence>
      <word confidence="0.749" wordID="ja" beginTime="4.500" endTime="8.250"/>
      <word confidence="0.801" wordID="SIL" beginTime="8.250" endTime="8.260"/>
      <word confidence="0.773" wordID="ik" beginTime="8.260" endTime="8.440"/>
      <word confidence="0.798" wordID="SIL" beginTime="8.440" endTime="8.470"/>
    </wordsequence>
  </speech>
  <speech label="SPK07-003" begintime="8.49" endtime="11.73" >
    <wordsequence>
      <word confidence="0.751" wordID="ja" beginTime="8.490" endTime="11.730"/>
    </wordsequence>
  </speech>
  <speech label="SPK07-004" begintime="11.75" endtime="16.43" >
    <wordsequence>
      <word confidence="0.751" wordID="ja" beginTime="11.750" endTime="16.430"/>
    </wordsequence>
  </speech>
  <speech label="SPK07-005" begintime="16.45" endtime="21.60" >
    <wordsequence>
      <word confidence="0.750" wordID="SIL" beginTime="16.450" endTime="16.460"/>
      <word confidence="0.757" wordID="ja" beginTime="16.460" endTime="18.270"/>
      <word confidence="0.795" wordID="SIL" beginTime="18.270" endTime="18.310"/>
      <word confidence="0.765" wordID="glenn" beginTime="18.310" endTime="21.600"/>
    </wordsequence>
  </speech>
  <speech label="SPK07-006" begintime="21.62" endtime="26.33" >
    <wordsequence>
      <word confidence="0.750" wordID="SIL" beginTime="21.620" endTime="21.630"/>
      <word confidence="0.754" wordID="ja" beginTime="21.630" endTime="26.330"/>
    </wordsequence>
  </speech>
  <speech label="SPK07-007" begintime="26.35" endtime="29.07" >
    <wordsequence>
      <word confidence="0.747" wordID="ja" beginTime="26.350" endTime="29.030"/>
      <word confidence="0.729" wordID="SIL" beginTime="29.030" endTime="29.070"/>
    </wordsequence>
  </speech>
  <speech label="SPK07-008" begintime="29.09" endtime="31.64" >
    <wordsequence>
      <word confidence="0.752" wordID="ja" beginTime="29.090" endTime="31.640"/>
    </wordsequence>
  </speech>
  <speech label="SPK07-009" begintime="31.66" endtime="35.50" >
    <wordsequence>
      <word confidence="0.701" wordID="SIL" beginTime="31.660" endTime="31.720"/>
      <word confidence="0.751" wordID="ja" beginTime="31.720" endTime="35.500"/>
    </wordsequence>
  </speech>
  <speech label="SPK07-010" begintime="35.52" endtime="40.68" >
    <wordsequence>
      <word confidence="0.754" wordID="ja" beginTime="35.520" endTime="40.650"/>
      <word confidence="0.774" wordID="SIL" beginTime="40.650" endTime="40.680"/>
    </wordsequence>
  </speech>
  <speech label="SPK07-011" begintime="40.70" endtime="44.81" >
    <wordsequence>
      <word confidence="0.730" wordID="SIL" beginTime="40.700" endTime="40.860"/>
      <word confidence="0.735" wordID="ik" beginTime="40.860" endTime="40.980"/>
      <word confidence="0.760" wordID="lag" beginTime="40.980" endTime="44.670"/>
      <word confidence="0.714" wordID="SIL" beginTime="44.670" endTime="44.810"/>
    </wordsequence>
  </speech>
  <speech label="SPK07-012" begintime="44.83" endtime="48.99" >
    <wordsequence>
      <word confidence="0.753" wordID="ja" beginTime="44.830" endTime="48.990"/>
    </wordsequence>
  </speech>
  <speech label="SPK07-013" begintime="49.01" endtime="52.28" >
    <wordsequence>
      <word confidence="0.758" wordID="ja" beginTime="49.010" endTime="52.170"/>
      <word confidence="0.736" wordID="SIL" beginTime="52.170" endTime="52.280"/>
    </wordsequence>
  </speech>
  <speech label="SPK07-014" begintime="52.30" endtime="56.14" >
    <wordsequence>
      <word confidence="0.750" wordID="SIL" beginTime="52.300" endTime="52.310"/>
      <word confidence="0.752" wordID="ja" beginTime="52.310" endTime="55.410"/>
      <word confidence="0.819" wordID="SIL" beginTime="55.410" endTime="55.420"/>
      <word confidence="0.756" wordID="ik" beginTime="55.420" endTime="56.140"/>
    </wordsequence>
  </speech>
  <speech label="SPK07-015" begintime="56.16" endtime="59.21" >
    <wordsequence>
      <word confidence="0.753" wordID="ja" beginTime="56.160" endTime="59.210"/>
    </wordsequence>
  </speech>
  <speech label="SPK07-016" begintime="59.23" endtime="62.79" >
    <wordsequence>
      <word confidence="0.747" wordID="ja" beginTime="59.230" endTime="62.760"/>
      <word confidence="0.754" wordID="SIL" beginTime="62.760" endTime="62.790"/>
    </wordsequence>
  </speech>
  <speech label="SPK07-017" begintime="62.81" endtime="67.13" >
    <wordsequence>
      <word confidence="0.751" wordID="ja" beginTime="62.810" endTime="67.090"/>
      <word confidence="0.731" wordID="SIL" beginTime="67.090" endTime="67.130"/>
    </wordsequence>
  </speech>
  <speech label="SPK07-018" begintime="67.15" endtime="71.53" >
    <wordsequence>
      <word confidence="0.717" wordID="SIL" beginTime="67.150" endTime="67.410"/>
      <word confidence="0.762" wordID="glenn" beginTime="67.410" endTime="71.530"/>
    </wordsequence>
  </speech>
  <speech label="SPK07-019" begintime="71.55" endtime="74.85" >
    <wordsequence>
      <word confidence="0.750" wordID="SIL" beginTime="71.550" endTime="71.570"/>
      <word confidence="0.752" wordID="ja" beginTime="71.570" endTime="74.820"/>
      <word confidence="0.823" wordID="SIL" beginTime="74.820" endTime="74.850"/>
    </wordsequence>
  </speech>
  <speech label="SPK07-020" begintime="74.87" endtime="77.76" >
    <wordsequence>
      <word confidence="0.751" wordID="ja" beginTime="74.870" endTime="77.760"/>
    </wordsequence>
  </speech>
  <speech label="SPK07-021" begintime="77.78" endtime="81.34" >
    <wordsequence>
      <word confidence="0.750" wordID="ja" beginTime="77.780" endTime="81.320"/>
      <word confidence="0.789" wordID="SIL" beginTime="81.320" endTime="81.340"/>
    </wordsequence>
  </speech>
  <speech label="SPK07-022" begintime="81.36" endtime="84.73" >
    <wordsequence>
      <word confidence="0.751" wordID="ja" beginTime="81.360" endTime="84.730"/>
    </wordsequence>
  </speech>
  <speech label="SPK07-023" begintime="84.75" endtime="88.05" >
    <wordsequence>
      <word confidence="0.754" wordID="ja" beginTime="84.750" endTime="88.040"/>
      <word confidence="0.754" wordID="SIL" beginTime="88.040" endTime="88.050"/>
    </wordsequence>
  </speech>
  <speech label="SPK07-024" begintime="88.07" endtime="90.89" >
    <wordsequence>
      <word confidence="0.755" wordID="ja" beginTime="88.070" endTime="90.890"/>
    </wordsequence>
  </speech>
  <speech label="SPK07-025" begintime="90.91" endtime="94.23" >
    <wordsequence>
      <word confidence="0.750" wordID="SIL" beginTime="90.910" endTime="90.980"/>
      <word confidence="0.748" wordID="ja" beginTime="90.980" endTime="94.220"/>
      <word confidence="0.737" wordID="SIL" beginTime="94.220" endTime="94.230"/>
    </wordsequence>
  </speech>
  <speech label="SPK07-026" begintime="94.25" endtime="97.80" >
    <wordsequence>
      <word confidence="0.750" wordID="SIL" beginTime="94.250" endTime="94.320"/>
      <word confidence="0.754" wordID="ja" beginTime="94.320" endTime="97.800"/>
    </wordsequence>
  </speech>
  <speech label="SPK07-027" begintime="97.82" endtime="100.47" >
    <wordsequence>
      <word confidence="0.752" wordID="ja" beginTime="97.820" endTime="100.470"/>
    </wordsequence>
  </speech>
  <speech label="SPK07-028" begintime="100.49" endtime="105.29" >
    <wordsequence>
      <word confidence="0.755" wordID="ja" beginTime="100.490" endTime="105.280"/>
      <word confidence="0.766" wordID="SIL" beginTime="105.280" endTime="105.290"/>
    </wordsequence>
  </speech>
  <speech label="SPK07-029" begintime="105.31" endtime="108.90" >
    <wordsequence>
      <word confidence="0.752" wordID="ja" beginTime="105.310" endTime="107.230"/>
      <word confidence="0.742" wordID="SIL" beginTime="107.230" endTime="107.250"/>
      <word confidence="0.759" wordID="ik" beginTime="107.250" endTime="108.870"/>
      <word confidence="0.712" wordID="SIL" beginTime="108.870" endTime="108.900"/>
    </wordsequence>
  </speech>
  <speech label="SPK07-030" begintime="108.92" endtime="111.43" >
    <wordsequence>
      <word confidence="0.752" wordID="ja" beginTime="108.920" endTime="111.420"/>
      <word confidence="0.676" wordID="SIL" beginTime="111.420" endTime="111.430"/>
    </wordsequence>
  </speech>
  <speech label="SPK07-031" begintime="111.45" endtime="114.22" >
    <wordsequence>
      <word confidence="0.750" wordID="SIL" beginTime="111.450" endTime="111.470"/>
      <word confidence="0.753" wordID="ja" beginTime="111.470" endTime="114.220"/>
    </wordsequence>
  </speech>
  <speech label="SPK07-032" begintime="114.24" endtime="119.32" >
    <wordsequence>
      <word confidence="0.750" wordID="SIL" beginTime="114.240" endTime="114.250"/>
      <word confidence="0.753" wordID="ja" beginTime="114.250" endTime="119.320"/>
    </wordsequence>
  </speech>
  <speech label="SPK07-033" begintime="119.34" endtime="122.82" >
    <wordsequence>
      <word confidence="0.749" wordID="ja" beginTime="119.340" endTime="122.820"/>
    </wordsequence>
  </speech>
  <speech label="SPK07-034" begintime="122.84" endtime="127.05" >
    <wordsequence>
      <word confidence="0.755" wordID="ja" beginTime="122.840" endTime="126.550"/>
      <word confidence="0.758" wordID="SIL" beginTime="126.550" endTime="126.560"/>
      <word confidence="0.756" wordID="ik" beginTime="126.560" endTime="127.050"/>
    </wordsequence>
  </speech>
  <speech label="SPK07-035" begintime="127.07" endtime="129.84" >
    <wordsequence>
      <word confidence="0.719" wordID="SIL" beginTime="127.070" endTime="127.370"/>
      <word confidence="0.757" wordID="ik" beginTime="127.370" endTime="127.820"/>
      <word confidence="0.778" wordID="lag" beginTime="127.820" endTime="129.660"/>
      <word confidence="0.737" wordID="SIL" beginTime="129.660" endTime="129.840"/>
    </wordsequence>
  </speech>
  <speech label="SPK07-036" begintime="129.86" endtime="134.00" >
    <wordsequence>
      <word confidence="0.735" wordID="SIL" beginTime="129.860" endTime="129.920"/>
      <word confidence="0.752" wordID="ja" beginTime="129.920" endTime="134.000"/>
    </wordsequence>
  </speech>
  <speech label="SPK07-037" begintime="134.02" endtime="138.03" >
    <wordsequence>
      <word confidence="0.749" wordID="SIL" beginTime="134.020" endTime="134.180"/>
      <word confidence="0.752" wordID="ja" beginTime="134.180" endTime="138.020"/>
      <word confidence="0.764" wordID="SIL" beginTime="138.020" endTime="138.030"/>
    </wordsequence>
  </speech>
  <speech label="SPK07-038" begintime="138.05" endtime="143.76" >
    <wordsequence>
      <word confidence="0.756" wordID="ja" beginTime="138.050" endTime="142.990"/>
      <word confidence="0.763" wordID="SIL" beginTime="142.990" endTime="143.000"/>
      <word confidence="0.759" wordID="ik" beginTime="143.000" endTime="143.720"/>
      <word confidence="0.709" wordID="SIL" beginTime="143.720" endTime="143.760"/>
    </wordsequence>
  </speech>
  <speech label="SPK07-039" begintime="143.78" endtime="146.82" >
    <wordsequence>
      <word confidence="0.751" wordID="ja" beginTime="143.780" endTime="146.800"/>
      <word confidence="0.723" wordID="SIL" beginTime="146.800" endTime="146.820"/>
    </wordsequence>
  </speech>
  <speech label="SPK07-040" begintime="146.84" endtime="151.60" >
    <wordsequence>
      <word confidence="0.750" wordID="SIL" beginTime="146.840" endTime="146.860"/>
      <word confidence="0.756" wordID="ja" beginTime="146.860" endTime="151.600"/>
    </wordsequence>
  </speech>
  <speech label="SPK07-041" begintime="151.62" endtime="156.21" >
    <wordsequence>
      <word confidence="0.752" wordID="ja" beginTime="151.620" endTime="155.800"/>
      <word confidence="0.622" wordID="SIL" beginTime="155.800" endTime="155.810"/>
      <word confidence="0.776" wordID="ik" beginTime="155.810" endTime="156.210"/>
    </wordsequence>
  </speech>
  <speech label="SPK07-042" begintime="156.23" endtime="159.03" >
    <wordsequence>
      <word confidence="0.715" wordID="SIL" beginTime="156.230" endTime="156.270"/>
      <word confidence="0.749" wordID="ja" beginTime="156.270" endTime="157.280"/>
      <word confidence="0.710" wordID="SIL" beginTime="157.280" endTime="157.290"/>
      <word confidence="0.757" wordID="ik" beginTime="157.290" endTime="159.010"/>
      <word confidence="0.795" wordID="SIL" beginTime="159.010" endTime="159.030"/>
    </wordsequence>
  </speech>
  <speech label="SPK07-043" begintime="159.05" endtime="162.36" >
    <wordsequence>
      <word confidence="0.749" wordID="ja" beginTime="159.050" endTime="162.310"/>
      <word confidence="0.773" wordID="SIL" beginTime="162.310" endTime="162.360"/>
    </wordsequence>
  </speech>
  <speech label="SPK07-044" begintime="162.38" endtime="166.58" >
    <wordsequence>
      <word confidence="0.750" wordID="SIL" beginTime="162.380" endTime="162.390"/>
      <word confidence="0.756" wordID="ja" beginTime="162.390" endTime="166.440"/>
      <word confidence="0.741" wordID="SIL" beginTime="166.440" endTime="166.580"/>
    </wordsequence>
  </speech>
  <speech label="SPK07-045" begintime="166.60" endtime="170.64" >
    <wordsequence>
      <word confidence="0.755" wordID="ja" beginTime="166.600" endTime="170.640"/>
    </wordsequence>
  </speech>
  <speech label="SPK07-046" begintime="170.66" endtime="173.58" >
    <wordsequence>
      <word confidence="0.755" wordID="ja" beginTime="170.660" endTime="173.580"/>
    </wordsequence>
  </speech>
  <speech label="SPK07-047" begintime="173.60" endtime="176.15" >
    <wordsequence>
      <word confidence="0.750" wordID="SIL" beginTime="173.600" endTime="173.620"/>
      <word confidence="0.746" wordID="ja" beginTime="173.620" endTime="176.150"/>
    </wordsequence>
  </speech>
  <speech label="SPK07-048" begintime="176.17" endtime="179.69" >
    <wordsequence>
      <word confidence="0.750" wordID="SIL" beginTime="176.170" endTime="176.180"/>
      <word confidence="0.749" wordID="ja" beginTime="176.180" endTime="178.790"/>
      <word confidence="0.751" wordID="SIL" beginTime="178.790" endTime="178.820"/>
      <word confidence="0.759" wordID="ik" beginTime="178.820" endTime="179.680"/>
      <word confidence="0.735" wordID="SIL" beginTime="179.680" endTime="179.690"/>
    </wordsequence>
  </speech>
  <speech label="SPK07-049" begintime="179.71" endtime="183.94" >
    <wordsequence>
      <word confidence="0.750" wordID="SIL" beginTime="179.710" endTime="179.720"/>
      <word confidence="0.749" wordID="ja" beginTime="179.720" endTime="183.940"/>
    </wordsequence>
  </speech>
  <speech label="SPK07-050" begintime="183.96" endtime="186.65" >
    <wordsequence>
      <word confidence="0.753" wordID="ja" beginTime="183.960" endTime="186.070"/>
      <word confidence="0.753" wordID="SIL" beginTime="186.070" endTime="186.090"/>
      <word confidence="0.752" wordID="ik" beginTime="186.090" endTime="186.650"/>
    </wordsequence>
  </speech>
  <speech label="SPK07-051" begintime="186.67" endtime="189.99" >
    <wordsequence>
      <word confidence="0.753" wordID="ja" beginTime="186.670" endTime="189.970"/>
      <word confidence="0.790" wordID="SIL" beginTime="189.970" endTime="189.990"/>
    </wordsequence>
  </speech>
  <speech label="SPK07-052" begintime="190.01" endtime="192.89" >
    <wordsequence>
      <word confidence="0.750" wordID="SIL" beginTime="190.010" endTime="190.020"/>
      <word confidence="0.755" wordID="ja" beginTime="190.020" endTime="192.890"/>
    </wordsequence>
  </speech>
  <speech label="SPK07-053" begintime="192.91" endtime="197.29" >
    <wordsequence>
      <word confidence="0.750" wordID="SIL" beginTime="192.910" endTime="192.930"/>
      <word confidence="0.751" wordID="ja" beginTime="192.930" endTime="197.290"/>
    </wordsequence>
  </speech>

  </segments>
</shout_metadata>
