<?xml version="1.0" encoding="UTF-8"?>
<!--
  ##################################################################################################
  ###                      This transcription is automatically generated by                      ###
  ###                              X-MI, Cross-Media interaction                                 ###
  ###                                    http://x-mi.nl                                          ###
  ##################################################################################################
-->
<shout_metadata>
  <model_info>
    <version>Standaard systeem 28-02-2012</version>
    <description>Academia</description>
  </model_info>
  <segments>
  <speech label="SPK01-001" begintime="0.00" endtime="2.94" >
    <wordsequence>
      <word confidence="0.750" wordID="SIL" beginTime="0.000" endTime="0.270"/>
      <word confidence="0.779" wordID="de" beginTime="0.270" endTime="0.400"/>
      <word confidence="0.856" wordID="wel" beginTime="0.400" endTime="0.810"/>
      <word confidence="0.832" wordID="erg" beginTime="0.810" endTime="1.140"/>
      <word confidence="0.742" wordID="SIL" beginTime="1.140" endTime="1.150"/>
      <word confidence="0.841" wordID="uh" beginTime="1.150" endTime="1.570"/>
      <word confidence="0.812" wordID="ik" beginTime="1.570" endTime="1.750"/>
      <word confidence="0.748" wordID="SIL" beginTime="1.750" endTime="1.800"/>
      <word confidence="0.830" wordID="vind" beginTime="1.800" endTime="2.170"/>
      <word confidence="0.750" wordID="SIL" beginTime="2.170" endTime="2.560"/>
      <word confidence="0.776" wordID="het" beginTime="2.560" endTime="2.830"/>
      <word confidence="0.744" wordID="SIL" beginTime="2.830" endTime="2.940"/>
    </wordsequence>
  </speech>
  <speech label="SPK02-002" begintime="2.96" endtime="5.56" >
    <wordsequence>
      <word confidence="0.750" wordID="SIL" beginTime="2.960" endTime="3.320"/>
      <word confidence="0.776" wordID="ja" beginTime="3.320" endTime="5.560"/>
    </wordsequence>
  </speech>
  <speech label="SPK03-003" begintime="5.58" endtime="8.35" >
    <wordsequence>
      <word confidence="0.724" wordID="SIL" beginTime="5.580" endTime="5.660"/>
      <word confidence="0.752" wordID="ja" beginTime="5.660" endTime="7.290"/>
      <word confidence="0.743" wordID="SIL" beginTime="7.290" endTime="7.300"/>
      <word confidence="0.812" wordID="ik" beginTime="7.300" endTime="7.760"/>
      <word confidence="0.742" wordID="SIL" beginTime="7.760" endTime="7.770"/>
      <word confidence="0.780" wordID="heb" beginTime="7.770" endTime="7.880"/>
      <word confidence="0.749" wordID="SIL" beginTime="7.880" endTime="7.960"/>
      <word confidence="0.795" wordID="er" beginTime="7.960" endTime="8.350"/>
    </wordsequence>
  </speech>
  <speech label="SPK05-004" begintime="8.37" endtime="12.00" >
    <wordsequence>
      <word confidence="0.750" wordID="SIL" beginTime="8.370" endTime="10.750"/>
      <word confidence="0.779" wordID="ja" beginTime="10.750" endTime="12.000"/>
    </wordsequence>
  </speech>
  <speech label="SPK06-005" begintime="12.02" endtime="15.76" >
    <wordsequence>
      <word confidence="0.750" wordID="SIL" beginTime="12.020" endTime="12.240"/>
      <word confidence="0.755" wordID="ja" beginTime="12.240" endTime="13.060"/>
      <word confidence="0.758" wordID="SIL" beginTime="13.060" endTime="14.650"/>
      <word confidence="0.775" wordID="er" beginTime="14.650" endTime="15.710"/>
      <word confidence="0.747" wordID="SIL" beginTime="15.710" endTime="15.760"/>
    </wordsequence>
  </speech>
  <speech label="SPK06-006" begintime="15.78" endtime="19.50" >
    <wordsequence>
      <word confidence="0.789" wordID="regie" beginTime="15.780" endTime="16.840"/>
      <word confidence="0.761" wordID="SIL" beginTime="16.840" endTime="16.900"/>
      <word confidence="0.789" wordID="revue" beginTime="16.900" endTime="19.480"/>
      <word confidence="0.866" wordID="SIL" beginTime="19.480" endTime="19.500"/>
    </wordsequence>
  </speech>
  <speech label="SPK09-007" begintime="19.52" endtime="23.83" >
    <wordsequence>
      <word confidence="0.750" wordID="SIL" beginTime="19.520" endTime="19.530"/>
      <word confidence="0.783" wordID="daar" beginTime="19.530" endTime="20.110"/>
      <word confidence="0.742" wordID="SIL" beginTime="20.110" endTime="20.120"/>
      <word confidence="0.788" wordID="ja" beginTime="20.120" endTime="22.770"/>
      <word confidence="0.743" wordID="SIL" beginTime="22.770" endTime="22.790"/>
      <word confidence="0.803" wordID="ik" beginTime="22.790" endTime="23.680"/>
      <word confidence="0.744" wordID="SIL" beginTime="23.680" endTime="23.690"/>
      <word confidence="0.788" wordID="ik" beginTime="23.690" endTime="23.830"/>
    </wordsequence>
  </speech>
  <speech label="SPK11-008" begintime="23.85" endtime="26.45" >
    <wordsequence>
      <word confidence="0.750" wordID="SIL" beginTime="23.850" endTime="24.500"/>
      <word confidence="0.783" wordID="uh" beginTime="24.500" endTime="26.450"/>
    </wordsequence>
  </speech>
  <speech label="SPK12-009" begintime="26.47" endtime="28.67" >
    <wordsequence>
      <word confidence="0.750" wordID="SIL" beginTime="26.470" endTime="26.880"/>
      <word confidence="0.766" wordID="uh" beginTime="26.880" endTime="28.070"/>
      <word confidence="0.749" wordID="SIL" beginTime="28.070" endTime="28.150"/>
      <word confidence="0.807" wordID="die" beginTime="28.150" endTime="28.670"/>
    </wordsequence>
  </speech>
  <speech label="SPK15-010" begintime="28.69" endtime="30.37" >
    <wordsequence>
      <word confidence="0.743" wordID="regie" beginTime="28.690" endTime="30.370"/>
    </wordsequence>
  </speech>
  <speech label="SPK15-011" begintime="30.39" endtime="33.92" >
    <wordsequence>
      <word confidence="0.718" wordID="SIL" beginTime="30.390" endTime="30.420"/>
      <word confidence="0.748" wordID="ja" beginTime="30.420" endTime="33.480"/>
      <word confidence="0.816" wordID="SIL" beginTime="33.480" endTime="33.920"/>
    </wordsequence>
  </speech>
  <speech label="SPK15-012" begintime="33.94" endtime="37.57" >
    <wordsequence>
      <word confidence="0.750" wordID="SIL" beginTime="33.940" endTime="34.160"/>
      <word confidence="0.771" wordID="ja" beginTime="34.160" endTime="37.290"/>
      <word confidence="0.749" wordID="SIL" beginTime="37.290" endTime="37.570"/>
    </wordsequence>
  </speech>
  <speech label="SPK15-013" begintime="37.59" endtime="43.18" >
    <wordsequence>
      <word confidence="0.750" wordID="SIL" beginTime="37.590" endTime="37.760"/>
      <word confidence="0.792" wordID="ja" beginTime="37.760" endTime="38.070"/>
      <word confidence="0.749" wordID="SIL" beginTime="38.070" endTime="38.360"/>
      <word confidence="0.767" wordID="ja" beginTime="38.360" endTime="40.230"/>
      <word confidence="0.748" wordID="SIL" beginTime="40.230" endTime="40.360"/>
      <word confidence="0.772" wordID="ja" beginTime="40.360" endTime="41.670"/>
      <word confidence="0.749" wordID="SIL" beginTime="41.670" endTime="41.750"/>
      <word confidence="0.764" wordID="ja" beginTime="41.750" endTime="42.630"/>
      <word confidence="0.748" wordID="SIL" beginTime="42.630" endTime="42.730"/>
      <word confidence="0.795" wordID="zo" beginTime="42.730" endTime="43.130"/>
      <word confidence="0.746" wordID="SIL" beginTime="43.130" endTime="43.180"/>
    </wordsequence>
  </speech>
  <speech label="SPK15-014" begintime="43.20" endtime="46.26" >
    <wordsequence>
      <word confidence="0.750" wordID="SIL" beginTime="43.200" endTime="43.380"/>
      <word confidence="0.766" wordID="ja" beginTime="43.380" endTime="44.060"/>
      <word confidence="0.748" wordID="SIL" beginTime="44.060" endTime="44.240"/>
      <word confidence="0.765" wordID="ja" beginTime="44.240" endTime="45.590"/>
      <word confidence="0.748" wordID="SIL" beginTime="45.590" endTime="45.650"/>
      <word confidence="0.776" wordID="ja" beginTime="45.650" endTime="46.240"/>
      <word confidence="0.746" wordID="SIL" beginTime="46.240" endTime="46.260"/>
    </wordsequence>
  </speech>
  <speech label="SPK05-015" begintime="46.28" endtime="47.29" >
    <wordsequence>
      <word confidence="0.750" wordID="SIL" beginTime="46.280" endTime="46.290"/>
      <word confidence="0.767" wordID="ik" beginTime="46.290" endTime="47.070"/>
      <word confidence="0.767" wordID="SIL" beginTime="47.070" endTime="47.290"/>
    </wordsequence>
  </speech>
  <speech label="SPK09-016" begintime="47.31" endtime="48.90" >
    <wordsequence>
      <word confidence="0.662" wordID="SIL" beginTime="47.310" endTime="47.340"/>
      <word confidence="0.770" wordID="een" beginTime="47.340" endTime="48.900"/>
    </wordsequence>
  </speech>
  <speech label="SPK09-017" begintime="48.92" endtime="53.23" >
    <wordsequence>
      <word confidence="0.756" wordID="en" beginTime="48.920" endTime="49.120"/>
      <word confidence="0.839" wordID="SIL" beginTime="49.120" endTime="49.170"/>
      <word confidence="0.880" wordID="daar" beginTime="49.170" endTime="49.390"/>
      <word confidence="0.750" wordID="SIL" beginTime="49.390" endTime="49.920"/>
      <word confidence="0.776" wordID="een" beginTime="49.920" endTime="52.860"/>
      <word confidence="0.734" wordID="SIL" beginTime="52.860" endTime="52.870"/>
      <word confidence="0.869" wordID="daar" beginTime="52.870" endTime="53.090"/>
      <word confidence="0.749" wordID="SIL" beginTime="53.090" endTime="53.230"/>
    </wordsequence>
  </speech>
  <speech label="SPK09-018" begintime="53.25" endtime="57.25" >
    <wordsequence>
      <word confidence="0.898" wordID="pnin" beginTime="53.250" endTime="53.710"/>
      <word confidence="0.748" wordID="SIL" beginTime="53.710" endTime="53.810"/>
      <word confidence="0.778" wordID="een" beginTime="53.810" endTime="56.140"/>
      <word confidence="0.740" wordID="SIL" beginTime="56.140" endTime="56.150"/>
      <word confidence="0.798" wordID="een" beginTime="56.150" endTime="57.230"/>
      <word confidence="0.744" wordID="SIL" beginTime="57.230" endTime="57.250"/>
    </wordsequence>
  </speech>
  <speech label="SPK09-019" begintime="57.27" endtime="59.90" >
    <wordsequence>
      <word confidence="1.000" wordID="reuchlin" beginTime="57.270" endTime="58.920"/>
      <word confidence="0.847" wordID="SIL" beginTime="58.920" endTime="58.950"/>
      <word confidence="0.904" wordID="een" beginTime="58.950" endTime="59.900"/>
    </wordsequence>
  </speech>
  <speech label="SPK09-020" begintime="59.92" endtime="63.34" >
    <wordsequence>
      <word confidence="0.750" wordID="SIL" beginTime="59.920" endTime="60.210"/>
      <word confidence="0.763" wordID="een" beginTime="60.210" endTime="62.410"/>
      <word confidence="0.822" wordID="SIL" beginTime="62.410" endTime="62.520"/>
      <word confidence="0.760" wordID="een" beginTime="62.520" endTime="63.340"/>
    </wordsequence>
  </speech>
  <speech label="SPK09-021" begintime="63.36" endtime="68.54" >
    <wordsequence>
      <word confidence="0.769" wordID="een" beginTime="63.360" endTime="66.070"/>
      <word confidence="0.732" wordID="SIL" beginTime="66.070" endTime="66.080"/>
      <word confidence="0.799" wordID="hogere" beginTime="66.080" endTime="68.540"/>
    </wordsequence>
  </speech>
  <speech label="SPK09-022" begintime="68.56" endtime="71.38" >
    <wordsequence>
      <word confidence="0.771" wordID="een" beginTime="68.560" endTime="70.920"/>
      <word confidence="0.711" wordID="SIL" beginTime="70.920" endTime="70.930"/>
      <word confidence="0.801" wordID="een" beginTime="70.930" endTime="71.380"/>
    </wordsequence>
  </speech>
  <speech label="SPK09-023" begintime="71.40" endtime="75.36" >
    <wordsequence>
      <word confidence="0.750" wordID="SIL" beginTime="71.400" endTime="71.460"/>
      <word confidence="0.774" wordID="een" beginTime="71.460" endTime="71.720"/>
      <word confidence="0.731" wordID="SIL" beginTime="71.720" endTime="71.840"/>
      <word confidence="0.751" wordID="een" beginTime="71.840" endTime="73.780"/>
      <word confidence="0.728" wordID="SIL" beginTime="73.780" endTime="73.850"/>
      <word confidence="0.759" wordID="een" beginTime="73.850" endTime="75.200"/>
      <word confidence="1.000" wordID="SIL" beginTime="75.200" endTime="75.360"/>
    </wordsequence>
  </speech>

  </segments>
</shout_metadata>
