<?xml version="1.0" encoding="UTF-8"?>
<!--
  ##################################################################################################
  ###                      This transcription is automatically generated by                      ###
  ###                              X-MI, Cross-Media interaction                                 ###
  ###                                    http://x-mi.nl                                          ###
  ##################################################################################################
-->
<shout_metadata>
  <model_info>
    <version>Standaard systeem 28-02-2012</version>
    <description>Academia</description>
  </model_info>
  <segments>
  <speech label="SPK01-001" begintime="0.00" endtime="1.57" >
    <wordsequence>
      <word confidence="0.750" wordID="SIL" beginTime="0.000" endTime="0.620"/>
      <word confidence="0.905" wordID="een" beginTime="0.620" endTime="1.570"/>
    </wordsequence>
  </speech>
  <speech label="SPK01-002" begintime="1.60" endtime="7.44" >
    <wordsequence>
      <word confidence="0.750" wordID="SIL" beginTime="1.600" endTime="1.710"/>
      <word confidence="0.912" wordID="overwegen" beginTime="1.710" endTime="2.500"/>
      <word confidence="0.749" wordID="SIL" beginTime="2.500" endTime="2.710"/>
      <word confidence="1.000" wordID="bewaakster" beginTime="2.710" endTime="3.330"/>
      <word confidence="1.000" wordID="maar" beginTime="3.330" endTime="3.500"/>
      <word confidence="1.000" wordID="vooral" beginTime="3.500" endTime="3.800"/>
      <word confidence="1.000" wordID="onder" beginTime="3.800" endTime="4.080"/>
      <word confidence="1.000" wordID="de" beginTime="4.080" endTime="4.140"/>
      <word confidence="1.000" wordID="acteurs" beginTime="4.140" endTime="4.590"/>
      <word confidence="1.000" wordID="en" beginTime="4.590" endTime="4.680"/>
      <word confidence="1.000" wordID="da&apos;s" beginTime="4.680" endTime="4.910"/>
      <word confidence="0.749" wordID="SIL" beginTime="4.910" endTime="5.050"/>
      <word confidence="1.000" wordID="al" beginTime="5.050" endTime="5.170"/>
      <word confidence="0.870" wordID="op" beginTime="5.170" endTime="5.300"/>
      <word confidence="0.962" wordID="een" beginTime="5.300" endTime="5.390"/>
      <word confidence="0.738" wordID="SIL" beginTime="5.390" endTime="5.400"/>
      <word confidence="1.000" wordID="gierende" beginTime="5.400" endTime="5.840"/>
      <word confidence="1.000" wordID="zorgenkinderen" beginTime="5.840" endTime="6.490"/>
      <word confidence="1.000" wordID="van" beginTime="6.490" endTime="6.590"/>
      <word confidence="1.000" wordID="de" beginTime="6.590" endTime="6.650"/>
      <word confidence="1.000" wordID="spoorwegen" beginTime="6.650" endTime="7.300"/>
      <word confidence="0.748" wordID="SIL" beginTime="7.300" endTime="7.440"/>
    </wordsequence>
  </speech>
  <speech label="SPK01-003" begintime="7.47" endtime="12.70" >
    <wordsequence>
      <word confidence="0.750" wordID="SIL" beginTime="7.470" endTime="7.700"/>
      <word confidence="1.000" wordID="om" beginTime="7.700" endTime="7.820"/>
      <word confidence="1.000" wordID="uh" beginTime="7.820" endTime="7.890"/>
      <word confidence="1.000" wordID="ideale" beginTime="7.890" endTime="8.320"/>
      <word confidence="1.000" wordID="toestand" beginTime="8.320" endTime="8.710"/>
      <word confidence="1.000" wordID="te" beginTime="8.710" endTime="8.770"/>
      <word confidence="0.999" wordID="brengen" beginTime="8.770" endTime="9.190"/>
      <word confidence="0.749" wordID="SIL" beginTime="9.190" endTime="9.420"/>
      <word confidence="0.997" wordID="zou" beginTime="9.420" endTime="9.720"/>
      <word confidence="1.000" wordID="er" beginTime="9.720" endTime="9.850"/>
      <word confidence="0.944" wordID="onder" beginTime="9.850" endTime="10.190"/>
      <word confidence="0.734" wordID="SIL" beginTime="10.190" endTime="10.200"/>
      <word confidence="0.968" wordID="viaducten" beginTime="10.200" endTime="10.740"/>
      <word confidence="1.000" wordID="en" beginTime="10.740" endTime="10.820"/>
      <word confidence="1.000" wordID="uh" beginTime="10.820" endTime="10.860"/>
      <word confidence="0.745" wordID="SIL" beginTime="10.860" endTime="10.890"/>
      <word confidence="1.000" wordID="wat" beginTime="10.890" endTime="11.130"/>
      <word confidence="1.000" wordID="was" beginTime="11.130" endTime="11.310"/>
      <word confidence="0.739" wordID="SIL" beginTime="11.310" endTime="11.320"/>
      <word confidence="0.966" wordID="voor" beginTime="11.320" endTime="11.480"/>
      <word confidence="0.846" wordID="de" beginTime="11.480" endTime="11.570"/>
      <word confidence="1.000" wordID="rol" beginTime="11.570" endTime="11.820"/>
      <word confidence="1.000" wordID="van" beginTime="11.820" endTime="11.970"/>
      <word confidence="0.971" wordID="uh" beginTime="11.970" endTime="12.010"/>
      <word confidence="1.000" wordID="moeten" beginTime="12.010" endTime="12.250"/>
      <word confidence="0.731" wordID="SIL" beginTime="12.250" endTime="12.260"/>
      <word confidence="1.000" wordID="komen" beginTime="12.260" endTime="12.560"/>
      <word confidence="0.747" wordID="SIL" beginTime="12.560" endTime="12.700"/>
    </wordsequence>
  </speech>
  <speech label="SPK01-004" begintime="12.73" endtime="17.78" >
    <wordsequence>
      <word confidence="0.750" wordID="SIL" beginTime="12.730" endTime="12.930"/>
      <word confidence="0.973" wordID="maar" beginTime="12.930" endTime="13.070"/>
      <word confidence="1.000" wordID="dat" beginTime="13.070" endTime="13.210"/>
      <word confidence="1.000" wordID="is" beginTime="13.210" endTime="13.300"/>
      <word confidence="0.946" wordID="nu" beginTime="13.300" endTime="13.380"/>
      <word confidence="1.000" wordID="weer" beginTime="13.380" endTime="13.520"/>
      <word confidence="1.000" wordID="wat" beginTime="13.520" endTime="13.670"/>
      <word confidence="0.748" wordID="SIL" beginTime="13.670" endTime="13.730"/>
      <word confidence="1.000" wordID="was" beginTime="13.730" endTime="13.960"/>
      <word confidence="0.741" wordID="SIL" beginTime="13.960" endTime="13.990"/>
      <word confidence="0.909" wordID="er" beginTime="13.990" endTime="14.200"/>
      <word confidence="0.750" wordID="SIL" beginTime="14.200" endTime="14.910"/>
      <word confidence="1.000" wordID="wel" beginTime="14.910" endTime="15.110"/>
      <word confidence="0.981" wordID="wat" beginTime="15.110" endTime="15.320"/>
      <word confidence="0.746" wordID="SIL" beginTime="15.320" endTime="15.340"/>
      <word confidence="1.000" wordID="wel" beginTime="15.340" endTime="15.480"/>
      <word confidence="1.000" wordID="waar" beginTime="15.480" endTime="15.630"/>
      <word confidence="1.000" wordID="dat" beginTime="15.630" endTime="15.760"/>
      <word confidence="0.734" wordID="SIL" beginTime="15.760" endTime="15.770"/>
      <word confidence="0.943" wordID="mogelijk" beginTime="15.770" endTime="16.160"/>
      <word confidence="1.000" wordID="is" beginTime="16.160" endTime="16.290"/>
      <word confidence="0.924" wordID="de" beginTime="16.290" endTime="16.390"/>
      <word confidence="0.747" wordID="SIL" beginTime="16.390" endTime="16.480"/>
      <word confidence="0.959" wordID="nieuwe" beginTime="16.480" endTime="16.690"/>
      <word confidence="0.980" wordID="viaducten" beginTime="16.690" endTime="17.180"/>
      <word confidence="1.000" wordID="van" beginTime="17.180" endTime="17.570"/>
      <word confidence="0.749" wordID="SIL" beginTime="17.570" endTime="17.780"/>
    </wordsequence>
  </speech>
  <speech label="SPK01-005" begintime="17.81" endtime="21.05" >
    <wordsequence>
      <word confidence="0.750" wordID="SIL" beginTime="17.810" endTime="18.100"/>
      <word confidence="1.000" wordID="zo" beginTime="18.100" endTime="18.270"/>
      <word confidence="0.852" wordID="is" beginTime="18.270" endTime="18.340"/>
      <word confidence="1.000" wordID="waarom" beginTime="18.340" endTime="18.530"/>
      <word confidence="1.000" wordID="&apos;t" beginTime="18.530" endTime="18.600"/>
      <word confidence="1.000" wordID="ogenblik" beginTime="18.600" endTime="18.930"/>
      <word confidence="1.000" wordID="onder" beginTime="18.930" endTime="19.100"/>
      <word confidence="1.000" wordID="meer" beginTime="19.100" endTime="19.300"/>
      <word confidence="1.000" wordID="bezig" beginTime="19.300" endTime="19.630"/>
      <word confidence="0.733" wordID="SIL" beginTime="19.630" endTime="19.640"/>
      <word confidence="0.931" wordID="met" beginTime="19.640" endTime="19.860"/>
      <word confidence="0.930" wordID="een" beginTime="19.860" endTime="19.980"/>
      <word confidence="0.736" wordID="SIL" beginTime="19.980" endTime="19.990"/>
      <word confidence="1.000" wordID="zoon" beginTime="19.990" endTime="20.170"/>
      <word confidence="1.000" wordID="van" beginTime="20.170" endTime="20.320"/>
      <word confidence="1.000" wordID="leven" beginTime="20.320" endTime="20.620"/>
      <word confidence="0.749" wordID="SIL" beginTime="20.620" endTime="21.050"/>
    </wordsequence>
  </speech>
  <speech label="SPK01-006" begintime="21.07" endtime="25.38" >
    <wordsequence>
      <word confidence="0.750" wordID="SIL" beginTime="21.070" endTime="21.230"/>
      <word confidence="1.000" wordID="in" beginTime="21.230" endTime="21.290"/>
      <word confidence="0.983" wordID="de" beginTime="21.290" endTime="21.350"/>
      <word confidence="0.738" wordID="SIL" beginTime="21.350" endTime="21.360"/>
      <word confidence="0.992" wordID="meeste" beginTime="21.360" endTime="21.650"/>
      <word confidence="1.000" wordID="gevallen" beginTime="21.650" endTime="22.030"/>
      <word confidence="0.987" wordID="heeft" beginTime="22.030" endTime="22.230"/>
      <word confidence="0.947" wordID="het" beginTime="22.230" endTime="22.340"/>
      <word confidence="0.998" wordID="werd" beginTime="22.340" endTime="22.500"/>
      <word confidence="0.747" wordID="SIL" beginTime="22.500" endTime="22.560"/>
      <word confidence="0.947" wordID="een" beginTime="22.560" endTime="22.650"/>
      <word confidence="0.737" wordID="SIL" beginTime="22.650" endTime="22.660"/>
      <word confidence="1.000" wordID="virus" beginTime="22.660" endTime="22.930"/>
      <word confidence="0.915" wordID="te" beginTime="22.930" endTime="23.040"/>
      <word confidence="0.961" wordID="maken" beginTime="23.040" endTime="23.630"/>
      <word confidence="0.737" wordID="SIL" beginTime="23.630" endTime="23.640"/>
      <word confidence="0.959" wordID="met" beginTime="23.640" endTime="23.780"/>
      <word confidence="1.000" wordID="overwegen" beginTime="23.780" endTime="24.270"/>
      <word confidence="1.000" wordID="op" beginTime="24.270" endTime="24.340"/>
      <word confidence="1.000" wordID="geleken" beginTime="24.340" endTime="24.720"/>
      <word confidence="1.000" wordID="niveau" beginTime="24.720" endTime="25.160"/>
      <word confidence="0.749" wordID="SIL" beginTime="25.160" endTime="25.380"/>
    </wordsequence>
  </speech>
  <speech label="SPK01-007" begintime="25.41" endtime="28.48" >
    <wordsequence>
      <word confidence="0.750" wordID="SIL" beginTime="25.410" endTime="25.740"/>
      <word confidence="1.000" wordID="ons" beginTime="25.740" endTime="25.960"/>
      <word confidence="1.000" wordID="land" beginTime="25.960" endTime="26.240"/>
      <word confidence="0.741" wordID="SIL" beginTime="26.240" endTime="26.250"/>
      <word confidence="1.000" wordID="telt" beginTime="26.250" endTime="26.480"/>
      <word confidence="1.000" wordID="er" beginTime="26.480" endTime="26.590"/>
      <word confidence="1.000" wordID="negen" beginTime="26.590" endTime="26.900"/>
      <word confidence="1.000" wordID="honderd" beginTime="26.900" endTime="27.140"/>
      <word confidence="0.998" wordID="acht" beginTime="27.140" endTime="27.340"/>
      <word confidence="1.000" wordID="en" beginTime="27.340" endTime="27.410"/>
      <word confidence="1.000" wordID="negentig" beginTime="27.410" endTime="27.790"/>
      <word confidence="1.000" wordID="die" beginTime="27.790" endTime="27.880"/>
      <word confidence="1.000" wordID="bewaard" beginTime="27.880" endTime="28.170"/>
      <word confidence="0.748" wordID="SIL" beginTime="28.170" endTime="28.250"/>
      <word confidence="0.990" wordID="worden" beginTime="28.250" endTime="28.480"/>
    </wordsequence>
  </speech>
  <speech label="SPK07-008" begintime="28.50" endtime="31.65" >
    <wordsequence>
      <word confidence="0.750" wordID="SIL" beginTime="28.500" endTime="30.010"/>
      <word confidence="0.754" wordID="ja" beginTime="30.010" endTime="31.360"/>
      <word confidence="0.743" wordID="SIL" beginTime="31.360" endTime="31.450"/>
      <word confidence="0.850" wordID="ik" beginTime="31.450" endTime="31.620"/>
      <word confidence="0.735" wordID="SIL" beginTime="31.620" endTime="31.650"/>
    </wordsequence>
  </speech>
  <speech label="SPK01-009" begintime="31.67" endtime="36.53" >
    <wordsequence>
      <word confidence="0.689" wordID="SIL" beginTime="31.670" endTime="31.700"/>
      <word confidence="0.985" wordID="daarnaast" beginTime="31.700" endTime="32.190"/>
      <word confidence="0.742" wordID="SIL" beginTime="32.190" endTime="32.200"/>
      <word confidence="0.941" wordID="zijn" beginTime="32.200" endTime="32.420"/>
      <word confidence="0.830" wordID="er" beginTime="32.420" endTime="32.510"/>
      <word confidence="0.893" wordID="ruim" beginTime="32.510" endTime="32.730"/>
      <word confidence="1.000" wordID="zestig" beginTime="32.730" endTime="33.130"/>
      <word confidence="0.739" wordID="SIL" beginTime="33.130" endTime="33.140"/>
      <word confidence="1.000" wordID="overwegen" beginTime="33.140" endTime="33.680"/>
      <word confidence="1.000" wordID="die" beginTime="33.680" endTime="33.760"/>
      <word confidence="1.000" wordID="beveiligd" beginTime="33.760" endTime="34.200"/>
      <word confidence="1.000" wordID="worden" beginTime="34.200" endTime="34.430"/>
      <word confidence="0.947" wordID="doortrekken" beginTime="34.430" endTime="34.910"/>
      <word confidence="1.000" wordID="lichtinstallatie" beginTime="34.910" endTime="35.630"/>
      <word confidence="0.993" wordID="met" beginTime="35.630" endTime="35.780"/>
      <word confidence="0.856" wordID="SIL" beginTime="35.780" endTime="35.790"/>
      <word confidence="1.000" wordID="belsignaal" beginTime="35.790" endTime="36.520"/>
      <word confidence="0.736" wordID="SIL" beginTime="36.520" endTime="36.530"/>
    </wordsequence>
  </speech>
  <speech label="SPK09-010" begintime="36.55" endtime="40.05" >
    <wordsequence>
      <word confidence="0.726" wordID="SIL" beginTime="36.550" endTime="36.820"/>
      <word confidence="0.758" wordID="ja" beginTime="36.820" endTime="40.050"/>
    </wordsequence>
  </speech>
  <speech label="SPK10-011" begintime="40.07" endtime="42.70" >
    <wordsequence>
      <word confidence="0.750" wordID="SIL" beginTime="40.070" endTime="40.080"/>
      <word confidence="0.746" wordID="ja" beginTime="40.080" endTime="42.700"/>
    </wordsequence>
  </speech>
  <speech label="SPK01-012" begintime="42.72" endtime="45.54" >
    <wordsequence>
      <word confidence="0.913" wordID="maar" beginTime="42.720" endTime="42.900"/>
      <word confidence="0.952" wordID="deze" beginTime="42.900" endTime="43.160"/>
      <word confidence="0.978" wordID="installaties" beginTime="43.160" endTime="43.780"/>
      <word confidence="0.901" wordID="klachten" beginTime="43.780" endTime="44.130"/>
      <word confidence="0.724" wordID="SIL" beginTime="44.130" endTime="44.150"/>
      <word confidence="0.992" wordID="winterdag" beginTime="44.150" endTime="44.630"/>
      <word confidence="0.820" wordID="een" beginTime="44.630" endTime="44.700"/>
      <word confidence="1.000" wordID="gulden" beginTime="44.700" endTime="44.940"/>
      <word confidence="0.942" wordID="per" beginTime="44.940" endTime="45.100"/>
      <word confidence="1.000" wordID="stuk" beginTime="45.100" endTime="45.340"/>
      <word confidence="1.000" wordID="SIL" beginTime="45.340" endTime="45.540"/>
    </wordsequence>
  </speech>
  <speech label="SPK01-013" begintime="45.57" endtime="48.84" >
    <wordsequence>
      <word confidence="0.750" wordID="SIL" beginTime="45.570" endTime="45.810"/>
      <word confidence="1.000" wordID="op" beginTime="45.810" endTime="45.950"/>
      <word confidence="1.000" wordID="de" beginTime="45.950" endTime="46.010"/>
      <word confidence="0.976" wordID="rijkste" beginTime="46.010" endTime="46.360"/>
      <word confidence="1.000" wordID="groten" beginTime="46.360" endTime="46.730"/>
      <word confidence="1.000" wordID="voor" beginTime="46.730" endTime="46.850"/>
      <word confidence="1.000" wordID="negentien" beginTime="46.850" endTime="47.210"/>
      <word confidence="0.993" wordID="eenenvijftig" beginTime="47.210" endTime="48.000"/>
      <word confidence="0.732" wordID="SIL" beginTime="48.000" endTime="48.010"/>
      <word confidence="0.986" wordID="is" beginTime="48.010" endTime="48.130"/>
      <word confidence="1.000" wordID="nu" beginTime="48.130" endTime="48.260"/>
      <word confidence="1.000" wordID="een" beginTime="48.260" endTime="48.330"/>
      <word confidence="1.000" wordID="bedrag" beginTime="48.330" endTime="48.640"/>
      <word confidence="0.740" wordID="SIL" beginTime="48.640" endTime="48.650"/>
      <word confidence="1.000" wordID="van" beginTime="48.650" endTime="48.840"/>
    </wordsequence>
  </speech>
  <speech label="SPK01-014" begintime="48.86" endtime="52.22" >
    <wordsequence>
      <word confidence="0.782" wordID="die" beginTime="48.860" endTime="48.980"/>
      <word confidence="0.995" wordID="onderbouwd" beginTime="48.980" endTime="49.510"/>
      <word confidence="0.800" wordID="SIL" beginTime="49.510" endTime="49.520"/>
      <word confidence="0.921" wordID="gulden" beginTime="49.520" endTime="49.870"/>
      <word confidence="0.997" wordID="uitgetrokken" beginTime="49.870" endTime="50.390"/>
      <word confidence="1.000" wordID="SIL" beginTime="50.390" endTime="50.670"/>
      <word confidence="1.000" wordID="voor" beginTime="50.670" endTime="50.780"/>
      <word confidence="1.000" wordID="de" beginTime="50.780" endTime="50.870"/>
      <word confidence="1.000" wordID="aanleg" beginTime="50.870" endTime="51.210"/>
      <word confidence="0.736" wordID="SIL" beginTime="51.210" endTime="51.220"/>
      <word confidence="1.000" wordID="van" beginTime="51.220" endTime="51.360"/>
      <word confidence="1.000" wordID="twintig" beginTime="51.360" endTime="51.750"/>
      <word confidence="0.952" wordID="nieuwe" beginTime="51.750" endTime="52.080"/>
      <word confidence="0.748" wordID="SIL" beginTime="52.080" endTime="52.220"/>
    </wordsequence>
  </speech>
  <speech label="SPK01-015" begintime="52.24" endtime="57.57" >
    <wordsequence>
      <word confidence="0.750" wordID="SIL" beginTime="52.240" endTime="52.550"/>
      <word confidence="1.000" wordID="dan" beginTime="52.550" endTime="52.680"/>
      <word confidence="0.979" wordID="wat" beginTime="52.680" endTime="52.830"/>
      <word confidence="1.000" wordID="er" beginTime="52.830" endTime="52.920"/>
      <word confidence="0.925" wordID="verder" beginTime="52.920" endTime="53.220"/>
      <word confidence="0.924" wordID="zet" beginTime="53.220" endTime="53.400"/>
      <word confidence="0.977" wordID="in" beginTime="53.400" endTime="53.510"/>
      <word confidence="0.836" wordID="de" beginTime="53.510" endTime="53.670"/>
      <word confidence="1.000" wordID="tijd" beginTime="53.670" endTime="53.890"/>
      <word confidence="1.000" wordID="ben" beginTime="53.890" endTime="54.080"/>
      <word confidence="0.741" wordID="SIL" beginTime="54.080" endTime="54.090"/>
      <word confidence="0.973" wordID="ik" beginTime="54.090" endTime="54.310"/>
      <word confidence="1.000" wordID="ook" beginTime="54.310" endTime="54.580"/>
      <word confidence="0.748" wordID="SIL" beginTime="54.580" endTime="54.710"/>
      <word confidence="0.865" wordID="een" beginTime="54.710" endTime="54.870"/>
      <word confidence="0.992" wordID="geheel" beginTime="54.870" endTime="55.150"/>
      <word confidence="0.973" wordID="nieuwe" beginTime="55.150" endTime="55.370"/>
      <word confidence="1.000" wordID="amerikaans" beginTime="55.370" endTime="55.870"/>
      <word confidence="1.000" wordID="beveiligingssysteem" beginTime="55.870" endTime="56.680"/>
      <word confidence="1.000" wordID="op" beginTime="56.680" endTime="56.770"/>
      <word confidence="1.000" wordID="de" beginTime="56.770" endTime="56.830"/>
      <word confidence="1.000" wordID="proef" beginTime="56.830" endTime="57.050"/>
      <word confidence="1.000" wordID="gesteld" beginTime="57.050" endTime="57.410"/>
      <word confidence="0.748" wordID="SIL" beginTime="57.410" endTime="57.570"/>
    </wordsequence>
  </speech>
  <speech label="SPK01-016" begintime="57.59" endtime="58.42" >
    <wordsequence>
      <word confidence="0.750" wordID="SIL" beginTime="57.590" endTime="57.820"/>
      <word confidence="0.960" wordID="er" beginTime="57.820" endTime="57.900"/>
      <word confidence="0.997" wordID="werden" beginTime="57.900" endTime="58.160"/>
      <word confidence="1.000" wordID="eerder" beginTime="58.160" endTime="58.420"/>
    </wordsequence>
  </speech>
  <speech label="SPK14-017" begintime="58.44" endtime="60.91" >
    <wordsequence>
      <word confidence="0.728" wordID="SIL" beginTime="58.440" endTime="58.620"/>
      <word confidence="0.904" wordID="doemberg" beginTime="58.620" endTime="59.010"/>
      <word confidence="0.731" wordID="SIL" beginTime="59.010" endTime="59.020"/>
      <word confidence="0.950" wordID="ook" beginTime="59.020" endTime="59.210"/>
      <word confidence="0.706" wordID="SIL" beginTime="59.210" endTime="59.270"/>
      <word confidence="0.964" wordID="worden" beginTime="59.270" endTime="59.480"/>
      <word confidence="0.888" wordID="afgesproken" beginTime="59.480" endTime="60.070"/>
      <word confidence="0.799" wordID="SIL" beginTime="60.070" endTime="60.910"/>
    </wordsequence>
  </speech>
  <speech label="SPK15-018" begintime="60.93" endtime="63.47" >
    <wordsequence>
      <word confidence="0.748" wordID="SIL" beginTime="60.930" endTime="61.550"/>
      <word confidence="0.739" wordID="ja" beginTime="61.550" endTime="63.320"/>
      <word confidence="0.764" wordID="SIL" beginTime="63.320" endTime="63.470"/>
    </wordsequence>
  </speech>
  <speech label="SPK15-019" begintime="63.49" endtime="66.73" >
    <wordsequence>
      <word confidence="0.762" wordID="vorig" beginTime="63.490" endTime="63.920"/>
      <word confidence="0.735" wordID="SIL" beginTime="63.920" endTime="64.080"/>
      <word confidence="0.735" wordID="jaar" beginTime="64.080" endTime="66.720"/>
      <word confidence="0.707" wordID="SIL" beginTime="66.720" endTime="66.730"/>
    </wordsequence>
  </speech>
  <speech label="SPK16-020" begintime="66.75" endtime="69.82" >
    <wordsequence>
      <word confidence="0.728" wordID="SIL" beginTime="66.750" endTime="66.910"/>
      <word confidence="0.741" wordID="ja" beginTime="66.910" endTime="69.590"/>
      <word confidence="0.765" wordID="SIL" beginTime="69.590" endTime="69.600"/>
      <word confidence="0.805" wordID="hoor" beginTime="69.600" endTime="69.800"/>
      <word confidence="0.718" wordID="SIL" beginTime="69.800" endTime="69.820"/>
    </wordsequence>
  </speech>
  <speech label="SPK01-021" begintime="69.84" endtime="71.36" >
    <wordsequence>
      <word confidence="0.849" wordID="henry" beginTime="69.840" endTime="70.140"/>
      <word confidence="0.747" wordID="SIL" beginTime="70.140" endTime="70.150"/>
      <word confidence="0.905" wordID="is" beginTime="70.150" endTime="70.230"/>
      <word confidence="0.948" wordID="de" beginTime="70.230" endTime="70.310"/>
      <word confidence="0.977" wordID="overwegbeveiliging" beginTime="70.310" endTime="71.310"/>
      <word confidence="0.872" wordID="SIL" beginTime="71.310" endTime="71.360"/>
    </wordsequence>
  </speech>
  <speech label="SPK01-022" begintime="71.38" endtime="75.33" >
    <wordsequence>
      <word confidence="0.750" wordID="SIL" beginTime="71.380" endTime="71.450"/>
      <word confidence="0.952" wordID="ronald" beginTime="71.450" endTime="71.930"/>
      <word confidence="1.000" wordID="douglas" beginTime="71.930" endTime="72.290"/>
      <word confidence="1.000" wordID="dat" beginTime="72.290" endTime="72.440"/>
      <word confidence="0.743" wordID="SIL" beginTime="72.440" endTime="72.450"/>
      <word confidence="1.000" wordID="automobilisten" beginTime="72.450" endTime="73.330"/>
      <word confidence="0.749" wordID="SIL" beginTime="73.330" endTime="73.510"/>
      <word confidence="1.000" wordID="dit" beginTime="73.510" endTime="73.730"/>
      <word confidence="0.717" wordID="SIL" beginTime="73.730" endTime="73.740"/>
      <word confidence="1.000" wordID="tenminste" beginTime="73.740" endTime="74.150"/>
      <word confidence="0.999" wordID="niet" beginTime="74.150" endTime="74.300"/>
      <word confidence="1.000" wordID="die" beginTime="74.300" endTime="74.380"/>
      <word confidence="1.000" wordID="overkomen" beginTime="74.380" endTime="75.040"/>
      <word confidence="0.749" wordID="SIL" beginTime="75.040" endTime="75.330"/>
    </wordsequence>
  </speech>
  <speech label="SPK01-023" begintime="76.10" endtime="81.86" >
    <wordsequence>
      <word confidence="0.750" wordID="SIL" beginTime="76.100" endTime="76.560"/>
      <word confidence="0.990" wordID="maar" beginTime="76.560" endTime="76.830"/>
      <word confidence="0.743" wordID="SIL" beginTime="76.830" endTime="76.840"/>
      <word confidence="0.795" wordID="er" beginTime="76.840" endTime="76.920"/>
      <word confidence="1.000" wordID="is" beginTime="76.920" endTime="77.010"/>
      <word confidence="1.000" wordID="een" beginTime="77.010" endTime="77.100"/>
      <word confidence="1.000" wordID="overlegt" beginTime="77.100" endTime="77.470"/>
      <word confidence="1.000" wordID="nu" beginTime="77.470" endTime="77.550"/>
      <word confidence="1.000" wordID="nog" beginTime="77.550" endTime="77.740"/>
      <word confidence="0.946" wordID="zo" beginTime="77.740" endTime="77.840"/>
      <word confidence="1.000" wordID="goed" beginTime="77.840" endTime="78.080"/>
      <word confidence="0.978" wordID="beveiligd" beginTime="78.080" endTime="78.640"/>
      <word confidence="0.749" wordID="SIL" beginTime="78.640" endTime="78.820"/>
      <word confidence="0.996" wordID="hier" beginTime="78.820" endTime="79.040"/>
      <word confidence="1.000" wordID="veel" beginTime="79.040" endTime="79.270"/>
      <word confidence="0.743" wordID="SIL" beginTime="79.270" endTime="79.280"/>
      <word confidence="1.000" wordID="hangt" beginTime="79.280" endTime="79.480"/>
      <word confidence="1.000" wordID="af" beginTime="79.480" endTime="79.630"/>
      <word confidence="1.000" wordID="van" beginTime="79.630" endTime="79.740"/>
      <word confidence="0.896" wordID="de" beginTime="79.740" endTime="79.810"/>
      <word confidence="0.998" wordID="voorzichtigheid" beginTime="79.810" endTime="80.420"/>
      <word confidence="0.740" wordID="SIL" beginTime="80.420" endTime="80.430"/>
      <word confidence="0.881" wordID="van" beginTime="80.430" endTime="80.530"/>
      <word confidence="1.000" wordID="de" beginTime="80.530" endTime="80.590"/>
      <word confidence="1.000" wordID="weg" beginTime="80.590" endTime="80.740"/>
      <word confidence="0.738" wordID="SIL" beginTime="80.740" endTime="80.750"/>
      <word confidence="0.927" wordID="van" beginTime="80.750" endTime="80.840"/>
      <word confidence="1.000" wordID="belang" beginTime="80.840" endTime="81.080"/>
      <word confidence="0.739" wordID="SIL" beginTime="81.080" endTime="81.100"/>
      <word confidence="0.881" wordID="was" beginTime="81.100" endTime="81.320"/>
      <word confidence="0.750" wordID="SIL" beginTime="81.320" endTime="81.860"/>
    </wordsequence>
  </speech>
  <speech label="SPK01-024" begintime="82.13" endtime="84.53" >
    <wordsequence>
      <word confidence="0.750" wordID="SIL" beginTime="82.130" endTime="82.590"/>
      <word confidence="0.919" wordID="hoeveel" beginTime="82.590" endTime="82.910"/>
      <word confidence="0.882" wordID="meer" beginTime="82.910" endTime="83.130"/>
      <word confidence="1.000" wordID="voorzichtigheid" beginTime="83.130" endTime="83.730"/>
      <word confidence="0.992" wordID="het" beginTime="83.730" endTime="83.850"/>
      <word confidence="1.000" wordID="overbodig" beginTime="83.850" endTime="84.390"/>
      <word confidence="0.748" wordID="SIL" beginTime="84.390" endTime="84.530"/>
    </wordsequence>
  </speech>
  <speech label="SPK01-025" begintime="84.56" endtime="87.22" >
    <wordsequence>
      <word confidence="0.750" wordID="SIL" beginTime="84.560" endTime="84.600"/>
      <word confidence="0.908" wordID="in" beginTime="84.600" endTime="84.820"/>
      <word confidence="0.937" wordID="ierland" beginTime="84.820" endTime="85.100"/>
      <word confidence="0.985" wordID="tweede" beginTime="85.100" endTime="85.440"/>
      <word confidence="1.000" wordID="als" beginTime="85.440" endTime="85.610"/>
      <word confidence="0.747" wordID="SIL" beginTime="85.610" endTime="85.640"/>
      <word confidence="0.906" wordID="de" beginTime="85.640" endTime="85.740"/>
      <word confidence="1.000" wordID="onbewaakte" beginTime="85.740" endTime="86.360"/>
      <word confidence="0.952" wordID="overwegen" beginTime="86.360" endTime="87.130"/>
      <word confidence="0.747" wordID="SIL" beginTime="87.130" endTime="87.220"/>
    </wordsequence>
  </speech>
  <speech label="SPK01-026" begintime="87.24" endtime="93.43" >
    <wordsequence>
      <word confidence="0.750" wordID="SIL" beginTime="87.240" endTime="87.350"/>
      <word confidence="0.995" wordID="ook" beginTime="87.350" endTime="87.500"/>
      <word confidence="0.959" wordID="al" beginTime="87.500" endTime="87.570"/>
      <word confidence="0.935" wordID="heeft" beginTime="87.570" endTime="87.760"/>
      <word confidence="1.000" wordID="een" beginTime="87.760" endTime="87.860"/>
      <word confidence="1.000" wordID="groot" beginTime="87.860" endTime="88.100"/>
      <word confidence="1.000" wordID="deel" beginTime="88.100" endTime="88.270"/>
      <word confidence="1.000" wordID="daarvan" beginTime="88.270" endTime="88.670"/>
      <word confidence="0.953" wordID="voor" beginTime="88.670" endTime="88.820"/>
      <word confidence="0.877" wordID="het" beginTime="88.820" endTime="88.890"/>
      <word confidence="0.983" wordID="wegverkeer" beginTime="88.890" endTime="89.410"/>
      <word confidence="1.000" wordID="bij" beginTime="89.410" endTime="89.540"/>
      <word confidence="0.861" wordID="de" beginTime="89.540" endTime="89.630"/>
      <word confidence="0.662" wordID="SIL" beginTime="89.630" endTime="89.640"/>
      <word confidence="0.875" wordID="reden" beginTime="89.640" endTime="90.020"/>
      <word confidence="0.893" wordID="SIL" beginTime="90.020" endTime="90.670"/>
      <word confidence="0.819" wordID="dat" beginTime="90.670" endTime="90.820"/>
      <word confidence="0.990" wordID="ook" beginTime="90.820" endTime="90.900"/>
      <word confidence="0.924" wordID="moge" beginTime="90.900" endTime="91.180"/>
      <word confidence="0.706" wordID="SIL" beginTime="91.180" endTime="91.190"/>
      <word confidence="0.942" wordID="allah" beginTime="91.190" endTime="91.350"/>
      <word confidence="1.000" wordID="aanrijdingen" beginTime="91.350" endTime="91.810"/>
      <word confidence="1.000" wordID="hier" beginTime="91.810" endTime="92.060"/>
      <word confidence="0.993" wordID="zijn" beginTime="92.060" endTime="92.220"/>
      <word confidence="1.000" wordID="meestal" beginTime="92.220" endTime="92.550"/>
      <word confidence="1.000" wordID="fataal" beginTime="92.550" endTime="93.070"/>
      <word confidence="1.000" wordID="SIL" beginTime="93.070" endTime="93.430"/>
    </wordsequence>
  </speech>
  <speech label="SPK01-027" begintime="93.90" endtime="97.71" >
    <wordsequence>
      <word confidence="0.750" wordID="SIL" beginTime="93.900" endTime="94.370"/>
      <word confidence="0.925" wordID="het" beginTime="94.370" endTime="94.500"/>
      <word confidence="0.960" wordID="is" beginTime="94.500" endTime="94.600"/>
      <word confidence="1.000" wordID="waanzin" beginTime="94.600" endTime="94.960"/>
      <word confidence="0.742" wordID="SIL" beginTime="94.960" endTime="94.970"/>
      <word confidence="0.889" wordID="om" beginTime="94.970" endTime="95.150"/>
      <word confidence="1.000" wordID="te" beginTime="95.150" endTime="95.230"/>
      <word confidence="1.000" wordID="proberen" beginTime="95.230" endTime="95.690"/>
      <word confidence="0.972" wordID="om" beginTime="95.690" endTime="95.780"/>
      <word confidence="0.739" wordID="SIL" beginTime="95.780" endTime="95.790"/>
      <word confidence="1.000" wordID="naar" beginTime="95.790" endTime="95.930"/>
      <word confidence="0.876" wordID="het" beginTime="95.930" endTime="96.020"/>
      <word confidence="0.741" wordID="SIL" beginTime="96.020" endTime="96.040"/>
      <word confidence="1.000" wordID="rollenspel" beginTime="96.040" endTime="96.540"/>
      <word confidence="1.000" wordID="rijdende" beginTime="96.540" endTime="96.840"/>
      <word confidence="1.000" wordID="trein" beginTime="96.840" endTime="97.110"/>
      <word confidence="1.000" wordID="langs" beginTime="97.110" endTime="97.320"/>
      <word confidence="1.000" wordID="te" beginTime="97.320" endTime="97.400"/>
      <word confidence="1.000" wordID="komen" beginTime="97.400" endTime="97.710"/>
    </wordsequence>
  </speech>
  <speech label="SPK07-028" begintime="97.73" endtime="100.57" >
    <wordsequence>
      <word confidence="0.757" wordID="ja" beginTime="97.730" endTime="100.570"/>
    </wordsequence>
  </speech>
  <speech label="SPK01-029" begintime="100.59" endtime="104.32" >
    <wordsequence>
      <word confidence="0.800" wordID="dat" beginTime="100.590" endTime="100.710"/>
      <word confidence="0.902" wordID="is" beginTime="100.710" endTime="100.790"/>
      <word confidence="1.000" wordID="alleen" beginTime="100.790" endTime="101.050"/>
      <word confidence="0.924" wordID="goed" beginTime="101.050" endTime="101.380"/>
      <word confidence="0.949" wordID="SIL" beginTime="101.380" endTime="101.570"/>
      <word confidence="0.898" wordID="over" beginTime="101.570" endTime="101.880"/>
      <word confidence="0.778" wordID="SIL" beginTime="101.880" endTime="101.900"/>
      <word confidence="0.966" wordID="alle" beginTime="101.900" endTime="102.110"/>
      <word confidence="0.830" wordID="om" beginTime="102.110" endTime="102.290"/>
      <word confidence="1.000" wordID="plezierigste" beginTime="102.290" endTime="102.860"/>
      <word confidence="1.000" wordID="manier" beginTime="102.860" endTime="103.180"/>
      <word confidence="1.000" wordID="in" beginTime="103.180" endTime="103.250"/>
      <word confidence="1.000" wordID="de" beginTime="103.250" endTime="103.320"/>
      <word confidence="0.992" wordID="krant" beginTime="103.320" endTime="103.560"/>
      <word confidence="1.000" wordID="te" beginTime="103.560" endTime="103.640"/>
      <word confidence="1.000" wordID="komen" beginTime="103.640" endTime="103.960"/>
      <word confidence="1.000" wordID="SIL" beginTime="103.960" endTime="104.320"/>
    </wordsequence>
  </speech>
  <speech label="SPK01-030" begintime="104.52" endtime="107.74" >
    <wordsequence>
      <word confidence="0.750" wordID="SIL" beginTime="104.520" endTime="105.000"/>
      <word confidence="0.823" wordID="het" beginTime="105.000" endTime="105.130"/>
      <word confidence="0.736" wordID="SIL" beginTime="105.130" endTime="105.140"/>
      <word confidence="0.990" wordID="merendeel" beginTime="105.140" endTime="105.630"/>
      <word confidence="0.746" wordID="SIL" beginTime="105.630" endTime="105.660"/>
      <word confidence="1.000" wordID="opbouw" beginTime="105.660" endTime="106.030"/>
      <word confidence="1.000" wordID="reddingen" beginTime="106.030" endTime="106.400"/>
      <word confidence="1.000" wordID="op" beginTime="106.400" endTime="106.510"/>
      <word confidence="0.738" wordID="SIL" beginTime="106.510" endTime="106.520"/>
      <word confidence="1.000" wordID="onbewaakte" beginTime="106.520" endTime="107.040"/>
      <word confidence="1.000" wordID="overwegen" beginTime="107.040" endTime="107.500"/>
      <word confidence="1.000" wordID="in" beginTime="107.500" endTime="107.600"/>
      <word confidence="0.911" wordID="een" beginTime="107.600" endTime="107.720"/>
      <word confidence="0.948" wordID="SIL" beginTime="107.720" endTime="107.740"/>
    </wordsequence>
  </speech>
  <speech label="SPK01-031" begintime="107.76" endtime="111.77" >
    <wordsequence>
      <word confidence="0.750" wordID="SIL" beginTime="107.760" endTime="107.800"/>
      <word confidence="0.758" wordID="de" beginTime="107.800" endTime="107.890"/>
      <word confidence="0.815" wordID="rechter" beginTime="107.890" endTime="108.300"/>
      <word confidence="0.831" wordID="SIL" beginTime="108.300" endTime="108.620"/>
      <word confidence="0.961" wordID="dat" beginTime="108.620" endTime="108.750"/>
      <word confidence="0.953" wordID="een" beginTime="108.750" endTime="108.830"/>
      <word confidence="0.999" wordID="gevolg" beginTime="108.830" endTime="109.200"/>
      <word confidence="0.736" wordID="SIL" beginTime="109.200" endTime="109.210"/>
      <word confidence="1.000" wordID="van" beginTime="109.210" endTime="109.370"/>
      <word confidence="0.987" wordID="zorgeloosheid" beginTime="109.370" endTime="110.140"/>
      <word confidence="0.772" wordID="SIL" beginTime="110.140" endTime="110.340"/>
      <word confidence="0.915" wordID="kan" beginTime="110.340" endTime="110.440"/>
      <word confidence="0.913" wordID="niet" beginTime="110.440" endTime="110.600"/>
      <word confidence="0.745" wordID="SIL" beginTime="110.600" endTime="110.620"/>
      <word confidence="1.000" wordID="zeggen" beginTime="110.620" endTime="110.870"/>
      <word confidence="0.881" wordID="hoe" beginTime="110.870" endTime="111.070"/>
      <word confidence="0.743" wordID="SIL" beginTime="111.070" endTime="111.080"/>
      <word confidence="0.934" wordID="er" beginTime="111.080" endTime="111.140"/>
      <word confidence="0.974" wordID="nog" beginTime="111.140" endTime="111.300"/>
      <word confidence="0.758" wordID="SIL" beginTime="111.300" endTime="111.310"/>
      <word confidence="1.000" wordID="vijf" beginTime="111.310" endTime="111.530"/>
      <word confidence="0.749" wordID="SIL" beginTime="111.530" endTime="111.770"/>
    </wordsequence>
  </speech>
  <speech label="SPK01-032" begintime="111.80" endtime="116.01" >
    <wordsequence>
      <word confidence="0.750" wordID="SIL" beginTime="111.800" endTime="112.050"/>
      <word confidence="1.000" wordID="acht" beginTime="112.050" endTime="112.320"/>
      <word confidence="0.874" wordID="en" beginTime="112.320" endTime="112.380"/>
      <word confidence="0.740" wordID="SIL" beginTime="112.380" endTime="112.390"/>
      <word confidence="0.954" wordID="twintig" beginTime="112.390" endTime="112.700"/>
      <word confidence="0.748" wordID="SIL" beginTime="112.700" endTime="112.760"/>
      <word confidence="0.992" wordID="door" beginTime="112.760" endTime="113.080"/>
      <word confidence="0.909" wordID="een" beginTime="113.080" endTime="113.160"/>
      <word confidence="1.000" wordID="negen" beginTime="113.160" endTime="113.460"/>
      <word confidence="0.930" wordID="en" beginTime="113.460" endTime="113.520"/>
      <word confidence="0.932" wordID="twintig" beginTime="113.520" endTime="113.830"/>
      <word confidence="1.000" wordID="zwaargewonden" beginTime="113.830" endTime="114.480"/>
      <word confidence="1.000" wordID="waren" beginTime="114.480" endTime="114.750"/>
      <word confidence="0.985" wordID="SIL" beginTime="114.750" endTime="114.800"/>
      <word confidence="0.956" wordID="frings-dresen" beginTime="114.800" endTime="115.370"/>
      <word confidence="0.954" wordID="SIL" beginTime="115.370" endTime="115.400"/>
      <word confidence="1.000" wordID="van" beginTime="115.400" endTime="115.600"/>
      <word confidence="0.846" wordID="SIL" beginTime="115.600" endTime="116.010"/>
    </wordsequence>
  </speech>
  <speech label="SPK01-033" begintime="116.03" endtime="122.78" >
    <wordsequence>
      <word confidence="0.750" wordID="SIL" beginTime="116.030" endTime="116.480"/>
      <word confidence="1.000" wordID="vooral" beginTime="116.480" endTime="116.820"/>
      <word confidence="1.000" wordID="best" beginTime="116.820" endTime="117.150"/>
      <word confidence="0.948" wordID="argentinië" beginTime="117.150" endTime="117.670"/>
      <word confidence="0.749" wordID="SIL" beginTime="117.670" endTime="117.920"/>
      <word confidence="1.000" wordID="wk" beginTime="117.920" endTime="118.260"/>
      <word confidence="0.924" wordID="stonden" beginTime="118.260" endTime="118.610"/>
      <word confidence="1.000" wordID="ze" beginTime="118.610" endTime="118.690"/>
      <word confidence="0.957" wordID="op" beginTime="118.690" endTime="118.830"/>
      <word confidence="1.000" wordID="een" beginTime="118.830" endTime="118.980"/>
      <word confidence="1.000" wordID="winst" beginTime="118.980" endTime="119.290"/>
      <word confidence="0.740" wordID="SIL" beginTime="119.290" endTime="119.300"/>
      <word confidence="0.966" wordID="van" beginTime="119.300" endTime="119.450"/>
      <word confidence="0.736" wordID="SIL" beginTime="119.450" endTime="119.460"/>
      <word confidence="0.986" wordID="onbekendheid" beginTime="119.460" endTime="120.130"/>
      <word confidence="1.000" wordID="met" beginTime="120.130" endTime="120.240"/>
      <word confidence="0.817" wordID="de" beginTime="120.240" endTime="120.300"/>
      <word confidence="1.000" wordID="situatie" beginTime="120.300" endTime="120.910"/>
      <word confidence="0.749" wordID="SIL" beginTime="120.910" endTime="121.170"/>
      <word confidence="1.000" wordID="is" beginTime="121.170" endTime="121.310"/>
      <word confidence="0.934" wordID="er" beginTime="121.310" endTime="121.400"/>
      <word confidence="0.738" wordID="SIL" beginTime="121.400" endTime="121.410"/>
      <word confidence="1.000" wordID="nog" beginTime="121.410" endTime="121.630"/>
      <word confidence="1.000" wordID="meer" beginTime="121.630" endTime="121.870"/>
      <word confidence="1.000" wordID="oppassen" beginTime="121.870" endTime="122.490"/>
      <word confidence="0.749" wordID="SIL" beginTime="122.490" endTime="122.780"/>
    </wordsequence>
  </speech>
  <speech label="SPK01-034" begintime="124.12" endtime="129.13" >
    <wordsequence>
      <word confidence="0.750" wordID="SIL" beginTime="124.120" endTime="125.150"/>
      <word confidence="0.960" wordID="wat" beginTime="125.150" endTime="125.330"/>
      <word confidence="0.993" wordID="deze" beginTime="125.330" endTime="125.610"/>
      <word confidence="0.986" wordID="met" beginTime="125.610" endTime="125.720"/>
      <word confidence="0.983" wordID="dieren" beginTime="125.720" endTime="125.910"/>
      <word confidence="1.000" wordID="doet" beginTime="125.910" endTime="126.140"/>
      <word confidence="1.000" wordID="is" beginTime="126.140" endTime="126.290"/>
      <word confidence="1.000" wordID="in" beginTime="126.290" endTime="126.390"/>
      <word confidence="1.000" wordID="wezen" beginTime="126.390" endTime="126.650"/>
      <word confidence="1.000" wordID="nog" beginTime="126.650" endTime="126.800"/>
      <word confidence="0.922" wordID="zo" beginTime="126.800" endTime="126.900"/>
      <word confidence="1.000" wordID="gek" beginTime="126.900" endTime="127.150"/>
      <word confidence="0.734" wordID="SIL" beginTime="127.150" endTime="127.160"/>
      <word confidence="0.911" wordID="niet" beginTime="127.160" endTime="127.410"/>
      <word confidence="0.748" wordID="SIL" beginTime="127.410" endTime="127.530"/>
      <word confidence="1.000" wordID="alleen" beginTime="127.530" endTime="127.770"/>
      <word confidence="0.960" wordID="uh" beginTime="127.770" endTime="127.800"/>
      <word confidence="1.000" wordID="wanneer" beginTime="127.800" endTime="128.080"/>
      <word confidence="1.000" wordID="op" beginTime="128.080" endTime="128.300"/>
      <word confidence="1.000" wordID="hier" beginTime="128.300" endTime="128.440"/>
      <word confidence="1.000" wordID="doet" beginTime="128.440" endTime="128.610"/>
      <word confidence="1.000" wordID="is" beginTime="128.610" endTime="128.700"/>
      <word confidence="1.000" wordID="verkeerd" beginTime="128.700" endTime="129.130"/>
    </wordsequence>
  </speech>
  <speech label="SPK01-035" begintime="129.15" endtime="132.04" >
    <wordsequence>
      <word confidence="0.750" wordID="SIL" beginTime="129.150" endTime="129.460"/>
      <word confidence="1.000" wordID="hij" beginTime="129.460" endTime="129.540"/>
      <word confidence="1.000" wordID="zette" beginTime="129.540" endTime="129.800"/>
      <word confidence="1.000" wordID="de" beginTime="129.800" endTime="129.870"/>
      <word confidence="1.000" wordID="auto" beginTime="129.870" endTime="130.180"/>
      <word confidence="0.987" wordID="veel" beginTime="130.180" endTime="130.460"/>
      <word confidence="0.743" wordID="SIL" beginTime="130.460" endTime="130.480"/>
      <word confidence="1.000" wordID="te" beginTime="130.480" endTime="130.590"/>
      <word confidence="1.000" wordID="ver" beginTime="130.590" endTime="130.850"/>
      <word confidence="1.000" wordID="van" beginTime="130.850" endTime="130.980"/>
      <word confidence="1.000" wordID="de" beginTime="130.980" endTime="131.050"/>
      <word confidence="1.000" wordID="overweg" beginTime="131.050" endTime="131.430"/>
      <word confidence="1.000" wordID="stil" beginTime="131.430" endTime="131.770"/>
      <word confidence="0.749" wordID="SIL" beginTime="131.770" endTime="132.040"/>
    </wordsequence>
  </speech>
  <speech label="SPK01-036" begintime="132.06" endtime="135.59" >
    <wordsequence>
      <word confidence="0.750" wordID="SIL" beginTime="132.060" endTime="133.080"/>
      <word confidence="1.000" wordID="voorzichtigheid" beginTime="133.080" endTime="133.750"/>
      <word confidence="1.000" wordID="is" beginTime="133.750" endTime="133.840"/>
      <word confidence="1.000" wordID="nog" beginTime="133.840" endTime="133.970"/>
      <word confidence="1.000" wordID="altijd" beginTime="133.970" endTime="134.230"/>
      <word confidence="1.000" wordID="de" beginTime="134.230" endTime="134.290"/>
      <word confidence="1.000" wordID="moet" beginTime="134.290" endTime="134.450"/>
      <word confidence="1.000" wordID="op" beginTime="134.450" endTime="134.540"/>
      <word confidence="1.000" wordID="alle" beginTime="134.540" endTime="134.670"/>
      <word confidence="1.000" wordID="porseleinkast" beginTime="134.670" endTime="135.400"/>
      <word confidence="0.749" wordID="SIL" beginTime="135.400" endTime="135.590"/>
    </wordsequence>
  </speech>
  <speech label="SPK01-037" begintime="135.62" endtime="138.82" >
    <wordsequence>
      <word confidence="0.750" wordID="SIL" beginTime="135.620" endTime="135.880"/>
      <word confidence="1.000" wordID="de" beginTime="135.880" endTime="135.940"/>
      <word confidence="1.000" wordID="weggebruikers" beginTime="135.940" endTime="136.620"/>
      <word confidence="0.936" wordID="hebben" beginTime="136.620" endTime="136.890"/>
      <word confidence="0.984" wordID="eerder" beginTime="136.890" endTime="137.180"/>
      <word confidence="0.934" wordID="in" beginTime="137.180" endTime="137.240"/>
      <word confidence="0.914" wordID="de" beginTime="137.240" endTime="137.310"/>
      <word confidence="0.740" wordID="SIL" beginTime="137.310" endTime="137.320"/>
      <word confidence="1.000" wordID="meeste" beginTime="137.320" endTime="137.650"/>
      <word confidence="1.000" wordID="gevallen" beginTime="137.650" endTime="138.030"/>
      <word confidence="1.000" wordID="in" beginTime="138.030" endTime="138.160"/>
      <word confidence="1.000" wordID="eigen" beginTime="138.160" endTime="138.470"/>
      <word confidence="0.961" wordID="hand" beginTime="138.470" endTime="138.820"/>
    </wordsequence>
  </speech>
  <speech label="SPK07-038" begintime="138.84" endtime="139.15" >
    <wordsequence>
      <word confidence="0.720" wordID="de" beginTime="138.840" endTime="139.060"/>
      <word confidence="0.704" wordID="SIL" beginTime="139.060" endTime="139.150"/>
    </wordsequence>
  </speech>
  <speech label="SPK07-039" begintime="139.18" endtime="145.03" >
    <wordsequence>
      <word confidence="0.741" wordID="ja" beginTime="139.180" endTime="145.030"/>
    </wordsequence>
  </speech>

  </segments>
</shout_metadata>
