<?xml version="1.0" encoding="UTF-8"?>
<!--
  ##################################################################################################
  ###                      This transcription is automatically generated by                      ###
  ###                              X-MI, Cross-Media interaction                                 ###
  ###                                    http://x-mi.nl                                          ###
  ##################################################################################################
-->
<shout_metadata>
  <model_info>
    <version>Standaard systeem 28-02-2012</version>
    <description>Academia</description>
  </model_info>
  <segments>
  <speech label="SPK01-001" begintime="0.00" endtime="2.82" >
    <wordsequence>
      <word confidence="0.750" wordID="SIL" beginTime="0.000" endTime="0.360"/>
      <word confidence="0.813" wordID="eigenlijk" beginTime="0.360" endTime="1.420"/>
      <word confidence="0.743" wordID="SIL" beginTime="1.420" endTime="1.430"/>
      <word confidence="0.827" wordID="niet" beginTime="1.430" endTime="1.740"/>
      <word confidence="0.746" wordID="SIL" beginTime="1.740" endTime="1.770"/>
      <word confidence="0.790" wordID="goed" beginTime="1.770" endTime="2.820"/>
    </wordsequence>
  </speech>
  <speech label="SPK02-002" begintime="2.84" endtime="7.76" >
    <wordsequence>
      <word confidence="0.750" wordID="SIL" beginTime="2.840" endTime="3.230"/>
      <word confidence="0.792" wordID="dus" beginTime="3.230" endTime="3.700"/>
      <word confidence="0.747" wordID="SIL" beginTime="3.700" endTime="3.730"/>
      <word confidence="0.766" wordID="daar" beginTime="3.730" endTime="4.460"/>
      <word confidence="0.854" wordID="SIL" beginTime="4.460" endTime="4.510"/>
      <word confidence="0.914" wordID="kan" beginTime="4.510" endTime="4.850"/>
      <word confidence="0.748" wordID="SIL" beginTime="4.850" endTime="4.950"/>
      <word confidence="0.820" wordID="ook" beginTime="4.950" endTime="5.120"/>
      <word confidence="0.750" wordID="SIL" beginTime="5.120" endTime="5.370"/>
      <word confidence="0.936" wordID="al" beginTime="5.370" endTime="5.470"/>
      <word confidence="0.942" wordID="was" beginTime="5.470" endTime="5.740"/>
      <word confidence="0.838" wordID="mevrouw" beginTime="5.740" endTime="6.190"/>
      <word confidence="0.749" wordID="SIL" beginTime="6.190" endTime="6.310"/>
      <word confidence="0.818" wordID="kalk" beginTime="6.310" endTime="6.760"/>
      <word confidence="0.748" wordID="SIL" beginTime="6.760" endTime="6.800"/>
      <word confidence="0.827" wordID="is" beginTime="6.800" endTime="6.920"/>
      <word confidence="0.840" wordID="dit" beginTime="6.920" endTime="7.310"/>
      <word confidence="0.750" wordID="SIL" beginTime="7.310" endTime="7.760"/>
    </wordsequence>
  </speech>
  <speech label="SPK02-003" begintime="7.80" endtime="10.55" >
    <wordsequence>
      <word confidence="0.750" wordID="SIL" beginTime="7.800" endTime="8.280"/>
      <word confidence="0.875" wordID="gestolen" beginTime="8.280" endTime="8.640"/>
      <word confidence="0.894" wordID="merrie" beginTime="8.640" endTime="8.930"/>
      <word confidence="0.749" wordID="SIL" beginTime="8.930" endTime="9.080"/>
      <word confidence="0.833" wordID="snel" beginTime="9.080" endTime="9.450"/>
      <word confidence="0.740" wordID="SIL" beginTime="9.450" endTime="9.460"/>
      <word confidence="0.848" wordID="merken" beginTime="9.460" endTime="9.800"/>
      <word confidence="0.972" wordID="dat" beginTime="9.800" endTime="9.950"/>
      <word confidence="0.808" wordID="wat" beginTime="9.950" endTime="10.140"/>
      <word confidence="0.872" wordID="we" beginTime="10.140" endTime="10.230"/>
      <word confidence="0.913" wordID="zien" beginTime="10.230" endTime="10.530"/>
      <word confidence="0.746" wordID="SIL" beginTime="10.530" endTime="10.550"/>
    </wordsequence>
  </speech>
  <speech label="SPK04-004" begintime="10.57" endtime="14.93" >
    <wordsequence>
      <word confidence="0.800" wordID="ja" beginTime="10.570" endTime="11.080"/>
      <word confidence="0.744" wordID="SIL" beginTime="11.080" endTime="11.100"/>
      <word confidence="0.848" wordID="maar" beginTime="11.100" endTime="11.240"/>
      <word confidence="0.811" wordID="SIL" beginTime="11.240" endTime="11.340"/>
      <word confidence="0.813" wordID="niet" beginTime="11.340" endTime="11.520"/>
      <word confidence="0.796" wordID="SIL" beginTime="11.520" endTime="11.810"/>
      <word confidence="0.826" wordID="met" beginTime="11.810" endTime="12.020"/>
      <word confidence="0.934" wordID="sprak" beginTime="12.020" endTime="12.410"/>
      <word confidence="0.741" wordID="SIL" beginTime="12.410" endTime="12.420"/>
      <word confidence="0.770" wordID="van" beginTime="12.420" endTime="12.550"/>
      <word confidence="0.749" wordID="SIL" beginTime="12.550" endTime="12.720"/>
      <word confidence="0.851" wordID="een" beginTime="12.720" endTime="12.910"/>
      <word confidence="0.750" wordID="SIL" beginTime="12.910" endTime="13.130"/>
      <word confidence="0.832" wordID="harde" beginTime="13.130" endTime="13.670"/>
      <word confidence="0.750" wordID="SIL" beginTime="13.670" endTime="13.990"/>
      <word confidence="0.796" wordID="werker" beginTime="13.990" endTime="14.670"/>
      <word confidence="0.744" wordID="SIL" beginTime="14.670" endTime="14.690"/>
      <word confidence="0.803" wordID="maar" beginTime="14.690" endTime="14.930"/>
    </wordsequence>
  </speech>
  <speech label="SPK16-005" begintime="14.95" endtime="18.04" >
    <wordsequence>
      <word confidence="0.750" wordID="SIL" beginTime="14.950" endTime="15.230"/>
      <word confidence="0.776" wordID="maar" beginTime="15.230" endTime="15.570"/>
      <word confidence="0.796" wordID="SIL" beginTime="15.570" endTime="15.580"/>
      <word confidence="0.805" wordID="nog" beginTime="15.580" endTime="15.910"/>
      <word confidence="0.748" wordID="SIL" beginTime="15.910" endTime="16.260"/>
      <word confidence="0.757" wordID="meer" beginTime="16.260" endTime="16.520"/>
      <word confidence="0.756" wordID="SIL" beginTime="16.520" endTime="16.940"/>
      <word confidence="0.763" wordID="dan" beginTime="16.940" endTime="17.460"/>
      <word confidence="0.861" wordID="SIL" beginTime="17.460" endTime="17.530"/>
      <word confidence="0.790" wordID="een" beginTime="17.530" endTime="17.660"/>
      <word confidence="0.861" wordID="SIL" beginTime="17.660" endTime="17.680"/>
      <word confidence="0.772" wordID="heel" beginTime="17.680" endTime="17.970"/>
      <word confidence="0.805" wordID="SIL" beginTime="17.970" endTime="18.040"/>
    </wordsequence>
  </speech>
  <speech label="SPK07-006" begintime="18.06" endtime="22.30" >
    <wordsequence>
      <word confidence="0.761" wordID="ja" beginTime="18.060" endTime="19.960"/>
      <word confidence="0.636" wordID="SIL" beginTime="19.960" endTime="19.970"/>
      <word confidence="0.849" wordID="er" beginTime="19.970" endTime="20.230"/>
      <word confidence="0.719" wordID="SIL" beginTime="20.230" endTime="20.240"/>
      <word confidence="0.728" wordID="is" beginTime="20.240" endTime="20.340"/>
      <word confidence="0.747" wordID="SIL" beginTime="20.340" endTime="20.490"/>
      <word confidence="0.821" wordID="een" beginTime="20.490" endTime="20.750"/>
      <word confidence="0.753" wordID="SIL" beginTime="20.750" endTime="20.760"/>
      <word confidence="0.796" wordID="hele" beginTime="20.760" endTime="21.100"/>
      <word confidence="0.789" wordID="hebben" beginTime="21.100" endTime="21.670"/>
      <word confidence="0.754" wordID="SIL" beginTime="21.670" endTime="21.790"/>
      <word confidence="0.780" wordID="en" beginTime="21.790" endTime="21.940"/>
      <word confidence="0.838" wordID="SIL" beginTime="21.940" endTime="22.110"/>
      <word confidence="0.781" wordID="die" beginTime="22.110" endTime="22.280"/>
      <word confidence="0.696" wordID="SIL" beginTime="22.280" endTime="22.300"/>
    </wordsequence>
  </speech>
  <speech label="SPK07-007" begintime="22.32" endtime="24.21" >
    <wordsequence>
      <word confidence="0.698" wordID="SIL" beginTime="22.320" endTime="22.400"/>
      <word confidence="0.764" wordID="er" beginTime="22.400" endTime="23.100"/>
      <word confidence="0.682" wordID="SIL" beginTime="23.100" endTime="23.110"/>
      <word confidence="0.776" wordID="waren" beginTime="23.110" endTime="23.500"/>
      <word confidence="0.726" wordID="SIL" beginTime="23.500" endTime="23.740"/>
      <word confidence="0.779" wordID="dan" beginTime="23.740" endTime="24.060"/>
      <word confidence="0.795" wordID="SIL" beginTime="24.060" endTime="24.210"/>
    </wordsequence>
  </speech>
  <speech label="SPK08-008" begintime="24.23" endtime="26.69" >
    <wordsequence>
      <word confidence="0.750" wordID="SIL" beginTime="24.230" endTime="24.260"/>
      <word confidence="0.759" wordID="ja" beginTime="24.260" endTime="24.570"/>
      <word confidence="0.752" wordID="SIL" beginTime="24.570" endTime="24.590"/>
      <word confidence="0.768" wordID="ja" beginTime="24.590" endTime="25.960"/>
      <word confidence="0.843" wordID="SIL" beginTime="25.960" endTime="25.970"/>
      <word confidence="0.791" wordID="ja" beginTime="25.970" endTime="26.240"/>
      <word confidence="0.764" wordID="SIL" beginTime="26.240" endTime="26.250"/>
      <word confidence="0.764" wordID="ja" beginTime="26.250" endTime="26.610"/>
      <word confidence="0.751" wordID="SIL" beginTime="26.610" endTime="26.690"/>
    </wordsequence>
  </speech>
  <speech label="SPK16-009" begintime="26.71" endtime="27.69" >
    <wordsequence>
      <word confidence="0.747" wordID="ja" beginTime="26.710" endTime="27.690"/>
    </wordsequence>
  </speech>
  <speech label="SPK09-010" begintime="27.71" endtime="29.84" >
    <wordsequence>
      <word confidence="0.750" wordID="SIL" beginTime="27.710" endTime="27.730"/>
      <word confidence="0.765" wordID="ja" beginTime="27.730" endTime="29.040"/>
      <word confidence="0.815" wordID="SIL" beginTime="29.040" endTime="29.080"/>
      <word confidence="0.768" wordID="dan" beginTime="29.080" endTime="29.790"/>
      <word confidence="0.814" wordID="SIL" beginTime="29.790" endTime="29.840"/>
    </wordsequence>
  </speech>
  <speech label="SPK16-011" begintime="29.86" endtime="30.94" >
    <wordsequence>
      <word confidence="0.749" wordID="ja" beginTime="29.860" endTime="30.940"/>
    </wordsequence>
  </speech>
  <speech label="SPK07-012" begintime="30.96" endtime="32.05" >
    <wordsequence>
      <word confidence="0.745" wordID="ja" beginTime="30.960" endTime="32.050"/>
    </wordsequence>
  </speech>
  <speech label="SPK16-013" begintime="32.07" endtime="33.84" >
    <wordsequence>
      <word confidence="0.766" wordID="ja" beginTime="32.070" endTime="33.840"/>
    </wordsequence>
  </speech>
  <speech label="SPK11-014" begintime="33.86" endtime="36.41" >
    <wordsequence>
      <word confidence="0.710" wordID="SIL" beginTime="33.860" endTime="33.910"/>
      <word confidence="0.809" wordID="nou" beginTime="33.910" endTime="34.070"/>
      <word confidence="0.883" wordID="ja" beginTime="34.070" endTime="34.210"/>
      <word confidence="0.770" wordID="SIL" beginTime="34.210" endTime="34.290"/>
      <word confidence="0.761" wordID="ik" beginTime="34.290" endTime="34.600"/>
      <word confidence="0.789" wordID="SIL" beginTime="34.600" endTime="34.630"/>
      <word confidence="0.808" wordID="kan" beginTime="34.630" endTime="34.760"/>
      <word confidence="0.827" wordID="er" beginTime="34.760" endTime="34.960"/>
      <word confidence="0.752" wordID="ook" beginTime="34.960" endTime="35.290"/>
      <word confidence="0.771" wordID="SIL" beginTime="35.290" endTime="35.360"/>
      <word confidence="0.740" wordID="voor" beginTime="35.360" endTime="35.690"/>
      <word confidence="0.826" wordID="SIL" beginTime="35.690" endTime="35.700"/>
      <word confidence="0.774" wordID="nederland" beginTime="35.700" endTime="36.410"/>
    </wordsequence>
  </speech>
  <speech label="SPK12-015" begintime="36.43" endtime="40.35" >
    <wordsequence>
      <word confidence="0.744" wordID="of" beginTime="36.430" endTime="36.780"/>
      <word confidence="0.592" wordID="SIL" beginTime="36.780" endTime="36.790"/>
      <word confidence="0.811" wordID="er" beginTime="36.790" endTime="37.000"/>
      <word confidence="0.693" wordID="SIL" beginTime="37.000" endTime="37.180"/>
      <word confidence="0.850" wordID="nog" beginTime="37.180" endTime="37.400"/>
      <word confidence="0.744" wordID="SIL" beginTime="37.400" endTime="37.460"/>
      <word confidence="0.875" wordID="een" beginTime="37.460" endTime="37.700"/>
      <word confidence="0.698" wordID="SIL" beginTime="37.700" endTime="37.710"/>
      <word confidence="0.780" wordID="een" beginTime="37.710" endTime="38.070"/>
      <word confidence="0.798" wordID="SIL" beginTime="38.070" endTime="38.140"/>
      <word confidence="0.823" wordID="een" beginTime="38.140" endTime="38.450"/>
      <word confidence="0.745" wordID="SIL" beginTime="38.450" endTime="38.460"/>
      <word confidence="0.802" wordID="je" beginTime="38.460" endTime="38.880"/>
      <word confidence="0.724" wordID="SIL" beginTime="38.880" endTime="38.890"/>
      <word confidence="0.783" wordID="nu" beginTime="38.890" endTime="39.780"/>
      <word confidence="0.782" wordID="een" beginTime="39.780" endTime="39.970"/>
      <word confidence="0.716" wordID="SIL" beginTime="39.970" endTime="39.990"/>
      <word confidence="0.756" wordID="van" beginTime="39.990" endTime="40.120"/>
      <word confidence="0.776" wordID="SIL" beginTime="40.120" endTime="40.230"/>
      <word confidence="0.869" wordID="een" beginTime="40.230" endTime="40.350"/>
    </wordsequence>
  </speech>
  <speech label="SPK14-016" begintime="40.37" endtime="43.94" >
    <wordsequence>
      <word confidence="0.757" wordID="ja" beginTime="40.370" endTime="42.590"/>
      <word confidence="0.944" wordID="SIL" beginTime="42.590" endTime="42.640"/>
      <word confidence="0.754" wordID="daar" beginTime="42.640" endTime="43.190"/>
      <word confidence="0.779" wordID="SIL" beginTime="43.190" endTime="43.250"/>
      <word confidence="0.819" wordID="heeft" beginTime="43.250" endTime="43.620"/>
      <word confidence="0.736" wordID="SIL" beginTime="43.620" endTime="43.660"/>
      <word confidence="0.840" wordID="die" beginTime="43.660" endTime="43.920"/>
      <word confidence="0.818" wordID="SIL" beginTime="43.920" endTime="43.940"/>
    </wordsequence>
  </speech>
  <speech label="SPK14-017" begintime="43.96" endtime="45.82" >
    <wordsequence>
      <word confidence="0.801" wordID="die" beginTime="43.960" endTime="44.190"/>
      <word confidence="0.825" wordID="SIL" beginTime="44.190" endTime="44.200"/>
      <word confidence="0.783" wordID="d&apos;r" beginTime="44.200" endTime="45.070"/>
      <word confidence="0.672" wordID="SIL" beginTime="45.070" endTime="45.080"/>
      <word confidence="0.771" wordID="man" beginTime="45.080" endTime="45.770"/>
      <word confidence="0.763" wordID="SIL" beginTime="45.770" endTime="45.820"/>
    </wordsequence>
  </speech>
  <speech label="SPK15-018" begintime="45.84" endtime="48.38" >
    <wordsequence>
      <word confidence="0.758" wordID="een" beginTime="45.840" endTime="46.050"/>
      <word confidence="0.824" wordID="SIL" beginTime="46.050" endTime="46.070"/>
      <word confidence="0.802" wordID="een" beginTime="46.070" endTime="46.440"/>
      <word confidence="0.782" wordID="SIL" beginTime="46.440" endTime="46.470"/>
      <word confidence="0.765" wordID="een" beginTime="46.470" endTime="46.860"/>
      <word confidence="0.749" wordID="een" beginTime="46.860" endTime="47.160"/>
      <word confidence="0.860" wordID="SIL" beginTime="47.160" endTime="47.170"/>
      <word confidence="0.789" wordID="ja" beginTime="47.170" endTime="48.380"/>
    </wordsequence>
  </speech>
  <speech label="SPK16-019" begintime="48.40" endtime="52.99" >
    <wordsequence>
      <word confidence="0.750" wordID="SIL" beginTime="48.400" endTime="48.570"/>
      <word confidence="0.743" wordID="ja" beginTime="48.570" endTime="52.190"/>
      <word confidence="0.804" wordID="SIL" beginTime="52.190" endTime="52.390"/>
      <word confidence="0.799" wordID="een" beginTime="52.390" endTime="52.730"/>
      <word confidence="0.788" wordID="SIL" beginTime="52.730" endTime="52.770"/>
      <word confidence="0.838" wordID="die" beginTime="52.770" endTime="52.970"/>
      <word confidence="0.755" wordID="SIL" beginTime="52.970" endTime="52.990"/>
    </wordsequence>
  </speech>
  <speech label="SPK16-020" begintime="53.01" endtime="53.61" >
    <wordsequence>
      <word confidence="0.677" wordID="SIL" beginTime="53.010" endTime="53.130"/>
      <word confidence="0.795" wordID="een" beginTime="53.130" endTime="53.600"/>
      <word confidence="0.646" wordID="SIL" beginTime="53.600" endTime="53.610"/>
    </wordsequence>
  </speech>
  <speech label="SPK11-021" begintime="53.63" endtime="56.23" >
    <wordsequence>
      <word confidence="0.764" wordID="ja" beginTime="53.630" endTime="55.230"/>
      <word confidence="0.730" wordID="SIL" beginTime="55.230" endTime="55.270"/>
      <word confidence="0.749" wordID="dan" beginTime="55.270" endTime="55.580"/>
      <word confidence="0.760" wordID="SIL" beginTime="55.580" endTime="55.590"/>
      <word confidence="0.799" wordID="moet" beginTime="55.590" endTime="55.880"/>
      <word confidence="0.863" wordID="SIL" beginTime="55.880" endTime="55.900"/>
      <word confidence="0.767" wordID="je" beginTime="55.900" endTime="56.200"/>
      <word confidence="0.710" wordID="SIL" beginTime="56.200" endTime="56.230"/>
    </wordsequence>
  </speech>
  <speech label="SPK13-022" begintime="56.25" endtime="58.40" >
    <wordsequence>
      <word confidence="0.750" wordID="SIL" beginTime="56.250" endTime="56.260"/>
      <word confidence="0.753" wordID="een" beginTime="56.260" endTime="56.590"/>
      <word confidence="0.854" wordID="SIL" beginTime="56.590" endTime="56.620"/>
      <word confidence="0.811" wordID="heel" beginTime="56.620" endTime="56.940"/>
      <word confidence="0.770" wordID="SIL" beginTime="56.940" endTime="57.000"/>
      <word confidence="0.775" wordID="nummer" beginTime="57.000" endTime="57.350"/>
      <word confidence="0.689" wordID="SIL" beginTime="57.350" endTime="57.360"/>
      <word confidence="0.793" wordID="moet" beginTime="57.360" endTime="57.650"/>
      <word confidence="0.784" wordID="SIL" beginTime="57.650" endTime="57.660"/>
      <word confidence="0.781" wordID="je" beginTime="57.660" endTime="58.400"/>
    </wordsequence>
  </speech>
  <speech label="SPK02-023" begintime="58.42" endtime="60.95" >
    <wordsequence>
      <word confidence="0.921" wordID="in" beginTime="58.420" endTime="59.650"/>
      <word confidence="0.959" wordID="SIL" beginTime="59.650" endTime="59.780"/>
      <word confidence="0.960" wordID="een" beginTime="59.780" endTime="60.930"/>
      <word confidence="0.678" wordID="SIL" beginTime="60.930" endTime="60.950"/>
    </wordsequence>
  </speech>
  <speech label="SPK16-024" begintime="60.97" endtime="64.04" >
    <wordsequence>
      <word confidence="0.752" wordID="ja" beginTime="60.970" endTime="63.740"/>
      <word confidence="0.768" wordID="SIL" beginTime="63.740" endTime="64.040"/>
    </wordsequence>
  </speech>
  <speech label="SPK05-025" begintime="64.06" endtime="68.20" >
    <wordsequence>
      <word confidence="0.758" wordID="ja" beginTime="64.060" endTime="65.080"/>
      <word confidence="0.788" wordID="SIL" beginTime="65.080" endTime="66.070"/>
      <word confidence="0.779" wordID="ja" beginTime="66.070" endTime="67.000"/>
      <word confidence="0.745" wordID="SIL" beginTime="67.000" endTime="67.040"/>
      <word confidence="0.765" wordID="ja" beginTime="67.040" endTime="68.200"/>
    </wordsequence>
  </speech>
  <speech label="SPK06-026" begintime="68.22" endtime="71.24" >
    <wordsequence>
      <word confidence="0.745" wordID="ja" beginTime="68.220" endTime="69.140"/>
      <word confidence="0.827" wordID="SIL" beginTime="69.140" endTime="69.150"/>
      <word confidence="0.795" wordID="maar" beginTime="69.150" endTime="69.490"/>
      <word confidence="0.805" wordID="SIL" beginTime="69.490" endTime="69.650"/>
      <word confidence="0.734" wordID="ik" beginTime="69.650" endTime="70.580"/>
      <word confidence="0.744" wordID="SIL" beginTime="70.580" endTime="70.700"/>
      <word confidence="0.810" wordID="heb" beginTime="70.700" endTime="70.850"/>
      <word confidence="0.729" wordID="SIL" beginTime="70.850" endTime="70.970"/>
      <word confidence="0.762" wordID="het" beginTime="70.970" endTime="71.170"/>
      <word confidence="0.719" wordID="SIL" beginTime="71.170" endTime="71.240"/>
    </wordsequence>
  </speech>
  <speech label="SPK07-027" begintime="71.26" endtime="74.17" >
    <wordsequence>
      <word confidence="0.732" wordID="SIL" beginTime="71.260" endTime="71.430"/>
      <word confidence="0.791" wordID="ik" beginTime="71.430" endTime="71.990"/>
      <word confidence="0.750" wordID="SIL" beginTime="71.990" endTime="72.160"/>
      <word confidence="0.845" wordID="moet" beginTime="72.160" endTime="72.340"/>
      <word confidence="0.749" wordID="SIL" beginTime="72.340" endTime="72.470"/>
      <word confidence="0.787" wordID="er" beginTime="72.470" endTime="72.720"/>
      <word confidence="0.774" wordID="SIL" beginTime="72.720" endTime="72.740"/>
      <word confidence="0.779" wordID="dan" beginTime="72.740" endTime="73.030"/>
      <word confidence="0.767" wordID="SIL" beginTime="73.030" endTime="73.170"/>
      <word confidence="0.799" wordID="een" beginTime="73.170" endTime="73.290"/>
      <word confidence="0.819" wordID="een" beginTime="73.290" endTime="73.480"/>
      <word confidence="0.801" wordID="SIL" beginTime="73.480" endTime="73.620"/>
      <word confidence="0.790" wordID="een" beginTime="73.620" endTime="74.120"/>
      <word confidence="0.748" wordID="SIL" beginTime="74.120" endTime="74.170"/>
    </wordsequence>
  </speech>
  <speech label="SPK06-028" begintime="74.19" endtime="76.66" >
    <wordsequence>
      <word confidence="0.750" wordID="SIL" beginTime="74.190" endTime="74.230"/>
      <word confidence="0.757" wordID="ja" beginTime="74.230" endTime="76.660"/>
    </wordsequence>
  </speech>
  <speech label="SPK09-029" begintime="76.68" endtime="80.11" >
    <wordsequence>
      <word confidence="0.758" wordID="ja" beginTime="76.680" endTime="79.730"/>
      <word confidence="0.767" wordID="SIL" beginTime="79.730" endTime="79.740"/>
      <word confidence="0.839" wordID="die" beginTime="79.740" endTime="79.900"/>
      <word confidence="0.803" wordID="SIL" beginTime="79.900" endTime="79.910"/>
      <word confidence="0.791" wordID="die" beginTime="79.910" endTime="80.060"/>
      <word confidence="0.674" wordID="SIL" beginTime="80.060" endTime="80.110"/>
    </wordsequence>
  </speech>
  <speech label="SPK10-030" begintime="80.13" endtime="84.42" >
    <wordsequence>
      <word confidence="0.750" wordID="SIL" beginTime="80.130" endTime="80.140"/>
      <word confidence="0.774" wordID="maar" beginTime="80.140" endTime="80.310"/>
      <word confidence="0.817" wordID="d&apos;r" beginTime="80.310" endTime="80.620"/>
      <word confidence="0.710" wordID="SIL" beginTime="80.620" endTime="80.630"/>
      <word confidence="0.744" wordID="waren" beginTime="80.630" endTime="81.220"/>
      <word confidence="0.875" wordID="SIL" beginTime="81.220" endTime="81.270"/>
      <word confidence="0.810" wordID="er" beginTime="81.270" endTime="81.460"/>
      <word confidence="0.814" wordID="SIL" beginTime="81.460" endTime="81.470"/>
      <word confidence="0.805" wordID="nog" beginTime="81.470" endTime="81.690"/>
      <word confidence="0.766" wordID="SIL" beginTime="81.690" endTime="81.700"/>
      <word confidence="0.786" wordID="een" beginTime="81.700" endTime="81.880"/>
      <word confidence="0.788" wordID="SIL" beginTime="81.880" endTime="81.890"/>
      <word confidence="0.785" wordID="hele" beginTime="81.890" endTime="82.330"/>
      <word confidence="0.810" wordID="SIL" beginTime="82.330" endTime="82.340"/>
      <word confidence="0.782" wordID="mooie" beginTime="82.340" endTime="82.800"/>
      <word confidence="0.825" wordID="SIL" beginTime="82.800" endTime="82.810"/>
      <word confidence="0.761" wordID="ja" beginTime="82.810" endTime="84.420"/>
    </wordsequence>
  </speech>
  <speech label="SPK11-031" begintime="84.44" endtime="86.88" >
    <wordsequence>
      <word confidence="0.777" wordID="kan" beginTime="84.440" endTime="84.950"/>
      <word confidence="0.791" wordID="SIL" beginTime="84.950" endTime="84.980"/>
      <word confidence="0.773" wordID="er" beginTime="84.980" endTime="85.380"/>
      <word confidence="0.723" wordID="SIL" beginTime="85.380" endTime="85.470"/>
      <word confidence="0.752" wordID="eigenlijk" beginTime="85.470" endTime="85.780"/>
      <word confidence="0.801" wordID="alleen" beginTime="85.780" endTime="86.280"/>
      <word confidence="0.839" wordID="SIL" beginTime="86.280" endTime="86.290"/>
      <word confidence="0.742" wordID="maar" beginTime="86.290" endTime="86.480"/>
      <word confidence="0.622" wordID="SIL" beginTime="86.480" endTime="86.490"/>
      <word confidence="0.763" wordID="omdat" beginTime="86.490" endTime="86.760"/>
      <word confidence="0.721" wordID="SIL" beginTime="86.760" endTime="86.780"/>
      <word confidence="0.801" wordID="die" beginTime="86.780" endTime="86.880"/>
    </wordsequence>
  </speech>
  <speech label="SPK12-032" begintime="86.90" endtime="89.37" >
    <wordsequence>
      <word confidence="0.750" wordID="SIL" beginTime="86.900" endTime="87.130"/>
      <word confidence="0.772" wordID="ja" beginTime="87.130" endTime="88.220"/>
      <word confidence="0.742" wordID="SIL" beginTime="88.220" endTime="88.230"/>
      <word confidence="0.780" wordID="ja" beginTime="88.230" endTime="88.880"/>
      <word confidence="0.626" wordID="SIL" beginTime="88.880" endTime="88.890"/>
      <word confidence="0.784" wordID="ja" beginTime="88.890" endTime="89.370"/>
    </wordsequence>
  </speech>
  <speech label="SPK13-033" begintime="89.39" endtime="92.45" >
    <wordsequence>
      <word confidence="0.750" wordID="SIL" beginTime="89.390" endTime="90.030"/>
      <word confidence="0.758" wordID="ja" beginTime="90.030" endTime="91.870"/>
      <word confidence="0.759" wordID="SIL" beginTime="91.870" endTime="91.950"/>
      <word confidence="0.814" wordID="maar" beginTime="91.950" endTime="92.150"/>
      <word confidence="0.766" wordID="SIL" beginTime="92.150" endTime="92.160"/>
      <word confidence="0.802" wordID="er" beginTime="92.160" endTime="92.450"/>
    </wordsequence>
  </speech>
  <speech label="SPK06-034" begintime="92.47" endtime="94.87" >
    <wordsequence>
      <word confidence="0.690" wordID="SIL" beginTime="92.470" endTime="92.570"/>
      <word confidence="0.727" wordID="en" beginTime="92.570" endTime="92.780"/>
      <word confidence="0.694" wordID="SIL" beginTime="92.780" endTime="92.800"/>
      <word confidence="0.724" wordID="dan" beginTime="92.800" endTime="93.110"/>
      <word confidence="0.708" wordID="SIL" beginTime="93.110" endTime="93.120"/>
      <word confidence="0.745" wordID="moet" beginTime="93.120" endTime="93.330"/>
      <word confidence="0.768" wordID="je" beginTime="93.330" endTime="93.520"/>
      <word confidence="0.790" wordID="SIL" beginTime="93.520" endTime="93.530"/>
      <word confidence="0.769" wordID="er" beginTime="93.530" endTime="93.740"/>
      <word confidence="0.804" wordID="SIL" beginTime="93.740" endTime="93.870"/>
      <word confidence="0.772" wordID="niet" beginTime="93.870" endTime="94.200"/>
      <word confidence="0.795" wordID="onder" beginTime="94.200" endTime="94.620"/>
      <word confidence="0.762" wordID="de" beginTime="94.620" endTime="94.870"/>
    </wordsequence>
  </speech>
  <speech label="SPK11-035" begintime="94.89" endtime="97.22" >
    <wordsequence>
      <word confidence="0.762" wordID="ja" beginTime="94.890" endTime="95.960"/>
      <word confidence="0.769" wordID="SIL" beginTime="95.960" endTime="96.160"/>
      <word confidence="0.828" wordID="er" beginTime="96.160" endTime="96.320"/>
      <word confidence="0.786" wordID="SIL" beginTime="96.320" endTime="96.330"/>
      <word confidence="0.822" wordID="wel" beginTime="96.330" endTime="96.530"/>
      <word confidence="0.805" wordID="een" beginTime="96.530" endTime="96.810"/>
      <word confidence="0.821" wordID="SIL" beginTime="96.810" endTime="96.820"/>
      <word confidence="0.757" wordID="hele" beginTime="96.820" endTime="97.220"/>
    </wordsequence>
  </speech>
  <speech label="SPK09-036" begintime="97.24" endtime="99.72" >
    <wordsequence>
      <word confidence="0.756" wordID="en" beginTime="97.240" endTime="97.380"/>
      <word confidence="0.747" wordID="SIL" beginTime="97.380" endTime="97.420"/>
      <word confidence="0.760" wordID="als" beginTime="97.420" endTime="97.830"/>
      <word confidence="0.722" wordID="SIL" beginTime="97.830" endTime="97.840"/>
      <word confidence="0.782" wordID="je" beginTime="97.840" endTime="98.040"/>
      <word confidence="0.868" wordID="SIL" beginTime="98.040" endTime="98.080"/>
      <word confidence="0.780" wordID="dat" beginTime="98.080" endTime="98.310"/>
      <word confidence="0.769" wordID="SIL" beginTime="98.310" endTime="98.450"/>
      <word confidence="0.784" wordID="je" beginTime="98.450" endTime="98.940"/>
      <word confidence="0.722" wordID="SIL" beginTime="98.940" endTime="98.970"/>
      <word confidence="0.817" wordID="er" beginTime="98.970" endTime="99.310"/>
      <word confidence="0.749" wordID="SIL" beginTime="99.310" endTime="99.380"/>
      <word confidence="0.778" wordID="een" beginTime="99.380" endTime="99.700"/>
      <word confidence="0.756" wordID="SIL" beginTime="99.700" endTime="99.720"/>
    </wordsequence>
  </speech>
  <speech label="SPK09-037" begintime="99.74" endtime="102.59" >
    <wordsequence>
      <word confidence="0.732" wordID="SIL" beginTime="99.740" endTime="99.830"/>
      <word confidence="0.787" wordID="verder" beginTime="99.830" endTime="100.250"/>
      <word confidence="0.783" wordID="een" beginTime="100.250" endTime="100.500"/>
      <word confidence="0.738" wordID="SIL" beginTime="100.500" endTime="100.560"/>
      <word confidence="0.772" wordID="ja" beginTime="100.560" endTime="102.330"/>
      <word confidence="0.756" wordID="SIL" beginTime="102.330" endTime="102.590"/>
    </wordsequence>
  </speech>

  </segments>
</shout_metadata>
