<?xml version="1.0" encoding="UTF-8"?>
<!--
  ##################################################################################################
  ###                      This transcription is automatically generated by                      ###
  ###                              X-MI, Cross-Media interaction                                 ###
  ###                                    http://x-mi.nl                                          ###
  ##################################################################################################
-->
<shout_metadata>
  <model_info>
    <version>Standaard systeem 28-02-2012</version>
    <description>Academia</description>
  </model_info>
  <segments>
  <speech label="SPK01-001" begintime="0.00" endtime="3.13" >
    <wordsequence>
      <word confidence="0.750" wordID="SIL" beginTime="0.000" endTime="0.280"/>
      <word confidence="0.803" wordID="kan" beginTime="0.280" endTime="1.200"/>
      <word confidence="0.750" wordID="SIL" beginTime="1.200" endTime="2.990"/>
      <word confidence="0.852" wordID="een" beginTime="2.990" endTime="3.130"/>
    </wordsequence>
  </speech>
  <speech label="SPK05-002" begintime="3.15" endtime="5.62" >
    <wordsequence>
      <word confidence="0.750" wordID="SIL" beginTime="3.150" endTime="5.620"/>
    </wordsequence>
  </speech>
  <speech label="SPK07-003" begintime="5.64" endtime="8.18" >
    <wordsequence>
      <word confidence="0.719" wordID="SIL" beginTime="5.640" endTime="7.240"/>
      <word confidence="0.743" wordID="ja" beginTime="7.240" endTime="8.180"/>
    </wordsequence>
  </speech>
  <speech label="SPK11-004" begintime="8.20" endtime="12.58" >
    <wordsequence>
      <word confidence="0.750" wordID="SIL" beginTime="8.200" endTime="8.330"/>
      <word confidence="0.775" wordID="mmm" beginTime="8.330" endTime="10.040"/>
      <word confidence="0.750" wordID="SIL" beginTime="10.040" endTime="11.770"/>
      <word confidence="0.830" wordID="mmm" beginTime="11.770" endTime="12.570"/>
      <word confidence="0.742" wordID="SIL" beginTime="12.570" endTime="12.580"/>
    </wordsequence>
  </speech>
  <speech label="SPK11-005" begintime="12.60" endtime="15.66" >
    <wordsequence>
      <word confidence="0.676" wordID="SIL" beginTime="12.600" endTime="12.790"/>
      <word confidence="0.804" wordID="wie" beginTime="12.790" endTime="14.550"/>
      <word confidence="0.750" wordID="SIL" beginTime="14.550" endTime="15.660"/>
    </wordsequence>
  </speech>
  <speech label="SPK04-006" begintime="15.69" endtime="18.48" >
    <wordsequence>
      <word confidence="0.750" wordID="SIL" beginTime="15.690" endTime="16.890"/>
      <word confidence="0.777" wordID="ja" beginTime="16.890" endTime="18.230"/>
      <word confidence="0.749" wordID="SIL" beginTime="18.230" endTime="18.480"/>
    </wordsequence>
  </speech>
  <speech label="SPK06-007" begintime="18.50" endtime="21.21" >
    <wordsequence>
      <word confidence="0.750" wordID="SIL" beginTime="18.500" endTime="21.210"/>
    </wordsequence>
  </speech>
  <speech label="SPK09-008" begintime="21.23" endtime="24.05" >
    <wordsequence>
      <word confidence="0.750" wordID="SIL" beginTime="21.230" endTime="23.530"/>
      <word confidence="0.789" wordID="&apos;k" beginTime="23.530" endTime="24.030"/>
      <word confidence="0.746" wordID="SIL" beginTime="24.030" endTime="24.050"/>
    </wordsequence>
  </speech>
  <speech label="SPK11-009" begintime="25.63" endtime="28.48" >
    <wordsequence>
      <word confidence="0.750" wordID="SIL" beginTime="25.630" endTime="26.200"/>
      <word confidence="0.778" wordID="uh" beginTime="26.200" endTime="28.160"/>
      <word confidence="0.750" wordID="SIL" beginTime="28.160" endTime="28.480"/>
    </wordsequence>
  </speech>
  <speech label="SPK16-010" begintime="28.50" endtime="32.32" >
    <wordsequence>
      <word confidence="0.750" wordID="SIL" beginTime="28.500" endTime="29.170"/>
      <word confidence="0.785" wordID="mm-hu" beginTime="29.170" endTime="30.780"/>
      <word confidence="0.750" wordID="SIL" beginTime="30.780" endTime="31.410"/>
      <word confidence="0.770" wordID="ja" beginTime="31.410" endTime="32.320"/>
    </wordsequence>
  </speech>

  </segments>
</shout_metadata>
