<?xml version="1.0" encoding="UTF-8"?>
<!--
  ##################################################################################################
  ###                      This transcription is automatically generated by                      ###
  ###                              X-MI, Cross-Media interaction                                 ###
  ###                                    http://x-mi.nl                                          ###
  ##################################################################################################
-->
<shout_metadata>
  <model_info>
    <version>Standaard systeem 28-02-2012</version>
    <description>Academia</description>
  </model_info>
  <segments>
  <speech label="SPK01-001" begintime="0.00" endtime="3.17" >
    <wordsequence>
      <word confidence="0.750" wordID="SIL" beginTime="0.000" endTime="0.360"/>
      <word confidence="0.829" wordID="nou" beginTime="0.360" endTime="0.680"/>
      <word confidence="0.750" wordID="SIL" beginTime="0.680" endTime="1.120"/>
      <word confidence="0.912" wordID="ja" beginTime="1.120" endTime="1.260"/>
      <word confidence="0.862" wordID="we" beginTime="1.260" endTime="1.350"/>
      <word confidence="1.000" wordID="zijn" beginTime="1.350" endTime="1.520"/>
      <word confidence="1.000" wordID="nog" beginTime="1.520" endTime="1.650"/>
      <word confidence="0.977" wordID="altijd" beginTime="1.650" endTime="2.070"/>
      <word confidence="0.919" wordID="grote" beginTime="2.070" endTime="2.430"/>
      <word confidence="1.000" wordID="bedreven" beginTime="2.430" endTime="3.170"/>
    </wordsequence>
  </speech>
  <speech label="SPK01-002" begintime="3.19" endtime="7.71" >
    <wordsequence>
      <word confidence="0.750" wordID="SIL" beginTime="3.190" endTime="3.220"/>
      <word confidence="0.940" wordID="bij" beginTime="3.220" endTime="3.480"/>
      <word confidence="0.746" wordID="SIL" beginTime="3.480" endTime="3.500"/>
      <word confidence="0.972" wordID="het" beginTime="3.500" endTime="3.610"/>
      <word confidence="0.834" wordID="SIL" beginTime="3.610" endTime="3.620"/>
      <word confidence="1.000" wordID="personeel" beginTime="3.620" endTime="4.250"/>
      <word confidence="0.736" wordID="SIL" beginTime="4.250" endTime="4.260"/>
      <word confidence="0.975" wordID="niettegenstaande" beginTime="4.260" endTime="5.200"/>
      <word confidence="1.000" wordID="alle" beginTime="5.200" endTime="5.440"/>
      <word confidence="1.000" wordID="mogelijkheden" beginTime="5.440" endTime="6.170"/>
      <word confidence="1.000" wordID="die" beginTime="6.170" endTime="6.290"/>
      <word confidence="1.000" wordID="de" beginTime="6.290" endTime="6.390"/>
      <word confidence="1.000" wordID="moderne" beginTime="6.390" endTime="6.920"/>
      <word confidence="1.000" wordID="tijd" beginTime="6.920" endTime="7.200"/>
      <word confidence="1.000" wordID="SIL" beginTime="7.200" endTime="7.240"/>
      <word confidence="1.000" wordID="biedt" beginTime="7.240" endTime="7.710"/>
    </wordsequence>
  </speech>
  <speech label="SPK01-003" begintime="7.73" endtime="10.91" >
    <wordsequence>
      <word confidence="0.750" wordID="SIL" beginTime="7.730" endTime="8.050"/>
      <word confidence="0.922" wordID="nog" beginTime="8.050" endTime="8.220"/>
      <word confidence="1.000" wordID="onder" beginTime="8.220" endTime="8.490"/>
      <word confidence="0.926" wordID="slechte" beginTime="8.490" endTime="8.920"/>
      <word confidence="1.000" wordID="omstandigheden" beginTime="8.920" endTime="9.940"/>
      <word confidence="0.736" wordID="SIL" beginTime="9.940" endTime="9.950"/>
      <word confidence="0.956" wordID="werk" beginTime="9.950" endTime="10.200"/>
      <word confidence="0.747" wordID="SIL" beginTime="10.200" endTime="10.270"/>
      <word confidence="0.896" wordID="en" beginTime="10.270" endTime="10.570"/>
      <word confidence="0.735" wordID="SIL" beginTime="10.570" endTime="10.580"/>
      <word confidence="1.000" wordID="leven" beginTime="10.580" endTime="10.840"/>
      <word confidence="0.747" wordID="SIL" beginTime="10.840" endTime="10.910"/>
    </wordsequence>
  </speech>
  <speech label="SPK05-004" begintime="10.93" endtime="11.48" >
    <wordsequence>
      <word confidence="0.768" wordID="het" beginTime="10.930" endTime="11.090"/>
      <word confidence="0.778" wordID="SIL" beginTime="11.090" endTime="11.480"/>
    </wordsequence>
  </speech>
  <speech label="SPK05-005" begintime="12.53" endtime="15.27" >
    <wordsequence>
      <word confidence="0.755" wordID="nee" beginTime="12.530" endTime="13.010"/>
      <word confidence="0.769" wordID="SIL" beginTime="13.010" endTime="13.020"/>
      <word confidence="0.759" wordID="nee" beginTime="13.020" endTime="14.870"/>
      <word confidence="0.754" wordID="SIL" beginTime="14.870" endTime="14.930"/>
      <word confidence="0.817" wordID="dat" beginTime="14.930" endTime="15.200"/>
      <word confidence="0.807" wordID="SIL" beginTime="15.200" endTime="15.270"/>
    </wordsequence>
  </speech>
  <speech label="SPK06-006" begintime="15.29" endtime="17.88" >
    <wordsequence>
      <word confidence="0.783" wordID="we" beginTime="15.290" endTime="15.450"/>
      <word confidence="0.762" wordID="willen" beginTime="15.450" endTime="16.090"/>
      <word confidence="0.753" wordID="SIL" beginTime="16.090" endTime="16.110"/>
      <word confidence="0.793" wordID="er" beginTime="16.110" endTime="16.600"/>
      <word confidence="0.778" wordID="SIL" beginTime="16.600" endTime="17.160"/>
      <word confidence="0.801" wordID="een" beginTime="17.160" endTime="17.300"/>
      <word confidence="0.853" wordID="SIL" beginTime="17.300" endTime="17.310"/>
      <word confidence="0.818" wordID="van" beginTime="17.310" endTime="17.760"/>
      <word confidence="0.826" wordID="SIL" beginTime="17.760" endTime="17.800"/>
      <word confidence="0.846" wordID="de" beginTime="17.800" endTime="17.880"/>
    </wordsequence>
  </speech>
  <speech label="SPK07-007" begintime="17.90" endtime="21.09" >
    <wordsequence>
      <word confidence="0.653" wordID="SIL" beginTime="17.900" endTime="17.990"/>
      <word confidence="0.714" wordID="nou" beginTime="17.990" endTime="18.390"/>
      <word confidence="0.851" wordID="SIL" beginTime="18.390" endTime="18.400"/>
      <word confidence="0.752" wordID="ja" beginTime="18.400" endTime="20.150"/>
      <word confidence="0.804" wordID="SIL" beginTime="20.150" endTime="20.500"/>
      <word confidence="0.804" wordID="en" beginTime="20.500" endTime="20.660"/>
      <word confidence="0.693" wordID="SIL" beginTime="20.660" endTime="20.670"/>
      <word confidence="0.767" wordID="nee" beginTime="20.670" endTime="20.900"/>
      <word confidence="0.759" wordID="SIL" beginTime="20.900" endTime="20.940"/>
      <word confidence="0.826" wordID="er" beginTime="20.940" endTime="21.070"/>
      <word confidence="0.740" wordID="SIL" beginTime="21.070" endTime="21.090"/>
    </wordsequence>
  </speech>
  <speech label="SPK07-008" begintime="21.11" endtime="22.99" >
    <wordsequence>
      <word confidence="0.750" wordID="SIL" beginTime="21.110" endTime="21.120"/>
      <word confidence="0.733" wordID="en" beginTime="21.120" endTime="21.300"/>
      <word confidence="0.798" wordID="SIL" beginTime="21.300" endTime="21.370"/>
      <word confidence="0.806" wordID="dan" beginTime="21.370" endTime="21.630"/>
      <word confidence="0.820" wordID="SIL" beginTime="21.630" endTime="21.740"/>
      <word confidence="0.768" wordID="een" beginTime="21.740" endTime="22.070"/>
      <word confidence="0.767" wordID="SIL" beginTime="22.070" endTime="22.570"/>
      <word confidence="0.825" wordID="heel" beginTime="22.570" endTime="22.990"/>
    </wordsequence>
  </speech>
  <speech label="SPK10-009" begintime="23.01" endtime="26.63" >
    <wordsequence>
      <word confidence="0.722" wordID="SIL" beginTime="23.010" endTime="23.160"/>
      <word confidence="0.779" wordID="ja" beginTime="23.160" endTime="23.850"/>
      <word confidence="0.768" wordID="SIL" beginTime="23.850" endTime="23.860"/>
      <word confidence="0.847" wordID="dan" beginTime="23.860" endTime="24.070"/>
      <word confidence="0.731" wordID="SIL" beginTime="24.070" endTime="24.080"/>
      <word confidence="0.764" wordID="ben" beginTime="24.080" endTime="24.330"/>
      <word confidence="0.803" wordID="SIL" beginTime="24.330" endTime="24.440"/>
      <word confidence="0.797" wordID="je" beginTime="24.440" endTime="24.720"/>
      <word confidence="0.753" wordID="SIL" beginTime="24.720" endTime="25.050"/>
      <word confidence="0.769" wordID="dan" beginTime="25.050" endTime="25.240"/>
      <word confidence="0.841" wordID="SIL" beginTime="25.240" endTime="25.250"/>
      <word confidence="0.856" wordID="ook" beginTime="25.250" endTime="25.520"/>
      <word confidence="0.749" wordID="SIL" beginTime="25.520" endTime="25.680"/>
      <word confidence="0.801" wordID="nog" beginTime="25.680" endTime="26.170"/>
      <word confidence="0.747" wordID="SIL" beginTime="26.170" endTime="26.280"/>
      <word confidence="0.828" wordID="verder" beginTime="26.280" endTime="26.630"/>
    </wordsequence>
  </speech>
  <speech label="SPK11-010" begintime="26.65" endtime="29.37" >
    <wordsequence>
      <word confidence="0.746" wordID="ja" beginTime="26.650" endTime="28.160"/>
      <word confidence="0.882" wordID="SIL" beginTime="28.160" endTime="28.180"/>
      <word confidence="0.812" wordID="en" beginTime="28.180" endTime="28.240"/>
      <word confidence="0.765" wordID="dan" beginTime="28.240" endTime="29.360"/>
      <word confidence="0.811" wordID="SIL" beginTime="29.360" endTime="29.370"/>
    </wordsequence>
  </speech>
  <speech label="SPK01-011" begintime="29.39" endtime="31.08" >
    <wordsequence>
      <word confidence="1.000" wordID="om" beginTime="29.390" endTime="29.600"/>
      <word confidence="0.734" wordID="SIL" beginTime="29.600" endTime="29.610"/>
      <word confidence="0.822" wordID="de" beginTime="29.610" endTime="29.670"/>
      <word confidence="0.904" wordID="hoewel" beginTime="29.670" endTime="30.970"/>
      <word confidence="0.749" wordID="SIL" beginTime="30.970" endTime="31.080"/>
    </wordsequence>
  </speech>
  <speech label="SPK01-012" begintime="31.65" endtime="35.15" >
    <wordsequence>
      <word confidence="0.750" wordID="SIL" beginTime="31.650" endTime="32.130"/>
      <word confidence="0.857" wordID="ik" beginTime="32.130" endTime="32.270"/>
      <word confidence="0.743" wordID="SIL" beginTime="32.270" endTime="32.280"/>
      <word confidence="0.922" wordID="heb" beginTime="32.280" endTime="32.430"/>
      <word confidence="0.923" wordID="nooit" beginTime="32.430" endTime="32.600"/>
      <word confidence="1.000" wordID="de" beginTime="32.600" endTime="32.680"/>
      <word confidence="1.000" wordID="handel" beginTime="32.680" endTime="32.910"/>
      <word confidence="1.000" wordID="dreven" beginTime="32.910" endTime="33.440"/>
      <word confidence="0.904" wordID="ze" beginTime="33.440" endTime="33.540"/>
      <word confidence="0.748" wordID="SIL" beginTime="33.540" endTime="33.590"/>
      <word confidence="0.913" wordID="hebben" beginTime="33.590" endTime="33.830"/>
      <word confidence="0.739" wordID="SIL" beginTime="33.830" endTime="33.840"/>
      <word confidence="0.944" wordID="geen" beginTime="33.840" endTime="34.070"/>
      <word confidence="1.000" wordID="andere" beginTime="34.070" endTime="34.380"/>
      <word confidence="1.000" wordID="zou" beginTime="34.380" endTime="34.510"/>
      <word confidence="0.977" wordID="je" beginTime="34.510" endTime="34.670"/>
      <word confidence="0.750" wordID="SIL" beginTime="34.670" endTime="35.150"/>
    </wordsequence>
  </speech>
  <speech label="SPK01-013" begintime="35.18" endtime="40.22" >
    <wordsequence>
      <word confidence="0.750" wordID="SIL" beginTime="35.180" endTime="35.550"/>
      <word confidence="0.880" wordID="één" beginTime="35.550" endTime="35.700"/>
      <word confidence="1.000" wordID="en" beginTime="35.700" endTime="35.790"/>
      <word confidence="0.909" wordID="dertig" beginTime="35.790" endTime="36.110"/>
      <word confidence="0.741" wordID="SIL" beginTime="36.110" endTime="36.120"/>
      <word confidence="0.888" wordID="jaar" beginTime="36.120" endTime="36.270"/>
      <word confidence="1.000" wordID="doorlopen" beginTime="36.270" endTime="36.830"/>
      <word confidence="0.748" wordID="SIL" beginTime="36.830" endTime="36.950"/>
      <word confidence="1.000" wordID="kan" beginTime="36.950" endTime="37.100"/>
      <word confidence="0.947" wordID="het" beginTime="37.100" endTime="37.220"/>
      <word confidence="0.738" wordID="SIL" beginTime="37.220" endTime="37.230"/>
      <word confidence="1.000" wordID="personeel" beginTime="37.230" endTime="37.750"/>
      <word confidence="0.957" wordID="zijn" beginTime="37.750" endTime="37.950"/>
      <word confidence="0.888" wordID="ook" beginTime="37.950" endTime="38.030"/>
      <word confidence="0.743" wordID="SIL" beginTime="38.030" endTime="38.040"/>
      <word confidence="1.000" wordID="over" beginTime="38.040" endTime="38.280"/>
      <word confidence="1.000" wordID="kleding" beginTime="38.280" endTime="38.730"/>
      <word confidence="0.742" wordID="SIL" beginTime="38.730" endTime="38.740"/>
      <word confidence="0.930" wordID="bloemen" beginTime="38.740" endTime="39.250"/>
      <word confidence="0.881" wordID="en" beginTime="39.250" endTime="39.360"/>
      <word confidence="0.739" wordID="SIL" beginTime="39.360" endTime="39.370"/>
      <word confidence="0.952" wordID="mijn" beginTime="39.370" endTime="39.600"/>
      <word confidence="0.739" wordID="SIL" beginTime="39.600" endTime="39.610"/>
      <word confidence="0.860" wordID="werk" beginTime="39.610" endTime="39.930"/>
      <word confidence="0.781" wordID="SIL" beginTime="39.930" endTime="40.220"/>
    </wordsequence>
  </speech>
  <speech label="SPK01-014" begintime="41.94" endtime="46.43" >
    <wordsequence>
      <word confidence="0.750" wordID="SIL" beginTime="41.940" endTime="42.400"/>
      <word confidence="0.928" wordID="het" beginTime="42.400" endTime="42.610"/>
      <word confidence="0.926" wordID="werk" beginTime="42.610" endTime="42.910"/>
      <word confidence="0.916" wordID="worden" beginTime="42.910" endTime="43.230"/>
      <word confidence="0.920" wordID="gunstig" beginTime="43.230" endTime="43.650"/>
      <word confidence="0.748" wordID="SIL" beginTime="43.650" endTime="43.720"/>
      <word confidence="0.919" wordID="ruimteverdediging" beginTime="43.720" endTime="44.690"/>
      <word confidence="0.747" wordID="SIL" beginTime="44.690" endTime="44.760"/>
      <word confidence="0.905" wordID="verlichting" beginTime="44.760" endTime="45.490"/>
      <word confidence="0.924" wordID="en" beginTime="45.490" endTime="45.730"/>
      <word confidence="0.742" wordID="SIL" beginTime="45.730" endTime="45.740"/>
      <word confidence="0.822" wordID="het" beginTime="45.740" endTime="45.920"/>
      <word confidence="0.738" wordID="SIL" beginTime="45.920" endTime="45.930"/>
      <word confidence="0.958" wordID="heet" beginTime="45.930" endTime="46.340"/>
      <word confidence="0.747" wordID="SIL" beginTime="46.340" endTime="46.430"/>
    </wordsequence>
  </speech>
  <speech label="SPK01-015" begintime="46.45" endtime="49.34" >
    <wordsequence>
      <word confidence="0.750" wordID="SIL" beginTime="46.450" endTime="46.710"/>
      <word confidence="0.962" wordID="niet" beginTime="46.710" endTime="46.930"/>
      <word confidence="0.915" wordID="alleen" beginTime="46.930" endTime="47.210"/>
      <word confidence="1.000" wordID="vergemakkelijken" beginTime="47.210" endTime="48.050"/>
      <word confidence="0.749" wordID="SIL" beginTime="48.050" endTime="48.220"/>
      <word confidence="0.949" wordID="waaronder" beginTime="48.220" endTime="48.710"/>
      <word confidence="0.869" wordID="het" beginTime="48.710" endTime="48.780"/>
      <word confidence="0.903" wordID="virus" beginTime="48.780" endTime="49.100"/>
      <word confidence="0.744" wordID="SIL" beginTime="49.100" endTime="49.120"/>
      <word confidence="0.866" wordID="of" beginTime="49.120" endTime="49.340"/>
    </wordsequence>
  </speech>
  <speech label="SPK05-016" begintime="49.36" endtime="52.07" >
    <wordsequence>
      <word confidence="0.788" wordID="het" beginTime="49.360" endTime="49.470"/>
      <word confidence="0.750" wordID="SIL" beginTime="49.470" endTime="49.870"/>
      <word confidence="0.743" wordID="is" beginTime="49.870" endTime="50.320"/>
      <word confidence="0.703" wordID="SIL" beginTime="50.320" endTime="50.380"/>
      <word confidence="0.816" wordID="helemaal" beginTime="50.380" endTime="51.320"/>
      <word confidence="0.759" wordID="SIL" beginTime="51.320" endTime="51.360"/>
      <word confidence="0.829" wordID="aan" beginTime="51.360" endTime="51.550"/>
      <word confidence="0.775" wordID="SIL" beginTime="51.550" endTime="52.070"/>
    </wordsequence>
  </speech>
  <speech label="SPK12-017" begintime="52.09" endtime="54.93" >
    <wordsequence>
      <word confidence="0.750" wordID="SIL" beginTime="52.090" endTime="52.240"/>
      <word confidence="0.791" wordID="een" beginTime="52.240" endTime="52.650"/>
      <word confidence="0.807" wordID="SIL" beginTime="52.650" endTime="52.690"/>
      <word confidence="0.787" wordID="van" beginTime="52.690" endTime="52.910"/>
      <word confidence="0.825" wordID="SIL" beginTime="52.910" endTime="52.940"/>
      <word confidence="0.800" wordID="een" beginTime="52.940" endTime="53.050"/>
      <word confidence="0.785" wordID="SIL" beginTime="53.050" endTime="53.060"/>
      <word confidence="0.812" wordID="van" beginTime="53.060" endTime="53.370"/>
      <word confidence="0.720" wordID="SIL" beginTime="53.370" endTime="53.540"/>
      <word confidence="0.788" wordID="een" beginTime="53.540" endTime="54.020"/>
      <word confidence="0.772" wordID="SIL" beginTime="54.020" endTime="54.930"/>
    </wordsequence>
  </speech>
  <speech label="SPK05-018" begintime="54.95" endtime="58.33" >
    <wordsequence>
      <word confidence="0.750" wordID="SIL" beginTime="54.950" endTime="55.180"/>
      <word confidence="0.806" wordID="nou" beginTime="55.180" endTime="55.810"/>
      <word confidence="0.737" wordID="SIL" beginTime="55.810" endTime="55.820"/>
      <word confidence="0.780" wordID="dan" beginTime="55.820" endTime="56.060"/>
      <word confidence="0.682" wordID="SIL" beginTime="56.060" endTime="56.070"/>
      <word confidence="0.787" wordID="kan" beginTime="56.070" endTime="56.540"/>
      <word confidence="0.738" wordID="SIL" beginTime="56.540" endTime="56.800"/>
      <word confidence="0.751" wordID="dat" beginTime="56.800" endTime="56.960"/>
      <word confidence="0.753" wordID="SIL" beginTime="56.960" endTime="56.970"/>
      <word confidence="0.843" wordID="dan" beginTime="56.970" endTime="57.680"/>
      <word confidence="0.773" wordID="SIL" beginTime="57.680" endTime="58.000"/>
      <word confidence="0.767" wordID="nog" beginTime="58.000" endTime="58.190"/>
      <word confidence="0.802" wordID="SIL" beginTime="58.190" endTime="58.330"/>
    </wordsequence>
  </speech>
  <speech label="SPK06-019" begintime="58.35" endtime="60.98" >
    <wordsequence>
      <word confidence="0.713" wordID="SIL" beginTime="58.350" endTime="58.760"/>
      <word confidence="0.818" wordID="ik" beginTime="58.760" endTime="59.260"/>
      <word confidence="0.775" wordID="SIL" beginTime="59.260" endTime="59.300"/>
      <word confidence="0.750" wordID="had" beginTime="59.300" endTime="59.870"/>
      <word confidence="0.747" wordID="SIL" beginTime="59.870" endTime="59.890"/>
      <word confidence="0.826" wordID="er" beginTime="59.890" endTime="60.000"/>
      <word confidence="0.755" wordID="de" beginTime="60.000" endTime="60.130"/>
      <word confidence="0.738" wordID="SIL" beginTime="60.130" endTime="60.310"/>
      <word confidence="0.787" wordID="nadruk" beginTime="60.310" endTime="60.610"/>
      <word confidence="0.745" wordID="SIL" beginTime="60.610" endTime="60.640"/>
      <word confidence="0.742" wordID="op" beginTime="60.640" endTime="60.930"/>
      <word confidence="0.735" wordID="SIL" beginTime="60.930" endTime="60.980"/>
    </wordsequence>
  </speech>
  <speech label="SPK07-020" begintime="61.00" endtime="63.89" >
    <wordsequence>
      <word confidence="0.755" wordID="ja" beginTime="61.000" endTime="62.120"/>
      <word confidence="0.827" wordID="SIL" beginTime="62.120" endTime="62.250"/>
      <word confidence="0.763" wordID="ja" beginTime="62.250" endTime="62.720"/>
      <word confidence="0.721" wordID="SIL" beginTime="62.720" endTime="62.740"/>
      <word confidence="0.775" wordID="ja" beginTime="62.740" endTime="63.890"/>
    </wordsequence>
  </speech>
  <speech label="SPK01-021" begintime="63.91" endtime="66.28" >
    <wordsequence>
      <word confidence="0.719" wordID="SIL" beginTime="63.910" endTime="64.000"/>
      <word confidence="0.806" wordID="in" beginTime="64.000" endTime="64.160"/>
      <word confidence="0.823" wordID="de" beginTime="64.160" endTime="64.270"/>
      <word confidence="0.673" wordID="SIL" beginTime="64.270" endTime="64.280"/>
      <word confidence="0.867" wordID="ruime" beginTime="64.280" endTime="64.630"/>
      <word confidence="1.000" wordID="kantine" beginTime="64.630" endTime="65.120"/>
      <word confidence="1.000" wordID="van" beginTime="65.120" endTime="65.250"/>
      <word confidence="0.882" wordID="een" beginTime="65.250" endTime="65.350"/>
      <word confidence="0.841" wordID="groot" beginTime="65.350" endTime="65.640"/>
      <word confidence="0.937" wordID="bedrijf" beginTime="65.640" endTime="66.220"/>
      <word confidence="1.000" wordID="SIL" beginTime="66.220" endTime="66.280"/>
    </wordsequence>
  </speech>
  <speech label="SPK01-022" begintime="66.31" endtime="69.97" >
    <wordsequence>
      <word confidence="0.750" wordID="SIL" beginTime="66.310" endTime="66.540"/>
      <word confidence="0.901" wordID="tegen" beginTime="66.540" endTime="66.750"/>
      <word confidence="1.000" wordID="zelfs" beginTime="66.750" endTime="67.060"/>
      <word confidence="0.940" wordID="drie" beginTime="67.060" endTime="67.210"/>
      <word confidence="1.000" wordID="jaar" beginTime="67.210" endTime="67.540"/>
      <word confidence="0.879" wordID="geen" beginTime="67.540" endTime="67.820"/>
      <word confidence="0.747" wordID="SIL" beginTime="67.820" endTime="67.860"/>
      <word confidence="0.911" wordID="rare" beginTime="67.860" endTime="68.090"/>
      <word confidence="1.000" wordID="ereplaatsje" beginTime="68.090" endTime="68.920"/>
      <word confidence="0.938" wordID="aan" beginTime="68.920" endTime="69.120"/>
      <word confidence="0.976" wordID="tafel" beginTime="69.120" endTime="69.970"/>
    </wordsequence>
  </speech>
  <speech label="SPK07-023" begintime="69.99" endtime="73.11" >
    <wordsequence>
      <word confidence="0.750" wordID="SIL" beginTime="69.990" endTime="70.970"/>
      <word confidence="0.819" wordID="onderhandelingen" beginTime="70.970" endTime="72.070"/>
      <word confidence="0.750" wordID="SIL" beginTime="72.070" endTime="72.090"/>
      <word confidence="0.734" wordID="over" beginTime="72.090" endTime="72.290"/>
      <word confidence="0.777" wordID="een" beginTime="72.290" endTime="72.750"/>
      <word confidence="0.696" wordID="SIL" beginTime="72.750" endTime="72.760"/>
      <word confidence="0.798" wordID="aantal" beginTime="72.760" endTime="73.090"/>
      <word confidence="0.775" wordID="SIL" beginTime="73.090" endTime="73.110"/>
    </wordsequence>
  </speech>
  <speech label="SPK06-024" begintime="73.13" endtime="75.84" >
    <wordsequence>
      <word confidence="0.743" wordID="SIL" beginTime="73.130" endTime="73.510"/>
      <word confidence="0.760" wordID="ja" beginTime="73.510" endTime="75.840"/>
    </wordsequence>
  </speech>
  <speech label="SPK07-025" begintime="75.86" endtime="79.24" >
    <wordsequence>
      <word confidence="0.731" wordID="voor" beginTime="75.860" endTime="76.520"/>
      <word confidence="0.799" wordID="SIL" beginTime="76.520" endTime="76.560"/>
      <word confidence="0.796" wordID="een" beginTime="76.560" endTime="76.760"/>
      <word confidence="0.820" wordID="SIL" beginTime="76.760" endTime="76.970"/>
      <word confidence="0.746" wordID="uh" beginTime="76.970" endTime="77.380"/>
      <word confidence="0.779" wordID="hebben" beginTime="77.380" endTime="77.620"/>
      <word confidence="0.774" wordID="SIL" beginTime="77.620" endTime="78.450"/>
      <word confidence="0.760" wordID="we" beginTime="78.450" endTime="78.770"/>
      <word confidence="0.820" wordID="nog" beginTime="78.770" endTime="79.050"/>
      <word confidence="0.819" wordID="SIL" beginTime="79.050" endTime="79.060"/>
      <word confidence="0.808" wordID="een" beginTime="79.060" endTime="79.240"/>
    </wordsequence>
  </speech>
  <speech label="SPK07-026" begintime="79.26" endtime="80.91" >
    <wordsequence>
      <word confidence="0.705" wordID="SIL" beginTime="79.260" endTime="79.330"/>
      <word confidence="0.784" wordID="maar" beginTime="79.330" endTime="79.460"/>
      <word confidence="0.659" wordID="SIL" beginTime="79.460" endTime="79.470"/>
      <word confidence="0.758" wordID="er" beginTime="79.470" endTime="80.150"/>
      <word confidence="0.735" wordID="SIL" beginTime="80.150" endTime="80.550"/>
      <word confidence="0.817" wordID="zijn" beginTime="80.550" endTime="80.740"/>
      <word confidence="0.835" wordID="er" beginTime="80.740" endTime="80.910"/>
    </wordsequence>
  </speech>
  <speech label="SPK10-027" begintime="80.93" endtime="83.87" >
    <wordsequence>
      <word confidence="0.711" wordID="SIL" beginTime="80.930" endTime="81.060"/>
      <word confidence="0.746" wordID="helemaal" beginTime="81.060" endTime="81.610"/>
      <word confidence="0.793" wordID="SIL" beginTime="81.610" endTime="81.630"/>
      <word confidence="0.837" wordID="aan" beginTime="81.630" endTime="81.840"/>
      <word confidence="0.762" wordID="SIL" beginTime="81.840" endTime="81.870"/>
      <word confidence="0.726" wordID="het" beginTime="81.870" endTime="82.250"/>
      <word confidence="0.793" wordID="SIL" beginTime="82.250" endTime="82.340"/>
      <word confidence="0.758" wordID="nederlands" beginTime="82.340" endTime="82.920"/>
      <word confidence="0.744" wordID="SIL" beginTime="82.920" endTime="82.960"/>
      <word confidence="0.772" wordID="helemaal" beginTime="82.960" endTime="83.430"/>
      <word confidence="0.759" wordID="SIL" beginTime="83.430" endTime="83.610"/>
      <word confidence="0.773" wordID="geen" beginTime="83.610" endTime="83.800"/>
      <word confidence="0.789" wordID="SIL" beginTime="83.800" endTime="83.870"/>
    </wordsequence>
  </speech>
  <speech label="SPK11-028" begintime="83.89" endtime="86.20" >
    <wordsequence>
      <word confidence="0.745" wordID="SIL" beginTime="83.890" endTime="84.270"/>
      <word confidence="0.749" wordID="ja" beginTime="84.270" endTime="85.400"/>
      <word confidence="0.751" wordID="SIL" beginTime="85.400" endTime="85.420"/>
      <word confidence="0.773" wordID="nou" beginTime="85.420" endTime="85.940"/>
      <word confidence="0.784" wordID="SIL" beginTime="85.940" endTime="85.980"/>
      <word confidence="0.796" wordID="ik" beginTime="85.980" endTime="86.200"/>
    </wordsequence>
  </speech>

  </segments>
</shout_metadata>
