<?xml version="1.0" encoding="UTF-8"?>
<!--
  ##################################################################################################
  ###                      This transcription is automatically generated by                      ###
  ###                              X-MI, Cross-Media interaction                                 ###
  ###                                    http://x-mi.nl                                          ###
  ##################################################################################################
-->
<shout_metadata>
  <model_info>
    <version>Standaard systeem 28-02-2012</version>
    <description>Academia</description>
  </model_info>
  <segments>
  <speech label="SPK01-001" begintime="1.23" endtime="7.42" >
    <wordsequence>
      <word confidence="0.750" wordID="SIL" beginTime="1.230" endTime="1.770"/>
      <word confidence="1.000" wordID="uh" beginTime="1.770" endTime="1.840"/>
      <word confidence="0.742" wordID="SIL" beginTime="1.840" endTime="1.850"/>
      <word confidence="0.966" wordID="fruitoogst" beginTime="1.850" endTime="2.590"/>
      <word confidence="0.742" wordID="SIL" beginTime="2.590" endTime="2.600"/>
      <word confidence="1.000" wordID="in" beginTime="2.600" endTime="2.740"/>
      <word confidence="1.000" wordID="ons" beginTime="2.740" endTime="2.930"/>
      <word confidence="1.000" wordID="land" beginTime="2.930" endTime="3.230"/>
      <word confidence="1.000" wordID="is" beginTime="3.230" endTime="3.340"/>
      <word confidence="1.000" wordID="voor" beginTime="3.340" endTime="3.490"/>
      <word confidence="1.000" wordID="sommige" beginTime="3.490" endTime="3.800"/>
      <word confidence="0.950" wordID="vrouwen" beginTime="3.800" endTime="4.050"/>
      <word confidence="0.741" wordID="SIL" beginTime="4.050" endTime="4.060"/>
      <word confidence="1.000" wordID="zorgt" beginTime="4.060" endTime="4.340"/>
      <word confidence="0.963" wordID="er" beginTime="4.340" endTime="4.420"/>
      <word confidence="1.000" wordID="al" beginTime="4.420" endTime="4.500"/>
      <word confidence="1.000" wordID="begonnen" beginTime="4.500" endTime="4.970"/>
      <word confidence="0.749" wordID="SIL" beginTime="4.970" endTime="5.120"/>
      <word confidence="0.939" wordID="en" beginTime="5.120" endTime="5.240"/>
      <word confidence="1.000" wordID="voelen" beginTime="5.240" endTime="5.440"/>
      <word confidence="1.000" wordID="anderen" beginTime="5.440" endTime="5.810"/>
      <word confidence="0.985" wordID="dat" beginTime="5.810" endTime="6.160"/>
      <word confidence="1.000" wordID="er" beginTime="6.160" endTime="6.240"/>
      <word confidence="0.980" wordID="met" beginTime="6.240" endTime="6.360"/>
      <word confidence="1.000" wordID="rasse" beginTime="6.360" endTime="6.640"/>
      <word confidence="1.000" wordID="schreden" beginTime="6.640" endTime="7.390"/>
      <word confidence="0.743" wordID="SIL" beginTime="7.390" endTime="7.420"/>
    </wordsequence>
  </speech>
  <speech label="SPK01-002" begintime="7.44" endtime="12.31" >
    <wordsequence>
      <word confidence="0.750" wordID="SIL" beginTime="7.440" endTime="7.820"/>
      <word confidence="1.000" wordID="is" beginTime="7.820" endTime="8.010"/>
      <word confidence="0.949" wordID="het" beginTime="8.010" endTime="8.120"/>
      <word confidence="1.000" wordID="dan" beginTime="8.120" endTime="8.300"/>
      <word confidence="1.000" wordID="wel" beginTime="8.300" endTime="8.420"/>
      <word confidence="0.965" wordID="producten" beginTime="8.420" endTime="8.900"/>
      <word confidence="0.749" wordID="SIL" beginTime="8.900" endTime="9.090"/>
      <word confidence="1.000" wordID="en" beginTime="9.090" endTime="9.210"/>
      <word confidence="1.000" wordID="ook" beginTime="9.210" endTime="9.350"/>
      <word confidence="0.905" wordID="goed" beginTime="9.350" endTime="9.640"/>
      <word confidence="0.745" wordID="SIL" beginTime="9.640" endTime="9.660"/>
      <word confidence="1.000" wordID="te" beginTime="9.660" endTime="9.860"/>
      <word confidence="0.748" wordID="SIL" beginTime="9.860" endTime="9.980"/>
      <word confidence="0.996" wordID="spelen" beginTime="9.980" endTime="10.350"/>
      <word confidence="1.000" wordID="een" beginTime="10.350" endTime="10.410"/>
      <word confidence="0.978" wordID="belangrijke" beginTime="10.410" endTime="10.880"/>
      <word confidence="1.000" wordID="rol" beginTime="10.880" endTime="11.180"/>
      <word confidence="1.000" wordID="in" beginTime="11.180" endTime="11.270"/>
      <word confidence="1.000" wordID="een" beginTime="11.270" endTime="11.330"/>
      <word confidence="0.941" wordID="nationale" beginTime="11.330" endTime="11.790"/>
      <word confidence="0.959" wordID="export" beginTime="11.790" endTime="12.260"/>
      <word confidence="0.746" wordID="SIL" beginTime="12.260" endTime="12.310"/>
    </wordsequence>
  </speech>
  <speech label="SPK01-003" begintime="12.33" endtime="15.42" >
    <wordsequence>
      <word confidence="0.750" wordID="SIL" beginTime="12.330" endTime="12.630"/>
      <word confidence="1.000" wordID="het" beginTime="12.630" endTime="12.780"/>
      <word confidence="1.000" wordID="zijn" beginTime="12.780" endTime="12.930"/>
      <word confidence="1.000" wordID="vooral" beginTime="12.930" endTime="13.220"/>
      <word confidence="1.000" wordID="ook" beginTime="13.220" endTime="13.350"/>
      <word confidence="0.739" wordID="SIL" beginTime="13.350" endTime="13.360"/>
      <word confidence="1.000" wordID="van" beginTime="13.360" endTime="13.520"/>
      <word confidence="1.000" wordID="groot" beginTime="13.520" endTime="13.760"/>
      <word confidence="1.000" wordID="gewicht" beginTime="13.760" endTime="14.090"/>
      <word confidence="0.957" wordID="voor" beginTime="14.090" endTime="14.200"/>
      <word confidence="0.938" wordID="de" beginTime="14.200" endTime="14.260"/>
      <word confidence="1.000" wordID="volksgezondheid" beginTime="14.260" endTime="15.040"/>
      <word confidence="0.749" wordID="SIL" beginTime="15.040" endTime="15.420"/>
    </wordsequence>
  </speech>
  <speech label="SPK01-004" begintime="15.51" endtime="20.03" >
    <wordsequence>
      <word confidence="0.750" wordID="SIL" beginTime="15.510" endTime="15.990"/>
      <word confidence="1.000" wordID="de" beginTime="15.990" endTime="16.060"/>
      <word confidence="0.979" wordID="bevrijding" beginTime="16.060" endTime="16.520"/>
      <word confidence="0.987" wordID="en" beginTime="16.520" endTime="16.620"/>
      <word confidence="0.954" wordID="verwerking" beginTime="16.620" endTime="17.100"/>
      <word confidence="1.000" wordID="van" beginTime="17.100" endTime="17.220"/>
      <word confidence="0.984" wordID="tuinbouwproducten" beginTime="17.220" endTime="18.020"/>
      <word confidence="0.749" wordID="SIL" beginTime="18.020" endTime="18.400"/>
      <word confidence="0.936" wordID="wordt" beginTime="18.400" endTime="18.560"/>
      <word confidence="1.000" wordID="in" beginTime="18.560" endTime="18.660"/>
      <word confidence="1.000" wordID="wageningen" beginTime="18.660" endTime="19.140"/>
      <word confidence="1.000" wordID="bestudeerd" beginTime="19.140" endTime="19.730"/>
      <word confidence="0.749" wordID="SIL" beginTime="19.730" endTime="20.030"/>
    </wordsequence>
  </speech>
  <speech label="SPK01-005" begintime="20.05" endtime="23.08" >
    <wordsequence>
      <word confidence="0.750" wordID="SIL" beginTime="20.050" endTime="20.110"/>
      <word confidence="1.000" wordID="in" beginTime="20.110" endTime="20.230"/>
      <word confidence="0.944" wordID="een" beginTime="20.230" endTime="20.300"/>
      <word confidence="1.000" wordID="instituut" beginTime="20.300" endTime="20.870"/>
      <word confidence="0.741" wordID="SIL" beginTime="20.870" endTime="20.890"/>
      <word confidence="1.000" wordID="dat" beginTime="20.890" endTime="21.050"/>
      <word confidence="0.980" wordID="dezer" beginTime="21.050" endTime="21.290"/>
      <word confidence="0.932" wordID="dagen" beginTime="21.290" endTime="21.570"/>
      <word confidence="1.000" wordID="een" beginTime="21.570" endTime="21.650"/>
      <word confidence="0.987" wordID="nieuw" beginTime="21.650" endTime="21.820"/>
      <word confidence="1.000" wordID="onderdak" beginTime="21.820" endTime="22.220"/>
      <word confidence="1.000" wordID="heeft" beginTime="22.220" endTime="22.380"/>
      <word confidence="1.000" wordID="gekregen" beginTime="22.380" endTime="23.080"/>
    </wordsequence>
  </speech>
  <speech label="SPK01-006" begintime="23.11" endtime="27.43" >
    <wordsequence>
      <word confidence="0.750" wordID="SIL" beginTime="23.110" endTime="23.640"/>
      <word confidence="0.864" wordID="de" beginTime="23.640" endTime="23.730"/>
      <word confidence="1.000" wordID="modellen" beginTime="23.730" endTime="24.140"/>
      <word confidence="0.988" wordID="laboratoria" beginTime="24.140" endTime="24.870"/>
      <word confidence="1.000" wordID="en" beginTime="24.870" endTime="24.940"/>
      <word confidence="0.971" wordID="bedrijfsruimten" beginTime="24.940" endTime="25.700"/>
      <word confidence="0.749" wordID="SIL" beginTime="25.700" endTime="26.070"/>
      <word confidence="1.000" wordID="in" beginTime="26.070" endTime="26.260"/>
      <word confidence="0.733" wordID="SIL" beginTime="26.260" endTime="26.270"/>
      <word confidence="0.978" wordID="daar" beginTime="26.270" endTime="26.450"/>
      <word confidence="0.898" wordID="voortdurend" beginTime="26.450" endTime="27.070"/>
      <word confidence="0.742" wordID="SIL" beginTime="27.070" endTime="27.080"/>
      <word confidence="0.975" wordID="over" beginTime="27.080" endTime="27.400"/>
      <word confidence="0.743" wordID="SIL" beginTime="27.400" endTime="27.430"/>
    </wordsequence>
  </speech>
  <speech label="SPK01-007" begintime="27.45" endtime="30.70" >
    <wordsequence>
      <word confidence="0.750" wordID="SIL" beginTime="27.450" endTime="27.690"/>
      <word confidence="1.000" wordID="met" beginTime="27.690" endTime="27.820"/>
      <word confidence="1.000" wordID="de" beginTime="27.820" endTime="27.890"/>
      <word confidence="1.000" wordID="verschillende" beginTime="27.890" endTime="28.280"/>
      <word confidence="1.000" wordID="methoden" beginTime="28.280" endTime="28.730"/>
      <word confidence="0.922" wordID="voor" beginTime="28.730" endTime="28.890"/>
      <word confidence="1.000" wordID="bewaring" beginTime="28.890" endTime="29.400"/>
      <word confidence="1.000" wordID="pantano" beginTime="29.400" endTime="29.860"/>
      <word confidence="0.998" wordID="producten" beginTime="29.860" endTime="30.340"/>
      <word confidence="0.749" wordID="SIL" beginTime="30.340" endTime="30.700"/>
    </wordsequence>
  </speech>
  <speech label="SPK01-008" begintime="30.72" endtime="36.85" >
    <wordsequence>
      <word confidence="0.750" wordID="SIL" beginTime="30.720" endTime="31.140"/>
      <word confidence="1.000" wordID="doe" beginTime="31.140" endTime="31.250"/>
      <word confidence="1.000" wordID="je" beginTime="31.250" endTime="31.410"/>
      <word confidence="1.000" wordID="als" beginTime="31.410" endTime="31.580"/>
      <word confidence="0.975" wordID="de" beginTime="31.580" endTime="31.680"/>
      <word confidence="1.000" wordID="bewaring" beginTime="31.680" endTime="32.190"/>
      <word confidence="0.969" wordID="is" beginTime="32.190" endTime="32.280"/>
      <word confidence="0.878" wordID="het" beginTime="32.280" endTime="32.380"/>
      <word confidence="0.984" wordID="mogelijk" beginTime="32.380" endTime="32.790"/>
      <word confidence="0.749" wordID="SIL" beginTime="32.790" endTime="33.110"/>
      <word confidence="0.922" wordID="de" beginTime="33.110" endTime="33.180"/>
      <word confidence="1.000" wordID="consument" beginTime="33.180" endTime="33.820"/>
      <word confidence="0.745" wordID="SIL" beginTime="33.820" endTime="33.900"/>
      <word confidence="0.978" wordID="beginnen" beginTime="33.900" endTime="34.190"/>
      <word confidence="1.000" wordID="in" beginTime="34.190" endTime="34.290"/>
      <word confidence="1.000" wordID="de" beginTime="34.290" endTime="34.370"/>
      <word confidence="1.000" wordID="winter" beginTime="34.370" endTime="34.800"/>
      <word confidence="1.000" wordID="bijvoorbeeld" beginTime="34.800" endTime="35.340"/>
      <word confidence="0.738" wordID="SIL" beginTime="35.340" endTime="35.350"/>
      <word confidence="0.925" wordID="over" beginTime="35.350" endTime="35.660"/>
      <word confidence="0.743" wordID="SIL" beginTime="35.660" endTime="35.670"/>
      <word confidence="1.000" wordID="zwarte" beginTime="35.670" endTime="36.060"/>
      <word confidence="1.000" wordID="voorzien" beginTime="36.060" endTime="36.460"/>
      <word confidence="0.749" wordID="SIL" beginTime="36.460" endTime="36.850"/>
    </wordsequence>
  </speech>
  <speech label="SPK01-009" begintime="36.88" endtime="41.09" >
    <wordsequence>
      <word confidence="0.750" wordID="SIL" beginTime="36.880" endTime="37.330"/>
      <word confidence="1.000" wordID="een" beginTime="37.330" endTime="37.540"/>
      <word confidence="1.000" wordID="van" beginTime="37.540" endTime="37.650"/>
      <word confidence="1.000" wordID="die" beginTime="37.650" endTime="37.720"/>
      <word confidence="1.000" wordID="methoden" beginTime="37.720" endTime="38.170"/>
      <word confidence="0.985" wordID="is" beginTime="38.170" endTime="38.240"/>
      <word confidence="1.000" wordID="te" beginTime="38.240" endTime="38.320"/>
      <word confidence="1.000" wordID="gast" beginTime="38.320" endTime="38.610"/>
      <word confidence="1.000" wordID="bewaring" beginTime="38.610" endTime="39.100"/>
      <word confidence="0.749" wordID="SIL" beginTime="39.100" endTime="39.780"/>
      <word confidence="1.000" wordID="in" beginTime="39.780" endTime="39.920"/>
      <word confidence="1.000" wordID="gas" beginTime="39.920" endTime="40.160"/>
      <word confidence="1.000" wordID="dichter" beginTime="40.160" endTime="40.500"/>
      <word confidence="0.938" wordID="buiten" beginTime="40.500" endTime="40.940"/>
      <word confidence="0.748" wordID="SIL" beginTime="40.940" endTime="41.090"/>
    </wordsequence>
  </speech>
  <speech label="SPK01-010" begintime="41.12" endtime="45.02" >
    <wordsequence>
      <word confidence="0.750" wordID="SIL" beginTime="41.120" endTime="41.290"/>
      <word confidence="0.906" wordID="ook" beginTime="41.290" endTime="41.420"/>
      <word confidence="0.929" wordID="de" beginTime="41.420" endTime="41.500"/>
      <word confidence="1.000" wordID="verhouding" beginTime="41.500" endTime="42.060"/>
      <word confidence="1.000" wordID="van" beginTime="42.060" endTime="42.170"/>
      <word confidence="1.000" wordID="het" beginTime="42.170" endTime="42.260"/>
      <word confidence="0.989" wordID="commission" beginTime="42.260" endTime="42.850"/>
      <word confidence="1.000" wordID="tot" beginTime="42.850" endTime="43.010"/>
      <word confidence="0.970" wordID="de" beginTime="43.010" endTime="43.090"/>
      <word confidence="1.000" wordID="zuurstof" beginTime="43.090" endTime="43.580"/>
      <word confidence="0.889" wordID="en" beginTime="43.580" endTime="43.660"/>
      <word confidence="1.000" wordID="daar" beginTime="43.660" endTime="43.830"/>
      <word confidence="1.000" wordID="wisten" beginTime="43.830" endTime="44.080"/>
      <word confidence="0.861" wordID="de" beginTime="44.080" endTime="44.150"/>
      <word confidence="0.968" wordID="lucht" beginTime="44.150" endTime="44.450"/>
      <word confidence="1.000" wordID="geregeld" beginTime="44.450" endTime="44.990"/>
      <word confidence="0.745" wordID="SIL" beginTime="44.990" endTime="45.020"/>
    </wordsequence>
  </speech>
  <speech label="SPK01-011" begintime="45.04" endtime="48.97" >
    <wordsequence>
      <word confidence="0.750" wordID="SIL" beginTime="45.040" endTime="45.380"/>
      <word confidence="1.000" wordID="op" beginTime="45.380" endTime="45.530"/>
      <word confidence="1.000" wordID="zowel" beginTime="45.530" endTime="45.910"/>
      <word confidence="1.000" wordID="de" beginTime="45.910" endTime="45.980"/>
      <word confidence="1.000" wordID="gewezen" beginTime="45.980" endTime="46.460"/>
      <word confidence="0.749" wordID="SIL" beginTime="46.460" endTime="46.850"/>
      <word confidence="1.000" wordID="dat" beginTime="46.850" endTime="46.950"/>
      <word confidence="1.000" wordID="de" beginTime="46.950" endTime="47.020"/>
      <word confidence="1.000" wordID="levensduur" beginTime="47.020" endTime="47.590"/>
      <word confidence="1.000" wordID="van" beginTime="47.590" endTime="47.690"/>
      <word confidence="0.884" wordID="het" beginTime="47.690" endTime="47.830"/>
      <word confidence="0.732" wordID="SIL" beginTime="47.830" endTime="47.840"/>
      <word confidence="1.000" wordID="wat" beginTime="47.840" endTime="48.060"/>
      <word confidence="0.960" wordID="wordt" beginTime="48.060" endTime="48.210"/>
      <word confidence="0.747" wordID="SIL" beginTime="48.210" endTime="48.260"/>
      <word confidence="0.924" wordID="gelegd" beginTime="48.260" endTime="48.540"/>
      <word confidence="0.749" wordID="SIL" beginTime="48.540" endTime="48.970"/>
    </wordsequence>
  </speech>
  <speech label="SPK01-012" begintime="49.39" endtime="56.35" >
    <wordsequence>
      <word confidence="0.750" wordID="SIL" beginTime="49.390" endTime="49.760"/>
      <word confidence="0.963" wordID="deel" beginTime="49.760" endTime="50.000"/>
      <word confidence="1.000" wordID="één" beginTime="50.000" endTime="50.110"/>
      <word confidence="1.000" wordID="en" beginTime="50.110" endTime="50.190"/>
      <word confidence="0.994" wordID="nog" beginTime="50.190" endTime="50.380"/>
      <word confidence="1.000" wordID="langer" beginTime="50.380" endTime="50.670"/>
      <word confidence="1.000" wordID="van" beginTime="50.670" endTime="50.830"/>
      <word confidence="0.957" wordID="grotere" beginTime="50.830" endTime="51.250"/>
      <word confidence="0.998" wordID="fouten" beginTime="51.250" endTime="51.550"/>
      <word confidence="0.962" wordID="kunnen" beginTime="51.550" endTime="51.700"/>
      <word confidence="1.000" wordID="profiteren" beginTime="51.700" endTime="52.300"/>
      <word confidence="0.738" wordID="SIL" beginTime="52.300" endTime="52.310"/>
      <word confidence="0.904" wordID="woorden" beginTime="52.310" endTime="52.950"/>
      <word confidence="0.967" wordID="zijn" beginTime="52.950" endTime="53.070"/>
      <word confidence="0.977" wordID="verwerkt" beginTime="53.070" endTime="53.640"/>
      <word confidence="0.747" wordID="SIL" beginTime="53.640" endTime="53.710"/>
      <word confidence="1.000" wordID="door" beginTime="53.710" endTime="53.840"/>
      <word confidence="1.000" wordID="middel" beginTime="53.840" endTime="54.070"/>
      <word confidence="1.000" wordID="van" beginTime="54.070" endTime="54.210"/>
      <word confidence="1.000" wordID="onder" beginTime="54.210" endTime="54.410"/>
      <word confidence="1.000" wordID="andere" beginTime="54.410" endTime="54.730"/>
      <word confidence="0.742" wordID="SIL" beginTime="54.730" endTime="54.740"/>
      <word confidence="0.948" wordID="in" beginTime="54.740" endTime="54.930"/>
      <word confidence="0.735" wordID="SIL" beginTime="54.930" endTime="54.940"/>
      <word confidence="1.000" wordID="blikken" beginTime="54.940" endTime="55.250"/>
      <word confidence="1.000" wordID="en" beginTime="55.250" endTime="55.350"/>
      <word confidence="1.000" wordID="die" beginTime="55.350" endTime="55.510"/>
      <word confidence="0.742" wordID="SIL" beginTime="55.510" endTime="55.530"/>
      <word confidence="0.974" wordID="friezen" beginTime="55.530" endTime="56.130"/>
      <word confidence="0.749" wordID="SIL" beginTime="56.130" endTime="56.350"/>
    </wordsequence>
  </speech>
  <speech label="SPK01-013" begintime="56.54" endtime="60.84" >
    <wordsequence>
      <word confidence="0.750" wordID="SIL" beginTime="56.540" endTime="57.040"/>
      <word confidence="0.935" wordID="goed" beginTime="57.040" endTime="57.240"/>
      <word confidence="1.000" wordID="onderzoek" beginTime="57.240" endTime="57.680"/>
      <word confidence="0.743" wordID="SIL" beginTime="57.680" endTime="57.700"/>
      <word confidence="0.784" wordID="aan" beginTime="57.700" endTime="57.840"/>
      <word confidence="0.743" wordID="SIL" beginTime="57.840" endTime="57.860"/>
      <word confidence="0.869" wordID="de" beginTime="57.860" endTime="57.940"/>
      <word confidence="0.988" wordID="wensen" beginTime="57.940" endTime="58.250"/>
      <word confidence="0.741" wordID="SIL" beginTime="58.250" endTime="58.260"/>
      <word confidence="0.999" wordID="en" beginTime="58.260" endTime="58.350"/>
      <word confidence="0.889" wordID="het" beginTime="58.350" endTime="58.430"/>
      <word confidence="1.000" wordID="instituut" beginTime="58.430" endTime="58.880"/>
      <word confidence="0.750" wordID="SIL" beginTime="58.880" endTime="59.210"/>
      <word confidence="0.812" wordID="voor" beginTime="59.210" endTime="59.310"/>
      <word confidence="0.740" wordID="SIL" beginTime="59.310" endTime="59.320"/>
      <word confidence="0.938" wordID="concrete" beginTime="59.320" endTime="59.810"/>
      <word confidence="0.945" wordID="diepvries" beginTime="59.810" endTime="60.270"/>
      <word confidence="1.000" wordID="interland" beginTime="60.270" endTime="60.840"/>
    </wordsequence>
  </speech>
  <speech label="SPK04-014" begintime="60.86" endtime="61.39" >
    <wordsequence>
      <word confidence="0.750" wordID="SIL" beginTime="60.860" endTime="61.390"/>
    </wordsequence>
  </speech>
  <speech label="SPK04-015" begintime="61.93" endtime="64.86" >
    <wordsequence>
      <word confidence="0.750" wordID="SIL" beginTime="61.930" endTime="62.710"/>
      <word confidence="0.814" wordID="en" beginTime="62.710" endTime="63.700"/>
      <word confidence="0.749" wordID="SIL" beginTime="63.700" endTime="63.880"/>
      <word confidence="0.833" wordID="er" beginTime="63.880" endTime="64.410"/>
      <word confidence="0.750" wordID="SIL" beginTime="64.410" endTime="64.860"/>
    </wordsequence>
  </speech>
  <speech label="SPK01-016" begintime="64.88" endtime="69.53" >
    <wordsequence>
      <word confidence="0.988" wordID="touria" beginTime="64.880" endTime="65.320"/>
      <word confidence="0.870" wordID="houden" beginTime="65.320" endTime="65.660"/>
      <word confidence="1.000" wordID="zich" beginTime="65.660" endTime="65.790"/>
      <word confidence="0.699" wordID="SIL" beginTime="65.790" endTime="65.830"/>
      <word confidence="0.953" wordID="overal" beginTime="65.830" endTime="66.180"/>
      <word confidence="1.000" wordID="bezig" beginTime="66.180" endTime="66.530"/>
      <word confidence="0.878" wordID="met" beginTime="66.530" endTime="66.670"/>
      <word confidence="1.000" wordID="de" beginTime="66.670" endTime="66.740"/>
      <word confidence="1.000" wordID="bestudering" beginTime="66.740" endTime="67.290"/>
      <word confidence="0.819" wordID="SIL" beginTime="67.290" endTime="67.300"/>
      <word confidence="1.000" wordID="ook" beginTime="67.300" endTime="67.380"/>
      <word confidence="1.000" wordID="de" beginTime="67.380" endTime="67.440"/>
      <word confidence="1.000" wordID="kwaliteit" beginTime="67.440" endTime="68.060"/>
      <word confidence="1.000" wordID="SIL" beginTime="68.060" endTime="68.890"/>
      <word confidence="1.000" wordID="zo" beginTime="68.890" endTime="69.110"/>
      <word confidence="0.741" wordID="SIL" beginTime="69.110" endTime="69.120"/>
      <word confidence="0.993" wordID="wordt" beginTime="69.120" endTime="69.300"/>
      <word confidence="0.931" wordID="er" beginTime="69.300" endTime="69.530"/>
    </wordsequence>
  </speech>
  <speech label="SPK06-017" begintime="69.55" endtime="72.27" >
    <wordsequence>
      <word confidence="1.000" wordID="onmatige" beginTime="69.550" endTime="70.010"/>
      <word confidence="1.000" wordID="controle" beginTime="70.010" endTime="70.470"/>
      <word confidence="0.936" wordID="uitgeoefend" beginTime="70.470" endTime="71.090"/>
      <word confidence="0.749" wordID="SIL" beginTime="71.090" endTime="71.330"/>
      <word confidence="1.000" wordID="op" beginTime="71.330" endTime="71.450"/>
      <word confidence="0.983" wordID="bijvoorbeeld" beginTime="71.450" endTime="71.930"/>
      <word confidence="1.000" wordID="het" beginTime="71.930" endTime="72.000"/>
      <word confidence="1.000" wordID="samen" beginTime="72.000" endTime="72.270"/>
    </wordsequence>
  </speech>
  <speech label="SPK01-018" begintime="72.29" endtime="73.92" >
    <wordsequence>
      <word confidence="1.000" wordID="stelling" beginTime="72.290" endTime="72.610"/>
      <word confidence="1.000" wordID="van" beginTime="72.610" endTime="72.720"/>
      <word confidence="1.000" wordID="alle" beginTime="72.720" endTime="72.910"/>
      <word confidence="0.978" wordID="nederlandse" beginTime="72.910" endTime="73.360"/>
      <word confidence="1.000" wordID="jane&apos;s" beginTime="73.360" endTime="73.740"/>
      <word confidence="1.000" wordID="SIL" beginTime="73.740" endTime="73.920"/>
    </wordsequence>
  </speech>
  <speech label="SPK01-019" begintime="73.95" endtime="79.60" >
    <wordsequence>
      <word confidence="0.750" wordID="SIL" beginTime="73.950" endTime="74.160"/>
      <word confidence="1.000" wordID="waarnemen" beginTime="74.160" endTime="74.600"/>
      <word confidence="0.949" wordID="lijkt" beginTime="74.600" endTime="74.830"/>
      <word confidence="1.000" wordID="op" beginTime="74.830" endTime="74.930"/>
      <word confidence="0.957" wordID="een" beginTime="74.930" endTime="75.040"/>
      <word confidence="0.975" wordID="jas" beginTime="75.040" endTime="75.350"/>
      <word confidence="0.732" wordID="SIL" beginTime="75.350" endTime="75.360"/>
      <word confidence="0.910" wordID="wat" beginTime="75.360" endTime="75.610"/>
      <word confidence="0.741" wordID="SIL" beginTime="75.610" endTime="75.620"/>
      <word confidence="1.000" wordID="valt" beginTime="75.620" endTime="75.920"/>
      <word confidence="0.910" wordID="er" beginTime="75.920" endTime="76.040"/>
      <word confidence="0.750" wordID="SIL" beginTime="76.040" endTime="76.980"/>
      <word confidence="0.931" wordID="ook" beginTime="76.980" endTime="77.180"/>
      <word confidence="1.000" wordID="verricht" beginTime="77.180" endTime="77.500"/>
      <word confidence="0.840" wordID="maar" beginTime="77.500" endTime="77.710"/>
      <word confidence="1.000" wordID="controle" beginTime="77.710" endTime="78.290"/>
      <word confidence="0.748" wordID="SIL" beginTime="78.290" endTime="78.380"/>
      <word confidence="1.000" wordID="op" beginTime="78.380" endTime="78.510"/>
      <word confidence="0.959" wordID="het" beginTime="78.510" endTime="78.640"/>
      <word confidence="0.740" wordID="SIL" beginTime="78.640" endTime="78.650"/>
      <word confidence="1.000" wordID="zakken" beginTime="78.650" endTime="78.960"/>
      <word confidence="1.000" wordID="gehalte" beginTime="78.960" endTime="79.420"/>
      <word confidence="0.749" wordID="SIL" beginTime="79.420" endTime="79.600"/>
    </wordsequence>
  </speech>
  <speech label="SPK01-020" begintime="79.62" endtime="83.52" >
    <wordsequence>
      <word confidence="0.750" wordID="SIL" beginTime="79.620" endTime="79.820"/>
      <word confidence="0.930" wordID="en" beginTime="79.820" endTime="79.910"/>
      <word confidence="1.000" wordID="op" beginTime="79.910" endTime="80.000"/>
      <word confidence="1.000" wordID="het" beginTime="80.000" endTime="80.100"/>
      <word confidence="0.986" wordID="vitamine" beginTime="80.100" endTime="80.560"/>
      <word confidence="1.000" wordID="gehalte" beginTime="80.560" endTime="80.950"/>
      <word confidence="1.000" wordID="van" beginTime="80.950" endTime="81.070"/>
      <word confidence="1.000" wordID="het" beginTime="81.070" endTime="81.200"/>
      <word confidence="0.976" wordID="arboconvenant" beginTime="81.200" endTime="81.850"/>
      <word confidence="0.833" wordID="dan" beginTime="81.850" endTime="82.340"/>
      <word confidence="0.750" wordID="SIL" beginTime="82.340" endTime="82.990"/>
      <word confidence="0.828" wordID="uh" beginTime="82.990" endTime="83.520"/>
    </wordsequence>
  </speech>
  <speech label="SPK01-021" begintime="83.54" endtime="87.69" >
    <wordsequence>
      <word confidence="0.750" wordID="SIL" beginTime="83.540" endTime="83.780"/>
      <word confidence="0.852" wordID="we" beginTime="83.780" endTime="83.890"/>
      <word confidence="0.897" wordID="we" beginTime="83.890" endTime="84.390"/>
      <word confidence="0.744" wordID="SIL" beginTime="84.390" endTime="84.420"/>
      <word confidence="1.000" wordID="bij" beginTime="84.420" endTime="84.530"/>
      <word confidence="1.000" wordID="het" beginTime="84.530" endTime="84.650"/>
      <word confidence="1.000" wordID="conserveren" beginTime="84.650" endTime="85.320"/>
      <word confidence="1.000" wordID="van" beginTime="85.320" endTime="85.480"/>
      <word confidence="0.953" wordID="groente" beginTime="85.480" endTime="85.840"/>
      <word confidence="1.000" wordID="is" beginTime="85.840" endTime="85.990"/>
      <word confidence="1.000" wordID="vooral" beginTime="85.990" endTime="86.260"/>
      <word confidence="1.000" wordID="de" beginTime="86.260" endTime="86.340"/>
      <word confidence="1.000" wordID="malsheid" beginTime="86.340" endTime="86.860"/>
      <word confidence="1.000" wordID="van" beginTime="86.860" endTime="87.000"/>
      <word confidence="1.000" wordID="groot" beginTime="87.000" endTime="87.200"/>
      <word confidence="0.928" wordID="belang" beginTime="87.200" endTime="87.690"/>
    </wordsequence>
  </speech>
  <speech label="SPK01-022" begintime="87.72" endtime="93.42" >
    <wordsequence>
      <word confidence="0.750" wordID="SIL" beginTime="87.720" endTime="87.970"/>
      <word confidence="1.000" wordID="deze" beginTime="87.970" endTime="88.210"/>
      <word confidence="0.918" wordID="was" beginTime="88.210" endTime="88.450"/>
      <word confidence="0.747" wordID="SIL" beginTime="88.450" endTime="88.490"/>
      <word confidence="0.920" wordID="in" beginTime="88.490" endTime="88.610"/>
      <word confidence="0.937" wordID="een" beginTime="88.610" endTime="88.690"/>
      <word confidence="0.968" wordID="ingenieus" beginTime="88.690" endTime="89.190"/>
      <word confidence="1.000" wordID="apparaat" beginTime="89.190" endTime="89.580"/>
      <word confidence="1.000" wordID="gemerkt" beginTime="89.580" endTime="89.960"/>
      <word confidence="0.750" wordID="SIL" beginTime="89.960" endTime="90.900"/>
      <word confidence="1.000" wordID="nadat" beginTime="90.900" endTime="91.130"/>
      <word confidence="0.880" wordID="nog" beginTime="91.130" endTime="91.350"/>
      <word confidence="0.741" wordID="SIL" beginTime="91.350" endTime="91.360"/>
      <word confidence="0.925" wordID="even" beginTime="91.360" endTime="91.540"/>
      <word confidence="0.738" wordID="SIL" beginTime="91.540" endTime="91.550"/>
      <word confidence="0.939" wordID="over" beginTime="91.550" endTime="91.840"/>
      <word confidence="1.000" wordID="stadsslot" beginTime="91.840" endTime="92.230"/>
      <word confidence="0.747" wordID="SIL" beginTime="92.230" endTime="92.260"/>
      <word confidence="0.973" wordID="woorden" beginTime="92.260" endTime="92.620"/>
      <word confidence="0.740" wordID="SIL" beginTime="92.620" endTime="92.630"/>
      <word confidence="1.000" wordID="sprak" beginTime="92.630" endTime="92.970"/>
      <word confidence="0.750" wordID="SIL" beginTime="92.970" endTime="93.420"/>
    </wordsequence>
  </speech>
  <speech label="SPK01-023" begintime="93.44" endtime="99.31" >
    <wordsequence>
      <word confidence="0.750" wordID="SIL" beginTime="93.440" endTime="93.910"/>
      <word confidence="1.000" wordID="dit" beginTime="93.910" endTime="94.100"/>
      <word confidence="1.000" wordID="aantal" beginTime="94.100" endTime="94.390"/>
      <word confidence="1.000" wordID="wetenschappelijk" beginTime="94.390" endTime="94.950"/>
      <word confidence="1.000" wordID="onderzoek" beginTime="94.950" endTime="95.320"/>
      <word confidence="0.749" wordID="SIL" beginTime="95.320" endTime="95.570"/>
      <word confidence="0.978" wordID="is" beginTime="95.570" endTime="95.670"/>
      <word confidence="0.923" wordID="voor" beginTime="95.670" endTime="95.790"/>
      <word confidence="0.875" wordID="de" beginTime="95.790" endTime="95.860"/>
      <word confidence="1.000" wordID="nederlandse" beginTime="95.860" endTime="96.250"/>
      <word confidence="0.988" wordID="dan" beginTime="96.250" endTime="96.530"/>
      <word confidence="1.000" wordID="bouwen" beginTime="96.530" endTime="96.870"/>
      <word confidence="0.941" wordID="voor" beginTime="96.870" endTime="96.970"/>
      <word confidence="1.000" wordID="de" beginTime="96.970" endTime="97.040"/>
      <word confidence="1.000" wordID="afsterven" beginTime="97.040" endTime="97.480"/>
      <word confidence="0.959" wordID="waar" beginTime="97.480" endTime="97.660"/>
      <word confidence="0.739" wordID="SIL" beginTime="97.660" endTime="97.670"/>
      <word confidence="0.884" wordID="goederen" beginTime="97.670" endTime="98.140"/>
      <word confidence="0.738" wordID="SIL" beginTime="98.140" endTime="98.150"/>
      <word confidence="1.000" wordID="van" beginTime="98.150" endTime="98.350"/>
      <word confidence="0.954" wordID="grote" beginTime="98.350" endTime="98.660"/>
      <word confidence="0.934" wordID="betekenis" beginTime="98.660" endTime="99.310"/>
    </wordsequence>
  </speech>
  <speech label="SPK16-024" begintime="99.33" endtime="102.35" >
    <wordsequence>
      <word confidence="0.719" wordID="SIL" beginTime="99.330" endTime="99.510"/>
      <word confidence="0.747" wordID="een" beginTime="99.510" endTime="99.650"/>
      <word confidence="0.775" wordID="uh" beginTime="99.650" endTime="100.160"/>
      <word confidence="0.787" wordID="een" beginTime="100.160" endTime="100.730"/>
      <word confidence="0.828" wordID="SIL" beginTime="100.730" endTime="101.970"/>
      <word confidence="0.839" wordID="valt" beginTime="101.970" endTime="102.260"/>
      <word confidence="0.749" wordID="SIL" beginTime="102.260" endTime="102.350"/>
    </wordsequence>
  </speech>

  </segments>
</shout_metadata>
