<?xml version="1.0" encoding="UTF-8"?>
<!--
  ##################################################################################################
  ###                      This transcription is automatically generated by                      ###
  ###                              X-MI, Cross-Media interaction                                 ###
  ###                                    http://x-mi.nl                                          ###
  ##################################################################################################
-->
<shout_metadata>
  <model_info>
    <version>Standaard systeem 28-02-2012</version>
    <description>Academia</description>
  </model_info>
  <segments>
  <speech label="SPK01-001" begintime="0.00" endtime="2.68" >
    <wordsequence>
      <word confidence="0.750" wordID="SIL" beginTime="0.000" endTime="0.380"/>
      <word confidence="0.841" wordID="laten" beginTime="0.380" endTime="1.330"/>
      <word confidence="0.750" wordID="SIL" beginTime="1.330" endTime="1.740"/>
      <word confidence="0.738" wordID="we" beginTime="1.740" endTime="1.930"/>
      <word confidence="0.832" wordID="ze" beginTime="1.930" endTime="2.610"/>
      <word confidence="0.749" wordID="SIL" beginTime="2.610" endTime="2.680"/>
    </wordsequence>
  </speech>
  <speech label="SPK03-002" begintime="2.70" endtime="5.72" >
    <wordsequence>
      <word confidence="0.920" wordID="dan" beginTime="2.700" endTime="2.870"/>
      <word confidence="0.921" wordID="laat" beginTime="2.870" endTime="3.010"/>
      <word confidence="1.000" wordID="hadden" beginTime="3.010" endTime="3.180"/>
      <word confidence="0.843" wordID="aangekondigd" beginTime="3.180" endTime="3.850"/>
      <word confidence="0.826" wordID="in" beginTime="3.850" endTime="3.970"/>
      <word confidence="0.929" wordID="de" beginTime="3.970" endTime="4.040"/>
      <word confidence="0.959" wordID="overwinterden" beginTime="4.040" endTime="4.790"/>
      <word confidence="0.870" wordID="SIL" beginTime="4.790" endTime="4.800"/>
      <word confidence="0.890" wordID="gebouwtje" beginTime="4.800" endTime="5.470"/>
      <word confidence="0.944" wordID="SIL" beginTime="5.470" endTime="5.720"/>
    </wordsequence>
  </speech>
  <speech label="SPK03-003" begintime="5.74" endtime="10.11" >
    <wordsequence>
      <word confidence="0.750" wordID="SIL" beginTime="5.740" endTime="5.970"/>
      <word confidence="0.862" wordID="maar" beginTime="5.970" endTime="6.230"/>
      <word confidence="1.000" wordID="niet" beginTime="6.230" endTime="6.460"/>
      <word confidence="0.882" wordID="alles" beginTime="6.460" endTime="6.830"/>
      <word confidence="0.736" wordID="SIL" beginTime="6.830" endTime="6.840"/>
      <word confidence="0.893" wordID="te" beginTime="6.840" endTime="6.990"/>
      <word confidence="0.747" wordID="SIL" beginTime="6.990" endTime="7.050"/>
      <word confidence="0.894" wordID="kunnen" beginTime="7.050" endTime="7.320"/>
      <word confidence="0.743" wordID="SIL" beginTime="7.320" endTime="7.330"/>
      <word confidence="0.915" wordID="aanmelden" beginTime="7.330" endTime="8.180"/>
      <word confidence="0.734" wordID="SIL" beginTime="8.180" endTime="8.190"/>
      <word confidence="1.000" wordID="die" beginTime="8.190" endTime="8.390"/>
      <word confidence="0.728" wordID="SIL" beginTime="8.390" endTime="8.400"/>
      <word confidence="0.847" wordID="daartoe" beginTime="8.400" endTime="8.840"/>
      <word confidence="0.926" wordID="kunnen" beginTime="8.840" endTime="9.050"/>
      <word confidence="0.920" wordID="in" beginTime="9.050" endTime="9.240"/>
      <word confidence="0.736" wordID="SIL" beginTime="9.240" endTime="9.250"/>
      <word confidence="0.906" wordID="kaart" beginTime="9.250" endTime="9.570"/>
      <word confidence="0.738" wordID="SIL" beginTime="9.570" endTime="9.580"/>
      <word confidence="0.825" wordID="van" beginTime="9.580" endTime="9.910"/>
      <word confidence="0.749" wordID="SIL" beginTime="9.910" endTime="10.110"/>
    </wordsequence>
  </speech>
  <speech label="SPK03-004" begintime="10.13" endtime="12.85" >
    <wordsequence>
      <word confidence="0.750" wordID="SIL" beginTime="10.130" endTime="10.380"/>
      <word confidence="0.861" wordID="en" beginTime="10.380" endTime="10.580"/>
      <word confidence="1.000" wordID="hier" beginTime="10.580" endTime="10.830"/>
      <word confidence="0.893" wordID="alle" beginTime="10.830" endTime="11.190"/>
      <word confidence="0.916" wordID="inlichtingen" beginTime="11.190" endTime="11.740"/>
      <word confidence="0.869" wordID="daarover" beginTime="11.740" endTime="12.340"/>
      <word confidence="0.738" wordID="SIL" beginTime="12.340" endTime="12.350"/>
      <word confidence="0.949" wordID="kunnen" beginTime="12.350" endTime="12.550"/>
      <word confidence="0.856" wordID="krijgen" beginTime="12.550" endTime="12.850"/>
    </wordsequence>
  </speech>
  <speech label="SPK06-005" begintime="12.87" endtime="15.58" >
    <wordsequence>
      <word confidence="0.750" wordID="SIL" beginTime="12.870" endTime="14.200"/>
      <word confidence="0.912" wordID="in" beginTime="14.200" endTime="14.370"/>
      <word confidence="0.759" wordID="de" beginTime="14.370" endTime="14.500"/>
      <word confidence="0.749" wordID="SIL" beginTime="14.500" endTime="14.560"/>
      <word confidence="0.844" wordID="namen" beginTime="14.560" endTime="14.820"/>
      <word confidence="0.741" wordID="SIL" beginTime="14.820" endTime="14.830"/>
      <word confidence="0.896" wordID="van" beginTime="14.830" endTime="14.940"/>
      <word confidence="0.741" wordID="SIL" beginTime="14.940" endTime="14.950"/>
      <word confidence="0.864" wordID="alle" beginTime="14.950" endTime="15.270"/>
      <word confidence="0.741" wordID="SIL" beginTime="15.270" endTime="15.280"/>
      <word confidence="0.908" wordID="kunnen" beginTime="15.280" endTime="15.500"/>
      <word confidence="0.749" wordID="SIL" beginTime="15.500" endTime="15.580"/>
    </wordsequence>
  </speech>
  <speech label="SPK03-006" begintime="15.60" endtime="18.04" >
    <wordsequence>
      <word confidence="0.711" wordID="SIL" beginTime="15.600" endTime="15.680"/>
      <word confidence="0.848" wordID="nou" beginTime="15.680" endTime="15.930"/>
      <word confidence="0.875" wordID="SIL" beginTime="15.930" endTime="15.970"/>
      <word confidence="0.955" wordID="direct" beginTime="15.970" endTime="16.440"/>
      <word confidence="0.999" wordID="SIL" beginTime="16.440" endTime="16.520"/>
      <word confidence="0.866" wordID="in" beginTime="16.520" endTime="16.650"/>
      <word confidence="0.746" wordID="een" beginTime="16.650" endTime="16.710"/>
      <word confidence="0.917" wordID="land" beginTime="16.710" endTime="16.890"/>
      <word confidence="1.000" wordID="SIL" beginTime="16.890" endTime="16.940"/>
      <word confidence="0.856" wordID="waar" beginTime="16.940" endTime="17.080"/>
      <word confidence="0.770" wordID="SIL" beginTime="17.080" endTime="17.190"/>
      <word confidence="0.902" wordID="tabak" beginTime="17.190" endTime="17.460"/>
      <word confidence="0.748" wordID="SIL" beginTime="17.460" endTime="17.570"/>
      <word confidence="0.863" wordID="wordt" beginTime="17.570" endTime="17.810"/>
      <word confidence="0.870" wordID="een" beginTime="17.810" endTime="18.020"/>
      <word confidence="0.743" wordID="SIL" beginTime="18.020" endTime="18.040"/>
    </wordsequence>
  </speech>
  <speech label="SPK03-007" begintime="18.06" endtime="21.74" >
    <wordsequence>
      <word confidence="0.750" wordID="SIL" beginTime="18.060" endTime="18.360"/>
      <word confidence="0.848" wordID="met" beginTime="18.360" endTime="18.540"/>
      <word confidence="0.738" wordID="SIL" beginTime="18.540" endTime="18.550"/>
      <word confidence="0.878" wordID="vertegenwoordigers" beginTime="18.550" endTime="19.420"/>
      <word confidence="0.739" wordID="SIL" beginTime="19.420" endTime="19.430"/>
      <word confidence="0.905" wordID="van" beginTime="19.430" endTime="19.570"/>
      <word confidence="0.906" wordID="grote" beginTime="19.570" endTime="19.940"/>
      <word confidence="0.739" wordID="SIL" beginTime="19.940" endTime="19.960"/>
      <word confidence="1.000" wordID="verbaal" beginTime="19.960" endTime="20.440"/>
      <word confidence="0.749" wordID="SIL" beginTime="20.440" endTime="20.650"/>
      <word confidence="1.000" wordID="die" beginTime="20.650" endTime="20.830"/>
      <word confidence="0.943" wordID="arbeid" beginTime="20.830" endTime="21.190"/>
      <word confidence="0.747" wordID="SIL" beginTime="21.190" endTime="21.260"/>
      <word confidence="0.853" wordID="waren" beginTime="21.260" endTime="21.740"/>
    </wordsequence>
  </speech>
  <speech label="SPK01-008" begintime="21.76" endtime="25.82" >
    <wordsequence>
      <word confidence="0.646" wordID="SIL" beginTime="21.760" endTime="21.790"/>
      <word confidence="0.844" wordID="die" beginTime="21.790" endTime="22.970"/>
      <word confidence="0.674" wordID="SIL" beginTime="22.970" endTime="22.980"/>
      <word confidence="0.963" wordID="voor" beginTime="22.980" endTime="23.140"/>
      <word confidence="0.925" wordID="malaria" beginTime="23.140" endTime="23.810"/>
      <word confidence="0.793" wordID="SIL" beginTime="23.810" endTime="24.120"/>
      <word confidence="0.911" wordID="worden" beginTime="24.120" endTime="24.320"/>
      <word confidence="0.961" wordID="verwarmd" beginTime="24.320" endTime="24.750"/>
      <word confidence="0.896" wordID="en" beginTime="24.750" endTime="24.930"/>
      <word confidence="0.749" wordID="SIL" beginTime="24.930" endTime="25.190"/>
      <word confidence="0.977" wordID="wat" beginTime="25.190" endTime="25.360"/>
      <word confidence="0.939" wordID="willen" beginTime="25.360" endTime="25.610"/>
      <word confidence="0.972" wordID="weten" beginTime="25.610" endTime="25.820"/>
    </wordsequence>
  </speech>
  <speech label="SPK01-009" begintime="25.84" endtime="28.86" >
    <wordsequence>
      <word confidence="0.737" wordID="SIL" beginTime="25.840" endTime="26.010"/>
      <word confidence="0.899" wordID="daardoor" beginTime="26.010" endTime="26.260"/>
      <word confidence="0.943" wordID="vallen" beginTime="26.260" endTime="26.590"/>
      <word confidence="0.891" wordID="buiten" beginTime="26.590" endTime="26.820"/>
      <word confidence="0.888" wordID="SIL" beginTime="26.820" endTime="26.830"/>
      <word confidence="1.000" wordID="van" beginTime="26.830" endTime="26.950"/>
      <word confidence="0.971" wordID="vervanger" beginTime="26.950" endTime="27.430"/>
      <word confidence="0.751" wordID="SIL" beginTime="27.430" endTime="27.480"/>
      <word confidence="0.860" wordID="van" beginTime="27.480" endTime="27.730"/>
      <word confidence="0.814" wordID="SIL" beginTime="27.730" endTime="27.740"/>
      <word confidence="0.862" wordID="bijvoorbeeld" beginTime="27.740" endTime="28.110"/>
      <word confidence="0.807" wordID="SIL" beginTime="28.110" endTime="28.120"/>
      <word confidence="0.993" wordID="banken" beginTime="28.120" endTime="28.430"/>
      <word confidence="0.862" wordID="over" beginTime="28.430" endTime="28.780"/>
      <word confidence="1.000" wordID="SIL" beginTime="28.780" endTime="28.860"/>
    </wordsequence>
  </speech>
  <speech label="SPK01-010" begintime="28.88" endtime="32.78" >
    <wordsequence>
      <word confidence="0.750" wordID="SIL" beginTime="28.880" endTime="28.960"/>
      <word confidence="0.870" wordID="ridder" beginTime="28.960" endTime="29.410"/>
      <word confidence="0.661" wordID="SIL" beginTime="29.410" endTime="29.420"/>
      <word confidence="0.859" wordID="van" beginTime="29.420" endTime="29.660"/>
      <word confidence="0.968" wordID="de" beginTime="29.660" endTime="29.740"/>
      <word confidence="0.911" wordID="arbeid" beginTime="29.740" endTime="30.170"/>
      <word confidence="0.709" wordID="SIL" beginTime="30.170" endTime="30.180"/>
      <word confidence="0.836" wordID="het" beginTime="30.180" endTime="30.260"/>
      <word confidence="0.790" wordID="SIL" beginTime="30.260" endTime="30.300"/>
      <word confidence="0.899" wordID="kan" beginTime="30.300" endTime="30.470"/>
      <word confidence="0.887" wordID="overkomen" beginTime="30.470" endTime="30.950"/>
      <word confidence="0.907" wordID="weten" beginTime="30.950" endTime="31.180"/>
      <word confidence="0.913" wordID="SIL" beginTime="31.180" endTime="31.190"/>
      <word confidence="0.974" wordID="waar" beginTime="31.190" endTime="31.380"/>
      <word confidence="0.993" wordID="SIL" beginTime="31.380" endTime="31.420"/>
      <word confidence="0.971" wordID="wat" beginTime="31.420" endTime="31.560"/>
      <word confidence="0.888" wordID="SIL" beginTime="31.560" endTime="31.670"/>
      <word confidence="0.948" wordID="lager" beginTime="31.670" endTime="32.040"/>
      <word confidence="0.982" wordID="SIL" beginTime="32.040" endTime="32.100"/>
      <word confidence="0.936" wordID="dan" beginTime="32.100" endTime="32.300"/>
      <word confidence="0.806" wordID="SIL" beginTime="32.300" endTime="32.360"/>
      <word confidence="0.964" wordID="boven" beginTime="32.360" endTime="32.780"/>
    </wordsequence>
  </speech>
  <speech label="SPK01-011" begintime="32.80" endtime="36.77" >
    <wordsequence>
      <word confidence="0.750" wordID="SIL" beginTime="32.800" endTime="33.280"/>
      <word confidence="1.000" wordID="en" beginTime="33.280" endTime="33.390"/>
      <word confidence="0.952" wordID="daar" beginTime="33.390" endTime="33.720"/>
      <word confidence="0.742" wordID="SIL" beginTime="33.720" endTime="33.730"/>
      <word confidence="0.886" wordID="werden" beginTime="33.730" endTime="33.980"/>
      <word confidence="0.732" wordID="SIL" beginTime="33.980" endTime="33.990"/>
      <word confidence="0.874" wordID="we" beginTime="33.990" endTime="34.100"/>
      <word confidence="0.929" wordID="waren" beginTime="34.100" endTime="34.570"/>
      <word confidence="0.749" wordID="SIL" beginTime="34.570" endTime="34.740"/>
      <word confidence="1.000" wordID="bijna" beginTime="34.740" endTime="34.980"/>
      <word confidence="0.978" wordID="wordt" beginTime="34.980" endTime="35.180"/>
      <word confidence="0.905" wordID="algemeen" beginTime="35.180" endTime="35.780"/>
      <word confidence="0.749" wordID="SIL" beginTime="35.780" endTime="35.950"/>
      <word confidence="0.910" wordID="werden" beginTime="35.950" endTime="36.370"/>
      <word confidence="0.748" wordID="SIL" beginTime="36.370" endTime="36.480"/>
      <word confidence="1.000" wordID="dat" beginTime="36.480" endTime="36.660"/>
      <word confidence="0.748" wordID="SIL" beginTime="36.660" endTime="36.770"/>
    </wordsequence>
  </speech>
  <speech label="SPK01-012" begintime="36.79" endtime="39.49" >
    <wordsequence>
      <word confidence="0.750" wordID="SIL" beginTime="36.790" endTime="36.880"/>
      <word confidence="0.987" wordID="maar" beginTime="36.880" endTime="37.010"/>
      <word confidence="0.749" wordID="SIL" beginTime="37.010" endTime="37.120"/>
      <word confidence="0.979" wordID="wel" beginTime="37.120" endTime="37.410"/>
      <word confidence="0.747" wordID="SIL" beginTime="37.410" endTime="37.450"/>
      <word confidence="1.000" wordID="met" beginTime="37.450" endTime="37.600"/>
      <word confidence="0.883" wordID="een" beginTime="37.600" endTime="37.760"/>
      <word confidence="0.744" wordID="SIL" beginTime="37.760" endTime="37.780"/>
      <word confidence="0.857" wordID="wachten" beginTime="37.780" endTime="38.230"/>
      <word confidence="0.741" wordID="SIL" beginTime="38.230" endTime="38.240"/>
      <word confidence="0.956" wordID="op" beginTime="38.240" endTime="38.370"/>
      <word confidence="0.749" wordID="SIL" beginTime="38.370" endTime="38.540"/>
      <word confidence="0.939" wordID="vertrouwen" beginTime="38.540" endTime="39.210"/>
      <word confidence="0.737" wordID="SIL" beginTime="39.210" endTime="39.220"/>
      <word confidence="0.872" wordID="dat" beginTime="39.220" endTime="39.360"/>
      <word confidence="0.748" wordID="SIL" beginTime="39.360" endTime="39.490"/>
    </wordsequence>
  </speech>
  <speech label="SPK01-013" begintime="39.51" endtime="42.73" >
    <wordsequence>
      <word confidence="0.750" wordID="SIL" beginTime="39.510" endTime="39.660"/>
      <word confidence="0.958" wordID="uit" beginTime="39.660" endTime="39.930"/>
      <word confidence="0.738" wordID="SIL" beginTime="39.930" endTime="39.940"/>
      <word confidence="0.902" wordID="tegen" beginTime="39.940" endTime="40.320"/>
      <word confidence="0.749" wordID="SIL" beginTime="40.320" endTime="40.460"/>
      <word confidence="1.000" wordID="de" beginTime="40.460" endTime="40.540"/>
      <word confidence="0.889" wordID="kwam" beginTime="40.540" endTime="40.970"/>
      <word confidence="1.000" wordID="daar" beginTime="40.970" endTime="41.100"/>
      <word confidence="0.922" wordID="nog" beginTime="41.100" endTime="41.240"/>
      <word confidence="0.928" wordID="een" beginTime="41.240" endTime="41.320"/>
      <word confidence="0.745" wordID="SIL" beginTime="41.320" endTime="41.360"/>
      <word confidence="0.980" wordID="deel" beginTime="41.360" endTime="41.560"/>
      <word confidence="0.745" wordID="SIL" beginTime="41.560" endTime="41.580"/>
      <word confidence="1.000" wordID="weer" beginTime="41.580" endTime="41.750"/>
      <word confidence="0.890" wordID="vier" beginTime="41.750" endTime="42.010"/>
      <word confidence="0.938" wordID="SIL" beginTime="42.010" endTime="42.020"/>
      <word confidence="0.967" wordID="van" beginTime="42.020" endTime="42.130"/>
      <word confidence="0.880" wordID="SIL" beginTime="42.130" endTime="42.190"/>
      <word confidence="1.000" wordID="waar" beginTime="42.190" endTime="42.480"/>
      <word confidence="0.749" wordID="SIL" beginTime="42.480" endTime="42.730"/>
    </wordsequence>
  </speech>
  <speech label="SPK01-014" begintime="42.75" endtime="46.48" >
    <wordsequence>
      <word confidence="0.750" wordID="SIL" beginTime="42.750" endTime="42.960"/>
      <word confidence="0.977" wordID="ik" beginTime="42.960" endTime="43.080"/>
      <word confidence="0.904" wordID="heb" beginTime="43.080" endTime="43.230"/>
      <word confidence="0.747" wordID="SIL" beginTime="43.230" endTime="43.270"/>
      <word confidence="0.959" wordID="hier" beginTime="43.270" endTime="43.490"/>
      <word confidence="0.732" wordID="SIL" beginTime="43.490" endTime="43.500"/>
      <word confidence="0.963" wordID="vertegenwoordiger" beginTime="43.500" endTime="44.380"/>
      <word confidence="0.842" wordID="van" beginTime="44.380" endTime="44.590"/>
      <word confidence="0.856" wordID="het" beginTime="44.590" endTime="44.690"/>
      <word confidence="0.743" wordID="SIL" beginTime="44.690" endTime="44.720"/>
      <word confidence="0.968" wordID="woord" beginTime="44.720" endTime="44.910"/>
      <word confidence="0.748" wordID="SIL" beginTime="44.910" endTime="45.010"/>
      <word confidence="0.953" wordID="buiten" beginTime="45.010" endTime="45.490"/>
      <word confidence="0.744" wordID="SIL" beginTime="45.490" endTime="45.520"/>
      <word confidence="0.950" wordID="ja" beginTime="45.520" endTime="45.690"/>
      <word confidence="0.923" wordID="maar" beginTime="45.690" endTime="46.020"/>
      <word confidence="0.750" wordID="SIL" beginTime="46.020" endTime="46.480"/>
    </wordsequence>
  </speech>
  <speech label="SPK01-015" begintime="46.50" endtime="49.90" >
    <wordsequence>
      <word confidence="0.750" wordID="SIL" beginTime="46.500" endTime="46.680"/>
      <word confidence="0.884" wordID="in" beginTime="46.680" endTime="46.990"/>
      <word confidence="0.749" wordID="SIL" beginTime="46.990" endTime="47.100"/>
      <word confidence="0.898" wordID="ruigoord" beginTime="47.100" endTime="48.020"/>
      <word confidence="0.740" wordID="SIL" beginTime="48.020" endTime="48.030"/>
      <word confidence="0.909" wordID="horen" beginTime="48.030" endTime="48.350"/>
      <word confidence="0.936" wordID="arbeider" beginTime="48.350" endTime="48.950"/>
      <word confidence="0.748" wordID="SIL" beginTime="48.950" endTime="49.030"/>
      <word confidence="0.873" wordID="dus" beginTime="49.030" endTime="49.170"/>
      <word confidence="0.937" wordID="ook" beginTime="49.170" endTime="49.370"/>
      <word confidence="0.750" wordID="SIL" beginTime="49.370" endTime="49.900"/>
    </wordsequence>
  </speech>
  <speech label="SPK01-016" begintime="49.92" endtime="53.97" >
    <wordsequence>
      <word confidence="0.750" wordID="SIL" beginTime="49.920" endTime="50.320"/>
      <word confidence="0.839" wordID="ik" beginTime="50.320" endTime="50.660"/>
      <word confidence="0.743" wordID="SIL" beginTime="50.660" endTime="50.670"/>
      <word confidence="0.995" wordID="kan" beginTime="50.670" endTime="50.820"/>
      <word confidence="0.962" wordID="het" beginTime="50.820" endTime="50.910"/>
      <word confidence="0.749" wordID="SIL" beginTime="50.910" endTime="51.060"/>
      <word confidence="0.910" wordID="leven" beginTime="51.060" endTime="51.480"/>
      <word confidence="0.740" wordID="SIL" beginTime="51.480" endTime="51.490"/>
      <word confidence="0.960" wordID="aan" beginTime="51.490" endTime="51.630"/>
      <word confidence="0.903" wordID="het" beginTime="51.630" endTime="51.750"/>
      <word confidence="0.747" wordID="SIL" beginTime="51.750" endTime="51.810"/>
      <word confidence="1.000" wordID="worden" beginTime="51.810" endTime="52.050"/>
      <word confidence="0.736" wordID="SIL" beginTime="52.050" endTime="52.060"/>
      <word confidence="0.945" wordID="verwacht" beginTime="52.060" endTime="52.340"/>
      <word confidence="0.750" wordID="SIL" beginTime="52.340" endTime="52.950"/>
      <word confidence="0.966" wordID="werd" beginTime="52.950" endTime="53.150"/>
      <word confidence="0.746" wordID="SIL" beginTime="53.150" endTime="53.190"/>
      <word confidence="0.883" wordID="dat" beginTime="53.190" endTime="53.400"/>
      <word confidence="0.749" wordID="SIL" beginTime="53.400" endTime="53.660"/>
      <word confidence="0.804" wordID="ze" beginTime="53.660" endTime="53.970"/>
    </wordsequence>
  </speech>
  <speech label="SPK05-017" begintime="53.99" endtime="58.69" >
    <wordsequence>
      <word confidence="0.743" wordID="SIL" beginTime="53.990" endTime="54.570"/>
      <word confidence="0.758" wordID="ja" beginTime="54.570" endTime="57.260"/>
      <word confidence="0.675" wordID="SIL" beginTime="57.260" endTime="57.270"/>
      <word confidence="0.752" wordID="ja" beginTime="57.270" endTime="58.690"/>
    </wordsequence>
  </speech>
  <speech label="SPK07-018" begintime="58.71" endtime="61.74" >
    <wordsequence>
      <word confidence="0.750" wordID="SIL" beginTime="58.710" endTime="58.800"/>
      <word confidence="0.760" wordID="ja" beginTime="58.800" endTime="59.950"/>
      <word confidence="0.775" wordID="SIL" beginTime="59.950" endTime="60.370"/>
      <word confidence="0.770" wordID="ja" beginTime="60.370" endTime="61.180"/>
      <word confidence="0.707" wordID="SIL" beginTime="61.180" endTime="61.300"/>
      <word confidence="0.800" wordID="ja" beginTime="61.300" endTime="61.420"/>
      <word confidence="0.799" wordID="SIL" beginTime="61.420" endTime="61.430"/>
      <word confidence="0.738" wordID="ik" beginTime="61.430" endTime="61.740"/>
    </wordsequence>
  </speech>
  <speech label="SPK08-019" begintime="61.76" endtime="64.51" >
    <wordsequence>
      <word confidence="0.750" wordID="SIL" beginTime="61.760" endTime="62.110"/>
      <word confidence="0.760" wordID="ja" beginTime="62.110" endTime="64.510"/>
    </wordsequence>
  </speech>
  <speech label="SPK09-020" begintime="64.53" endtime="66.58" >
    <wordsequence>
      <word confidence="0.707" wordID="SIL" beginTime="64.530" endTime="64.590"/>
      <word confidence="0.760" wordID="ja" beginTime="64.590" endTime="66.580"/>
    </wordsequence>
  </speech>
  <speech label="SPK09-021" begintime="66.60" endtime="70.41" >
    <wordsequence>
      <word confidence="0.750" wordID="SIL" beginTime="66.600" endTime="66.610"/>
      <word confidence="0.748" wordID="ik" beginTime="66.610" endTime="67.370"/>
      <word confidence="0.761" wordID="SIL" beginTime="67.370" endTime="67.460"/>
      <word confidence="0.802" wordID="heb" beginTime="67.460" endTime="67.560"/>
      <word confidence="0.765" wordID="SIL" beginTime="67.560" endTime="67.610"/>
      <word confidence="0.761" wordID="ik" beginTime="67.610" endTime="68.100"/>
      <word confidence="0.755" wordID="SIL" beginTime="68.100" endTime="68.200"/>
      <word confidence="0.746" wordID="ja" beginTime="68.200" endTime="70.410"/>
    </wordsequence>
  </speech>
  <speech label="SPK11-022" begintime="70.43" endtime="73.42" >
    <wordsequence>
      <word confidence="0.741" wordID="SIL" beginTime="70.430" endTime="70.640"/>
      <word confidence="0.752" wordID="ja" beginTime="70.640" endTime="73.240"/>
      <word confidence="0.750" wordID="SIL" beginTime="73.240" endTime="73.250"/>
      <word confidence="0.845" wordID="maar" beginTime="73.250" endTime="73.420"/>
    </wordsequence>
  </speech>
  <speech label="SPK12-023" begintime="73.44" endtime="76.97" >
    <wordsequence>
      <word confidence="0.802" wordID="het" beginTime="73.440" endTime="73.630"/>
      <word confidence="0.830" wordID="nog" beginTime="73.630" endTime="73.900"/>
      <word confidence="0.733" wordID="SIL" beginTime="73.900" endTime="73.910"/>
      <word confidence="0.756" wordID="ja" beginTime="73.910" endTime="75.080"/>
      <word confidence="0.750" wordID="SIL" beginTime="75.080" endTime="75.110"/>
      <word confidence="0.773" wordID="ja" beginTime="75.110" endTime="75.910"/>
      <word confidence="0.706" wordID="SIL" beginTime="75.910" endTime="75.920"/>
      <word confidence="0.779" wordID="ja" beginTime="75.920" endTime="76.970"/>
    </wordsequence>
  </speech>
  <speech label="SPK14-024" begintime="76.99" endtime="81.13" >
    <wordsequence>
      <word confidence="0.741" wordID="SIL" beginTime="76.990" endTime="77.120"/>
      <word confidence="0.752" wordID="ja" beginTime="77.120" endTime="81.130"/>
    </wordsequence>
  </speech>
  <speech label="SPK15-025" begintime="81.15" endtime="83.61" >
    <wordsequence>
      <word confidence="0.743" wordID="ja" beginTime="81.150" endTime="81.900"/>
      <word confidence="0.739" wordID="SIL" beginTime="81.900" endTime="81.970"/>
      <word confidence="0.762" wordID="ja" beginTime="81.970" endTime="83.560"/>
      <word confidence="0.757" wordID="SIL" beginTime="83.560" endTime="83.610"/>
    </wordsequence>
  </speech>
  <speech label="SPK16-026" begintime="83.63" endtime="86.36" >
    <wordsequence>
      <word confidence="0.739" wordID="ja" beginTime="83.630" endTime="84.700"/>
      <word confidence="0.764" wordID="SIL" beginTime="84.700" endTime="84.740"/>
      <word confidence="0.787" wordID="een" beginTime="84.740" endTime="85.070"/>
      <word confidence="0.714" wordID="SIL" beginTime="85.070" endTime="85.170"/>
      <word confidence="0.800" wordID="goed" beginTime="85.170" endTime="86.350"/>
      <word confidence="1.000" wordID="SIL" beginTime="86.350" endTime="86.360"/>
    </wordsequence>
  </speech>

  </segments>
</shout_metadata>
