<?xml version="1.0" encoding="UTF-8"?>
<!--
  ##################################################################################################
  ###                      This transcription is automatically generated by                      ###
  ###                              X-MI, Cross-Media interaction                                 ###
  ###                                    http://x-mi.nl                                          ###
  ##################################################################################################
-->
<shout_metadata>
  <model_info>
    <version>Standaard systeem 28-02-2012</version>
    <description>Academia</description>
  </model_info>
  <segments>
  <speech label="SPK02-001" begintime="0.00" endtime="3.95" >
    <wordsequence>
      <word confidence="0.750" wordID="SIL" beginTime="0.000" endTime="0.280"/>
      <word confidence="0.964" wordID="koole" beginTime="0.280" endTime="2.510"/>
      <word confidence="0.749" wordID="SIL" beginTime="2.510" endTime="2.640"/>
      <word confidence="0.790" wordID="ik" beginTime="2.640" endTime="3.230"/>
      <word confidence="0.748" wordID="SIL" beginTime="3.230" endTime="3.250"/>
      <word confidence="0.855" wordID="land" beginTime="3.250" endTime="3.560"/>
      <word confidence="0.860" wordID="heerst" beginTime="3.560" endTime="3.940"/>
      <word confidence="0.741" wordID="SIL" beginTime="3.940" endTime="3.950"/>
    </wordsequence>
  </speech>
  <speech label="SPK07-002" begintime="3.97" endtime="7.16" >
    <wordsequence>
      <word confidence="1.000" wordID="als" beginTime="3.970" endTime="4.180"/>
      <word confidence="0.885" wordID="grote" beginTime="4.180" endTime="4.560"/>
      <word confidence="0.876" wordID="drukte" beginTime="4.560" endTime="4.920"/>
      <word confidence="0.937" wordID="bij" beginTime="4.920" endTime="5.170"/>
      <word confidence="0.830" wordID="SIL" beginTime="5.170" endTime="5.180"/>
      <word confidence="0.925" wordID="binnenhalen" beginTime="5.180" endTime="5.700"/>
      <word confidence="1.000" wordID="van" beginTime="5.700" endTime="5.820"/>
      <word confidence="0.934" wordID="de" beginTime="5.820" endTime="5.900"/>
      <word confidence="0.863" wordID="vraag" beginTime="5.900" endTime="6.250"/>
      <word confidence="0.807" wordID="SIL" beginTime="6.250" endTime="6.260"/>
      <word confidence="1.000" wordID="hoe" beginTime="6.260" endTime="6.500"/>
      <word confidence="0.952" wordID="SIL" beginTime="6.500" endTime="6.600"/>
      <word confidence="0.847" wordID="een" beginTime="6.600" endTime="6.850"/>
      <word confidence="0.794" wordID="SIL" beginTime="6.850" endTime="7.160"/>
    </wordsequence>
  </speech>
  <speech label="SPK07-003" begintime="7.27" endtime="11.28" >
    <wordsequence>
      <word confidence="0.750" wordID="SIL" beginTime="7.270" endTime="7.760"/>
      <word confidence="0.900" wordID="zorgvuldig" beginTime="7.760" endTime="8.430"/>
      <word confidence="0.974" wordID="worden" beginTime="8.430" endTime="8.650"/>
      <word confidence="0.959" wordID="de" beginTime="8.650" endTime="8.750"/>
      <word confidence="0.936" wordID="castricum" beginTime="8.750" endTime="9.300"/>
      <word confidence="1.000" wordID="en" beginTime="9.300" endTime="9.420"/>
      <word confidence="1.000" wordID="andere" beginTime="9.420" endTime="9.740"/>
      <word confidence="1.000" wordID="fijne" beginTime="9.740" endTime="10.100"/>
      <word confidence="0.883" wordID="faillissementen" beginTime="10.100" endTime="10.800"/>
      <word confidence="0.736" wordID="SIL" beginTime="10.800" endTime="10.810"/>
      <word confidence="0.893" wordID="geplukt" beginTime="10.810" endTime="11.280"/>
    </wordsequence>
  </speech>
  <speech label="SPK07-004" begintime="11.30" endtime="13.73" >
    <wordsequence>
      <word confidence="0.750" wordID="SIL" beginTime="11.300" endTime="11.720"/>
      <word confidence="0.926" wordID="en" beginTime="11.720" endTime="11.980"/>
      <word confidence="0.991" wordID="spezialetti" beginTime="11.980" endTime="12.670"/>
      <word confidence="1.000" wordID="e&apos;tjes" beginTime="12.670" endTime="12.930"/>
      <word confidence="0.938" wordID="van" beginTime="12.930" endTime="13.100"/>
      <word confidence="0.737" wordID="SIL" beginTime="13.100" endTime="13.110"/>
      <word confidence="0.984" wordID="pakken" beginTime="13.110" endTime="13.470"/>
      <word confidence="0.749" wordID="SIL" beginTime="13.470" endTime="13.730"/>
    </wordsequence>
  </speech>
  <speech label="SPK07-005" begintime="13.75" endtime="17.36" >
    <wordsequence>
      <word confidence="0.750" wordID="SIL" beginTime="13.750" endTime="13.940"/>
      <word confidence="0.982" wordID="omdat" beginTime="13.940" endTime="14.280"/>
      <word confidence="0.921" wordID="zij" beginTime="14.280" endTime="14.370"/>
      <word confidence="1.000" wordID="het" beginTime="14.370" endTime="14.470"/>
      <word confidence="1.000" wordID="een" beginTime="14.470" endTime="14.610"/>
      <word confidence="1.000" wordID="inzet" beginTime="14.610" endTime="14.870"/>
      <word confidence="0.903" wordID="van" beginTime="14.870" endTime="15.010"/>
      <word confidence="0.925" wordID="een" beginTime="15.010" endTime="15.070"/>
      <word confidence="1.000" wordID="voelen" beginTime="15.070" endTime="15.440"/>
      <word confidence="0.739" wordID="SIL" beginTime="15.440" endTime="15.450"/>
      <word confidence="1.000" wordID="niet" beginTime="15.450" endTime="15.710"/>
      <word confidence="1.000" wordID="kunnen" beginTime="15.710" endTime="15.970"/>
      <word confidence="0.920" wordID="beschadigen" beginTime="15.970" endTime="16.700"/>
      <word confidence="0.750" wordID="SIL" beginTime="16.700" endTime="17.360"/>
    </wordsequence>
  </speech>
  <speech label="SPK14-006" begintime="17.43" endtime="20.57" >
    <wordsequence>
      <word confidence="0.750" wordID="SIL" beginTime="17.430" endTime="17.440"/>
      <word confidence="0.755" wordID="ja" beginTime="17.440" endTime="19.210"/>
      <word confidence="0.758" wordID="SIL" beginTime="19.210" endTime="19.220"/>
      <word confidence="0.758" wordID="hij" beginTime="19.220" endTime="19.830"/>
      <word confidence="0.760" wordID="SIL" beginTime="19.830" endTime="19.840"/>
      <word confidence="0.704" wordID="is" beginTime="19.840" endTime="19.930"/>
      <word confidence="0.787" wordID="SIL" beginTime="19.930" endTime="19.970"/>
      <word confidence="0.804" wordID="een" beginTime="19.970" endTime="20.280"/>
      <word confidence="0.731" wordID="SIL" beginTime="20.280" endTime="20.570"/>
    </wordsequence>
  </speech>
  <speech label="SPK06-007" begintime="20.60" endtime="24.00" >
    <wordsequence>
      <word confidence="0.764" wordID="ik" beginTime="20.600" endTime="21.290"/>
      <word confidence="0.620" wordID="SIL" beginTime="21.290" endTime="21.300"/>
      <word confidence="0.728" wordID="heb" beginTime="21.300" endTime="21.590"/>
      <word confidence="0.757" wordID="je" beginTime="21.590" endTime="22.020"/>
      <word confidence="0.751" wordID="SIL" beginTime="22.020" endTime="22.090"/>
      <word confidence="0.763" wordID="die" beginTime="22.090" endTime="22.810"/>
      <word confidence="0.748" wordID="SIL" beginTime="22.810" endTime="22.820"/>
      <word confidence="0.804" wordID="al" beginTime="22.820" endTime="23.390"/>
      <word confidence="0.722" wordID="een" beginTime="23.390" endTime="23.990"/>
      <word confidence="0.682" wordID="SIL" beginTime="23.990" endTime="24.000"/>
    </wordsequence>
  </speech>
  <speech label="SPK03-008" begintime="24.02" endtime="26.51" >
    <wordsequence>
      <word confidence="0.686" wordID="SIL" beginTime="24.020" endTime="24.090"/>
      <word confidence="0.766" wordID="goed" beginTime="24.090" endTime="24.680"/>
      <word confidence="0.764" wordID="SIL" beginTime="24.680" endTime="24.830"/>
      <word confidence="0.782" wordID="en" beginTime="24.830" endTime="25.080"/>
      <word confidence="0.798" wordID="SIL" beginTime="25.080" endTime="25.220"/>
      <word confidence="0.780" wordID="de" beginTime="25.220" endTime="25.780"/>
      <word confidence="0.743" wordID="SIL" beginTime="25.780" endTime="25.800"/>
      <word confidence="0.739" wordID="andere" beginTime="25.800" endTime="26.500"/>
      <word confidence="0.775" wordID="SIL" beginTime="26.500" endTime="26.510"/>
    </wordsequence>
  </speech>
  <speech label="SPK06-009" begintime="26.53" endtime="30.15" >
    <wordsequence>
      <word confidence="0.724" wordID="SIL" beginTime="26.530" endTime="26.750"/>
      <word confidence="0.760" wordID="ik" beginTime="26.750" endTime="27.570"/>
      <word confidence="0.825" wordID="SIL" beginTime="27.570" endTime="27.590"/>
      <word confidence="0.806" wordID="weet" beginTime="27.590" endTime="27.750"/>
      <word confidence="0.748" wordID="SIL" beginTime="27.750" endTime="28.130"/>
      <word confidence="0.791" wordID="nog" beginTime="28.130" endTime="28.270"/>
      <word confidence="0.734" wordID="SIL" beginTime="28.270" endTime="28.290"/>
      <word confidence="0.799" wordID="goed" beginTime="28.290" endTime="28.680"/>
      <word confidence="0.808" wordID="SIL" beginTime="28.680" endTime="28.700"/>
      <word confidence="0.849" wordID="hoe" beginTime="28.700" endTime="28.880"/>
      <word confidence="0.683" wordID="SIL" beginTime="28.880" endTime="28.890"/>
      <word confidence="0.799" wordID="had" beginTime="28.890" endTime="29.190"/>
      <word confidence="0.774" wordID="hij" beginTime="29.190" endTime="29.780"/>
      <word confidence="0.727" wordID="SIL" beginTime="29.780" endTime="30.050"/>
      <word confidence="0.833" wordID="een" beginTime="30.050" endTime="30.150"/>
    </wordsequence>
  </speech>
  <speech label="SPK08-010" begintime="30.17" endtime="32.63" >
    <wordsequence>
      <word confidence="0.727" wordID="je" beginTime="30.170" endTime="31.080"/>
      <word confidence="0.672" wordID="SIL" beginTime="31.080" endTime="31.090"/>
      <word confidence="0.776" wordID="hebt" beginTime="31.090" endTime="31.760"/>
      <word confidence="0.810" wordID="SIL" beginTime="31.760" endTime="31.950"/>
      <word confidence="0.770" wordID="er" beginTime="31.950" endTime="32.540"/>
      <word confidence="0.754" wordID="SIL" beginTime="32.540" endTime="32.630"/>
    </wordsequence>
  </speech>
  <speech label="SPK10-011" begintime="32.65" endtime="36.64" >
    <wordsequence>
      <word confidence="0.750" wordID="SIL" beginTime="32.650" endTime="32.720"/>
      <word confidence="0.760" wordID="ja" beginTime="32.720" endTime="34.660"/>
      <word confidence="0.803" wordID="SIL" beginTime="34.660" endTime="34.730"/>
      <word confidence="0.718" wordID="ja" beginTime="34.730" endTime="35.130"/>
      <word confidence="0.757" wordID="SIL" beginTime="35.130" endTime="35.160"/>
      <word confidence="0.759" wordID="ja" beginTime="35.160" endTime="36.550"/>
      <word confidence="0.816" wordID="SIL" beginTime="36.550" endTime="36.640"/>
    </wordsequence>
  </speech>
  <speech label="SPK16-012" begintime="36.66" endtime="40.57" >
    <wordsequence>
      <word confidence="0.750" wordID="SIL" beginTime="36.660" endTime="36.670"/>
      <word confidence="0.725" wordID="ja" beginTime="36.670" endTime="37.800"/>
      <word confidence="0.774" wordID="SIL" beginTime="37.800" endTime="38.160"/>
      <word confidence="0.825" wordID="hij" beginTime="38.160" endTime="38.540"/>
      <word confidence="0.730" wordID="SIL" beginTime="38.540" endTime="38.890"/>
      <word confidence="0.826" wordID="aan" beginTime="38.890" endTime="39.280"/>
      <word confidence="0.831" wordID="SIL" beginTime="39.280" endTime="39.330"/>
      <word confidence="0.797" wordID="een" beginTime="39.330" endTime="39.590"/>
      <word confidence="0.771" wordID="SIL" beginTime="39.590" endTime="39.730"/>
      <word confidence="0.789" wordID="van" beginTime="39.730" endTime="40.410"/>
      <word confidence="0.780" wordID="SIL" beginTime="40.410" endTime="40.500"/>
      <word confidence="0.778" wordID="de" beginTime="40.500" endTime="40.570"/>
    </wordsequence>
  </speech>

  </segments>
</shout_metadata>
