<?xml version="1.0" encoding="UTF-8"?>
<!--
  ##################################################################################################
  ###                      This transcription is automatically generated by                      ###
  ###                              X-MI, Cross-Media interaction                                 ###
  ###                                    http://x-mi.nl                                          ###
  ##################################################################################################
-->
<shout_metadata>
  <model_info>
    <version>Standaard systeem 28-02-2012</version>
    <description>Academia</description>
  </model_info>
  <segments>
  <speech label="SPK01-001" begintime="1.90" endtime="6.61" >
    <wordsequence>
      <word confidence="0.835" wordID="bos" beginTime="1.900" endTime="2.450"/>
      <word confidence="0.750" wordID="SIL" beginTime="2.450" endTime="2.690"/>
      <word confidence="0.807" wordID="heeft" beginTime="2.690" endTime="2.950"/>
      <word confidence="0.750" wordID="SIL" beginTime="2.950" endTime="3.420"/>
      <word confidence="0.815" wordID="de" beginTime="3.420" endTime="3.610"/>
      <word confidence="0.746" wordID="SIL" beginTime="3.610" endTime="3.640"/>
      <word confidence="0.840" wordID="weg" beginTime="3.640" endTime="3.840"/>
      <word confidence="0.738" wordID="SIL" beginTime="3.840" endTime="3.850"/>
      <word confidence="0.855" wordID="die" beginTime="3.850" endTime="3.940"/>
      <word confidence="0.882" wordID="je" beginTime="3.940" endTime="4.090"/>
      <word confidence="0.750" wordID="SIL" beginTime="4.090" endTime="5.010"/>
      <word confidence="0.819" wordID="in" beginTime="5.010" endTime="5.280"/>
      <word confidence="0.750" wordID="SIL" beginTime="5.280" endTime="5.700"/>
      <word confidence="0.784" wordID="je" beginTime="5.700" endTime="6.530"/>
      <word confidence="0.748" wordID="SIL" beginTime="6.530" endTime="6.610"/>
    </wordsequence>
  </speech>
  <speech label="SPK03-002" begintime="6.63" endtime="11.20" >
    <wordsequence>
      <word confidence="0.750" wordID="SIL" beginTime="6.630" endTime="6.740"/>
      <word confidence="0.914" wordID="chocolade" beginTime="6.740" endTime="7.600"/>
      <word confidence="0.749" wordID="SIL" beginTime="7.600" endTime="7.990"/>
      <word confidence="0.874" wordID="en" beginTime="7.990" endTime="8.130"/>
      <word confidence="1.000" wordID="de" beginTime="8.130" endTime="8.200"/>
      <word confidence="0.898" wordID="oorlogsjaren" beginTime="8.200" endTime="9.040"/>
      <word confidence="0.739" wordID="SIL" beginTime="9.040" endTime="9.050"/>
      <word confidence="0.844" wordID="een" beginTime="9.050" endTime="9.210"/>
      <word confidence="0.744" wordID="SIL" beginTime="9.210" endTime="9.220"/>
      <word confidence="0.898" wordID="aangename" beginTime="9.220" endTime="9.790"/>
      <word confidence="0.882" wordID="herinneringen" beginTime="9.790" endTime="10.750"/>
      <word confidence="0.747" wordID="SIL" beginTime="10.750" endTime="10.810"/>
      <word confidence="0.978" wordID="dan" beginTime="10.810" endTime="11.090"/>
      <word confidence="0.749" wordID="SIL" beginTime="11.090" endTime="11.200"/>
    </wordsequence>
  </speech>
  <speech label="SPK04-003" begintime="11.22" endtime="15.20" >
    <wordsequence>
      <word confidence="0.750" wordID="SIL" beginTime="11.220" endTime="11.230"/>
      <word confidence="0.714" wordID="en" beginTime="11.230" endTime="11.300"/>
      <word confidence="0.661" wordID="SIL" beginTime="11.300" endTime="11.310"/>
      <word confidence="0.881" wordID="zo" beginTime="11.310" endTime="11.490"/>
      <word confidence="0.900" wordID="de" beginTime="11.490" endTime="11.630"/>
      <word confidence="0.965" wordID="werkelijkheid" beginTime="11.630" endTime="12.260"/>
      <word confidence="0.758" wordID="SIL" beginTime="12.260" endTime="12.610"/>
      <word confidence="1.000" wordID="om" beginTime="12.610" endTime="12.750"/>
      <word confidence="1.000" wordID="de" beginTime="12.750" endTime="12.830"/>
      <word confidence="0.964" wordID="nederlandse" beginTime="12.830" endTime="13.340"/>
      <word confidence="0.989" wordID="bevolking" beginTime="13.340" endTime="13.920"/>
      <word confidence="0.741" wordID="SIL" beginTime="13.920" endTime="13.930"/>
      <word confidence="1.000" wordID="wekelijks" beginTime="13.930" endTime="14.400"/>
      <word confidence="0.744" wordID="SIL" beginTime="14.400" endTime="14.430"/>
      <word confidence="0.949" wordID="omdat" beginTime="14.430" endTime="14.720"/>
      <word confidence="0.747" wordID="SIL" beginTime="14.720" endTime="14.770"/>
      <word confidence="0.908" wordID="ook" beginTime="14.770" endTime="14.930"/>
      <word confidence="0.744" wordID="SIL" beginTime="14.930" endTime="14.960"/>
      <word confidence="0.893" wordID="vast" beginTime="14.960" endTime="15.200"/>
    </wordsequence>
  </speech>
  <speech label="SPK03-004" begintime="15.22" endtime="19.23" >
    <wordsequence>
      <word confidence="0.905" wordID="daar" beginTime="15.220" endTime="15.400"/>
      <word confidence="0.975" wordID="SIL" beginTime="15.400" endTime="15.420"/>
      <word confidence="0.979" wordID="bleken" beginTime="15.420" endTime="15.660"/>
      <word confidence="0.991" wordID="de" beginTime="15.660" endTime="15.770"/>
      <word confidence="0.920" wordID="versterken" beginTime="15.770" endTime="16.470"/>
      <word confidence="0.748" wordID="SIL" beginTime="16.470" endTime="16.530"/>
      <word confidence="0.871" wordID="die" beginTime="16.530" endTime="16.760"/>
      <word confidence="0.746" wordID="SIL" beginTime="16.760" endTime="16.820"/>
      <word confidence="0.931" wordID="worden" beginTime="16.820" endTime="17.080"/>
      <word confidence="1.000" wordID="wat" beginTime="17.080" endTime="17.230"/>
      <word confidence="0.746" wordID="SIL" beginTime="17.230" endTime="17.260"/>
      <word confidence="0.983" wordID="lampen" beginTime="17.260" endTime="17.570"/>
      <word confidence="0.741" wordID="SIL" beginTime="17.570" endTime="17.580"/>
      <word confidence="0.943" wordID="aan" beginTime="17.580" endTime="17.710"/>
      <word confidence="0.953" wordID="macht" beginTime="17.710" endTime="18.030"/>
      <word confidence="0.745" wordID="SIL" beginTime="18.030" endTime="18.060"/>
      <word confidence="0.866" wordID="en" beginTime="18.060" endTime="18.220"/>
      <word confidence="0.748" wordID="SIL" beginTime="18.220" endTime="18.290"/>
      <word confidence="0.989" wordID="in" beginTime="18.290" endTime="18.480"/>
      <word confidence="0.850" wordID="het" beginTime="18.480" endTime="18.590"/>
      <word confidence="0.749" wordID="SIL" beginTime="18.590" endTime="18.680"/>
      <word confidence="0.887" wordID="begin" beginTime="18.680" endTime="18.940"/>
      <word confidence="0.897" wordID="van" beginTime="18.940" endTime="19.040"/>
      <word confidence="0.898" wordID="der" beginTime="19.040" endTime="19.230"/>
    </wordsequence>
  </speech>
  <speech label="SPK14-005" begintime="19.25" endtime="22.53" >
    <wordsequence>
      <word confidence="0.798" wordID="ik" beginTime="19.250" endTime="19.630"/>
      <word confidence="0.750" wordID="SIL" beginTime="19.630" endTime="19.860"/>
      <word confidence="0.760" wordID="vind" beginTime="19.860" endTime="20.540"/>
      <word confidence="0.749" wordID="SIL" beginTime="20.540" endTime="20.600"/>
      <word confidence="0.758" wordID="ik" beginTime="20.600" endTime="20.830"/>
      <word confidence="0.769" wordID="SIL" beginTime="20.830" endTime="20.840"/>
      <word confidence="0.770" wordID="het" beginTime="20.840" endTime="20.930"/>
      <word confidence="0.751" wordID="SIL" beginTime="20.930" endTime="21.140"/>
      <word confidence="0.779" wordID="goed" beginTime="21.140" endTime="22.530"/>
    </wordsequence>
  </speech>
  <speech label="SPK03-006" begintime="22.55" endtime="26.37" >
    <wordsequence>
      <word confidence="0.687" wordID="SIL" beginTime="22.550" endTime="22.580"/>
      <word confidence="0.866" wordID="omdat" beginTime="22.580" endTime="22.810"/>
      <word confidence="1.000" wordID="de" beginTime="22.810" endTime="22.880"/>
      <word confidence="0.844" wordID="ook" beginTime="22.880" endTime="23.020"/>
      <word confidence="0.904" wordID="al" beginTime="23.020" endTime="23.200"/>
      <word confidence="0.919" wordID="wonen" beginTime="23.200" endTime="23.600"/>
      <word confidence="0.855" wordID="SIL" beginTime="23.600" endTime="23.840"/>
      <word confidence="1.000" wordID="worden" beginTime="23.840" endTime="24.040"/>
      <word confidence="0.932" wordID="gebouwd" beginTime="24.040" endTime="24.460"/>
      <word confidence="0.750" wordID="SIL" beginTime="24.460" endTime="24.970"/>
      <word confidence="0.928" wordID="en" beginTime="24.970" endTime="25.110"/>
      <word confidence="0.949" wordID="dat" beginTime="25.110" endTime="25.200"/>
      <word confidence="0.746" wordID="SIL" beginTime="25.200" endTime="25.260"/>
      <word confidence="0.932" wordID="was" beginTime="25.260" endTime="25.470"/>
      <word confidence="0.749" wordID="SIL" beginTime="25.470" endTime="25.620"/>
      <word confidence="0.832" wordID="een" beginTime="25.620" endTime="25.720"/>
      <word confidence="0.744" wordID="SIL" beginTime="25.720" endTime="25.750"/>
      <word confidence="0.930" wordID="suikeroom" beginTime="25.750" endTime="26.300"/>
      <word confidence="0.989" wordID="uh" beginTime="26.300" endTime="26.370"/>
    </wordsequence>
  </speech>
  <speech label="SPK09-007" begintime="26.39" endtime="29.32" >
    <wordsequence>
      <word confidence="0.750" wordID="SIL" beginTime="26.390" endTime="27.160"/>
      <word confidence="0.774" wordID="dat" beginTime="27.160" endTime="27.580"/>
      <word confidence="0.750" wordID="SIL" beginTime="27.580" endTime="27.990"/>
      <word confidence="0.777" wordID="je" beginTime="27.990" endTime="28.620"/>
      <word confidence="0.714" wordID="SIL" beginTime="28.620" endTime="28.690"/>
      <word confidence="0.703" wordID="er" beginTime="28.690" endTime="28.890"/>
      <word confidence="0.686" wordID="SIL" beginTime="28.890" endTime="28.900"/>
      <word confidence="0.777" wordID="nog" beginTime="28.900" endTime="29.200"/>
      <word confidence="0.822" wordID="SIL" beginTime="29.200" endTime="29.210"/>
      <word confidence="0.783" wordID="een" beginTime="29.210" endTime="29.320"/>
    </wordsequence>
  </speech>
  <speech label="SPK14-008" begintime="29.34" endtime="33.09" >
    <wordsequence>
      <word confidence="0.753" wordID="ja" beginTime="29.340" endTime="32.980"/>
      <word confidence="0.758" wordID="SIL" beginTime="32.980" endTime="33.090"/>
    </wordsequence>
  </speech>
  <speech label="SPK11-009" begintime="33.11" endtime="35.68" >
    <wordsequence>
      <word confidence="0.746" wordID="ja" beginTime="33.110" endTime="35.680"/>
    </wordsequence>
  </speech>
  <speech label="SPK13-010" begintime="35.70" endtime="36.26" >
    <wordsequence>
      <word confidence="0.745" wordID="SIL" beginTime="35.700" endTime="35.770"/>
      <word confidence="0.751" wordID="in" beginTime="35.770" endTime="36.040"/>
      <word confidence="0.887" wordID="SIL" beginTime="36.040" endTime="36.110"/>
      <word confidence="0.787" wordID="een" beginTime="36.110" endTime="36.240"/>
      <word confidence="0.782" wordID="SIL" beginTime="36.240" endTime="36.260"/>
    </wordsequence>
  </speech>
  <speech label="SPK13-011" begintime="36.28" endtime="40.89" >
    <wordsequence>
      <word confidence="0.754" wordID="ja" beginTime="36.280" endTime="38.410"/>
      <word confidence="0.778" wordID="SIL" beginTime="38.410" endTime="38.800"/>
      <word confidence="0.747" wordID="ja" beginTime="38.800" endTime="39.250"/>
      <word confidence="0.846" wordID="SIL" beginTime="39.250" endTime="39.350"/>
      <word confidence="0.740" wordID="ja" beginTime="39.350" endTime="40.610"/>
      <word confidence="0.768" wordID="SIL" beginTime="40.610" endTime="40.630"/>
      <word confidence="0.760" wordID="dat" beginTime="40.630" endTime="40.890"/>
    </wordsequence>
  </speech>
  <speech label="SPK14-012" begintime="40.91" endtime="45.01" >
    <wordsequence>
      <word confidence="0.725" wordID="ja" beginTime="40.910" endTime="42.040"/>
      <word confidence="0.708" wordID="SIL" beginTime="42.040" endTime="42.060"/>
      <word confidence="0.733" wordID="ja" beginTime="42.060" endTime="44.530"/>
      <word confidence="0.774" wordID="SIL" beginTime="44.530" endTime="44.660"/>
      <word confidence="0.731" wordID="ja" beginTime="44.660" endTime="45.010"/>
    </wordsequence>
  </speech>
  <speech label="SPK11-013" begintime="45.03" endtime="47.39" >
    <wordsequence>
      <word confidence="0.750" wordID="SIL" beginTime="45.030" endTime="45.110"/>
      <word confidence="0.740" wordID="ja" beginTime="45.110" endTime="47.390"/>
    </wordsequence>
  </speech>
  <speech label="SPK13-014" begintime="47.41" endtime="50.13" >
    <wordsequence>
      <word confidence="0.738" wordID="SIL" beginTime="47.410" endTime="48.020"/>
      <word confidence="0.769" wordID="ja" beginTime="48.020" endTime="50.130"/>
    </wordsequence>
  </speech>
  <speech label="SPK01-015" begintime="50.15" endtime="52.92" >
    <wordsequence>
      <word confidence="0.807" wordID="aanhang" beginTime="50.150" endTime="52.920"/>
    </wordsequence>
  </speech>
  <speech label="SPK02-016" begintime="52.94" endtime="57.49" >
    <wordsequence>
      <word confidence="0.665" wordID="SIL" beginTime="52.940" endTime="52.980"/>
      <word confidence="0.732" wordID="dan" beginTime="52.980" endTime="53.940"/>
      <word confidence="0.803" wordID="SIL" beginTime="53.940" endTime="54.230"/>
      <word confidence="0.808" wordID="moeten" beginTime="54.230" endTime="54.600"/>
      <word confidence="0.753" wordID="SIL" beginTime="54.600" endTime="54.870"/>
      <word confidence="0.824" wordID="we" beginTime="54.870" endTime="54.980"/>
      <word confidence="0.766" wordID="SIL" beginTime="54.980" endTime="55.700"/>
      <word confidence="0.760" wordID="hebben" beginTime="55.700" endTime="56.220"/>
      <word confidence="0.755" wordID="SIL" beginTime="56.220" endTime="56.230"/>
      <word confidence="0.770" wordID="een" beginTime="56.230" endTime="56.440"/>
      <word confidence="0.751" wordID="SIL" beginTime="56.440" endTime="57.490"/>
    </wordsequence>
  </speech>
  <speech label="SPK06-017" begintime="57.51" endtime="60.23" >
    <wordsequence>
      <word confidence="0.750" wordID="SIL" beginTime="57.510" endTime="58.220"/>
      <word confidence="0.749" wordID="onder" beginTime="58.220" endTime="58.810"/>
      <word confidence="0.772" wordID="SIL" beginTime="58.810" endTime="59.050"/>
      <word confidence="0.744" wordID="anderen" beginTime="59.050" endTime="59.920"/>
      <word confidence="0.762" wordID="SIL" beginTime="59.920" endTime="60.230"/>
    </wordsequence>
  </speech>
  <speech label="SPK13-018" begintime="60.25" endtime="62.60" >
    <wordsequence>
      <word confidence="0.737" wordID="ja" beginTime="60.250" endTime="61.520"/>
      <word confidence="0.696" wordID="SIL" beginTime="61.520" endTime="61.530"/>
      <word confidence="0.758" wordID="maar" beginTime="61.530" endTime="61.760"/>
      <word confidence="0.662" wordID="SIL" beginTime="61.760" endTime="61.770"/>
      <word confidence="0.774" wordID="dan" beginTime="61.770" endTime="62.540"/>
      <word confidence="0.754" wordID="SIL" beginTime="62.540" endTime="62.600"/>
    </wordsequence>
  </speech>
  <speech label="SPK06-019" begintime="62.62" endtime="65.87" >
    <wordsequence>
      <word confidence="0.755" wordID="ja" beginTime="62.620" endTime="64.550"/>
      <word confidence="0.783" wordID="SIL" beginTime="64.550" endTime="65.370"/>
      <word confidence="0.819" wordID="ik" beginTime="65.370" endTime="65.790"/>
      <word confidence="0.754" wordID="SIL" beginTime="65.790" endTime="65.870"/>
    </wordsequence>
  </speech>
  <speech label="SPK03-020" begintime="65.89" endtime="69.94" >
    <wordsequence>
      <word confidence="0.704" wordID="SIL" beginTime="65.890" endTime="66.040"/>
      <word confidence="0.832" wordID="de" beginTime="66.040" endTime="66.120"/>
      <word confidence="0.679" wordID="SIL" beginTime="66.120" endTime="66.130"/>
      <word confidence="0.903" wordID="machines" beginTime="66.130" endTime="66.720"/>
      <word confidence="0.775" wordID="SIL" beginTime="66.720" endTime="66.760"/>
      <word confidence="0.984" wordID="maken" beginTime="66.760" endTime="67.080"/>
      <word confidence="0.930" wordID="de" beginTime="67.080" endTime="67.210"/>
      <word confidence="0.944" wordID="SIL" beginTime="67.210" endTime="67.220"/>
      <word confidence="0.963" wordID="bonbon" beginTime="67.220" endTime="67.660"/>
      <word confidence="1.000" wordID="SIL" beginTime="67.660" endTime="67.750"/>
      <word confidence="0.904" wordID="kan" beginTime="67.750" endTime="68.070"/>
      <word confidence="0.744" wordID="SIL" beginTime="68.070" endTime="68.080"/>
      <word confidence="0.966" wordID="ik" beginTime="68.080" endTime="68.230"/>
      <word confidence="0.903" wordID="daar" beginTime="68.230" endTime="68.510"/>
      <word confidence="0.750" wordID="SIL" beginTime="68.510" endTime="69.530"/>
      <word confidence="0.923" wordID="geloven" beginTime="69.530" endTime="69.940"/>
    </wordsequence>
  </speech>
  <speech label="SPK08-021" begintime="69.96" endtime="73.79" >
    <wordsequence>
      <word confidence="0.671" wordID="SIL" beginTime="69.960" endTime="70.000"/>
      <word confidence="0.856" wordID="dat" beginTime="70.000" endTime="70.230"/>
      <word confidence="0.789" wordID="SIL" beginTime="70.230" endTime="70.240"/>
      <word confidence="0.887" wordID="voorkomt" beginTime="70.240" endTime="70.630"/>
      <word confidence="0.905" wordID="de" beginTime="70.630" endTime="70.720"/>
      <word confidence="1.000" wordID="SIL" beginTime="70.720" endTime="70.760"/>
      <word confidence="0.879" wordID="konden" beginTime="70.760" endTime="71.000"/>
      <word confidence="0.717" wordID="SIL" beginTime="71.000" endTime="71.010"/>
      <word confidence="0.793" wordID="worden" beginTime="71.010" endTime="71.170"/>
      <word confidence="0.860" wordID="aangewezen" beginTime="71.170" endTime="71.800"/>
      <word confidence="0.869" wordID="SIL" beginTime="71.800" endTime="72.410"/>
      <word confidence="0.856" wordID="dan" beginTime="72.410" endTime="72.570"/>
      <word confidence="0.744" wordID="SIL" beginTime="72.570" endTime="72.590"/>
      <word confidence="0.906" wordID="kunnen" beginTime="72.590" endTime="72.830"/>
      <word confidence="0.748" wordID="SIL" beginTime="72.830" endTime="72.910"/>
      <word confidence="0.881" wordID="de" beginTime="72.910" endTime="73.030"/>
      <word confidence="0.748" wordID="SIL" beginTime="73.030" endTime="73.120"/>
      <word confidence="0.858" wordID="watkins" beginTime="73.120" endTime="73.480"/>
      <word confidence="0.903" wordID="noppen" beginTime="73.480" endTime="73.790"/>
    </wordsequence>
  </speech>
  <speech label="SPK10-022" begintime="73.81" endtime="78.76" >
    <wordsequence>
      <word confidence="0.738" wordID="SIL" beginTime="73.810" endTime="73.850"/>
      <word confidence="0.754" wordID="ja" beginTime="73.850" endTime="74.610"/>
      <word confidence="0.755" wordID="SIL" beginTime="74.610" endTime="74.650"/>
      <word confidence="0.756" wordID="ik" beginTime="74.650" endTime="74.860"/>
      <word confidence="0.864" wordID="SIL" beginTime="74.860" endTime="74.910"/>
      <word confidence="0.881" wordID="kan" beginTime="74.910" endTime="75.150"/>
      <word confidence="0.832" wordID="SIL" beginTime="75.150" endTime="75.200"/>
      <word confidence="0.817" wordID="er" beginTime="75.200" endTime="75.400"/>
      <word confidence="0.733" wordID="SIL" beginTime="75.400" endTime="75.500"/>
      <word confidence="0.841" wordID="een" beginTime="75.500" endTime="75.740"/>
      <word confidence="0.848" wordID="SIL" beginTime="75.740" endTime="75.750"/>
      <word confidence="0.765" wordID="ja" beginTime="75.750" endTime="78.760"/>
    </wordsequence>
  </speech>
  <speech label="SPK11-023" begintime="78.78" endtime="81.11" >
    <wordsequence>
      <word confidence="0.758" wordID="ja" beginTime="78.780" endTime="80.360"/>
      <word confidence="0.779" wordID="SIL" beginTime="80.360" endTime="80.460"/>
      <word confidence="0.758" wordID="ja" beginTime="80.460" endTime="81.110"/>
    </wordsequence>
  </speech>
  <speech label="SPK10-024" begintime="81.13" endtime="82.15" >
    <wordsequence>
      <word confidence="0.750" wordID="SIL" beginTime="81.130" endTime="81.150"/>
      <word confidence="0.811" wordID="in" beginTime="81.150" endTime="81.360"/>
      <word confidence="0.811" wordID="SIL" beginTime="81.360" endTime="81.410"/>
      <word confidence="0.823" wordID="een" beginTime="81.410" endTime="81.730"/>
      <word confidence="0.736" wordID="SIL" beginTime="81.730" endTime="82.150"/>
    </wordsequence>
  </speech>
  <speech label="SPK10-025" begintime="82.18" endtime="88.10" >
    <wordsequence>
      <word confidence="0.758" wordID="ja" beginTime="82.180" endTime="87.540"/>
      <word confidence="0.665" wordID="SIL" beginTime="87.540" endTime="87.550"/>
      <word confidence="0.824" wordID="dat" beginTime="87.550" endTime="87.680"/>
      <word confidence="0.774" wordID="achter" beginTime="87.680" endTime="88.100"/>
    </wordsequence>
  </speech>
  <speech label="SPK10-026" begintime="88.12" endtime="88.21" >
    <wordsequence>
      <word confidence="0.711" wordID="SIL" beginTime="88.120" endTime="88.210"/>
    </wordsequence>
  </speech>
  <speech label="SPK11-027" begintime="88.23" endtime="90.60" >
    <wordsequence>
      <word confidence="0.771" wordID="ik" beginTime="88.230" endTime="88.500"/>
      <word confidence="0.774" wordID="SIL" beginTime="88.500" endTime="88.520"/>
      <word confidence="0.772" wordID="moet" beginTime="88.520" endTime="89.030"/>
      <word confidence="0.779" wordID="SIL" beginTime="89.030" endTime="89.050"/>
      <word confidence="0.778" wordID="zeggen" beginTime="89.050" endTime="89.700"/>
      <word confidence="0.685" wordID="SIL" beginTime="89.700" endTime="89.710"/>
      <word confidence="0.766" wordID="het" beginTime="89.710" endTime="90.000"/>
      <word confidence="0.900" wordID="SIL" beginTime="90.000" endTime="90.070"/>
      <word confidence="0.806" wordID="moet" beginTime="90.070" endTime="90.300"/>
      <word confidence="0.761" wordID="een" beginTime="90.300" endTime="90.560"/>
      <word confidence="0.760" wordID="SIL" beginTime="90.560" endTime="90.600"/>
    </wordsequence>
  </speech>
  <speech label="SPK15-028" begintime="90.62" endtime="93.62" >
    <wordsequence>
      <word confidence="0.755" wordID="ja" beginTime="90.620" endTime="91.450"/>
      <word confidence="0.898" wordID="SIL" beginTime="91.450" endTime="91.460"/>
      <word confidence="0.768" wordID="ik" beginTime="91.460" endTime="91.550"/>
      <word confidence="0.666" wordID="SIL" beginTime="91.550" endTime="91.560"/>
      <word confidence="0.809" wordID="ben" beginTime="91.560" endTime="91.840"/>
      <word confidence="0.840" wordID="SIL" beginTime="91.840" endTime="91.960"/>
      <word confidence="0.804" wordID="er" beginTime="91.960" endTime="92.230"/>
      <word confidence="0.760" wordID="SIL" beginTime="92.230" endTime="92.270"/>
      <word confidence="0.759" wordID="nog" beginTime="92.270" endTime="92.930"/>
      <word confidence="0.751" wordID="SIL" beginTime="92.930" endTime="93.220"/>
      <word confidence="0.786" wordID="een" beginTime="93.220" endTime="93.620"/>
    </wordsequence>
  </speech>
  <speech label="SPK16-029" begintime="93.64" endtime="96.14" >
    <wordsequence>
      <word confidence="0.750" wordID="SIL" beginTime="93.640" endTime="93.650"/>
      <word confidence="0.752" wordID="ja" beginTime="93.650" endTime="96.000"/>
      <word confidence="0.776" wordID="SIL" beginTime="96.000" endTime="96.140"/>
    </wordsequence>
  </speech>

  </segments>
</shout_metadata>
