<?xml version="1.0" encoding="UTF-8"?>
<!--
  ##################################################################################################
  ###                      This transcription is automatically generated by                      ###
  ###                              X-MI, Cross-Media interaction                                 ###
  ###                                    http://x-mi.nl                                          ###
  ##################################################################################################
-->
<shout_metadata>
  <model_info>
    <version>Standaard systeem 28-02-2012</version>
    <description>Academia</description>
  </model_info>
  <segments>
  <speech label="SPK01-001" begintime="0.68" endtime="7.10" >
    <wordsequence>
      <word confidence="0.750" wordID="SIL" beginTime="0.680" endTime="1.140"/>
      <word confidence="1.000" wordID="ook" beginTime="1.140" endTime="1.340"/>
      <word confidence="0.957" wordID="in" beginTime="1.340" endTime="1.460"/>
      <word confidence="0.923" wordID="deze" beginTime="1.460" endTime="1.740"/>
      <word confidence="1.000" wordID="tijd" beginTime="1.740" endTime="2.030"/>
      <word confidence="0.984" wordID="is" beginTime="2.030" endTime="2.200"/>
      <word confidence="0.979" wordID="de" beginTime="2.200" endTime="2.290"/>
      <word confidence="1.000" wordID="de" beginTime="2.290" endTime="2.370"/>
      <word confidence="1.000" wordID="balans" beginTime="2.370" endTime="2.760"/>
      <word confidence="0.742" wordID="SIL" beginTime="2.760" endTime="2.770"/>
      <word confidence="0.938" wordID="een" beginTime="2.770" endTime="2.920"/>
      <word confidence="1.000" wordID="grote" beginTime="2.920" endTime="3.220"/>
      <word confidence="1.000" wordID="bedrijvigheid" beginTime="3.220" endTime="3.880"/>
      <word confidence="0.749" wordID="SIL" beginTime="3.880" endTime="4.210"/>
      <word confidence="1.000" wordID="in" beginTime="4.210" endTime="4.320"/>
      <word confidence="1.000" wordID="de" beginTime="4.320" endTime="4.400"/>
      <word confidence="0.956" wordID="pakhuizen" beginTime="4.400" endTime="4.870"/>
      <word confidence="0.981" wordID="en" beginTime="4.870" endTime="4.950"/>
      <word confidence="0.962" wordID="schuren" beginTime="4.950" endTime="5.310"/>
      <word confidence="0.982" wordID="worden" beginTime="5.310" endTime="5.560"/>
      <word confidence="1.000" wordID="de" beginTime="5.560" endTime="5.640"/>
      <word confidence="1.000" wordID="exportorders" beginTime="5.640" endTime="6.340"/>
      <word confidence="1.000" wordID="gereed" beginTime="6.340" endTime="6.610"/>
      <word confidence="1.000" wordID="gemaakt" beginTime="6.610" endTime="6.910"/>
      <word confidence="0.749" wordID="SIL" beginTime="6.910" endTime="7.100"/>
    </wordsequence>
  </speech>
  <speech label="SPK01-002" begintime="7.12" endtime="12.58" >
    <wordsequence>
      <word confidence="0.750" wordID="SIL" beginTime="7.120" endTime="7.370"/>
      <word confidence="0.965" wordID="het" beginTime="7.370" endTime="7.580"/>
      <word confidence="0.909" wordID="eens" beginTime="7.580" endTime="7.790"/>
      <word confidence="0.741" wordID="SIL" beginTime="7.790" endTime="7.800"/>
      <word confidence="0.973" wordID="over" beginTime="7.800" endTime="8.050"/>
      <word confidence="0.882" wordID="het" beginTime="8.050" endTime="8.110"/>
      <word confidence="0.982" wordID="werk" beginTime="8.110" endTime="8.360"/>
      <word confidence="0.990" wordID="is" beginTime="8.360" endTime="8.520"/>
      <word confidence="0.745" wordID="SIL" beginTime="8.520" endTime="8.570"/>
      <word confidence="0.988" wordID="ook" beginTime="8.570" endTime="8.830"/>
      <word confidence="1.000" wordID="daar" beginTime="8.830" endTime="8.970"/>
      <word confidence="1.000" wordID="wat" beginTime="8.970" endTime="9.090"/>
      <word confidence="0.750" wordID="SIL" beginTime="9.090" endTime="9.700"/>
      <word confidence="0.911" wordID="bloembollen" beginTime="9.700" endTime="10.130"/>
      <word confidence="1.000" wordID="worden" beginTime="10.130" endTime="10.330"/>
      <word confidence="0.987" wordID="namelijk" beginTime="10.330" endTime="10.620"/>
      <word confidence="0.736" wordID="SIL" beginTime="10.620" endTime="10.630"/>
      <word confidence="0.973" wordID="bij" beginTime="10.630" endTime="10.740"/>
      <word confidence="0.804" wordID="de" beginTime="10.740" endTime="10.800"/>
      <word confidence="1.000" wordID="aantallen" beginTime="10.800" endTime="11.290"/>
      <word confidence="0.895" wordID="niet" beginTime="11.290" endTime="11.450"/>
      <word confidence="0.745" wordID="SIL" beginTime="11.450" endTime="11.480"/>
      <word confidence="0.965" wordID="erg" beginTime="11.480" endTime="11.650"/>
      <word confidence="1.000" wordID="gewicht" beginTime="11.650" endTime="11.990"/>
      <word confidence="0.945" wordID="verkocht" beginTime="11.990" endTime="12.450"/>
      <word confidence="0.749" wordID="SIL" beginTime="12.450" endTime="12.580"/>
    </wordsequence>
  </speech>
  <speech label="SPK01-003" begintime="12.61" endtime="16.37" >
    <wordsequence>
      <word confidence="0.750" wordID="SIL" beginTime="12.610" endTime="12.780"/>
      <word confidence="0.900" wordID="met" beginTime="12.780" endTime="12.960"/>
      <word confidence="0.734" wordID="SIL" beginTime="12.960" endTime="12.970"/>
      <word confidence="1.000" wordID="dat" beginTime="12.970" endTime="13.240"/>
      <word confidence="1.000" wordID="met" beginTime="13.240" endTime="13.410"/>
      <word confidence="0.735" wordID="SIL" beginTime="13.410" endTime="13.420"/>
      <word confidence="0.926" wordID="echte" beginTime="13.420" endTime="13.770"/>
      <word confidence="0.967" wordID="gedekt" beginTime="13.770" endTime="14.150"/>
      <word confidence="0.749" wordID="SIL" beginTime="14.150" endTime="14.360"/>
      <word confidence="0.941" wordID="twee" beginTime="14.360" endTime="14.510"/>
      <word confidence="1.000" wordID="in" beginTime="14.510" endTime="14.680"/>
      <word confidence="1.000" wordID="de" beginTime="14.680" endTime="14.750"/>
      <word confidence="0.743" wordID="SIL" beginTime="14.750" endTime="14.760"/>
      <word confidence="1.000" wordID="linkerhand" beginTime="14.760" endTime="15.220"/>
      <word confidence="1.000" wordID="en" beginTime="15.220" endTime="15.310"/>
      <word confidence="0.954" wordID="drieëndertig" beginTime="15.310" endTime="16.040"/>
      <word confidence="0.749" wordID="SIL" beginTime="16.040" endTime="16.370"/>
    </wordsequence>
  </speech>
  <speech label="SPK01-004" begintime="16.40" endtime="21.16" >
    <wordsequence>
      <word confidence="0.750" wordID="SIL" beginTime="16.400" endTime="16.880"/>
      <word confidence="0.944" wordID="jarenlang" beginTime="16.880" endTime="17.470"/>
      <word confidence="1.000" wordID="hebben" beginTime="17.470" endTime="17.650"/>
      <word confidence="0.937" wordID="de" beginTime="17.650" endTime="17.720"/>
      <word confidence="0.914" wordID="tweede" beginTime="17.720" endTime="18.000"/>
      <word confidence="0.965" wordID="klap" beginTime="18.000" endTime="18.270"/>
      <word confidence="1.000" wordID="ook" beginTime="18.270" endTime="18.370"/>
      <word confidence="1.000" wordID="op" beginTime="18.370" endTime="18.510"/>
      <word confidence="0.991" wordID="een" beginTime="18.510" endTime="18.610"/>
      <word confidence="0.984" wordID="gezocht" beginTime="18.610" endTime="18.970"/>
      <word confidence="0.917" wordID="naar" beginTime="18.970" endTime="19.100"/>
      <word confidence="1.000" wordID="een" beginTime="19.100" endTime="19.160"/>
      <word confidence="1.000" wordID="middel" beginTime="19.160" endTime="19.500"/>
      <word confidence="0.748" wordID="SIL" beginTime="19.500" endTime="19.670"/>
      <word confidence="1.000" wordID="om" beginTime="19.670" endTime="19.790"/>
      <word confidence="1.000" wordID="dit" beginTime="19.790" endTime="19.930"/>
      <word confidence="1.000" wordID="werk" beginTime="19.930" endTime="20.180"/>
      <word confidence="1.000" wordID="te" beginTime="20.180" endTime="20.260"/>
      <word confidence="1.000" wordID="vereenvoudigen" beginTime="20.260" endTime="21.160"/>
    </wordsequence>
  </speech>
  <speech label="SPK01-005" begintime="21.19" endtime="27.73" >
    <wordsequence>
      <word confidence="0.750" wordID="SIL" beginTime="21.190" endTime="21.460"/>
      <word confidence="0.839" wordID="het" beginTime="21.460" endTime="21.710"/>
      <word confidence="0.901" wordID="is" beginTime="21.710" endTime="21.800"/>
      <word confidence="1.000" wordID="dan" beginTime="21.800" endTime="21.980"/>
      <word confidence="0.974" wordID="eindelijk" beginTime="21.980" endTime="22.380"/>
      <word confidence="0.986" wordID="een" beginTime="22.380" endTime="22.500"/>
      <word confidence="0.706" wordID="SIL" beginTime="22.500" endTime="22.510"/>
      <word confidence="1.000" wordID="technicus" beginTime="22.510" endTime="22.990"/>
      <word confidence="0.990" wordID="dorp" beginTime="22.990" endTime="23.160"/>
      <word confidence="0.745" wordID="SIL" beginTime="23.160" endTime="23.180"/>
      <word confidence="1.000" wordID="groninger" beginTime="23.180" endTime="23.690"/>
      <word confidence="1.000" wordID="in" beginTime="23.690" endTime="23.790"/>
      <word confidence="1.000" wordID="geslaagd" beginTime="23.790" endTime="24.270"/>
      <word confidence="0.746" wordID="SIL" beginTime="24.270" endTime="24.440"/>
      <word confidence="1.000" wordID="een" beginTime="24.440" endTime="24.520"/>
      <word confidence="0.982" wordID="machine" beginTime="24.520" endTime="24.880"/>
      <word confidence="1.000" wordID="de" beginTime="24.880" endTime="24.990"/>
      <word confidence="1.000" wordID="provider" beginTime="24.990" endTime="25.460"/>
      <word confidence="0.876" wordID="een" beginTime="25.460" endTime="25.690"/>
      <word confidence="0.747" wordID="SIL" beginTime="25.690" endTime="25.740"/>
      <word confidence="0.871" wordID="die" beginTime="25.740" endTime="25.870"/>
      <word confidence="0.743" wordID="SIL" beginTime="25.870" endTime="25.880"/>
      <word confidence="1.000" wordID="het" beginTime="25.880" endTime="26.000"/>
      <word confidence="1.000" wordID="zwellen" beginTime="26.000" endTime="26.390"/>
      <word confidence="0.956" wordID="en" beginTime="26.390" endTime="26.530"/>
      <word confidence="0.725" wordID="SIL" beginTime="26.530" endTime="26.540"/>
      <word confidence="1.000" wordID="twee" beginTime="26.540" endTime="26.740"/>
      <word confidence="1.000" wordID="dozen" beginTime="26.740" endTime="27.020"/>
      <word confidence="1.000" wordID="voor" beginTime="27.020" endTime="27.170"/>
      <word confidence="1.000" wordID="is" beginTime="27.170" endTime="27.290"/>
      <word confidence="0.750" wordID="SIL" beginTime="27.290" endTime="27.730"/>
    </wordsequence>
  </speech>
  <speech label="SPK01-006" begintime="28.59" endtime="35.10" >
    <wordsequence>
      <word confidence="0.750" wordID="SIL" beginTime="28.590" endTime="29.070"/>
      <word confidence="1.000" wordID="de" beginTime="29.070" endTime="29.150"/>
      <word confidence="1.000" wordID="bal" beginTime="29.150" endTime="29.370"/>
      <word confidence="0.892" wordID="maar" beginTime="29.370" endTime="29.600"/>
      <word confidence="1.000" wordID="op" beginTime="29.600" endTime="29.680"/>
      <word confidence="0.944" wordID="een" beginTime="29.680" endTime="29.750"/>
      <word confidence="0.994" wordID="lopende" beginTime="29.750" endTime="30.080"/>
      <word confidence="1.000" wordID="band" beginTime="30.080" endTime="30.300"/>
      <word confidence="1.000" wordID="gestort" beginTime="30.300" endTime="30.710"/>
      <word confidence="0.928" wordID="en" beginTime="30.710" endTime="30.910"/>
      <word confidence="0.745" wordID="SIL" beginTime="30.910" endTime="30.960"/>
      <word confidence="0.989" wordID="ideeën" beginTime="30.960" endTime="31.300"/>
      <word confidence="0.933" wordID="als" beginTime="31.300" endTime="31.400"/>
      <word confidence="0.882" wordID="als" beginTime="31.400" endTime="31.540"/>
      <word confidence="0.745" wordID="SIL" beginTime="31.540" endTime="31.550"/>
      <word confidence="0.911" wordID="uitzoekt" beginTime="31.550" endTime="31.990"/>
      <word confidence="1.000" wordID="appel" beginTime="31.990" endTime="32.260"/>
      <word confidence="0.990" wordID="dienstdoet" beginTime="32.260" endTime="32.720"/>
      <word confidence="0.749" wordID="SIL" beginTime="32.720" endTime="33.000"/>
      <word confidence="1.000" wordID="en" beginTime="33.000" endTime="33.120"/>
      <word confidence="0.963" wordID="komen" beginTime="33.120" endTime="33.360"/>
      <word confidence="1.000" wordID="aan" beginTime="33.360" endTime="33.450"/>
      <word confidence="1.000" wordID="het" beginTime="33.450" endTime="33.530"/>
      <word confidence="0.982" wordID="eind" beginTime="33.530" endTime="33.740"/>
      <word confidence="0.739" wordID="SIL" beginTime="33.740" endTime="33.750"/>
      <word confidence="1.000" wordID="terecht" beginTime="33.750" endTime="34.090"/>
      <word confidence="0.987" wordID="in" beginTime="34.090" endTime="34.210"/>
      <word confidence="0.745" wordID="SIL" beginTime="34.210" endTime="34.240"/>
      <word confidence="0.918" wordID="een" beginTime="34.240" endTime="34.420"/>
      <word confidence="0.953" wordID="groot" beginTime="34.420" endTime="34.790"/>
      <word confidence="0.749" wordID="SIL" beginTime="34.790" endTime="35.100"/>
    </wordsequence>
  </speech>
  <speech label="SPK01-007" begintime="35.13" endtime="39.08" >
    <wordsequence>
      <word confidence="0.750" wordID="SIL" beginTime="35.130" endTime="35.480"/>
      <word confidence="0.918" wordID="ligt" beginTime="35.480" endTime="35.730"/>
      <word confidence="0.789" wordID="het" beginTime="35.730" endTime="35.810"/>
      <word confidence="0.741" wordID="SIL" beginTime="35.810" endTime="35.820"/>
      <word confidence="0.857" wordID="niet" beginTime="35.820" endTime="36.000"/>
      <word confidence="0.743" wordID="SIL" beginTime="36.000" endTime="36.010"/>
      <word confidence="0.959" wordID="al" beginTime="36.010" endTime="36.160"/>
      <word confidence="0.795" wordID="te" beginTime="36.160" endTime="36.230"/>
      <word confidence="1.000" wordID="grote" beginTime="36.230" endTime="36.550"/>
      <word confidence="0.741" wordID="SIL" beginTime="36.550" endTime="36.560"/>
      <word confidence="0.916" wordID="een" beginTime="36.560" endTime="36.910"/>
      <word confidence="0.748" wordID="SIL" beginTime="36.910" endTime="37.090"/>
      <word confidence="1.000" wordID="dan" beginTime="37.090" endTime="37.250"/>
      <word confidence="0.967" wordID="wordt" beginTime="37.250" endTime="37.390"/>
      <word confidence="0.747" wordID="SIL" beginTime="37.390" endTime="37.440"/>
      <word confidence="1.000" wordID="contact" beginTime="37.440" endTime="37.800"/>
      <word confidence="1.000" wordID="gemaakt" beginTime="37.800" endTime="38.090"/>
      <word confidence="1.000" wordID="met" beginTime="38.090" endTime="38.200"/>
      <word confidence="1.000" wordID="een" beginTime="38.200" endTime="38.270"/>
      <word confidence="0.970" wordID="elektromagneet" beginTime="38.270" endTime="39.040"/>
      <word confidence="0.743" wordID="SIL" beginTime="39.040" endTime="39.080"/>
    </wordsequence>
  </speech>
  <speech label="SPK01-008" begintime="39.11" endtime="43.10" >
    <wordsequence>
      <word confidence="0.750" wordID="SIL" beginTime="39.110" endTime="39.250"/>
      <word confidence="0.909" wordID="dat" beginTime="39.250" endTime="39.380"/>
      <word confidence="0.990" wordID="blijkt" beginTime="39.380" endTime="39.630"/>
      <word confidence="0.861" wordID="de" beginTime="39.630" endTime="39.700"/>
      <word confidence="1.000" wordID="klap" beginTime="39.700" endTime="39.920"/>
      <word confidence="0.881" wordID="d&apos;r" beginTime="39.920" endTime="40.050"/>
      <word confidence="0.978" wordID="achter" beginTime="40.050" endTime="40.330"/>
      <word confidence="0.916" wordID="een" beginTime="40.330" endTime="40.480"/>
      <word confidence="0.749" wordID="SIL" beginTime="40.480" endTime="40.630"/>
      <word confidence="1.000" wordID="aarden" beginTime="40.630" endTime="40.770"/>
      <word confidence="1.000" wordID="wallen" beginTime="40.770" endTime="41.000"/>
      <word confidence="1.000" wordID="wallen" beginTime="41.000" endTime="41.200"/>
      <word confidence="1.000" wordID="binnen" beginTime="41.200" endTime="41.450"/>
      <word confidence="0.734" wordID="SIL" beginTime="41.450" endTime="41.460"/>
      <word confidence="1.000" wordID="cockle" beginTime="41.460" endTime="41.820"/>
      <word confidence="1.000" wordID="waaronder" beginTime="41.820" endTime="42.150"/>
      <word confidence="1.000" wordID="zakken" beginTime="42.150" endTime="42.440"/>
      <word confidence="1.000" wordID="ze" beginTime="42.440" endTime="42.520"/>
      <word confidence="1.000" wordID="dan" beginTime="42.520" endTime="42.780"/>
      <word confidence="0.749" wordID="SIL" beginTime="42.780" endTime="43.100"/>
    </wordsequence>
  </speech>
  <speech label="SPK01-009" begintime="43.13" endtime="46.50" >
    <wordsequence>
      <word confidence="0.750" wordID="SIL" beginTime="43.130" endTime="43.520"/>
      <word confidence="1.000" wordID="dat" beginTime="43.520" endTime="43.670"/>
      <word confidence="1.000" wordID="gaat" beginTime="43.670" endTime="43.870"/>
      <word confidence="0.929" wordID="dus" beginTime="43.870" endTime="44.010"/>
      <word confidence="1.000" wordID="met" beginTime="44.010" endTime="44.170"/>
      <word confidence="0.741" wordID="SIL" beginTime="44.170" endTime="44.210"/>
      <word confidence="0.930" wordID="tien" beginTime="44.210" endTime="44.420"/>
      <word confidence="0.730" wordID="SIL" beginTime="44.420" endTime="44.430"/>
      <word confidence="1.000" wordID="de" beginTime="44.430" endTime="44.520"/>
      <word confidence="1.000" wordID="gewerkt" beginTime="44.520" endTime="44.870"/>
      <word confidence="0.734" wordID="SIL" beginTime="44.870" endTime="44.890"/>
      <word confidence="0.822" wordID="en" beginTime="44.890" endTime="45.630"/>
      <word confidence="0.739" wordID="SIL" beginTime="45.630" endTime="45.640"/>
      <word confidence="0.827" wordID="er" beginTime="45.640" endTime="46.500"/>
    </wordsequence>
  </speech>
  <speech label="SPK01-010" begintime="46.52" endtime="51.21" >
    <wordsequence>
      <word confidence="0.750" wordID="SIL" beginTime="46.520" endTime="46.770"/>
      <word confidence="0.853" wordID="men" beginTime="46.770" endTime="46.910"/>
      <word confidence="0.741" wordID="SIL" beginTime="46.910" endTime="46.920"/>
      <word confidence="0.953" wordID="kan" beginTime="46.920" endTime="47.090"/>
      <word confidence="0.940" wordID="de" beginTime="47.090" endTime="47.160"/>
      <word confidence="1.000" wordID="martino" beginTime="47.160" endTime="47.620"/>
      <word confidence="0.746" wordID="SIL" beginTime="47.620" endTime="47.640"/>
      <word confidence="1.000" wordID="ook" beginTime="47.640" endTime="47.890"/>
      <word confidence="0.956" wordID="gewenst" beginTime="47.890" endTime="48.280"/>
      <word confidence="0.885" wordID="SIL" beginTime="48.280" endTime="48.290"/>
      <word confidence="1.000" wordID="want" beginTime="48.290" endTime="48.520"/>
      <word confidence="1.000" wordID="op" beginTime="48.520" endTime="48.600"/>
      <word confidence="1.000" wordID="afstanden" beginTime="48.600" endTime="49.210"/>
      <word confidence="0.746" wordID="SIL" beginTime="49.210" endTime="49.260"/>
      <word confidence="1.000" wordID="met" beginTime="49.260" endTime="49.510"/>
      <word confidence="0.741" wordID="SIL" beginTime="49.510" endTime="49.520"/>
      <word confidence="1.000" wordID="dat" beginTime="49.520" endTime="49.680"/>
      <word confidence="1.000" wordID="een" beginTime="49.680" endTime="49.770"/>
      <word confidence="1.000" wordID="wiel" beginTime="49.770" endTime="50.000"/>
      <word confidence="1.000" wordID="want" beginTime="50.000" endTime="50.190"/>
      <word confidence="1.000" wordID="want" beginTime="50.190" endTime="50.350"/>
      <word confidence="1.000" wordID="die" beginTime="50.350" endTime="50.510"/>
      <word confidence="0.735" wordID="SIL" beginTime="50.510" endTime="50.520"/>
      <word confidence="0.952" wordID="heeft" beginTime="50.520" endTime="50.780"/>
      <word confidence="0.749" wordID="SIL" beginTime="50.780" endTime="51.210"/>
    </wordsequence>
  </speech>
  <speech label="SPK01-011" begintime="51.59" endtime="53.92" >
    <wordsequence>
      <word confidence="0.750" wordID="SIL" beginTime="51.590" endTime="51.660"/>
      <word confidence="0.850" wordID="een" beginTime="51.660" endTime="52.060"/>
      <word confidence="0.734" wordID="SIL" beginTime="52.060" endTime="52.070"/>
      <word confidence="0.858" wordID="bejaarde" beginTime="52.070" endTime="52.460"/>
      <word confidence="0.965" wordID="nog" beginTime="52.460" endTime="52.600"/>
      <word confidence="0.977" wordID="in" beginTime="52.600" endTime="52.740"/>
      <word confidence="0.935" wordID="madrid" beginTime="52.740" endTime="53.110"/>
      <word confidence="1.000" wordID="die" beginTime="53.110" endTime="53.240"/>
      <word confidence="0.883" wordID="beduidend" beginTime="53.240" endTime="53.920"/>
    </wordsequence>
  </speech>
  <speech label="SPK15-012" begintime="53.94" endtime="56.05" >
    <wordsequence>
      <word confidence="0.750" wordID="SIL" beginTime="53.940" endTime="54.560"/>
      <word confidence="0.774" wordID="als" beginTime="54.560" endTime="55.180"/>
      <word confidence="0.748" wordID="SIL" beginTime="55.180" endTime="55.240"/>
      <word confidence="0.795" wordID="ik" beginTime="55.240" endTime="55.460"/>
      <word confidence="0.748" wordID="SIL" beginTime="55.460" endTime="55.490"/>
      <word confidence="0.811" wordID="op" beginTime="55.490" endTime="55.700"/>
      <word confidence="0.743" wordID="SIL" beginTime="55.700" endTime="55.710"/>
      <word confidence="0.765" wordID="een" beginTime="55.710" endTime="56.050"/>
    </wordsequence>
  </speech>
  <speech label="SPK01-013" begintime="56.07" endtime="58.84" >
    <wordsequence>
      <word confidence="0.750" wordID="SIL" beginTime="56.070" endTime="56.080"/>
      <word confidence="0.989" wordID="aart-jan" beginTime="56.080" endTime="56.490"/>
      <word confidence="0.709" wordID="SIL" beginTime="56.490" endTime="56.500"/>
      <word confidence="0.855" wordID="over" beginTime="56.500" endTime="56.890"/>
      <word confidence="0.651" wordID="SIL" beginTime="56.890" endTime="56.900"/>
      <word confidence="0.962" wordID="contact" beginTime="56.900" endTime="57.250"/>
      <word confidence="0.997" wordID="gemaakt" beginTime="57.250" endTime="57.560"/>
      <word confidence="0.751" wordID="SIL" beginTime="57.560" endTime="57.590"/>
      <word confidence="0.970" wordID="want" beginTime="57.590" endTime="57.890"/>
      <word confidence="1.000" wordID="een" beginTime="57.890" endTime="57.980"/>
      <word confidence="1.000" wordID="aardewerken" beginTime="57.980" endTime="58.410"/>
      <word confidence="1.000" wordID="SIL" beginTime="58.410" endTime="58.840"/>
    </wordsequence>
  </speech>
  <speech label="SPK01-014" begintime="58.97" endtime="63.62" >
    <wordsequence>
      <word confidence="0.750" wordID="SIL" beginTime="58.970" endTime="59.450"/>
      <word confidence="1.000" wordID="dus" beginTime="59.450" endTime="59.640"/>
      <word confidence="0.739" wordID="SIL" beginTime="59.640" endTime="59.650"/>
      <word confidence="0.959" wordID="kwam" beginTime="59.650" endTime="59.880"/>
      <word confidence="0.976" wordID="ze" beginTime="59.880" endTime="59.990"/>
      <word confidence="1.000" wordID="naar" beginTime="59.990" endTime="60.130"/>
      <word confidence="0.934" wordID="boven" beginTime="60.130" endTime="60.290"/>
      <word confidence="1.000" wordID="op" beginTime="60.290" endTime="60.380"/>
      <word confidence="0.743" wordID="SIL" beginTime="60.380" endTime="60.410"/>
      <word confidence="1.000" wordID="de" beginTime="60.410" endTime="60.480"/>
      <word confidence="0.975" wordID="arc" beginTime="60.480" endTime="60.730"/>
      <word confidence="0.746" wordID="SIL" beginTime="60.730" endTime="60.770"/>
      <word confidence="1.000" wordID="de" beginTime="60.770" endTime="60.880"/>
      <word confidence="1.000" wordID="ballen" beginTime="60.880" endTime="61.160"/>
      <word confidence="0.999" wordID="tijdens" beginTime="61.160" endTime="61.460"/>
      <word confidence="1.000" wordID="de" beginTime="61.460" endTime="61.550"/>
      <word confidence="1.000" wordID="val" beginTime="61.550" endTime="61.780"/>
      <word confidence="1.000" wordID="van" beginTime="61.780" endTime="61.900"/>
      <word confidence="0.971" wordID="hun" beginTime="61.900" endTime="62.040"/>
      <word confidence="1.000" wordID="voorgangers" beginTime="62.040" endTime="62.590"/>
      <word confidence="1.000" wordID="was" beginTime="62.590" endTime="62.800"/>
      <word confidence="1.000" wordID="te" beginTime="62.800" endTime="62.900"/>
      <word confidence="1.000" wordID="houden" beginTime="62.900" endTime="63.260"/>
      <word confidence="0.749" wordID="SIL" beginTime="63.260" endTime="63.620"/>
    </wordsequence>
  </speech>
  <speech label="SPK01-015" begintime="63.64" endtime="65.23" >
    <wordsequence>
      <word confidence="0.750" wordID="SIL" beginTime="63.640" endTime="64.110"/>
      <word confidence="1.000" wordID="de" beginTime="64.110" endTime="64.170"/>
      <word confidence="0.984" wordID="machine" beginTime="64.170" endTime="64.560"/>
      <word confidence="0.737" wordID="SIL" beginTime="64.560" endTime="64.590"/>
      <word confidence="0.959" wordID="dat" beginTime="64.590" endTime="64.860"/>
      <word confidence="0.916" wordID="er" beginTime="64.860" endTime="65.010"/>
      <word confidence="0.744" wordID="SIL" beginTime="65.010" endTime="65.060"/>
      <word confidence="1.000" wordID="weg" beginTime="65.060" endTime="65.230"/>
    </wordsequence>
  </speech>
  <speech label="SPK02-016" begintime="65.25" endtime="68.77" >
    <wordsequence>
      <word confidence="0.712" wordID="SIL" beginTime="65.250" endTime="65.340"/>
      <word confidence="0.824" wordID="als" beginTime="65.340" endTime="65.770"/>
      <word confidence="0.750" wordID="SIL" beginTime="65.770" endTime="65.990"/>
      <word confidence="0.888" wordID="u" beginTime="65.990" endTime="66.270"/>
      <word confidence="0.750" wordID="SIL" beginTime="66.270" endTime="67.010"/>
      <word confidence="0.863" wordID="in" beginTime="67.010" endTime="67.400"/>
      <word confidence="0.747" wordID="SIL" beginTime="67.400" endTime="67.430"/>
      <word confidence="0.820" wordID="de" beginTime="67.430" endTime="67.640"/>
      <word confidence="0.737" wordID="SIL" beginTime="67.640" endTime="67.650"/>
      <word confidence="0.849" wordID="rug" beginTime="67.650" endTime="68.320"/>
      <word confidence="0.750" wordID="SIL" beginTime="68.320" endTime="68.770"/>
    </wordsequence>
  </speech>
  <speech label="SPK01-017" begintime="68.79" endtime="72.42" >
    <wordsequence>
      <word confidence="0.750" wordID="SIL" beginTime="68.790" endTime="68.800"/>
      <word confidence="0.938" wordID="een" beginTime="68.800" endTime="69.700"/>
      <word confidence="0.736" wordID="SIL" beginTime="69.700" endTime="69.710"/>
      <word confidence="0.960" wordID="voortschrijdende" beginTime="69.710" endTime="70.450"/>
      <word confidence="0.979" wordID="mechanisatie" beginTime="70.450" endTime="71.180"/>
      <word confidence="1.000" wordID="is" beginTime="71.180" endTime="71.330"/>
      <word confidence="0.993" wordID="ook" beginTime="71.330" endTime="71.500"/>
      <word confidence="1.000" wordID="op" beginTime="71.500" endTime="71.590"/>
      <word confidence="1.000" wordID="ander" beginTime="71.590" endTime="71.820"/>
      <word confidence="1.000" wordID="terrein" beginTime="71.820" endTime="72.260"/>
      <word confidence="0.747" wordID="SIL" beginTime="72.260" endTime="72.420"/>
    </wordsequence>
  </speech>
  <speech label="SPK01-018" begintime="72.44" endtime="76.25" >
    <wordsequence>
      <word confidence="0.750" wordID="SIL" beginTime="72.440" endTime="72.500"/>
      <word confidence="0.978" wordID="suikerbieten" beginTime="72.500" endTime="73.160"/>
      <word confidence="0.997" wordID="werden" beginTime="73.160" endTime="73.410"/>
      <word confidence="1.000" wordID="tot" beginTime="73.410" endTime="73.550"/>
      <word confidence="1.000" wordID="dusver" beginTime="73.550" endTime="73.870"/>
      <word confidence="1.000" wordID="door" beginTime="73.870" endTime="74.020"/>
      <word confidence="0.742" wordID="SIL" beginTime="74.020" endTime="74.030"/>
      <word confidence="1.000" wordID="landarbeiders" beginTime="74.030" endTime="74.660"/>
      <word confidence="1.000" wordID="met" beginTime="74.660" endTime="74.800"/>
      <word confidence="0.967" wordID="drie" beginTime="74.800" endTime="75.030"/>
      <word confidence="0.738" wordID="SIL" beginTime="75.030" endTime="75.040"/>
      <word confidence="1.000" wordID="kop" beginTime="75.040" endTime="75.220"/>
      <word confidence="0.735" wordID="SIL" beginTime="75.220" endTime="75.230"/>
      <word confidence="1.000" wordID="pakken" beginTime="75.230" endTime="75.550"/>
      <word confidence="0.903" wordID="ze" beginTime="75.550" endTime="75.660"/>
      <word confidence="0.914" wordID="warm" beginTime="75.660" endTime="76.250"/>
    </wordsequence>
  </speech>
  <speech label="SPK01-019" begintime="76.27" endtime="79.83" >
    <wordsequence>
      <word confidence="0.750" wordID="SIL" beginTime="76.270" endTime="76.510"/>
      <word confidence="1.000" wordID="door" beginTime="76.510" endTime="76.660"/>
      <word confidence="1.000" wordID="de" beginTime="76.660" endTime="76.760"/>
      <word confidence="0.969" wordID="uitvinding" beginTime="76.760" endTime="77.200"/>
      <word confidence="1.000" wordID="van" beginTime="77.200" endTime="77.340"/>
      <word confidence="1.000" wordID="een" beginTime="77.340" endTime="77.410"/>
      <word confidence="1.000" wordID="ex-militair" beginTime="77.410" endTime="78.020"/>
      <word confidence="0.947" wordID="uit" beginTime="78.020" endTime="78.160"/>
      <word confidence="1.000" wordID="zwolle" beginTime="78.160" endTime="78.510"/>
      <word confidence="1.000" wordID="is" beginTime="78.510" endTime="78.630"/>
      <word confidence="1.000" wordID="ook" beginTime="78.630" endTime="78.820"/>
      <word confidence="0.994" wordID="hier" beginTime="78.820" endTime="79.000"/>
      <word confidence="1.000" wordID="iets" beginTime="79.000" endTime="79.140"/>
      <word confidence="0.966" wordID="veranderen" beginTime="79.140" endTime="79.830"/>
    </wordsequence>
  </speech>
  <speech label="SPK01-020" begintime="79.85" endtime="82.24" >
    <wordsequence>
      <word confidence="0.750" wordID="SIL" beginTime="79.850" endTime="80.180"/>
      <word confidence="1.000" wordID="hij" beginTime="80.180" endTime="80.290"/>
      <word confidence="1.000" wordID="komt" beginTime="80.290" endTime="80.560"/>
      <word confidence="0.744" wordID="SIL" beginTime="80.560" endTime="80.580"/>
      <word confidence="0.935" wordID="er" beginTime="80.580" endTime="80.660"/>
      <word confidence="1.000" wordID="meer" beginTime="80.660" endTime="80.820"/>
      <word confidence="1.000" wordID="dan" beginTime="80.820" endTime="80.940"/>
      <word confidence="1.000" wordID="alle" beginTime="80.940" endTime="81.140"/>
      <word confidence="0.944" wordID="kunt" beginTime="81.140" endTime="81.300"/>
      <word confidence="0.995" wordID="bieden" beginTime="81.300" endTime="81.560"/>
      <word confidence="1.000" wordID="transporteur" beginTime="81.560" endTime="82.240"/>
    </wordsequence>
  </speech>
  <speech label="SPK10-021" begintime="82.26" endtime="84.96" >
    <wordsequence>
      <word confidence="0.750" wordID="SIL" beginTime="82.260" endTime="82.650"/>
      <word confidence="0.795" wordID="ik" beginTime="82.650" endTime="82.960"/>
      <word confidence="0.750" wordID="SIL" beginTime="82.960" endTime="83.100"/>
      <word confidence="0.800" wordID="had" beginTime="83.100" endTime="83.390"/>
      <word confidence="0.749" wordID="SIL" beginTime="83.390" endTime="83.460"/>
      <word confidence="0.832" wordID="ik" beginTime="83.460" endTime="83.630"/>
      <word confidence="0.746" wordID="SIL" beginTime="83.630" endTime="83.650"/>
      <word confidence="0.834" wordID="kan" beginTime="83.650" endTime="83.800"/>
      <word confidence="0.743" wordID="SIL" beginTime="83.800" endTime="83.810"/>
      <word confidence="0.831" wordID="worden" beginTime="83.810" endTime="84.480"/>
      <word confidence="0.750" wordID="SIL" beginTime="84.480" endTime="84.960"/>
    </wordsequence>
  </speech>
  <speech label="SPK01-022" begintime="84.98" endtime="87.59" >
    <wordsequence>
      <word confidence="0.750" wordID="SIL" beginTime="84.980" endTime="85.000"/>
      <word confidence="0.973" wordID="elke" beginTime="85.000" endTime="85.310"/>
      <word confidence="0.938" wordID="keer" beginTime="85.310" endTime="85.560"/>
      <word confidence="1.000" wordID="of" beginTime="85.560" endTime="85.630"/>
      <word confidence="1.000" wordID="af" beginTime="85.630" endTime="85.760"/>
      <word confidence="0.955" wordID="SIL" beginTime="85.760" endTime="85.830"/>
      <word confidence="1.000" wordID="te" beginTime="85.830" endTime="85.920"/>
      <word confidence="0.946" wordID="geven" beginTime="85.920" endTime="86.350"/>
      <word confidence="0.747" wordID="SIL" beginTime="86.350" endTime="86.380"/>
      <word confidence="0.906" wordID="een" beginTime="86.380" endTime="86.600"/>
      <word confidence="0.797" wordID="SIL" beginTime="86.600" endTime="86.650"/>
      <word confidence="0.847" wordID="kubieke" beginTime="86.650" endTime="86.950"/>
      <word confidence="0.988" wordID="meter" beginTime="86.950" endTime="87.230"/>
      <word confidence="0.920" wordID="SIL" beginTime="87.230" endTime="87.250"/>
      <word confidence="0.977" wordID="die" beginTime="87.250" endTime="87.360"/>
      <word confidence="1.000" wordID="de" beginTime="87.360" endTime="87.550"/>
      <word confidence="1.000" wordID="SIL" beginTime="87.550" endTime="87.590"/>
    </wordsequence>
  </speech>
  <speech label="SPK01-023" begintime="87.61" endtime="90.99" >
    <wordsequence>
      <word confidence="0.750" wordID="SIL" beginTime="87.610" endTime="87.860"/>
      <word confidence="0.914" wordID="maar" beginTime="87.860" endTime="87.970"/>
      <word confidence="0.905" wordID="dat" beginTime="87.970" endTime="88.120"/>
      <word confidence="0.877" wordID="heeft" beginTime="88.120" endTime="88.440"/>
      <word confidence="1.000" wordID="ons" beginTime="88.440" endTime="88.660"/>
      <word confidence="1.000" wordID="bracht" beginTime="88.660" endTime="89.010"/>
      <word confidence="1.000" wordID="auto" beginTime="89.010" endTime="89.290"/>
      <word confidence="1.000" wordID="is" beginTime="89.290" endTime="89.450"/>
      <word confidence="1.000" wordID="nu" beginTime="89.450" endTime="89.530"/>
      <word confidence="1.000" wordID="weer" beginTime="89.530" endTime="89.690"/>
      <word confidence="0.966" wordID="zes" beginTime="89.690" endTime="89.930"/>
      <word confidence="0.995" wordID="minuten" beginTime="89.930" endTime="90.230"/>
      <word confidence="0.996" wordID="gelachen" beginTime="90.230" endTime="90.990"/>
    </wordsequence>
  </speech>
  <speech label="SPK01-024" begintime="91.02" endtime="93.78" >
    <wordsequence>
      <word confidence="0.750" wordID="SIL" beginTime="91.020" endTime="91.450"/>
      <word confidence="1.000" wordID="weet" beginTime="91.450" endTime="91.710"/>
      <word confidence="1.000" wordID="waarbij" beginTime="91.710" endTime="92.090"/>
      <word confidence="1.000" wordID="de" beginTime="92.090" endTime="92.170"/>
      <word confidence="1.000" wordID="eenzame" beginTime="92.170" endTime="92.430"/>
      <word confidence="1.000" wordID="daarvoor" beginTime="92.430" endTime="92.750"/>
      <word confidence="1.000" wordID="bijna" beginTime="92.750" endTime="93.010"/>
      <word confidence="0.937" wordID="elf" beginTime="93.010" endTime="93.390"/>
      <word confidence="1.000" wordID="uur" beginTime="93.390" endTime="93.530"/>
      <word confidence="1.000" wordID="lopen" beginTime="93.530" endTime="93.780"/>
    </wordsequence>
  </speech>
  <speech label="SPK10-025" begintime="93.80" endtime="97.36" >
    <wordsequence>
      <word confidence="0.750" wordID="SIL" beginTime="93.800" endTime="94.900"/>
      <word confidence="0.882" wordID="hoe" beginTime="94.900" endTime="95.230"/>
      <word confidence="0.750" wordID="SIL" beginTime="95.230" endTime="95.750"/>
      <word confidence="0.825" wordID="langer" beginTime="95.750" endTime="96.190"/>
      <word confidence="0.749" wordID="SIL" beginTime="96.190" endTime="96.360"/>
      <word confidence="0.783" wordID="over" beginTime="96.360" endTime="97.280"/>
      <word confidence="0.749" wordID="SIL" beginTime="97.280" endTime="97.360"/>
    </wordsequence>
  </speech>
  <speech label="SPK11-026" begintime="97.38" endtime="100.59" >
    <wordsequence>
      <word confidence="0.750" wordID="SIL" beginTime="97.380" endTime="97.390"/>
      <word confidence="0.744" wordID="je" beginTime="97.390" endTime="97.930"/>
      <word confidence="0.788" wordID="SIL" beginTime="97.930" endTime="98.270"/>
      <word confidence="0.806" wordID="kan" beginTime="98.270" endTime="98.590"/>
      <word confidence="0.802" wordID="SIL" beginTime="98.590" endTime="98.640"/>
      <word confidence="0.756" wordID="er" beginTime="98.640" endTime="99.400"/>
      <word confidence="0.793" wordID="SIL" beginTime="99.400" endTime="99.660"/>
      <word confidence="0.795" wordID="verder" beginTime="99.660" endTime="100.150"/>
      <word confidence="0.656" wordID="SIL" beginTime="100.150" endTime="100.200"/>
      <word confidence="0.767" wordID="op" beginTime="100.200" endTime="100.450"/>
      <word confidence="0.801" wordID="SIL" beginTime="100.450" endTime="100.590"/>
    </wordsequence>
  </speech>
  <speech label="SPK12-027" begintime="100.61" endtime="103.54" >
    <wordsequence>
      <word confidence="0.738" wordID="SIL" beginTime="100.610" endTime="100.750"/>
      <word confidence="0.747" wordID="nee" beginTime="100.750" endTime="101.670"/>
      <word confidence="0.737" wordID="SIL" beginTime="101.670" endTime="101.700"/>
      <word confidence="0.738" wordID="maar" beginTime="101.700" endTime="102.210"/>
      <word confidence="0.766" wordID="SIL" beginTime="102.210" endTime="102.370"/>
      <word confidence="0.768" wordID="dan" beginTime="102.370" endTime="102.700"/>
      <word confidence="0.655" wordID="SIL" beginTime="102.700" endTime="102.710"/>
      <word confidence="0.819" wordID="moet" beginTime="102.710" endTime="103.040"/>
      <word confidence="0.816" wordID="SIL" beginTime="103.040" endTime="103.090"/>
      <word confidence="0.832" wordID="het" beginTime="103.090" endTime="103.540"/>
    </wordsequence>
  </speech>
  <speech label="SPK01-028" begintime="103.56" endtime="108.39" >
    <wordsequence>
      <word confidence="0.737" wordID="SIL" beginTime="103.560" endTime="103.590"/>
      <word confidence="0.810" wordID="er" beginTime="103.590" endTime="104.460"/>
      <word confidence="0.918" wordID="SIL" beginTime="104.460" endTime="104.810"/>
      <word confidence="0.861" wordID="belangrijk" beginTime="104.810" endTime="105.320"/>
      <word confidence="1.000" wordID="is" beginTime="105.320" endTime="105.450"/>
      <word confidence="1.000" wordID="voorts" beginTime="105.450" endTime="105.900"/>
      <word confidence="0.741" wordID="SIL" beginTime="105.900" endTime="105.910"/>
      <word confidence="1.000" wordID="dat" beginTime="105.910" endTime="106.080"/>
      <word confidence="1.000" wordID="het" beginTime="106.080" endTime="106.160"/>
      <word confidence="1.000" wordID="transport" beginTime="106.160" endTime="106.550"/>
      <word confidence="0.954" wordID="uh" beginTime="106.550" endTime="106.680"/>
      <word confidence="1.000" wordID="niet" beginTime="106.680" endTime="106.880"/>
      <word confidence="0.956" wordID="alle" beginTime="106.880" endTime="107.020"/>
      <word confidence="1.000" wordID="vaste" beginTime="107.020" endTime="107.320"/>
      <word confidence="1.000" wordID="plaatsgebonden" beginTime="107.320" endTime="107.970"/>
      <word confidence="1.000" wordID="is" beginTime="107.970" endTime="108.180"/>
      <word confidence="0.749" wordID="SIL" beginTime="108.180" endTime="108.390"/>
    </wordsequence>
  </speech>
  <speech label="SPK01-029" begintime="108.42" endtime="110.00" >
    <wordsequence>
      <word confidence="0.750" wordID="SIL" beginTime="108.420" endTime="108.620"/>
      <word confidence="1.000" wordID="bij" beginTime="108.620" endTime="108.810"/>
      <word confidence="0.914" wordID="pieter" beginTime="108.810" endTime="109.210"/>
      <word confidence="0.926" wordID="zijn" beginTime="109.210" endTime="109.430"/>
      <word confidence="1.000" wordID="kan" beginTime="109.430" endTime="109.580"/>
      <word confidence="0.855" wordID="hij" beginTime="109.580" endTime="109.680"/>
      <word confidence="0.951" wordID="werken" beginTime="109.680" endTime="110.000"/>
    </wordsequence>
  </speech>
  <speech label="SPK15-030" begintime="110.02" endtime="114.43" >
    <wordsequence>
      <word confidence="0.750" wordID="SIL" beginTime="110.020" endTime="111.410"/>
      <word confidence="0.817" wordID="de" beginTime="111.410" endTime="111.540"/>
      <word confidence="0.746" wordID="SIL" beginTime="111.540" endTime="111.590"/>
      <word confidence="0.858" wordID="ronde" beginTime="111.590" endTime="111.990"/>
      <word confidence="0.748" wordID="SIL" beginTime="111.990" endTime="112.040"/>
      <word confidence="0.788" wordID="over" beginTime="112.040" endTime="112.960"/>
      <word confidence="0.748" wordID="SIL" beginTime="112.960" endTime="113.000"/>
      <word confidence="0.826" wordID="hun" beginTime="113.000" endTime="113.520"/>
      <word confidence="0.846" wordID="runderen" beginTime="113.520" endTime="114.400"/>
      <word confidence="0.746" wordID="SIL" beginTime="114.400" endTime="114.430"/>
    </wordsequence>
  </speech>
  <speech label="SPK01-031" begintime="114.45" endtime="117.32" >
    <wordsequence>
      <word confidence="0.666" wordID="SIL" beginTime="114.450" endTime="114.480"/>
      <word confidence="0.949" wordID="uh" beginTime="114.480" endTime="115.180"/>
      <word confidence="0.747" wordID="SIL" beginTime="115.180" endTime="115.250"/>
      <word confidence="0.849" wordID="een" beginTime="115.250" endTime="116.340"/>
      <word confidence="0.749" wordID="SIL" beginTime="116.340" endTime="116.490"/>
      <word confidence="0.960" wordID="ambacht" beginTime="116.490" endTime="117.130"/>
      <word confidence="0.866" wordID="en" beginTime="117.130" endTime="117.190"/>
      <word confidence="0.732" wordID="SIL" beginTime="117.190" endTime="117.200"/>
      <word confidence="0.911" wordID="de" beginTime="117.200" endTime="117.320"/>
    </wordsequence>
  </speech>

  </segments>
</shout_metadata>
