<?xml version="1.0" encoding="UTF-8"?>
<!--
  ##################################################################################################
  ###                      This transcription is automatically generated by                      ###
  ###                              X-MI, Cross-Media interaction                                 ###
  ###                                    http://x-mi.nl                                          ###
  ##################################################################################################
-->
<shout_metadata>
  <model_info>
    <version>Standaard systeem 28-02-2012</version>
    <description>Academia</description>
  </model_info>
  <segments>
  <speech label="SPK01-001" begintime="0.00" endtime="2.78" >
    <wordsequence>
      <word confidence="0.750" wordID="SIL" beginTime="0.000" endTime="0.340"/>
      <word confidence="0.790" wordID="uh" beginTime="0.340" endTime="1.080"/>
      <word confidence="0.812" wordID="hoe" beginTime="1.080" endTime="1.430"/>
      <word confidence="0.750" wordID="SIL" beginTime="1.430" endTime="2.200"/>
      <word confidence="0.834" wordID="je" beginTime="2.200" endTime="2.460"/>
      <word confidence="0.846" wordID="op" beginTime="2.460" endTime="2.530"/>
      <word confidence="0.891" wordID="alle" beginTime="2.530" endTime="2.780"/>
    </wordsequence>
  </speech>
  <speech label="SPK02-002" begintime="2.80" endtime="7.52" >
    <wordsequence>
      <word confidence="0.643" wordID="SIL" beginTime="2.800" endTime="2.890"/>
      <word confidence="0.856" wordID="nou" beginTime="2.890" endTime="3.140"/>
      <word confidence="0.894" wordID="daar" beginTime="3.140" endTime="3.410"/>
      <word confidence="0.907" wordID="SIL" beginTime="3.410" endTime="3.440"/>
      <word confidence="0.927" wordID="gaan" beginTime="3.440" endTime="3.690"/>
      <word confidence="0.851" wordID="SIL" beginTime="3.690" endTime="4.090"/>
      <word confidence="0.942" wordID="is" beginTime="4.090" endTime="4.240"/>
      <word confidence="1.000" wordID="al" beginTime="4.240" endTime="4.390"/>
      <word confidence="1.000" wordID="van" beginTime="4.390" endTime="4.540"/>
      <word confidence="1.000" wordID="negentien" beginTime="4.540" endTime="4.910"/>
      <word confidence="1.000" wordID="honderd" beginTime="4.910" endTime="5.160"/>
      <word confidence="1.000" wordID="negentien" beginTime="5.160" endTime="5.620"/>
      <word confidence="0.998" wordID="elf" beginTime="5.620" endTime="5.840"/>
      <word confidence="0.742" wordID="SIL" beginTime="5.840" endTime="5.860"/>
      <word confidence="0.945" wordID="een" beginTime="5.860" endTime="5.980"/>
      <word confidence="1.000" wordID="verwoed" beginTime="5.980" endTime="6.330"/>
      <word confidence="0.981" wordID="verzamelaar" beginTime="6.330" endTime="7.080"/>
      <word confidence="0.750" wordID="SIL" beginTime="7.080" endTime="7.520"/>
    </wordsequence>
  </speech>
  <speech label="SPK02-003" begintime="8.44" endtime="14.74" >
    <wordsequence>
      <word confidence="0.750" wordID="SIL" beginTime="8.440" endTime="8.940"/>
      <word confidence="1.000" wordID="frank" beginTime="8.940" endTime="9.160"/>
      <word confidence="0.741" wordID="SIL" beginTime="9.160" endTime="9.190"/>
      <word confidence="0.872" wordID="is" beginTime="9.190" endTime="9.480"/>
      <word confidence="0.735" wordID="SIL" beginTime="9.480" endTime="9.500"/>
      <word confidence="1.000" wordID="er" beginTime="9.500" endTime="9.590"/>
      <word confidence="0.927" wordID="was" beginTime="9.590" endTime="9.850"/>
      <word confidence="0.750" wordID="SIL" beginTime="9.850" endTime="10.340"/>
      <word confidence="0.909" wordID="meer" beginTime="10.340" endTime="10.570"/>
      <word confidence="0.747" wordID="SIL" beginTime="10.570" endTime="10.590"/>
      <word confidence="1.000" wordID="dan" beginTime="10.590" endTime="10.790"/>
      <word confidence="0.924" wordID="dertig" beginTime="10.790" endTime="11.240"/>
      <word confidence="0.745" wordID="SIL" beginTime="11.240" endTime="11.260"/>
      <word confidence="0.959" wordID="duizend" beginTime="11.260" endTime="11.650"/>
      <word confidence="1.000" wordID="van" beginTime="11.650" endTime="11.780"/>
      <word confidence="1.000" wordID="deze" beginTime="11.780" endTime="12.000"/>
      <word confidence="1.000" wordID="insecten" beginTime="12.000" endTime="12.610"/>
      <word confidence="0.748" wordID="SIL" beginTime="12.610" endTime="12.870"/>
      <word confidence="0.939" wordID="heeft" beginTime="12.870" endTime="13.080"/>
      <word confidence="1.000" wordID="hij" beginTime="13.080" endTime="13.220"/>
      <word confidence="1.000" wordID="het" beginTime="13.220" endTime="13.330"/>
      <word confidence="0.986" wordID="een" beginTime="13.330" endTime="13.410"/>
      <word confidence="1.000" wordID="woning" beginTime="13.410" endTime="13.760"/>
      <word confidence="1.000" wordID="gaf" beginTime="13.760" endTime="13.950"/>
      <word confidence="1.000" wordID="asbest" beginTime="13.950" endTime="14.430"/>
      <word confidence="0.749" wordID="SIL" beginTime="14.430" endTime="14.740"/>
    </wordsequence>
  </speech>
  <speech label="SPK02-004" begintime="14.76" endtime="20.23" >
    <wordsequence>
      <word confidence="0.750" wordID="SIL" beginTime="14.760" endTime="15.110"/>
      <word confidence="0.891" wordID="om" beginTime="15.110" endTime="15.320"/>
      <word confidence="0.739" wordID="SIL" beginTime="15.320" endTime="15.330"/>
      <word confidence="1.000" wordID="te" beginTime="15.330" endTime="15.430"/>
      <word confidence="0.989" wordID="zijn" beginTime="15.430" endTime="15.610"/>
      <word confidence="1.000" wordID="voor" beginTime="15.610" endTime="15.750"/>
      <word confidence="0.928" wordID="het" beginTime="15.750" endTime="15.810"/>
      <word confidence="0.986" wordID="merendeel" beginTime="15.810" endTime="16.210"/>
      <word confidence="1.000" wordID="afkomstig" beginTime="16.210" endTime="16.670"/>
      <word confidence="0.861" wordID="uit" beginTime="16.670" endTime="16.770"/>
      <word confidence="1.000" wordID="nederland" beginTime="16.770" endTime="17.220"/>
      <word confidence="0.749" wordID="SIL" beginTime="17.220" endTime="17.540"/>
      <word confidence="0.898" wordID="wel" beginTime="17.540" endTime="17.920"/>
      <word confidence="0.747" wordID="SIL" beginTime="17.920" endTime="17.950"/>
      <word confidence="0.916" wordID="zo" beginTime="17.950" endTime="18.120"/>
      <word confidence="0.741" wordID="SIL" beginTime="18.120" endTime="18.130"/>
      <word confidence="1.000" wordID="was" beginTime="18.130" endTime="18.330"/>
      <word confidence="0.899" wordID="er" beginTime="18.330" endTime="18.520"/>
      <word confidence="0.742" wordID="SIL" beginTime="18.520" endTime="18.530"/>
      <word confidence="0.915" wordID="nooit" beginTime="18.530" endTime="18.790"/>
      <word confidence="0.740" wordID="SIL" beginTime="18.790" endTime="18.800"/>
      <word confidence="0.931" wordID="zouden" beginTime="18.800" endTime="19.030"/>
      <word confidence="0.742" wordID="SIL" beginTime="19.030" endTime="19.040"/>
      <word confidence="1.000" wordID="buitenland" beginTime="19.040" endTime="19.510"/>
      <word confidence="1.000" wordID="zitten" beginTime="19.510" endTime="19.740"/>
      <word confidence="0.973" wordID="je" beginTime="19.740" endTime="19.900"/>
      <word confidence="0.743" wordID="SIL" beginTime="19.900" endTime="19.940"/>
      <word confidence="0.935" wordID="kunt" beginTime="19.940" endTime="20.230"/>
    </wordsequence>
  </speech>
  <speech label="SPK02-005" begintime="20.25" endtime="21.14" >
    <wordsequence>
      <word confidence="1.000" wordID="opgeprikt" beginTime="20.250" endTime="20.910"/>
      <word confidence="0.953" wordID="ik" beginTime="20.910" endTime="21.040"/>
      <word confidence="1.000" wordID="er" beginTime="21.040" endTime="21.140"/>
    </wordsequence>
  </speech>
  <speech label="SPK10-006" begintime="21.16" endtime="23.83" >
    <wordsequence>
      <word confidence="0.750" wordID="SIL" beginTime="21.160" endTime="22.430"/>
      <word confidence="0.812" wordID="een" beginTime="22.430" endTime="22.670"/>
      <word confidence="0.747" wordID="SIL" beginTime="22.670" endTime="22.740"/>
      <word confidence="0.814" wordID="van" beginTime="22.740" endTime="23.820"/>
      <word confidence="0.742" wordID="SIL" beginTime="23.820" endTime="23.830"/>
    </wordsequence>
  </speech>
  <speech label="SPK11-007" begintime="23.85" endtime="26.90" >
    <wordsequence>
      <word confidence="0.705" wordID="SIL" beginTime="23.850" endTime="23.910"/>
      <word confidence="0.767" wordID="ja" beginTime="23.910" endTime="24.310"/>
      <word confidence="0.802" wordID="SIL" beginTime="24.310" endTime="24.430"/>
      <word confidence="0.790" wordID="ja" beginTime="24.430" endTime="24.850"/>
      <word confidence="0.717" wordID="SIL" beginTime="24.850" endTime="25.000"/>
      <word confidence="0.753" wordID="ja" beginTime="25.000" endTime="26.850"/>
      <word confidence="0.738" wordID="SIL" beginTime="26.850" endTime="26.900"/>
    </wordsequence>
  </speech>
  <speech label="SPK10-008" begintime="26.92" endtime="31.19" >
    <wordsequence>
      <word confidence="0.727" wordID="SIL" beginTime="26.920" endTime="27.040"/>
      <word confidence="0.911" wordID="ja" beginTime="27.040" endTime="27.180"/>
      <word confidence="0.875" wordID="later" beginTime="27.180" endTime="27.520"/>
      <word confidence="0.846" wordID="entomoloog" beginTime="27.520" endTime="28.350"/>
      <word confidence="0.918" wordID="SIL" beginTime="28.350" endTime="28.420"/>
      <word confidence="0.939" wordID="beschikt" beginTime="28.420" endTime="28.850"/>
      <word confidence="1.000" wordID="over" beginTime="28.850" endTime="29.090"/>
      <word confidence="1.000" wordID="bidden" beginTime="29.090" endTime="29.330"/>
      <word confidence="0.854" wordID="precisie" beginTime="29.330" endTime="29.790"/>
      <word confidence="0.938" wordID="instrumenten" beginTime="29.790" endTime="30.390"/>
      <word confidence="0.832" wordID="SIL" beginTime="30.390" endTime="30.630"/>
      <word confidence="0.929" wordID="niet" beginTime="30.630" endTime="30.910"/>
      <word confidence="0.842" wordID="aan" beginTime="30.910" endTime="31.190"/>
    </wordsequence>
  </speech>
  <speech label="SPK02-009" begintime="31.21" endtime="34.26" >
    <wordsequence>
      <word confidence="0.750" wordID="SIL" beginTime="31.210" endTime="31.220"/>
      <word confidence="0.801" wordID="een" beginTime="31.220" endTime="31.380"/>
      <word confidence="0.845" wordID="SIL" beginTime="31.380" endTime="31.390"/>
      <word confidence="0.892" wordID="identificeren" beginTime="31.390" endTime="32.250"/>
      <word confidence="1.000" wordID="van" beginTime="32.250" endTime="32.360"/>
      <word confidence="1.000" wordID="de" beginTime="32.360" endTime="32.440"/>
      <word confidence="0.966" wordID="diertjes" beginTime="32.440" endTime="32.880"/>
      <word confidence="0.729" wordID="SIL" beginTime="32.880" endTime="32.890"/>
      <word confidence="0.948" wordID="grote" beginTime="32.890" endTime="33.160"/>
      <word confidence="0.984" wordID="diensten" beginTime="33.160" endTime="33.530"/>
      <word confidence="1.000" wordID="bewijzen" beginTime="33.530" endTime="34.170"/>
      <word confidence="1.000" wordID="SIL" beginTime="34.170" endTime="34.260"/>
    </wordsequence>
  </speech>
  <speech label="SPK02-010" begintime="34.28" endtime="38.05" >
    <wordsequence>
      <word confidence="0.750" wordID="SIL" beginTime="34.280" endTime="35.090"/>
      <word confidence="0.981" wordID="onder" beginTime="35.090" endTime="35.300"/>
      <word confidence="0.812" wordID="de" beginTime="35.300" endTime="35.380"/>
      <word confidence="0.967" wordID="microscoop" beginTime="35.380" endTime="35.990"/>
      <word confidence="0.749" wordID="SIL" beginTime="35.990" endTime="36.190"/>
      <word confidence="0.943" wordID="worden" beginTime="36.190" endTime="36.410"/>
      <word confidence="0.945" wordID="de" beginTime="36.410" endTime="36.510"/>
      <word confidence="0.745" wordID="SIL" beginTime="36.510" endTime="36.540"/>
      <word confidence="1.000" wordID="tweede" beginTime="36.540" endTime="36.830"/>
      <word confidence="0.995" wordID="onschuldigen" beginTime="36.830" endTime="37.470"/>
      <word confidence="0.739" wordID="SIL" beginTime="37.470" endTime="37.480"/>
      <word confidence="1.000" wordID="beestjes" beginTime="37.480" endTime="37.920"/>
      <word confidence="0.748" wordID="SIL" beginTime="37.920" endTime="38.050"/>
    </wordsequence>
  </speech>
  <speech label="SPK02-011" begintime="38.07" endtime="40.91" >
    <wordsequence>
      <word confidence="0.750" wordID="SIL" beginTime="38.070" endTime="38.220"/>
      <word confidence="1.000" wordID="plotseling" beginTime="38.220" endTime="38.720"/>
      <word confidence="0.740" wordID="SIL" beginTime="38.720" endTime="38.730"/>
      <word confidence="0.991" wordID="angstaanjagende" beginTime="38.730" endTime="39.600"/>
      <word confidence="1.000" wordID="verschijningen" beginTime="39.600" endTime="40.910"/>
    </wordsequence>
  </speech>
  <speech label="SPK02-012" begintime="40.93" endtime="45.14" >
    <wordsequence>
      <word confidence="0.750" wordID="SIL" beginTime="40.930" endTime="41.520"/>
      <word confidence="1.000" wordID="zoals" beginTime="41.520" endTime="41.820"/>
      <word confidence="1.000" wordID="deze" beginTime="41.820" endTime="42.130"/>
      <word confidence="1.000" wordID="julikever" beginTime="42.130" endTime="42.920"/>
      <word confidence="0.749" wordID="SIL" beginTime="42.920" endTime="43.230"/>
      <word confidence="0.954" wordID="ook" beginTime="43.230" endTime="43.410"/>
      <word confidence="1.000" wordID="wel" beginTime="43.410" endTime="43.560"/>
      <word confidence="0.899" wordID="duidelijk" beginTime="43.560" endTime="43.970"/>
      <word confidence="1.000" wordID="even" beginTime="43.970" endTime="44.250"/>
      <word confidence="1.000" wordID="genoemd" beginTime="44.250" endTime="44.700"/>
      <word confidence="0.749" wordID="SIL" beginTime="44.700" endTime="45.140"/>
    </wordsequence>
  </speech>
  <speech label="SPK04-013" begintime="45.17" endtime="48.32" >
    <wordsequence>
      <word confidence="0.750" wordID="SIL" beginTime="45.170" endTime="46.420"/>
      <word confidence="0.843" wordID="ja" beginTime="46.420" endTime="46.720"/>
      <word confidence="0.747" wordID="SIL" beginTime="46.720" endTime="46.770"/>
      <word confidence="0.818" wordID="dit" beginTime="46.770" endTime="46.970"/>
      <word confidence="0.871" wordID="is" beginTime="46.970" endTime="47.080"/>
      <word confidence="0.880" wordID="een" beginTime="47.080" endTime="47.220"/>
      <word confidence="0.750" wordID="SIL" beginTime="47.220" endTime="47.420"/>
      <word confidence="0.911" wordID="fragment" beginTime="47.420" endTime="47.930"/>
      <word confidence="0.975" wordID="van" beginTime="47.930" endTime="48.040"/>
      <word confidence="0.898" wordID="het" beginTime="48.040" endTime="48.110"/>
      <word confidence="0.742" wordID="SIL" beginTime="48.110" endTime="48.120"/>
      <word confidence="0.900" wordID="zo" beginTime="48.120" endTime="48.290"/>
      <word confidence="0.748" wordID="SIL" beginTime="48.290" endTime="48.320"/>
    </wordsequence>
  </speech>
  <speech label="SPK02-014" begintime="48.34" endtime="52.55" >
    <wordsequence>
      <word confidence="0.886" wordID="dat" beginTime="48.340" endTime="48.500"/>
      <word confidence="0.867" wordID="vliegenthart" beginTime="48.500" endTime="49.240"/>
      <word confidence="0.739" wordID="SIL" beginTime="49.240" endTime="49.250"/>
      <word confidence="0.943" wordID="waard" beginTime="49.250" endTime="49.420"/>
      <word confidence="0.713" wordID="SIL" beginTime="49.420" endTime="49.430"/>
      <word confidence="0.891" wordID="zouden" beginTime="49.430" endTime="49.810"/>
      <word confidence="0.987" wordID="door" beginTime="49.810" endTime="50.050"/>
      <word confidence="0.769" wordID="SIL" beginTime="50.050" endTime="51.000"/>
      <word confidence="0.942" wordID="en" beginTime="51.000" endTime="51.130"/>
      <word confidence="1.000" wordID="hier" beginTime="51.130" endTime="51.390"/>
      <word confidence="0.880" wordID="de" beginTime="51.390" endTime="51.500"/>
      <word confidence="0.742" wordID="SIL" beginTime="51.500" endTime="51.510"/>
      <word confidence="1.000" wordID="neushoorn" beginTime="51.510" endTime="52.120"/>
      <word confidence="0.740" wordID="SIL" beginTime="52.120" endTime="52.130"/>
      <word confidence="0.911" wordID="tegen" beginTime="52.130" endTime="52.550"/>
    </wordsequence>
  </speech>
  <speech label="SPK10-015" begintime="52.57" endtime="54.83" >
    <wordsequence>
      <word confidence="0.671" wordID="SIL" beginTime="52.570" endTime="52.600"/>
      <word confidence="0.880" wordID="noord-brabant" beginTime="52.600" endTime="53.290"/>
      <word confidence="0.791" wordID="SIL" beginTime="53.290" endTime="54.480"/>
      <word confidence="0.905" wordID="bekopen" beginTime="54.480" endTime="54.830"/>
    </wordsequence>
  </speech>
  <speech label="SPK02-016" begintime="54.85" endtime="58.18" >
    <wordsequence>
      <word confidence="0.846" wordID="van" beginTime="54.850" endTime="54.970"/>
      <word confidence="0.951" wordID="de" beginTime="54.970" endTime="55.040"/>
      <word confidence="1.000" wordID="dieren" beginTime="55.040" endTime="55.320"/>
      <word confidence="0.923" wordID="is" beginTime="55.320" endTime="55.420"/>
      <word confidence="0.957" wordID="buitengewoon" beginTime="55.420" endTime="55.980"/>
      <word confidence="0.997" wordID="interessant" beginTime="55.980" endTime="56.430"/>
      <word confidence="0.886" wordID="SIL" beginTime="56.430" endTime="56.450"/>
      <word confidence="0.987" wordID="en" beginTime="56.450" endTime="56.880"/>
      <word confidence="0.734" wordID="SIL" beginTime="56.880" endTime="56.890"/>
      <word confidence="1.000" wordID="alleen" beginTime="56.890" endTime="57.170"/>
      <word confidence="0.994" wordID="al" beginTime="57.170" endTime="57.260"/>
      <word confidence="1.000" wordID="de" beginTime="57.260" endTime="57.350"/>
      <word confidence="0.966" wordID="ogen" beginTime="57.350" endTime="57.740"/>
      <word confidence="0.924" wordID="denken" beginTime="57.740" endTime="58.070"/>
      <word confidence="1.000" wordID="op" beginTime="58.070" endTime="58.180"/>
    </wordsequence>
  </speech>
  <speech label="SPK10-017" begintime="58.20" endtime="62.29" >
    <wordsequence>
      <word confidence="0.750" wordID="SIL" beginTime="58.200" endTime="58.210"/>
      <word confidence="0.825" wordID="de" beginTime="58.210" endTime="58.270"/>
      <word confidence="1.000" wordID="microscoop" beginTime="58.270" endTime="58.800"/>
      <word confidence="0.784" wordID="SIL" beginTime="58.800" endTime="58.970"/>
      <word confidence="1.000" wordID="zie" beginTime="58.970" endTime="59.140"/>
      <word confidence="0.928" wordID="je" beginTime="59.140" endTime="59.240"/>
      <word confidence="0.865" wordID="een" beginTime="59.240" endTime="59.330"/>
      <word confidence="1.000" wordID="wonderlijk" beginTime="59.330" endTime="59.740"/>
      <word confidence="0.746" wordID="SIL" beginTime="59.740" endTime="59.780"/>
      <word confidence="0.975" wordID="te" beginTime="59.780" endTime="59.870"/>
      <word confidence="0.936" wordID="zijn" beginTime="59.870" endTime="60.050"/>
      <word confidence="1.000" wordID="samengesteld" beginTime="60.050" endTime="60.780"/>
      <word confidence="0.750" wordID="SIL" beginTime="60.780" endTime="62.290"/>
    </wordsequence>
  </speech>
  <speech label="SPK02-018" begintime="62.31" endtime="65.49" >
    <wordsequence>
      <word confidence="0.750" wordID="SIL" beginTime="62.310" endTime="62.500"/>
      <word confidence="0.789" wordID="en" beginTime="62.500" endTime="63.300"/>
      <word confidence="0.747" wordID="SIL" beginTime="63.300" endTime="63.370"/>
      <word confidence="1.000" wordID="wat" beginTime="63.370" endTime="63.490"/>
      <word confidence="0.963" wordID="mannetje" beginTime="63.490" endTime="63.860"/>
      <word confidence="0.868" wordID="en" beginTime="63.860" endTime="63.980"/>
      <word confidence="0.987" wordID="vrouwtje" beginTime="63.980" endTime="64.370"/>
      <word confidence="0.987" wordID="wat" beginTime="64.370" endTime="64.540"/>
      <word confidence="1.000" wordID="was" beginTime="64.540" endTime="64.750"/>
      <word confidence="0.921" wordID="de" beginTime="64.750" endTime="64.900"/>
      <word confidence="0.744" wordID="SIL" beginTime="64.900" endTime="64.910"/>
      <word confidence="0.999" wordID="sprieten" beginTime="64.910" endTime="65.290"/>
      <word confidence="0.958" wordID="keer" beginTime="65.290" endTime="65.490"/>
    </wordsequence>
  </speech>
  <speech label="SPK10-019" begintime="65.51" endtime="70.41" >
    <wordsequence>
      <word confidence="0.946" wordID="evers" beginTime="65.510" endTime="65.870"/>
      <word confidence="0.941" wordID="SIL" beginTime="65.870" endTime="66.140"/>
      <word confidence="0.809" wordID="van" beginTime="66.140" endTime="66.390"/>
      <word confidence="0.743" wordID="SIL" beginTime="66.390" endTime="66.410"/>
      <word confidence="0.981" wordID="de" beginTime="66.410" endTime="66.490"/>
      <word confidence="0.937" wordID="verzameling" beginTime="66.490" endTime="67.010"/>
      <word confidence="1.000" wordID="geeft" beginTime="67.010" endTime="67.210"/>
      <word confidence="0.968" wordID="een" beginTime="67.210" endTime="67.280"/>
      <word confidence="0.969" wordID="fascinerend" beginTime="67.280" endTime="67.930"/>
      <word confidence="0.926" wordID="binnen" beginTime="67.930" endTime="68.210"/>
      <word confidence="0.739" wordID="SIL" beginTime="68.210" endTime="68.230"/>
      <word confidence="0.867" wordID="te" beginTime="68.230" endTime="68.340"/>
      <word confidence="0.748" wordID="SIL" beginTime="68.340" endTime="68.420"/>
      <word confidence="0.952" wordID="vallen" beginTime="68.420" endTime="68.600"/>
      <word confidence="1.000" wordID="zo" beginTime="68.600" endTime="68.740"/>
      <word confidence="0.967" wordID="blijkt" beginTime="68.740" endTime="68.980"/>
      <word confidence="0.931" wordID="gevarieerde" beginTime="68.980" endTime="69.560"/>
      <word confidence="1.000" wordID="insectenwereld" beginTime="69.560" endTime="70.410"/>
    </wordsequence>
  </speech>
  <speech label="SPK16-020" begintime="70.43" endtime="73.32" >
    <wordsequence>
      <word confidence="0.748" wordID="eindelijk" beginTime="70.430" endTime="71.430"/>
      <word confidence="0.849" wordID="SIL" beginTime="71.430" endTime="72.040"/>
      <word confidence="1.000" wordID="een" beginTime="72.040" endTime="72.910"/>
      <word confidence="0.750" wordID="SIL" beginTime="72.910" endTime="73.320"/>
    </wordsequence>
  </speech>

  </segments>
</shout_metadata>
