<?xml version="1.0" encoding="UTF-8"?>
<!--
  ##################################################################################################
  ###                      This transcription is automatically generated by                      ###
  ###                              X-MI, Cross-Media interaction                                 ###
  ###                                    http://x-mi.nl                                          ###
  ##################################################################################################
-->
<shout_metadata>
  <model_info>
    <version>Standaard systeem 28-02-2012</version>
    <description>Academia</description>
  </model_info>
  <segments>
  <speech label="SPK01-001" begintime="1.67" endtime="5.62" >
    <wordsequence>
      <word confidence="0.750" wordID="SIL" beginTime="1.670" endTime="2.140"/>
      <word confidence="0.992" wordID="weerstanden" beginTime="2.140" endTime="2.750"/>
      <word confidence="0.941" wordID="zes" beginTime="2.750" endTime="2.960"/>
      <word confidence="1.000" wordID="tot" beginTime="2.960" endTime="3.110"/>
      <word confidence="1.000" wordID="op" beginTime="3.110" endTime="3.230"/>
      <word confidence="0.965" wordID="de" beginTime="3.230" endTime="3.310"/>
      <word confidence="0.936" wordID="plaats" beginTime="3.310" endTime="3.660"/>
      <word confidence="1.000" wordID="om" beginTime="3.660" endTime="3.830"/>
      <word confidence="1.000" wordID="ons" beginTime="3.830" endTime="4.030"/>
      <word confidence="1.000" wordID="van" beginTime="4.030" endTime="4.180"/>
      <word confidence="0.933" wordID="de" beginTime="4.180" endTime="4.250"/>
      <word confidence="1.000" wordID="hollandse" beginTime="4.250" endTime="4.660"/>
      <word confidence="1.000" wordID="nieuwe" beginTime="4.660" endTime="4.900"/>
      <word confidence="1.000" wordID="te" beginTime="4.900" endTime="4.970"/>
      <word confidence="1.000" wordID="broos" beginTime="4.970" endTime="5.200"/>
      <word confidence="1.000" wordID="die" beginTime="5.200" endTime="5.350"/>
      <word confidence="0.749" wordID="SIL" beginTime="5.350" endTime="5.620"/>
    </wordsequence>
  </speech>
  <speech label="SPK01-002" begintime="5.64" endtime="9.36" >
    <wordsequence>
      <word confidence="0.750" wordID="SIL" beginTime="5.640" endTime="5.970"/>
      <word confidence="1.000" wordID="de" beginTime="5.970" endTime="6.070"/>
      <word confidence="0.989" wordID="zwaar" beginTime="6.070" endTime="6.370"/>
      <word confidence="0.739" wordID="SIL" beginTime="6.370" endTime="6.380"/>
      <word confidence="0.863" wordID="werk" beginTime="6.380" endTime="6.620"/>
      <word confidence="1.000" wordID="verrichten" beginTime="6.620" endTime="7.010"/>
      <word confidence="1.000" wordID="de" beginTime="7.010" endTime="7.100"/>
      <word confidence="0.956" wordID="mogen" beginTime="7.100" endTime="7.340"/>
      <word confidence="0.932" wordID="bemanningen" beginTime="7.340" endTime="7.880"/>
      <word confidence="0.749" wordID="SIL" beginTime="7.880" endTime="7.990"/>
      <word confidence="0.829" wordID="naar" beginTime="7.990" endTime="8.160"/>
      <word confidence="0.742" wordID="SIL" beginTime="8.160" endTime="8.170"/>
      <word confidence="0.878" wordID="een" beginTime="8.170" endTime="8.250"/>
      <word confidence="0.991" wordID="goed" beginTime="8.250" endTime="8.530"/>
      <word confidence="0.735" wordID="SIL" beginTime="8.530" endTime="8.540"/>
      <word confidence="0.999" wordID="voedsel" beginTime="8.540" endTime="8.880"/>
      <word confidence="0.996" wordID="nodig" beginTime="8.880" endTime="9.190"/>
      <word confidence="0.749" wordID="SIL" beginTime="9.190" endTime="9.360"/>
    </wordsequence>
  </speech>
  <speech label="SPK01-003" begintime="9.38" endtime="14.44" >
    <wordsequence>
      <word confidence="0.750" wordID="SIL" beginTime="9.380" endTime="9.670"/>
      <word confidence="0.855" wordID="hoewel" beginTime="9.670" endTime="10.260"/>
      <word confidence="0.746" wordID="SIL" beginTime="10.260" endTime="10.290"/>
      <word confidence="0.813" wordID="er" beginTime="10.290" endTime="10.520"/>
      <word confidence="0.741" wordID="SIL" beginTime="10.520" endTime="10.530"/>
      <word confidence="1.000" wordID="nog" beginTime="10.530" endTime="10.660"/>
      <word confidence="0.775" wordID="SIL" beginTime="10.660" endTime="10.670"/>
      <word confidence="0.981" wordID="een" beginTime="10.670" endTime="10.770"/>
      <word confidence="1.000" wordID="zalf" beginTime="10.770" endTime="11.000"/>
      <word confidence="0.901" wordID="uitstekend" beginTime="11.000" endTime="11.520"/>
      <word confidence="0.873" wordID="SIL" beginTime="11.520" endTime="11.560"/>
      <word confidence="0.931" wordID="moeten" beginTime="11.560" endTime="12.100"/>
      <word confidence="0.748" wordID="SIL" beginTime="12.100" endTime="12.170"/>
      <word confidence="0.934" wordID="alle" beginTime="12.170" endTime="12.400"/>
      <word confidence="1.000" wordID="dagen" beginTime="12.400" endTime="12.690"/>
      <word confidence="0.950" wordID="bruine" beginTime="12.690" endTime="13.000"/>
      <word confidence="1.000" wordID="bonen" beginTime="13.000" endTime="13.350"/>
      <word confidence="0.877" wordID="is" beginTime="13.350" endTime="13.480"/>
      <word confidence="0.997" wordID="ook" beginTime="13.480" endTime="13.630"/>
      <word confidence="1.000" wordID="zo" beginTime="13.630" endTime="13.730"/>
      <word confidence="0.950" wordID="lekker" beginTime="13.730" endTime="14.000"/>
      <word confidence="1.000" wordID="niet" beginTime="14.000" endTime="14.270"/>
      <word confidence="0.891" wordID="SIL" beginTime="14.270" endTime="14.440"/>
    </wordsequence>
  </speech>
  <speech label="SPK01-004" begintime="14.46" endtime="19.55" >
    <wordsequence>
      <word confidence="0.750" wordID="SIL" beginTime="14.460" endTime="14.810"/>
      <word confidence="0.911" wordID="daarom" beginTime="14.810" endTime="15.160"/>
      <word confidence="0.942" wordID="kregen" beginTime="15.160" endTime="15.480"/>
      <word confidence="1.000" wordID="oorlog" beginTime="15.480" endTime="15.750"/>
      <word confidence="0.746" wordID="SIL" beginTime="15.750" endTime="15.780"/>
      <word confidence="0.818" wordID="als" beginTime="15.780" endTime="16.180"/>
      <word confidence="0.742" wordID="SIL" beginTime="16.180" endTime="16.190"/>
      <word confidence="0.907" wordID="in" beginTime="16.190" endTime="16.270"/>
      <word confidence="0.875" wordID="de" beginTime="16.270" endTime="16.340"/>
      <word confidence="0.982" wordID="nacht" beginTime="16.340" endTime="16.590"/>
      <word confidence="0.927" wordID="sargeant" beginTime="16.590" endTime="17.150"/>
      <word confidence="0.745" wordID="SIL" beginTime="17.150" endTime="17.170"/>
      <word confidence="0.963" wordID="voor" beginTime="17.170" endTime="17.400"/>
      <word confidence="0.749" wordID="SIL" beginTime="17.400" endTime="17.700"/>
      <word confidence="1.000" wordID="onderricht" beginTime="17.700" endTime="18.200"/>
      <word confidence="0.998" wordID="in" beginTime="18.200" endTime="18.280"/>
      <word confidence="1.000" wordID="de" beginTime="18.280" endTime="18.340"/>
      <word confidence="1.000" wordID="moderne" beginTime="18.340" endTime="18.730"/>
      <word confidence="0.952" wordID="kookkunst" beginTime="18.730" endTime="19.370"/>
      <word confidence="0.749" wordID="SIL" beginTime="19.370" endTime="19.550"/>
    </wordsequence>
  </speech>
  <speech label="SPK01-005" begintime="19.57" endtime="20.06" >
    <wordsequence>
      <word confidence="0.750" wordID="SIL" beginTime="19.570" endTime="19.820"/>
      <word confidence="0.824" wordID="en" beginTime="19.820" endTime="19.940"/>
      <word confidence="1.000" wordID="die" beginTime="19.940" endTime="20.060"/>
    </wordsequence>
  </speech>
  <speech label="SPK10-006" begintime="20.08" endtime="22.56" >
    <wordsequence>
      <word confidence="0.840" wordID="gerets" beginTime="20.080" endTime="20.580"/>
      <word confidence="0.749" wordID="SIL" beginTime="20.580" endTime="20.740"/>
      <word confidence="0.867" wordID="is" beginTime="20.740" endTime="20.960"/>
      <word confidence="0.929" wordID="dus" beginTime="20.960" endTime="21.110"/>
      <word confidence="0.868" wordID="geloof" beginTime="21.110" endTime="21.400"/>
      <word confidence="0.882" wordID="is" beginTime="21.400" endTime="21.540"/>
      <word confidence="0.834" wordID="een" beginTime="21.540" endTime="21.620"/>
      <word confidence="0.869" wordID="cel" beginTime="21.620" endTime="21.770"/>
      <word confidence="0.908" wordID="op" beginTime="21.770" endTime="21.980"/>
      <word confidence="0.749" wordID="SIL" beginTime="21.980" endTime="22.230"/>
      <word confidence="0.832" wordID="onze" beginTime="22.230" endTime="22.560"/>
    </wordsequence>
  </speech>
  <speech label="SPK01-007" begintime="22.58" endtime="25.14" >
    <wordsequence>
      <word confidence="0.818" wordID="wat" beginTime="22.580" endTime="22.720"/>
      <word confidence="1.000" wordID="meer" beginTime="22.720" endTime="22.920"/>
      <word confidence="0.760" wordID="SIL" beginTime="22.920" endTime="22.930"/>
      <word confidence="0.973" wordID="variatie" beginTime="22.930" endTime="23.580"/>
      <word confidence="0.937" wordID="in" beginTime="23.580" endTime="23.690"/>
      <word confidence="1.000" wordID="de" beginTime="23.690" endTime="23.760"/>
      <word confidence="1.000" wordID="schippers" beginTime="23.760" endTime="24.120"/>
      <word confidence="1.000" wordID="SIL" beginTime="24.120" endTime="24.130"/>
      <word confidence="1.000" wordID="op" beginTime="24.130" endTime="24.270"/>
      <word confidence="0.960" wordID="te" beginTime="24.270" endTime="24.330"/>
      <word confidence="1.000" wordID="kunnen" beginTime="24.330" endTime="24.500"/>
      <word confidence="0.995" wordID="blijven" beginTime="24.500" endTime="25.140"/>
    </wordsequence>
  </speech>
  <speech label="SPK01-008" begintime="25.16" endtime="30.71" >
    <wordsequence>
      <word confidence="0.750" wordID="SIL" beginTime="25.160" endTime="25.580"/>
      <word confidence="0.980" wordID="met" beginTime="25.580" endTime="25.740"/>
      <word confidence="0.744" wordID="SIL" beginTime="25.740" endTime="25.750"/>
      <word confidence="0.891" wordID="evenveel" beginTime="25.750" endTime="26.170"/>
      <word confidence="0.952" wordID="aandacht" beginTime="26.170" endTime="26.460"/>
      <word confidence="0.964" wordID="over" beginTime="26.460" endTime="26.680"/>
      <word confidence="1.000" wordID="jonge" beginTime="26.680" endTime="26.880"/>
      <word confidence="0.867" wordID="meisjes" beginTime="26.880" endTime="27.230"/>
      <word confidence="0.991" wordID="die" beginTime="27.230" endTime="27.380"/>
      <word confidence="1.000" wordID="allemaal" beginTime="27.380" endTime="27.600"/>
      <word confidence="1.000" wordID="door" beginTime="27.600" endTime="27.760"/>
      <word confidence="0.990" wordID="lokale" beginTime="27.760" endTime="28.150"/>
      <word confidence="1.000" wordID="bevolken" beginTime="28.150" endTime="28.650"/>
      <word confidence="0.749" wordID="SIL" beginTime="28.650" endTime="28.960"/>
      <word confidence="0.997" wordID="probeerde" beginTime="28.960" endTime="29.380"/>
      <word confidence="0.923" wordID="de" beginTime="29.380" endTime="29.460"/>
      <word confidence="0.738" wordID="SIL" beginTime="29.460" endTime="29.470"/>
      <word confidence="1.000" wordID="wissels" beginTime="29.470" endTime="29.800"/>
      <word confidence="0.868" wordID="in" beginTime="29.800" endTime="29.890"/>
      <word confidence="0.841" wordID="de" beginTime="29.890" endTime="29.960"/>
      <word confidence="0.942" wordID="oversteken" beginTime="29.960" endTime="30.480"/>
      <word confidence="1.000" wordID="van" beginTime="30.480" endTime="30.630"/>
      <word confidence="0.932" wordID="het" beginTime="30.630" endTime="30.710"/>
    </wordsequence>
  </speech>
  <speech label="SPK10-009" begintime="30.73" endtime="34.11" >
    <wordsequence>
      <word confidence="0.793" wordID="iedereen" beginTime="30.730" endTime="31.120"/>
      <word confidence="0.793" wordID="hier" beginTime="31.120" endTime="31.380"/>
      <word confidence="0.803" wordID="SIL" beginTime="31.380" endTime="32.800"/>
      <word confidence="0.842" wordID="nu" beginTime="32.800" endTime="33.000"/>
      <word confidence="0.748" wordID="SIL" beginTime="33.000" endTime="33.080"/>
      <word confidence="0.837" wordID="van" beginTime="33.080" endTime="33.330"/>
      <word confidence="0.750" wordID="SIL" beginTime="33.330" endTime="33.860"/>
      <word confidence="0.877" wordID="de" beginTime="33.860" endTime="34.110"/>
    </wordsequence>
  </speech>
  <speech label="SPK01-010" begintime="34.13" endtime="36.88" >
    <wordsequence>
      <word confidence="0.798" wordID="de" beginTime="34.130" endTime="34.330"/>
      <word confidence="0.675" wordID="SIL" beginTime="34.330" endTime="34.340"/>
      <word confidence="0.865" wordID="gekleed" beginTime="34.340" endTime="34.820"/>
      <word confidence="0.932" wordID="in" beginTime="34.820" endTime="34.930"/>
      <word confidence="0.886" wordID="deze" beginTime="34.930" endTime="35.200"/>
      <word confidence="0.929" wordID="de" beginTime="35.200" endTime="35.270"/>
      <word confidence="1.000" wordID="inspannend" beginTime="35.270" endTime="35.790"/>
      <word confidence="0.852" wordID="werk" beginTime="35.790" endTime="36.030"/>
      <word confidence="0.914" wordID="je" beginTime="36.030" endTime="36.220"/>
      <word confidence="1.000" wordID="SIL" beginTime="36.220" endTime="36.430"/>
      <word confidence="1.000" wordID="baas" beginTime="36.430" endTime="36.630"/>
      <word confidence="1.000" wordID="als" beginTime="36.630" endTime="36.800"/>
      <word confidence="0.863" wordID="je" beginTime="36.800" endTime="36.880"/>
    </wordsequence>
  </speech>
  <speech label="SPK03-011" begintime="36.90" endtime="38.34" >
    <wordsequence>
      <word confidence="0.808" wordID="ik" beginTime="36.900" endTime="37.210"/>
      <word confidence="0.832" wordID="SIL" beginTime="37.210" endTime="37.350"/>
      <word confidence="0.920" wordID="kom" beginTime="37.350" endTime="37.510"/>
      <word confidence="0.749" wordID="SIL" beginTime="37.510" endTime="37.620"/>
      <word confidence="0.800" wordID="uit" beginTime="37.620" endTime="37.810"/>
      <word confidence="0.897" wordID="het" beginTime="37.810" endTime="37.920"/>
      <word confidence="0.750" wordID="SIL" beginTime="37.920" endTime="38.340"/>
    </wordsequence>
  </speech>
  <speech label="SPK03-012" begintime="38.85" endtime="41.10" >
    <wordsequence>
      <word confidence="0.750" wordID="SIL" beginTime="38.850" endTime="38.930"/>
      <word confidence="0.805" wordID="die" beginTime="38.930" endTime="39.450"/>
      <word confidence="0.819" wordID="een" beginTime="39.450" endTime="39.720"/>
      <word confidence="0.747" wordID="SIL" beginTime="39.720" endTime="39.770"/>
      <word confidence="0.793" wordID="nummer" beginTime="39.770" endTime="41.100"/>
    </wordsequence>
  </speech>
  <speech label="SPK04-013" begintime="41.12" endtime="43.72" >
    <wordsequence>
      <word confidence="0.750" wordID="SIL" beginTime="41.120" endTime="41.170"/>
      <word confidence="0.763" wordID="ja" beginTime="41.170" endTime="41.500"/>
      <word confidence="0.727" wordID="SIL" beginTime="41.500" endTime="41.810"/>
      <word confidence="0.756" wordID="ja" beginTime="41.810" endTime="43.720"/>
    </wordsequence>
  </speech>
  <speech label="SPK01-014" begintime="43.74" endtime="45.63" >
    <wordsequence>
      <word confidence="0.868" wordID="waarvan" beginTime="43.740" endTime="44.220"/>
      <word confidence="0.904" wordID="dan" beginTime="44.220" endTime="44.400"/>
      <word confidence="1.000" wordID="wel" beginTime="44.400" endTime="44.630"/>
      <word confidence="1.000" wordID="gaat" beginTime="44.630" endTime="44.880"/>
      <word confidence="0.726" wordID="SIL" beginTime="44.880" endTime="44.900"/>
      <word confidence="0.940" wordID="de" beginTime="44.900" endTime="45.020"/>
      <word confidence="0.949" wordID="of" beginTime="45.020" endTime="45.290"/>
      <word confidence="0.875" wordID="in" beginTime="45.290" endTime="45.560"/>
      <word confidence="1.000" wordID="SIL" beginTime="45.560" endTime="45.630"/>
    </wordsequence>
  </speech>
  <speech label="SPK01-015" begintime="45.66" endtime="50.72" >
    <wordsequence>
      <word confidence="0.750" wordID="SIL" beginTime="45.660" endTime="45.820"/>
      <word confidence="0.927" wordID="die" beginTime="45.820" endTime="45.920"/>
      <word confidence="1.000" wordID="op" beginTime="45.920" endTime="46.050"/>
      <word confidence="0.971" wordID="het" beginTime="46.050" endTime="46.150"/>
      <word confidence="1.000" wordID="scherm" beginTime="46.150" endTime="46.360"/>
      <word confidence="0.738" wordID="SIL" beginTime="46.360" endTime="46.370"/>
      <word confidence="0.906" wordID="wil" beginTime="46.370" endTime="46.560"/>
      <word confidence="1.000" wordID="ook" beginTime="46.560" endTime="46.680"/>
      <word confidence="0.973" wordID="geen" beginTime="46.680" endTime="46.890"/>
      <word confidence="0.736" wordID="SIL" beginTime="46.890" endTime="46.900"/>
      <word confidence="1.000" wordID="blinkend" beginTime="46.900" endTime="47.330"/>
      <word confidence="1.000" wordID="glazen" beginTime="47.330" endTime="47.580"/>
      <word confidence="1.000" wordID="van" beginTime="47.580" endTime="47.730"/>
      <word confidence="0.944" wordID="darius" beginTime="47.730" endTime="48.350"/>
      <word confidence="0.749" wordID="SIL" beginTime="48.350" endTime="48.570"/>
      <word confidence="0.893" wordID="maar" beginTime="48.570" endTime="48.840"/>
      <word confidence="0.748" wordID="SIL" beginTime="48.840" endTime="48.900"/>
      <word confidence="1.000" wordID="maar" beginTime="48.900" endTime="49.130"/>
      <word confidence="0.739" wordID="SIL" beginTime="49.130" endTime="49.140"/>
      <word confidence="1.000" wordID="voor" beginTime="49.140" endTime="49.290"/>
      <word confidence="0.790" wordID="het" beginTime="49.290" endTime="49.360"/>
      <word confidence="0.999" wordID="boksen" beginTime="49.360" endTime="49.620"/>
      <word confidence="0.932" wordID="weg" beginTime="49.620" endTime="49.930"/>
      <word confidence="0.741" wordID="SIL" beginTime="49.930" endTime="49.940"/>
      <word confidence="0.855" wordID="uit" beginTime="49.940" endTime="50.280"/>
      <word confidence="0.749" wordID="SIL" beginTime="50.280" endTime="50.720"/>
    </wordsequence>
  </speech>
  <speech label="SPK01-016" begintime="51.08" endtime="53.13" >
    <wordsequence>
      <word confidence="0.750" wordID="SIL" beginTime="51.080" endTime="51.530"/>
      <word confidence="0.987" wordID="voor" beginTime="51.530" endTime="51.700"/>
      <word confidence="0.896" wordID="het" beginTime="51.700" endTime="51.790"/>
      <word confidence="0.968" wordID="samenstellen" beginTime="51.790" endTime="52.360"/>
      <word confidence="1.000" wordID="van" beginTime="52.360" endTime="52.470"/>
      <word confidence="1.000" wordID="de" beginTime="52.470" endTime="52.550"/>
      <word confidence="0.930" wordID="monumenten" beginTime="52.550" endTime="53.020"/>
      <word confidence="0.940" wordID="aan" beginTime="53.020" endTime="53.130"/>
    </wordsequence>
  </speech>
  <speech label="SPK11-017" begintime="53.15" endtime="55.63" >
    <wordsequence>
      <word confidence="0.915" wordID="toch" beginTime="53.150" endTime="53.340"/>
      <word confidence="0.951" wordID="hangen" beginTime="53.340" endTime="53.830"/>
      <word confidence="0.728" wordID="SIL" beginTime="53.830" endTime="53.840"/>
      <word confidence="0.972" wordID="is" beginTime="53.840" endTime="54.000"/>
      <word confidence="0.908" wordID="het" beginTime="54.000" endTime="54.100"/>
      <word confidence="0.877" wordID="nuttig" beginTime="54.100" endTime="54.370"/>
      <word confidence="1.000" wordID="om" beginTime="54.370" endTime="54.490"/>
      <word confidence="0.991" wordID="ook" beginTime="54.490" endTime="54.660"/>
      <word confidence="0.929" wordID="de" beginTime="54.660" endTime="54.740"/>
      <word confidence="0.950" wordID="weet" beginTime="54.740" endTime="54.960"/>
      <word confidence="1.000" wordID="hoe" beginTime="54.960" endTime="55.160"/>
      <word confidence="1.000" wordID="groeien" beginTime="55.160" endTime="55.520"/>
      <word confidence="1.000" wordID="ze" beginTime="55.520" endTime="55.630"/>
    </wordsequence>
  </speech>
  <speech label="SPK10-018" begintime="55.65" endtime="58.85" >
    <wordsequence>
      <word confidence="0.842" wordID="ook" beginTime="55.650" endTime="55.730"/>
      <word confidence="0.894" wordID="SIL" beginTime="55.730" endTime="55.770"/>
      <word confidence="0.938" wordID="wordt" beginTime="55.770" endTime="55.960"/>
      <word confidence="0.925" wordID="gemaakt" beginTime="55.960" endTime="56.430"/>
      <word confidence="0.775" wordID="SIL" beginTime="56.430" endTime="56.800"/>
      <word confidence="0.801" wordID="van" beginTime="56.800" endTime="57.030"/>
      <word confidence="0.750" wordID="SIL" beginTime="57.030" endTime="57.540"/>
      <word confidence="0.843" wordID="een" beginTime="57.540" endTime="57.660"/>
      <word confidence="0.747" wordID="SIL" beginTime="57.660" endTime="57.710"/>
      <word confidence="0.900" wordID="grote" beginTime="57.710" endTime="58.120"/>
      <word confidence="0.961" wordID="acht" beginTime="58.120" endTime="58.280"/>
      <word confidence="0.928" wordID="men" beginTime="58.280" endTime="58.630"/>
      <word confidence="0.741" wordID="SIL" beginTime="58.630" endTime="58.640"/>
      <word confidence="1.000" wordID="in" beginTime="58.640" endTime="58.780"/>
      <word confidence="0.882" wordID="de" beginTime="58.780" endTime="58.850"/>
    </wordsequence>
  </speech>
  <speech label="SPK01-019" begintime="58.87" endtime="63.16" >
    <wordsequence>
      <word confidence="0.877" wordID="overleg" beginTime="58.870" endTime="59.230"/>
      <word confidence="0.934" wordID="met" beginTime="59.230" endTime="59.360"/>
      <word confidence="0.877" wordID="de" beginTime="59.360" endTime="59.440"/>
      <word confidence="0.836" wordID="SIL" beginTime="59.440" endTime="59.450"/>
      <word confidence="1.000" wordID="voedings-en" beginTime="59.450" endTime="59.800"/>
      <word confidence="0.981" wordID="laat" beginTime="59.800" endTime="60.110"/>
      <word confidence="1.000" wordID="SIL" beginTime="60.110" endTime="60.330"/>
      <word confidence="1.000" wordID="de" beginTime="60.330" endTime="60.410"/>
      <word confidence="0.955" wordID="arbeidsomstandigheden" beginTime="60.410" endTime="61.520"/>
      <word confidence="1.000" wordID="van" beginTime="61.520" endTime="61.670"/>
      <word confidence="1.000" wordID="de" beginTime="61.670" endTime="61.740"/>
      <word confidence="1.000" wordID="wissels" beginTime="61.740" endTime="62.100"/>
      <word confidence="0.897" wordID="opdagen" beginTime="62.100" endTime="62.590"/>
      <word confidence="0.865" wordID="hoger" beginTime="62.590" endTime="62.910"/>
      <word confidence="0.793" wordID="SIL" beginTime="62.910" endTime="62.920"/>
      <word confidence="0.953" wordID="is" beginTime="62.920" endTime="63.030"/>
      <word confidence="0.835" wordID="SIL" beginTime="63.030" endTime="63.040"/>
      <word confidence="0.919" wordID="dan" beginTime="63.040" endTime="63.160"/>
    </wordsequence>
  </speech>
  <speech label="SPK10-020" begintime="63.18" endtime="65.54" >
    <wordsequence>
      <word confidence="0.892" wordID="opwinden" beginTime="63.180" endTime="63.710"/>
      <word confidence="0.758" wordID="SIL" beginTime="63.710" endTime="64.020"/>
      <word confidence="0.806" wordID="over" beginTime="64.020" endTime="65.540"/>
    </wordsequence>
  </speech>

  </segments>
</shout_metadata>
