<?xml version="1.0" encoding="UTF-8"?>
<!--
  ##################################################################################################
  ###                      This transcription is automatically generated by                      ###
  ###                              X-MI, Cross-Media interaction                                 ###
  ###                                    http://x-mi.nl                                          ###
  ##################################################################################################
-->
<shout_metadata>
  <model_info>
    <version>Standaard systeem 28-02-2012</version>
    <description>Academia</description>
  </model_info>
  <segments>
  <speech label="SPK02-001" begintime="1.83" endtime="6.03" >
    <wordsequence>
      <word confidence="0.750" wordID="SIL" beginTime="1.830" endTime="2.310"/>
      <word confidence="0.889" wordID="in" beginTime="2.310" endTime="2.550"/>
      <word confidence="0.970" wordID="op" beginTime="2.550" endTime="2.700"/>
      <word confidence="1.000" wordID="de" beginTime="2.700" endTime="2.790"/>
      <word confidence="1.000" wordID="twintig" beginTime="2.790" endTime="3.160"/>
      <word confidence="1.000" wordID="mensen" beginTime="3.160" endTime="3.600"/>
      <word confidence="0.741" wordID="SIL" beginTime="3.600" endTime="3.610"/>
      <word confidence="0.929" wordID="overleden" beginTime="3.610" endTime="4.120"/>
      <word confidence="0.749" wordID="SIL" beginTime="4.120" endTime="4.260"/>
      <word confidence="0.986" wordID="aan" beginTime="4.260" endTime="4.410"/>
      <word confidence="0.869" wordID="een" beginTime="4.410" endTime="4.490"/>
      <word confidence="1.000" wordID="ongeval" beginTime="4.490" endTime="5.010"/>
      <word confidence="1.000" wordID="in" beginTime="5.010" endTime="5.100"/>
      <word confidence="0.935" wordID="ons" beginTime="5.100" endTime="5.270"/>
      <word confidence="1.000" wordID="land" beginTime="5.270" endTime="5.600"/>
      <word confidence="0.749" wordID="SIL" beginTime="5.600" endTime="5.790"/>
      <word confidence="0.810" wordID="een" beginTime="5.790" endTime="6.030"/>
    </wordsequence>
  </speech>
  <speech label="SPK02-002" begintime="6.27" endtime="10.88" >
    <wordsequence>
      <word confidence="0.750" wordID="SIL" beginTime="6.270" endTime="6.560"/>
      <word confidence="0.819" wordID="en" beginTime="6.560" endTime="7.210"/>
      <word confidence="0.749" wordID="SIL" beginTime="7.210" endTime="7.390"/>
      <word confidence="0.981" wordID="vaak" beginTime="7.390" endTime="7.710"/>
      <word confidence="0.991" wordID="wordt" beginTime="7.710" endTime="7.920"/>
      <word confidence="1.000" wordID="het" beginTime="7.920" endTime="8.010"/>
      <word confidence="0.938" wordID="doodvonnis" beginTime="8.010" endTime="8.620"/>
      <word confidence="0.901" wordID="uit" beginTime="8.620" endTime="8.900"/>
      <word confidence="0.739" wordID="SIL" beginTime="8.900" endTime="8.910"/>
      <word confidence="0.955" wordID="door" beginTime="8.910" endTime="9.060"/>
      <word confidence="1.000" wordID="een" beginTime="9.060" endTime="9.120"/>
      <word confidence="1.000" wordID="bedrijfsongeval" beginTime="9.120" endTime="9.960"/>
      <word confidence="0.737" wordID="SIL" beginTime="9.960" endTime="9.970"/>
      <word confidence="0.859" wordID="een" beginTime="9.970" endTime="10.780"/>
      <word confidence="0.747" wordID="SIL" beginTime="10.780" endTime="10.880"/>
    </wordsequence>
  </speech>
  <speech label="SPK02-003" begintime="12.14" endtime="16.81" >
    <wordsequence>
      <word confidence="0.750" wordID="SIL" beginTime="12.140" endTime="12.610"/>
      <word confidence="0.911" wordID="verschillende" beginTime="12.610" endTime="13.060"/>
      <word confidence="1.000" wordID="van" beginTime="13.060" endTime="13.190"/>
      <word confidence="1.000" wordID="deze" beginTime="13.190" endTime="13.390"/>
      <word confidence="0.999" wordID="ongelukken" beginTime="13.390" endTime="13.910"/>
      <word confidence="0.748" wordID="SIL" beginTime="13.910" endTime="14.020"/>
      <word confidence="1.000" wordID="zijn" beginTime="14.020" endTime="14.230"/>
      <word confidence="0.953" wordID="het" beginTime="14.230" endTime="14.310"/>
      <word confidence="0.970" wordID="gevolg" beginTime="14.310" endTime="14.740"/>
      <word confidence="0.749" wordID="SIL" beginTime="14.740" endTime="14.900"/>
      <word confidence="1.000" wordID="van" beginTime="14.900" endTime="15.060"/>
      <word confidence="1.000" wordID="een" beginTime="15.060" endTime="15.160"/>
      <word confidence="0.953" wordID="gebrek" beginTime="15.160" endTime="15.510"/>
      <word confidence="0.953" wordID="aan" beginTime="15.510" endTime="15.660"/>
      <word confidence="0.737" wordID="SIL" beginTime="15.660" endTime="15.670"/>
      <word confidence="1.000" wordID="veiligheid" beginTime="15.670" endTime="16.180"/>
      <word confidence="0.738" wordID="SIL" beginTime="16.180" endTime="16.190"/>
      <word confidence="1.000" wordID="besef" beginTime="16.190" endTime="16.500"/>
      <word confidence="0.749" wordID="SIL" beginTime="16.500" endTime="16.810"/>
    </wordsequence>
  </speech>
  <speech label="SPK02-004" begintime="16.83" endtime="20.79" >
    <wordsequence>
      <word confidence="0.750" wordID="SIL" beginTime="16.830" endTime="18.250"/>
      <word confidence="0.985" wordID="er" beginTime="18.250" endTime="18.360"/>
      <word confidence="1.000" wordID="bestaan" beginTime="18.360" endTime="18.700"/>
      <word confidence="0.971" wordID="uitstekende" beginTime="18.700" endTime="19.260"/>
      <word confidence="0.932" wordID="belandden" beginTime="19.260" endTime="19.690"/>
      <word confidence="0.946" wordID="de" beginTime="19.690" endTime="19.780"/>
      <word confidence="0.978" wordID="ogen" beginTime="19.780" endTime="20.070"/>
      <word confidence="1.000" wordID="te" beginTime="20.070" endTime="20.150"/>
      <word confidence="1.000" wordID="beschermen" beginTime="20.150" endTime="20.630"/>
      <word confidence="0.749" wordID="SIL" beginTime="20.630" endTime="20.790"/>
    </wordsequence>
  </speech>
  <speech label="SPK02-005" begintime="20.81" endtime="23.13" >
    <wordsequence>
      <word confidence="0.750" wordID="SIL" beginTime="20.810" endTime="21.030"/>
      <word confidence="1.000" wordID="kwamen" beginTime="21.030" endTime="21.270"/>
      <word confidence="1.000" wordID="gebruikte" beginTime="21.270" endTime="21.760"/>
      <word confidence="1.000" wordID="soms" beginTime="21.760" endTime="21.990"/>
      <word confidence="0.930" wordID="alleen" beginTime="21.990" endTime="22.270"/>
      <word confidence="1.000" wordID="maar" beginTime="22.270" endTime="22.480"/>
      <word confidence="1.000" wordID="als" beginTime="22.480" endTime="22.630"/>
      <word confidence="1.000" wordID="versiering" beginTime="22.630" endTime="23.130"/>
    </wordsequence>
  </speech>
  <speech label="SPK07-006" begintime="23.15" endtime="25.69" >
    <wordsequence>
      <word confidence="0.754" wordID="ja" beginTime="23.150" endTime="25.470"/>
      <word confidence="0.802" wordID="SIL" beginTime="25.470" endTime="25.690"/>
    </wordsequence>
  </speech>
  <speech label="SPK02-007" begintime="25.71" endtime="29.46" >
    <wordsequence>
      <word confidence="0.750" wordID="SIL" beginTime="25.710" endTime="25.770"/>
      <word confidence="0.927" wordID="in" beginTime="25.770" endTime="25.880"/>
      <word confidence="0.960" wordID="de" beginTime="25.880" endTime="25.960"/>
      <word confidence="0.922" wordID="bouwnijverheid" beginTime="25.960" endTime="26.640"/>
      <word confidence="1.000" wordID="is" beginTime="26.640" endTime="26.740"/>
      <word confidence="0.942" wordID="het" beginTime="26.740" endTime="26.860"/>
      <word confidence="0.969" wordID="aantal" beginTime="26.860" endTime="27.070"/>
      <word confidence="0.937" wordID="ongevallen" beginTime="27.070" endTime="27.450"/>
      <word confidence="1.000" wordID="bijzonder" beginTime="27.450" endTime="27.830"/>
      <word confidence="0.929" wordID="om" beginTime="27.830" endTime="28.200"/>
      <word confidence="0.786" wordID="SIL" beginTime="28.200" endTime="28.240"/>
      <word confidence="1.000" wordID="zestigduizend" beginTime="28.240" endTime="28.990"/>
      <word confidence="0.875" wordID="per" beginTime="28.990" endTime="29.110"/>
      <word confidence="1.000" wordID="jaar" beginTime="29.110" endTime="29.390"/>
      <word confidence="0.748" wordID="SIL" beginTime="29.390" endTime="29.460"/>
    </wordsequence>
  </speech>
  <speech label="SPK02-008" begintime="29.48" endtime="32.64" >
    <wordsequence>
      <word confidence="0.750" wordID="SIL" beginTime="29.480" endTime="29.950"/>
      <word confidence="0.972" wordID="er" beginTime="29.950" endTime="30.070"/>
      <word confidence="1.000" wordID="bestaan" beginTime="30.070" endTime="30.380"/>
      <word confidence="0.994" wordID="uitstekende" beginTime="30.380" endTime="31.010"/>
      <word confidence="1.000" wordID="handen" beginTime="31.010" endTime="31.410"/>
      <word confidence="1.000" wordID="om" beginTime="31.410" endTime="31.510"/>
      <word confidence="0.948" wordID="het" beginTime="31.510" endTime="31.590"/>
      <word confidence="1.000" wordID="hoofd" beginTime="31.590" endTime="31.820"/>
      <word confidence="1.000" wordID="te" beginTime="31.820" endTime="31.880"/>
      <word confidence="1.000" wordID="beschermen" beginTime="31.880" endTime="32.370"/>
      <word confidence="0.749" wordID="SIL" beginTime="32.370" endTime="32.640"/>
    </wordsequence>
  </speech>
  <speech label="SPK02-009" begintime="32.66" endtime="35.92" >
    <wordsequence>
      <word confidence="0.750" wordID="SIL" beginTime="32.660" endTime="32.970"/>
      <word confidence="1.000" wordID="maar" beginTime="32.970" endTime="33.160"/>
      <word confidence="0.877" wordID="ze" beginTime="33.160" endTime="33.230"/>
      <word confidence="0.924" wordID="worden" beginTime="33.230" endTime="33.420"/>
      <word confidence="1.000" wordID="pas" beginTime="33.420" endTime="33.610"/>
      <word confidence="0.986" wordID="gebruikt" beginTime="33.610" endTime="34.010"/>
      <word confidence="1.000" wordID="als" beginTime="34.010" endTime="34.130"/>
      <word confidence="0.940" wordID="het" beginTime="34.130" endTime="34.230"/>
      <word confidence="1.000" wordID="gevaar" beginTime="34.230" endTime="34.510"/>
      <word confidence="0.900" wordID="in" beginTime="34.510" endTime="34.580"/>
      <word confidence="0.947" wordID="zich" beginTime="34.580" endTime="34.710"/>
      <word confidence="1.000" wordID="duidelijk" beginTime="34.710" endTime="35.080"/>
      <word confidence="0.964" wordID="manifesteren" beginTime="35.080" endTime="35.910"/>
      <word confidence="0.737" wordID="SIL" beginTime="35.910" endTime="35.920"/>
    </wordsequence>
  </speech>
  <speech label="SPK11-010" begintime="35.94" endtime="39.36" >
    <wordsequence>
      <word confidence="0.750" wordID="SIL" beginTime="35.940" endTime="36.490"/>
      <word confidence="0.758" wordID="ja" beginTime="36.490" endTime="39.320"/>
      <word confidence="0.807" wordID="SIL" beginTime="39.320" endTime="39.360"/>
    </wordsequence>
  </speech>
  <speech label="SPK02-011" begintime="39.38" endtime="43.98" >
    <wordsequence>
      <word confidence="0.750" wordID="SIL" beginTime="39.380" endTime="39.470"/>
      <word confidence="0.890" wordID="bij" beginTime="39.470" endTime="39.610"/>
      <word confidence="1.000" wordID="elkaar" beginTime="39.610" endTime="40.050"/>
      <word confidence="0.672" wordID="SIL" beginTime="40.050" endTime="40.060"/>
      <word confidence="1.000" wordID="blijft" beginTime="40.060" endTime="40.380"/>
      <word confidence="0.734" wordID="SIL" beginTime="40.380" endTime="40.390"/>
      <word confidence="0.983" wordID="dient" beginTime="40.390" endTime="40.580"/>
      <word confidence="0.948" wordID="men" beginTime="40.580" endTime="40.720"/>
      <word confidence="1.000" wordID="zich" beginTime="40.720" endTime="40.880"/>
      <word confidence="0.865" wordID="niet" beginTime="40.880" endTime="41.100"/>
      <word confidence="1.000" wordID="bewust" beginTime="41.100" endTime="41.380"/>
      <word confidence="1.000" wordID="te" beginTime="41.380" endTime="41.450"/>
      <word confidence="1.000" wordID="worden" beginTime="41.450" endTime="41.720"/>
      <word confidence="0.996" wordID="van" beginTime="41.720" endTime="41.840"/>
      <word confidence="1.000" wordID="het" beginTime="41.840" endTime="41.910"/>
      <word confidence="0.954" wordID="dreigende" beginTime="41.910" endTime="42.260"/>
      <word confidence="1.000" wordID="gevaar" beginTime="42.260" endTime="42.600"/>
      <word confidence="0.958" wordID="een" beginTime="42.600" endTime="42.750"/>
      <word confidence="0.791" wordID="SIL" beginTime="42.750" endTime="43.160"/>
      <word confidence="0.946" wordID="eerlijke" beginTime="43.160" endTime="43.510"/>
      <word confidence="1.000" wordID="voor" beginTime="43.510" endTime="43.770"/>
      <word confidence="1.000" wordID="ogen" beginTime="43.770" endTime="43.980"/>
    </wordsequence>
  </speech>
  <speech label="SPK14-012" begintime="44.00" endtime="48.77" >
    <wordsequence>
      <word confidence="0.787" wordID="een" beginTime="44.000" endTime="44.130"/>
      <word confidence="0.775" wordID="SIL" beginTime="44.130" endTime="44.750"/>
      <word confidence="0.913" wordID="jaar" beginTime="44.750" endTime="45.080"/>
      <word confidence="0.741" wordID="SIL" beginTime="45.080" endTime="45.090"/>
      <word confidence="1.000" wordID="voor" beginTime="45.090" endTime="45.330"/>
      <word confidence="0.741" wordID="SIL" beginTime="45.330" endTime="45.340"/>
      <word confidence="1.000" wordID="handen" beginTime="45.340" endTime="45.570"/>
      <word confidence="0.956" wordID="en" beginTime="45.570" endTime="45.690"/>
      <word confidence="0.742" wordID="SIL" beginTime="45.690" endTime="45.700"/>
      <word confidence="0.917" wordID="vingers" beginTime="45.700" endTime="46.100"/>
      <word confidence="0.749" wordID="SIL" beginTime="46.100" endTime="46.350"/>
      <word confidence="0.806" wordID="en" beginTime="46.350" endTime="47.080"/>
      <word confidence="0.738" wordID="SIL" beginTime="47.080" endTime="47.090"/>
      <word confidence="0.939" wordID="nonchalance" beginTime="47.090" endTime="47.760"/>
      <word confidence="0.952" wordID="en" beginTime="47.760" endTime="47.880"/>
      <word confidence="0.952" wordID="zorgeloosheid" beginTime="47.880" endTime="48.600"/>
      <word confidence="0.748" wordID="SIL" beginTime="48.600" endTime="48.700"/>
      <word confidence="0.886" wordID="is" beginTime="48.700" endTime="48.770"/>
    </wordsequence>
  </speech>
  <speech label="SPK02-013" begintime="48.79" endtime="50.67" >
    <wordsequence>
      <word confidence="0.750" wordID="SIL" beginTime="48.790" endTime="48.800"/>
      <word confidence="1.000" wordID="binnen" beginTime="48.800" endTime="49.040"/>
      <word confidence="1.000" wordID="vaak" beginTime="49.040" endTime="49.280"/>
      <word confidence="1.000" wordID="samen" beginTime="49.280" endTime="49.570"/>
      <word confidence="0.974" wordID="bij" beginTime="49.570" endTime="49.690"/>
      <word confidence="1.000" wordID="een" beginTime="49.690" endTime="49.790"/>
      <word confidence="0.953" wordID="ongeval" beginTime="49.790" endTime="50.320"/>
      <word confidence="0.876" wordID="SIL" beginTime="50.320" endTime="50.670"/>
    </wordsequence>
  </speech>
  <speech label="SPK02-014" begintime="50.77" endtime="55.75" >
    <wordsequence>
      <word confidence="0.750" wordID="SIL" beginTime="50.770" endTime="51.950"/>
      <word confidence="1.000" wordID="een" beginTime="51.950" endTime="52.040"/>
      <word confidence="1.000" wordID="praatje" beginTime="52.040" endTime="52.460"/>
      <word confidence="1.000" wordID="aan" beginTime="52.460" endTime="52.550"/>
      <word confidence="1.000" wordID="de" beginTime="52.550" endTime="52.630"/>
      <word confidence="1.000" wordID="snijtafel" beginTime="52.630" endTime="53.220"/>
      <word confidence="1.000" wordID="kan" beginTime="53.220" endTime="53.360"/>
      <word confidence="1.000" wordID="beter" beginTime="53.360" endTime="53.590"/>
      <word confidence="1.000" wordID="achterwege" beginTime="53.590" endTime="54.080"/>
      <word confidence="1.000" wordID="blijven" beginTime="54.080" endTime="54.780"/>
      <word confidence="0.721" wordID="SIL" beginTime="54.780" endTime="54.790"/>
      <word confidence="1.000" wordID="op" beginTime="54.790" endTime="54.910"/>
      <word confidence="1.000" wordID="het" beginTime="54.910" endTime="54.990"/>
      <word confidence="0.979" wordID="wordt" beginTime="54.990" endTime="55.140"/>
      <word confidence="0.972" wordID="een" beginTime="55.140" endTime="55.240"/>
      <word confidence="1.000" wordID="echte" beginTime="55.240" endTime="55.500"/>
      <word confidence="1.000" wordID="snij" beginTime="55.500" endTime="55.750"/>
    </wordsequence>
  </speech>
  <speech label="SPK01-015" begintime="55.77" endtime="58.25" >
    <wordsequence>
      <word confidence="0.750" wordID="SIL" beginTime="55.770" endTime="55.900"/>
      <word confidence="0.772" wordID="ja" beginTime="55.900" endTime="58.240"/>
      <word confidence="0.745" wordID="SIL" beginTime="58.240" endTime="58.250"/>
    </wordsequence>
  </speech>
  <speech label="SPK02-016" begintime="58.27" endtime="61.28" >
    <wordsequence>
      <word confidence="0.750" wordID="SIL" beginTime="58.270" endTime="58.670"/>
      <word confidence="0.998" wordID="op" beginTime="58.670" endTime="58.790"/>
      <word confidence="0.947" wordID="de" beginTime="58.790" endTime="58.870"/>
      <word confidence="1.000" wordID="veiligheid" beginTime="58.870" endTime="59.300"/>
      <word confidence="1.000" wordID="spurs" beginTime="59.300" endTime="59.650"/>
      <word confidence="1.000" wordID="en" beginTime="59.650" endTime="59.730"/>
      <word confidence="1.000" wordID="het" beginTime="59.730" endTime="59.800"/>
      <word confidence="0.891" wordID="werkt" beginTime="59.800" endTime="60.210"/>
      <word confidence="1.000" wordID="instituut" beginTime="60.210" endTime="60.660"/>
      <word confidence="0.896" wordID="in" beginTime="60.660" endTime="60.750"/>
      <word confidence="1.000" wordID="amsterdam" beginTime="60.750" endTime="61.270"/>
      <word confidence="0.740" wordID="SIL" beginTime="61.270" endTime="61.280"/>
    </wordsequence>
  </speech>
  <speech label="SPK02-017" begintime="61.30" endtime="64.59" >
    <wordsequence>
      <word confidence="0.750" wordID="SIL" beginTime="61.300" endTime="61.540"/>
      <word confidence="1.000" wordID="komen" beginTime="61.540" endTime="61.790"/>
      <word confidence="0.967" wordID="deze" beginTime="61.790" endTime="62.020"/>
      <word confidence="1.000" wordID="buigen" beginTime="62.020" endTime="62.310"/>
      <word confidence="1.000" wordID="zien" beginTime="62.310" endTime="62.490"/>
      <word confidence="1.000" wordID="wat" beginTime="62.490" endTime="62.670"/>
      <word confidence="1.000" wordID="er" beginTime="62.670" endTime="62.780"/>
      <word confidence="1.000" wordID="te" beginTime="62.780" endTime="62.900"/>
      <word confidence="0.996" wordID="koop" beginTime="62.900" endTime="63.180"/>
      <word confidence="0.954" wordID="is" beginTime="63.180" endTime="63.330"/>
      <word confidence="1.000" wordID="op" beginTime="63.330" endTime="63.450"/>
      <word confidence="1.000" wordID="het" beginTime="63.450" endTime="63.520"/>
      <word confidence="1.000" wordID="gebied" beginTime="63.520" endTime="63.790"/>
      <word confidence="1.000" wordID="van" beginTime="63.790" endTime="63.930"/>
      <word confidence="0.845" wordID="uh" beginTime="63.930" endTime="63.960"/>
      <word confidence="1.000" wordID="bescherming" beginTime="63.960" endTime="64.590"/>
    </wordsequence>
  </speech>
  <speech label="SPK02-018" begintime="64.62" endtime="68.14" >
    <wordsequence>
      <word confidence="0.750" wordID="SIL" beginTime="64.620" endTime="64.800"/>
      <word confidence="0.915" wordID="zoals" beginTime="64.800" endTime="65.040"/>
      <word confidence="1.000" wordID="bijvoorbeeld" beginTime="65.040" endTime="65.580"/>
      <word confidence="0.738" wordID="SIL" beginTime="65.580" endTime="65.590"/>
      <word confidence="1.000" wordID="sterk" beginTime="65.590" endTime="66.020"/>
      <word confidence="0.857" wordID="en" beginTime="66.020" endTime="66.260"/>
      <word confidence="1.000" wordID="goed" beginTime="66.260" endTime="66.500"/>
      <word confidence="0.991" wordID="afgeschermde" beginTime="66.500" endTime="67.100"/>
      <word confidence="1.000" wordID="kapot" beginTime="67.100" endTime="67.490"/>
      <word confidence="0.737" wordID="SIL" beginTime="67.490" endTime="67.500"/>
      <word confidence="1.000" wordID="koppelingen" beginTime="67.500" endTime="68.070"/>
      <word confidence="0.748" wordID="SIL" beginTime="68.070" endTime="68.140"/>
    </wordsequence>
  </speech>
  <speech label="SPK02-019" begintime="68.16" endtime="70.44" >
    <wordsequence>
      <word confidence="1.000" wordID="die" beginTime="68.160" endTime="68.430"/>
      <word confidence="1.000" wordID="de" beginTime="68.430" endTime="68.520"/>
      <word confidence="1.000" wordID="best" beginTime="68.520" endTime="68.850"/>
      <word confidence="0.738" wordID="SIL" beginTime="68.850" endTime="68.860"/>
      <word confidence="1.000" wordID="denkbare" beginTime="68.860" endTime="69.290"/>
      <word confidence="1.000" wordID="isolatie" beginTime="69.290" endTime="69.790"/>
      <word confidence="1.000" wordID="garanderen" beginTime="69.790" endTime="70.400"/>
      <word confidence="0.746" wordID="SIL" beginTime="70.400" endTime="70.440"/>
    </wordsequence>
  </speech>
  <speech label="SPK11-020" begintime="70.46" endtime="72.97" >
    <wordsequence>
      <word confidence="0.704" wordID="SIL" beginTime="70.460" endTime="70.620"/>
      <word confidence="0.803" wordID="want" beginTime="70.620" endTime="71.050"/>
      <word confidence="0.804" wordID="iedereen" beginTime="71.050" endTime="71.710"/>
      <word confidence="0.733" wordID="SIL" beginTime="71.710" endTime="71.840"/>
      <word confidence="0.800" wordID="moet" beginTime="71.840" endTime="72.040"/>
      <word confidence="0.750" wordID="SIL" beginTime="72.040" endTime="72.180"/>
      <word confidence="0.789" wordID="naar" beginTime="72.180" endTime="72.450"/>
      <word confidence="0.754" wordID="SIL" beginTime="72.450" endTime="72.460"/>
      <word confidence="0.794" wordID="de" beginTime="72.460" endTime="72.640"/>
      <word confidence="0.768" wordID="SIL" beginTime="72.640" endTime="72.970"/>
    </wordsequence>
  </speech>
  <speech label="SPK02-021" begintime="72.99" endtime="75.93" >
    <wordsequence>
      <word confidence="0.907" wordID="verder" beginTime="72.990" endTime="73.290"/>
      <word confidence="0.853" wordID="hebben" beginTime="73.290" endTime="73.430"/>
      <word confidence="0.935" wordID="daar" beginTime="73.430" endTime="73.680"/>
      <word confidence="1.000" wordID="is" beginTime="73.680" endTime="73.790"/>
      <word confidence="1.000" wordID="een" beginTime="73.790" endTime="74.030"/>
      <word confidence="0.836" wordID="SIL" beginTime="74.030" endTime="74.240"/>
      <word confidence="1.000" wordID="die" beginTime="74.240" endTime="74.350"/>
      <word confidence="1.000" wordID="de" beginTime="74.350" endTime="74.460"/>
      <word confidence="0.738" wordID="SIL" beginTime="74.460" endTime="74.470"/>
      <word confidence="0.973" wordID="voeten" beginTime="74.470" endTime="74.800"/>
      <word confidence="1.000" wordID="afdoende" beginTime="74.800" endTime="75.220"/>
      <word confidence="1.000" wordID="beschermen" beginTime="75.220" endTime="75.930"/>
    </wordsequence>
  </speech>
  <speech label="SPK11-022" begintime="75.95" endtime="78.68" >
    <wordsequence>
      <word confidence="0.756" wordID="ja" beginTime="75.950" endTime="77.150"/>
      <word confidence="0.948" wordID="SIL" beginTime="77.150" endTime="77.220"/>
      <word confidence="0.772" wordID="ja" beginTime="77.220" endTime="77.780"/>
      <word confidence="0.839" wordID="SIL" beginTime="77.780" endTime="77.790"/>
      <word confidence="0.785" wordID="ja" beginTime="77.790" endTime="78.070"/>
      <word confidence="0.784" wordID="SIL" beginTime="78.070" endTime="78.090"/>
      <word confidence="0.803" wordID="ik" beginTime="78.090" endTime="78.310"/>
      <word confidence="0.806" wordID="SIL" beginTime="78.310" endTime="78.460"/>
      <word confidence="0.826" wordID="ben" beginTime="78.460" endTime="78.610"/>
      <word confidence="0.741" wordID="SIL" beginTime="78.610" endTime="78.680"/>
    </wordsequence>
  </speech>
  <speech label="SPK02-023" begintime="78.70" endtime="81.22" >
    <wordsequence>
      <word confidence="0.830" wordID="een" beginTime="78.700" endTime="78.790"/>
      <word confidence="0.995" wordID="normale" beginTime="78.790" endTime="79.190"/>
      <word confidence="0.955" wordID="rubberlaarzen" beginTime="79.190" endTime="79.840"/>
      <word confidence="1.000" wordID="biedt" beginTime="79.840" endTime="80.010"/>
      <word confidence="1.000" wordID="deze" beginTime="80.010" endTime="80.250"/>
      <word confidence="1.000" wordID="veiligheid" beginTime="80.250" endTime="80.710"/>
      <word confidence="1.000" wordID="niet" beginTime="80.710" endTime="80.950"/>
      <word confidence="0.749" wordID="SIL" beginTime="80.950" endTime="81.220"/>
    </wordsequence>
  </speech>
  <speech label="SPK02-024" begintime="81.24" endtime="85.53" >
    <wordsequence>
      <word confidence="0.750" wordID="SIL" beginTime="81.240" endTime="81.270"/>
      <word confidence="0.878" wordID="wel" beginTime="81.270" endTime="81.750"/>
      <word confidence="0.924" wordID="echter" beginTime="81.750" endTime="82.200"/>
      <word confidence="0.747" wordID="SIL" beginTime="82.200" endTime="82.250"/>
      <word confidence="1.000" wordID="de" beginTime="82.250" endTime="82.340"/>
      <word confidence="0.985" wordID="spijker" beginTime="82.340" endTime="82.810"/>
      <word confidence="0.742" wordID="SIL" beginTime="82.810" endTime="82.820"/>
      <word confidence="1.000" wordID="merendeel" beginTime="82.820" endTime="83.280"/>
      <word confidence="1.000" wordID="heinz" beginTime="83.280" endTime="83.610"/>
      <word confidence="0.749" wordID="SIL" beginTime="83.610" endTime="83.890"/>
      <word confidence="0.933" wordID="voorzien" beginTime="83.890" endTime="84.340"/>
      <word confidence="0.741" wordID="SIL" beginTime="84.340" endTime="84.350"/>
      <word confidence="1.000" wordID="van" beginTime="84.350" endTime="84.520"/>
      <word confidence="1.000" wordID="metalen" beginTime="84.520" endTime="84.960"/>
      <word confidence="1.000" wordID="neus" beginTime="84.960" endTime="85.320"/>
      <word confidence="0.745" wordID="SIL" beginTime="85.320" endTime="85.340"/>
      <word confidence="0.913" wordID="een" beginTime="85.340" endTime="85.530"/>
    </wordsequence>
  </speech>
  <speech label="SPK11-025" begintime="85.55" endtime="88.21" >
    <wordsequence>
      <word confidence="0.750" wordID="SIL" beginTime="85.550" endTime="85.570"/>
      <word confidence="0.763" wordID="ook" beginTime="85.570" endTime="86.550"/>
      <word confidence="0.785" wordID="SIL" beginTime="86.550" endTime="86.600"/>
      <word confidence="0.799" wordID="werkelijk" beginTime="86.600" endTime="87.220"/>
      <word confidence="0.788" wordID="SIL" beginTime="87.220" endTime="87.330"/>
      <word confidence="0.762" wordID="een" beginTime="87.330" endTime="87.780"/>
      <word confidence="0.706" wordID="SIL" beginTime="87.780" endTime="87.800"/>
      <word confidence="0.752" wordID="hele" beginTime="87.800" endTime="88.210"/>
    </wordsequence>
  </speech>
  <speech label="SPK02-026" begintime="88.23" endtime="90.56" >
    <wordsequence>
      <word confidence="0.883" wordID="jaarlijks" beginTime="88.230" endTime="88.690"/>
      <word confidence="0.905" wordID="veroorzaken" beginTime="88.690" endTime="89.200"/>
      <word confidence="0.937" wordID="de" beginTime="89.200" endTime="89.280"/>
      <word confidence="0.948" wordID="dercon" beginTime="89.280" endTime="89.720"/>
      <word confidence="1.000" wordID="gevallen" beginTime="89.720" endTime="90.050"/>
      <word confidence="1.000" wordID="de" beginTime="90.050" endTime="90.130"/>
      <word confidence="0.928" wordID="altijd" beginTime="90.130" endTime="90.560"/>
    </wordsequence>
  </speech>
  <speech label="SPK02-027" begintime="90.58" endtime="93.82" >
    <wordsequence>
      <word confidence="0.622" wordID="SIL" beginTime="90.580" endTime="90.610"/>
      <word confidence="0.832" wordID="die" beginTime="90.610" endTime="90.740"/>
      <word confidence="1.000" wordID="is" beginTime="90.740" endTime="90.800"/>
      <word confidence="1.000" wordID="dan" beginTime="90.800" endTime="90.930"/>
      <word confidence="1.000" wordID="mensenlevens" beginTime="90.930" endTime="91.620"/>
      <word confidence="0.767" wordID="SIL" beginTime="91.620" endTime="91.640"/>
      <word confidence="0.932" wordID="een" beginTime="91.640" endTime="91.730"/>
      <word confidence="0.953" wordID="productieverlies" beginTime="91.730" endTime="92.470"/>
      <word confidence="1.000" wordID="van" beginTime="92.470" endTime="92.620"/>
      <word confidence="0.898" wordID="twee" beginTime="92.620" endTime="92.820"/>
      <word confidence="0.973" wordID="honderd" beginTime="92.820" endTime="93.110"/>
      <word confidence="0.781" wordID="miljoen" beginTime="93.110" endTime="93.400"/>
      <word confidence="1.000" wordID="gulden" beginTime="93.400" endTime="93.820"/>
    </wordsequence>
  </speech>
  <speech label="SPK02-028" begintime="93.84" endtime="99.37" >
    <wordsequence>
      <word confidence="0.750" wordID="SIL" beginTime="93.840" endTime="94.060"/>
      <word confidence="0.894" wordID="een" beginTime="94.060" endTime="94.200"/>
      <word confidence="1.000" wordID="gigantisch" beginTime="94.200" endTime="94.770"/>
      <word confidence="0.742" wordID="SIL" beginTime="94.770" endTime="94.780"/>
      <word confidence="1.000" wordID="bedrag" beginTime="94.780" endTime="95.210"/>
      <word confidence="0.749" wordID="SIL" beginTime="95.210" endTime="95.520"/>
      <word confidence="1.000" wordID="dat" beginTime="95.520" endTime="95.660"/>
      <word confidence="0.984" wordID="belangrijk" beginTime="95.660" endTime="96.100"/>
      <word confidence="0.741" wordID="SIL" beginTime="96.100" endTime="96.140"/>
      <word confidence="1.000" wordID="kleiner" beginTime="96.140" endTime="96.510"/>
      <word confidence="1.000" wordID="kan" beginTime="96.510" endTime="96.680"/>
      <word confidence="0.953" wordID="worden" beginTime="96.680" endTime="97.140"/>
      <word confidence="0.748" wordID="SIL" beginTime="97.140" endTime="97.220"/>
      <word confidence="1.000" wordID="naarmate" beginTime="97.220" endTime="97.620"/>
      <word confidence="0.985" wordID="het" beginTime="97.620" endTime="97.770"/>
      <word confidence="0.739" wordID="SIL" beginTime="97.770" endTime="97.780"/>
      <word confidence="0.930" wordID="meligheid" beginTime="97.780" endTime="98.300"/>
      <word confidence="0.743" wordID="SIL" beginTime="98.300" endTime="98.310"/>
      <word confidence="1.000" wordID="zegt" beginTime="98.310" endTime="98.640"/>
      <word confidence="0.748" wordID="SIL" beginTime="98.640" endTime="98.710"/>
      <word confidence="1.000" wordID="grote" beginTime="98.710" endTime="99.060"/>
      <word confidence="0.971" wordID="was" beginTime="99.060" endTime="99.370"/>
    </wordsequence>
  </speech>
  <speech label="SPK11-029" begintime="99.39" endtime="103.00" >
    <wordsequence>
      <word confidence="0.750" wordID="SIL" beginTime="99.390" endTime="99.740"/>
      <word confidence="0.879" wordID="ja" beginTime="99.740" endTime="99.860"/>
      <word confidence="0.740" wordID="SIL" beginTime="99.860" endTime="99.870"/>
      <word confidence="0.759" wordID="ja" beginTime="99.870" endTime="101.230"/>
      <word confidence="0.846" wordID="ja" beginTime="101.230" endTime="101.330"/>
      <word confidence="0.793" wordID="SIL" beginTime="101.330" endTime="101.410"/>
      <word confidence="0.761" wordID="ja" beginTime="101.410" endTime="102.620"/>
      <word confidence="0.799" wordID="SIL" beginTime="102.620" endTime="102.700"/>
      <word confidence="0.746" wordID="maar" beginTime="102.700" endTime="103.000"/>
    </wordsequence>
  </speech>

  </segments>
</shout_metadata>
