<?xml version="1.0" encoding="UTF-8"?>
<!--
  ##################################################################################################
  ###                      This transcription is automatically generated by                      ###
  ###                              X-MI, Cross-Media interaction                                 ###
  ###                                    http://x-mi.nl                                          ###
  ##################################################################################################
-->
<shout_metadata>
  <model_info>
    <version>Standaard systeem 28-02-2012</version>
    <description>Academia</description>
  </model_info>
  <segments>
  <speech label="SPK02-001" begintime="1.10" endtime="7.76" >
    <wordsequence>
      <word confidence="0.750" wordID="SIL" beginTime="1.100" endTime="1.550"/>
      <word confidence="0.909" wordID="op" beginTime="1.550" endTime="1.730"/>
      <word confidence="1.000" wordID="de" beginTime="1.730" endTime="1.840"/>
      <word confidence="0.866" wordID="ogen" beginTime="1.840" endTime="2.200"/>
      <word confidence="1.000" wordID="van" beginTime="2.200" endTime="2.340"/>
      <word confidence="0.939" wordID="de" beginTime="2.340" endTime="2.420"/>
      <word confidence="1.000" wordID="bevrijdingsdag" beginTime="2.420" endTime="3.140"/>
      <word confidence="1.000" wordID="lag" beginTime="3.140" endTime="3.340"/>
      <word confidence="0.942" wordID="broek" beginTime="3.340" endTime="3.580"/>
      <word confidence="0.984" wordID="in" beginTime="3.580" endTime="3.680"/>
      <word confidence="1.000" wordID="waterland" beginTime="3.680" endTime="4.290"/>
      <word confidence="0.957" wordID="het" beginTime="4.290" endTime="4.430"/>
      <word confidence="0.933" wordID="pittoreske" beginTime="4.430" endTime="4.910"/>
      <word confidence="1.000" wordID="dorpje" beginTime="4.910" endTime="5.240"/>
      <word confidence="1.000" wordID="bij" beginTime="5.240" endTime="5.340"/>
      <word confidence="1.000" wordID="amsterdam" beginTime="5.340" endTime="5.830"/>
      <word confidence="1.000" wordID="zich" beginTime="5.830" endTime="6.020"/>
      <word confidence="1.000" wordID="stil" beginTime="6.020" endTime="6.230"/>
      <word confidence="0.748" wordID="SIL" beginTime="6.230" endTime="6.260"/>
      <word confidence="0.963" wordID="te" beginTime="6.260" endTime="6.380"/>
      <word confidence="1.000" wordID="koesteren" beginTime="6.380" endTime="6.810"/>
      <word confidence="0.938" wordID="in" beginTime="6.810" endTime="6.910"/>
      <word confidence="1.000" wordID="de" beginTime="6.910" endTime="6.990"/>
      <word confidence="1.000" wordID="lentezon" beginTime="6.990" endTime="7.590"/>
      <word confidence="0.749" wordID="SIL" beginTime="7.590" endTime="7.760"/>
    </wordsequence>
  </speech>
  <speech label="SPK02-002" begintime="7.78" endtime="12.73" >
    <wordsequence>
      <word confidence="0.750" wordID="SIL" beginTime="7.780" endTime="8.160"/>
      <word confidence="0.947" wordID="dit" beginTime="8.160" endTime="8.300"/>
      <word confidence="1.000" wordID="typisch" beginTime="8.300" endTime="8.570"/>
      <word confidence="0.970" wordID="noord-hollandse" beginTime="8.570" endTime="9.080"/>
      <word confidence="1.000" wordID="plaatsje" beginTime="9.080" endTime="9.460"/>
      <word confidence="0.952" wordID="harry" beginTime="9.460" endTime="9.760"/>
      <word confidence="0.735" wordID="SIL" beginTime="9.760" endTime="9.770"/>
      <word confidence="1.000" wordID="vierde" beginTime="9.770" endTime="10.140"/>
      <word confidence="1.000" wordID="op" beginTime="10.140" endTime="10.310"/>
      <word confidence="1.000" wordID="eenvoudige" beginTime="10.310" endTime="10.800"/>
      <word confidence="1.000" wordID="wijze" beginTime="10.800" endTime="11.110"/>
      <word confidence="1.000" wordID="de" beginTime="11.110" endTime="11.210"/>
      <word confidence="1.000" wordID="lentedag" beginTime="11.210" endTime="11.620"/>
      <word confidence="1.000" wordID="van" beginTime="11.620" endTime="11.740"/>
      <word confidence="1.000" wordID="negentien" beginTime="11.740" endTime="12.070"/>
      <word confidence="1.000" wordID="vijfenveertig" beginTime="12.070" endTime="12.730"/>
    </wordsequence>
  </speech>
  <speech label="SPK02-003" begintime="12.75" endtime="15.18" >
    <wordsequence>
      <word confidence="0.750" wordID="SIL" beginTime="12.750" endTime="13.020"/>
      <word confidence="0.944" wordID="die" beginTime="13.020" endTime="13.130"/>
      <word confidence="1.000" wordID="het" beginTime="13.130" endTime="13.200"/>
      <word confidence="0.994" wordID="einde" beginTime="13.200" endTime="13.440"/>
      <word confidence="1.000" wordID="bracht" beginTime="13.440" endTime="13.690"/>
      <word confidence="1.000" wordID="van" beginTime="13.690" endTime="13.790"/>
      <word confidence="1.000" wordID="de" beginTime="13.790" endTime="13.850"/>
      <word confidence="1.000" wordID="oorlog" beginTime="13.850" endTime="14.210"/>
      <word confidence="1.000" wordID="en" beginTime="14.210" endTime="14.310"/>
      <word confidence="1.000" wordID="bezetting" beginTime="14.310" endTime="14.740"/>
      <word confidence="0.749" wordID="SIL" beginTime="14.740" endTime="15.180"/>
    </wordsequence>
  </speech>
  <speech label="SPK02-004" begintime="15.55" endtime="19.08" >
    <wordsequence>
      <word confidence="0.750" wordID="SIL" beginTime="15.550" endTime="16.030"/>
      <word confidence="0.967" wordID="oud" beginTime="16.030" endTime="16.360"/>
      <word confidence="0.742" wordID="SIL" beginTime="16.360" endTime="16.370"/>
      <word confidence="0.926" wordID="werd" beginTime="16.370" endTime="16.570"/>
      <word confidence="1.000" wordID="er" beginTime="16.570" endTime="16.650"/>
      <word confidence="1.000" wordID="weer" beginTime="16.650" endTime="16.800"/>
      <word confidence="1.000" wordID="even" beginTime="16.800" endTime="17.080"/>
      <word confidence="1.000" wordID="jong" beginTime="17.080" endTime="17.540"/>
      <word confidence="0.728" wordID="SIL" beginTime="17.540" endTime="17.550"/>
      <word confidence="1.000" wordID="bij" beginTime="17.550" endTime="17.690"/>
      <word confidence="1.000" wordID="het" beginTime="17.690" endTime="17.790"/>
      <word confidence="1.000" wordID="zien" beginTime="17.790" endTime="17.970"/>
      <word confidence="1.000" wordID="van" beginTime="17.970" endTime="18.070"/>
      <word confidence="0.962" wordID="de" beginTime="18.070" endTime="18.150"/>
      <word confidence="0.742" wordID="SIL" beginTime="18.150" endTime="18.160"/>
      <word confidence="1.000" wordID="wist" beginTime="18.160" endTime="18.450"/>
      <word confidence="0.990" wordID="optocht" beginTime="18.450" endTime="18.960"/>
      <word confidence="0.748" wordID="SIL" beginTime="18.960" endTime="19.080"/>
    </wordsequence>
  </speech>
  <speech label="SPK02-005" begintime="19.11" endtime="22.94" >
    <wordsequence>
      <word confidence="0.750" wordID="SIL" beginTime="19.110" endTime="19.240"/>
      <word confidence="1.000" wordID="die" beginTime="19.240" endTime="19.370"/>
      <word confidence="1.000" wordID="overigens" beginTime="19.370" endTime="19.830"/>
      <word confidence="0.975" wordID="weinig" beginTime="19.830" endTime="20.100"/>
      <word confidence="1.000" wordID="publiek" beginTime="20.100" endTime="20.420"/>
      <word confidence="0.881" wordID="trokken" beginTime="20.420" endTime="20.780"/>
      <word confidence="1.000" wordID="de" beginTime="20.780" endTime="20.850"/>
      <word confidence="1.000" wordID="meeste" beginTime="20.850" endTime="21.130"/>
      <word confidence="1.000" wordID="dopelingen" beginTime="21.130" endTime="21.580"/>
      <word confidence="1.000" wordID="deden" beginTime="21.580" endTime="21.800"/>
      <word confidence="1.000" wordID="dan" beginTime="21.800" endTime="21.900"/>
      <word confidence="1.000" wordID="zou" beginTime="21.900" endTime="22.080"/>
      <word confidence="1.000" wordID="daarmee" beginTime="22.080" endTime="22.520"/>
      <word confidence="0.749" wordID="SIL" beginTime="22.520" endTime="22.940"/>
    </wordsequence>
  </speech>
  <speech label="SPK02-006" begintime="25.24" endtime="31.88" >
    <wordsequence>
      <word confidence="0.750" wordID="SIL" beginTime="25.240" endTime="25.700"/>
      <word confidence="0.932" wordID="voor" beginTime="25.700" endTime="25.850"/>
      <word confidence="1.000" wordID="zo&apos;n" beginTime="25.850" endTime="25.990"/>
      <word confidence="0.881" wordID="klein" beginTime="25.990" endTime="26.220"/>
      <word confidence="0.931" wordID="boekje" beginTime="26.220" endTime="26.640"/>
      <word confidence="0.743" wordID="SIL" beginTime="26.640" endTime="26.650"/>
      <word confidence="1.000" wordID="waterland" beginTime="26.650" endTime="27.230"/>
      <word confidence="0.749" wordID="SIL" beginTime="27.230" endTime="27.430"/>
      <word confidence="1.000" wordID="zal" beginTime="27.430" endTime="27.610"/>
      <word confidence="0.960" wordID="de" beginTime="27.610" endTime="27.700"/>
      <word confidence="0.925" wordID="handel" beginTime="27.700" endTime="27.990"/>
      <word confidence="1.000" wordID="in" beginTime="27.990" endTime="28.090"/>
      <word confidence="1.000" wordID="te" beginTime="28.090" endTime="28.180"/>
      <word confidence="1.000" wordID="van" beginTime="28.180" endTime="28.330"/>
      <word confidence="0.989" wordID="vier" beginTime="28.330" endTime="28.510"/>
      <word confidence="1.000" wordID="en" beginTime="28.510" endTime="28.570"/>
      <word confidence="0.973" wordID="veertig" beginTime="28.570" endTime="28.840"/>
      <word confidence="1.000" wordID="vijfenveertig" beginTime="28.840" endTime="29.490"/>
      <word confidence="0.741" wordID="SIL" beginTime="29.490" endTime="29.500"/>
      <word confidence="0.966" wordID="altijd" beginTime="29.500" endTime="29.900"/>
      <word confidence="1.000" wordID="een" beginTime="29.900" endTime="29.970"/>
      <word confidence="1.000" wordID="stukje" beginTime="29.970" endTime="30.290"/>
      <word confidence="0.967" wordID="uit" beginTime="30.290" endTime="30.400"/>
      <word confidence="0.998" wordID="het" beginTime="30.400" endTime="30.480"/>
      <word confidence="1.000" wordID="geschiedenisboeken" beginTime="30.480" endTime="31.220"/>
      <word confidence="0.938" wordID="eigen" beginTime="31.220" endTime="31.490"/>
      <word confidence="0.750" wordID="SIL" beginTime="31.490" endTime="31.880"/>
    </wordsequence>
  </speech>
  <speech label="SPK02-007" begintime="31.90" endtime="35.00" >
    <wordsequence>
      <word confidence="0.750" wordID="SIL" beginTime="31.900" endTime="32.390"/>
      <word confidence="1.000" wordID="voor" beginTime="32.390" endTime="32.540"/>
      <word confidence="1.000" wordID="de" beginTime="32.540" endTime="32.620"/>
      <word confidence="0.946" wordID="ouderen" beginTime="32.620" endTime="33.160"/>
      <word confidence="0.748" wordID="SIL" beginTime="33.160" endTime="33.220"/>
      <word confidence="0.924" wordID="herleefden" beginTime="33.220" endTime="33.960"/>
      <word confidence="1.000" wordID="de" beginTime="33.960" endTime="34.040"/>
      <word confidence="1.000" wordID="wittebroodsweken" beginTime="34.040" endTime="34.890"/>
      <word confidence="0.748" wordID="SIL" beginTime="34.890" endTime="35.000"/>
    </wordsequence>
  </speech>
  <speech label="SPK02-008" begintime="35.02" endtime="39.91" >
    <wordsequence>
      <word confidence="0.750" wordID="SIL" beginTime="35.020" endTime="35.160"/>
      <word confidence="1.000" wordID="die" beginTime="35.160" endTime="35.250"/>
      <word confidence="0.982" wordID="georganiseerd" beginTime="35.250" endTime="35.890"/>
      <word confidence="1.000" wordID="werden" beginTime="35.890" endTime="36.140"/>
      <word confidence="1.000" wordID="door" beginTime="36.140" endTime="36.270"/>
      <word confidence="1.000" wordID="het" beginTime="36.270" endTime="36.350"/>
      <word confidence="1.000" wordID="zweedse" beginTime="36.350" endTime="36.660"/>
      <word confidence="0.975" wordID="rode" beginTime="36.660" endTime="36.890"/>
      <word confidence="1.000" wordID="kruis" beginTime="36.890" endTime="37.290"/>
      <word confidence="0.749" wordID="SIL" beginTime="37.290" endTime="37.630"/>
      <word confidence="0.914" wordID="en" beginTime="37.630" endTime="37.790"/>
      <word confidence="0.989" wordID="de" beginTime="37.790" endTime="37.890"/>
      <word confidence="1.000" wordID="dagen" beginTime="37.890" endTime="38.410"/>
      <word confidence="0.741" wordID="SIL" beginTime="38.410" endTime="38.420"/>
      <word confidence="1.000" wordID="van" beginTime="38.420" endTime="38.570"/>
      <word confidence="1.000" wordID="de" beginTime="38.570" endTime="38.640"/>
      <word confidence="1.000" wordID="geallieerden" beginTime="38.640" endTime="39.200"/>
      <word confidence="1.000" wordID="voedseldropping" beginTime="39.200" endTime="39.910"/>
    </wordsequence>
  </speech>
  <speech label="SPK15-009" begintime="39.93" endtime="40.52" >
    <wordsequence>
      <word confidence="0.750" wordID="SIL" beginTime="39.930" endTime="40.520"/>
    </wordsequence>
  </speech>
  <speech label="SPK15-010" begintime="40.73" endtime="45.14" >
    <wordsequence>
      <word confidence="0.750" wordID="SIL" beginTime="40.730" endTime="40.830"/>
      <word confidence="0.752" wordID="een" beginTime="40.830" endTime="41.380"/>
      <word confidence="0.849" wordID="SIL" beginTime="41.380" endTime="41.410"/>
      <word confidence="0.742" wordID="mannelijke" beginTime="41.410" endTime="43.210"/>
      <word confidence="0.699" wordID="SIL" beginTime="43.210" endTime="43.230"/>
      <word confidence="0.762" wordID="onderhandelen" beginTime="43.230" endTime="45.120"/>
      <word confidence="0.677" wordID="SIL" beginTime="45.120" endTime="45.140"/>
    </wordsequence>
  </speech>
  <speech label="SPK02-011" begintime="45.16" endtime="49.54" >
    <wordsequence>
      <word confidence="0.799" wordID="de" beginTime="45.160" endTime="45.550"/>
      <word confidence="0.982" wordID="viermotorige" beginTime="45.550" endTime="46.310"/>
      <word confidence="1.000" wordID="labour" beginTime="46.310" endTime="46.580"/>
      <word confidence="0.895" wordID="heeft" beginTime="46.580" endTime="46.790"/>
      <word confidence="0.907" wordID="als" beginTime="46.790" endTime="47.010"/>
      <word confidence="0.742" wordID="SIL" beginTime="47.010" endTime="47.020"/>
      <word confidence="0.946" wordID="door" beginTime="47.020" endTime="47.250"/>
      <word confidence="1.000" wordID="een" beginTime="47.250" endTime="47.400"/>
      <word confidence="0.740" wordID="SIL" beginTime="47.400" endTime="47.410"/>
      <word confidence="0.910" wordID="doen" beginTime="47.410" endTime="47.610"/>
      <word confidence="1.000" wordID="als" beginTime="47.610" endTime="47.830"/>
      <word confidence="0.919" wordID="beide" beginTime="47.830" endTime="48.140"/>
      <word confidence="0.985" wordID="bedrijven" beginTime="48.140" endTime="48.660"/>
      <word confidence="1.000" wordID="zonder" beginTime="48.660" endTime="48.930"/>
      <word confidence="0.970" wordID="ons" beginTime="48.930" endTime="49.080"/>
      <word confidence="1.000" wordID="land" beginTime="49.080" endTime="49.440"/>
      <word confidence="0.748" wordID="SIL" beginTime="49.440" endTime="49.540"/>
    </wordsequence>
  </speech>
  <speech label="SPK02-012" begintime="49.56" endtime="52.21" >
    <wordsequence>
      <word confidence="0.718" wordID="SIL" beginTime="49.560" endTime="49.680"/>
      <word confidence="0.946" wordID="luid" beginTime="49.680" endTime="50.020"/>
      <word confidence="0.741" wordID="SIL" beginTime="50.020" endTime="50.030"/>
      <word confidence="0.991" wordID="toegejuicht" beginTime="50.030" endTime="50.670"/>
      <word confidence="0.748" wordID="SIL" beginTime="50.670" endTime="50.780"/>
      <word confidence="0.971" wordID="door" beginTime="50.780" endTime="50.950"/>
      <word confidence="0.953" wordID="ontroerende" beginTime="50.950" endTime="51.710"/>
      <word confidence="0.738" wordID="SIL" beginTime="51.710" endTime="51.730"/>
      <word confidence="0.962" wordID="beieren" beginTime="51.730" endTime="52.210"/>
    </wordsequence>
  </speech>
  <speech label="SPK15-013" begintime="52.23" endtime="52.89" >
    <wordsequence>
      <word confidence="0.750" wordID="SIL" beginTime="52.230" endTime="52.890"/>
    </wordsequence>
  </speech>
  <speech label="SPK15-014" begintime="53.83" endtime="56.63" >
    <wordsequence>
      <word confidence="0.704" wordID="SIL" beginTime="53.830" endTime="53.870"/>
      <word confidence="0.741" wordID="ja" beginTime="53.870" endTime="55.240"/>
      <word confidence="0.696" wordID="SIL" beginTime="55.240" endTime="55.250"/>
      <word confidence="0.753" wordID="nee" beginTime="55.250" endTime="56.600"/>
      <word confidence="0.732" wordID="SIL" beginTime="56.600" endTime="56.630"/>
    </wordsequence>
  </speech>
  <speech label="SPK04-015" begintime="56.65" endtime="59.11" >
    <wordsequence>
      <word confidence="0.697" wordID="SIL" beginTime="56.650" endTime="56.820"/>
      <word confidence="0.758" wordID="ik" beginTime="56.820" endTime="58.490"/>
      <word confidence="0.803" wordID="SIL" beginTime="58.490" endTime="58.590"/>
      <word confidence="0.782" wordID="had" beginTime="58.590" endTime="58.810"/>
      <word confidence="0.735" wordID="SIL" beginTime="58.810" endTime="58.920"/>
      <word confidence="0.766" wordID="het" beginTime="58.920" endTime="59.110"/>
    </wordsequence>
  </speech>
  <speech label="SPK05-016" begintime="59.13" endtime="61.80" >
    <wordsequence>
      <word confidence="0.737" wordID="ja" beginTime="59.130" endTime="59.560"/>
      <word confidence="0.750" wordID="nou" beginTime="59.560" endTime="60.050"/>
      <word confidence="0.716" wordID="SIL" beginTime="60.050" endTime="60.080"/>
      <word confidence="0.772" wordID="ja" beginTime="60.080" endTime="61.480"/>
      <word confidence="0.772" wordID="SIL" beginTime="61.480" endTime="61.490"/>
      <word confidence="0.802" wordID="ik" beginTime="61.490" endTime="61.770"/>
      <word confidence="0.851" wordID="SIL" beginTime="61.770" endTime="61.800"/>
    </wordsequence>
  </speech>
  <speech label="SPK02-017" begintime="61.83" endtime="66.86" >
    <wordsequence>
      <word confidence="0.750" wordID="SIL" beginTime="61.830" endTime="62.130"/>
      <word confidence="0.855" wordID="kort" beginTime="62.130" endTime="62.460"/>
      <word confidence="0.745" wordID="SIL" beginTime="62.460" endTime="62.470"/>
      <word confidence="0.837" wordID="en" beginTime="62.470" endTime="62.700"/>
      <word confidence="1.000" wordID="wittebrood" beginTime="62.700" endTime="63.350"/>
      <word confidence="0.748" wordID="SIL" beginTime="63.350" endTime="63.470"/>
      <word confidence="0.982" wordID="dat" beginTime="63.470" endTime="63.640"/>
      <word confidence="1.000" wordID="was" beginTime="63.640" endTime="63.810"/>
      <word confidence="1.000" wordID="dertien" beginTime="63.810" endTime="64.130"/>
      <word confidence="1.000" wordID="jaar" beginTime="64.130" endTime="64.300"/>
      <word confidence="1.000" wordID="later" beginTime="64.300" endTime="64.680"/>
      <word confidence="1.000" wordID="het" beginTime="64.680" endTime="64.780"/>
      <word confidence="0.909" wordID="hoofdgerecht" beginTime="64.780" endTime="65.590"/>
      <word confidence="0.735" wordID="SIL" beginTime="65.590" endTime="65.600"/>
      <word confidence="1.000" wordID="van" beginTime="65.600" endTime="65.730"/>
      <word confidence="0.928" wordID="de" beginTime="65.730" endTime="65.790"/>
      <word confidence="1.000" wordID="open" beginTime="65.790" endTime="66.010"/>
      <word confidence="0.977" wordID="lucht" beginTime="66.010" endTime="66.200"/>
      <word confidence="1.000" wordID="maaltijd" beginTime="66.200" endTime="66.710"/>
      <word confidence="0.749" wordID="SIL" beginTime="66.710" endTime="66.860"/>
    </wordsequence>
  </speech>
  <speech label="SPK02-018" begintime="66.89" endtime="71.31" >
    <wordsequence>
      <word confidence="0.750" wordID="SIL" beginTime="66.890" endTime="67.060"/>
      <word confidence="1.000" wordID="die" beginTime="67.060" endTime="67.150"/>
      <word confidence="1.000" wordID="door" beginTime="67.150" endTime="67.270"/>
      <word confidence="1.000" wordID="het" beginTime="67.270" endTime="67.330"/>
      <word confidence="1.000" wordID="gemeentebestuur" beginTime="67.330" endTime="67.990"/>
      <word confidence="0.927" wordID="van" beginTime="67.990" endTime="68.130"/>
      <word confidence="0.743" wordID="SIL" beginTime="68.130" endTime="68.140"/>
      <word confidence="1.000" wordID="ook" beginTime="68.140" endTime="68.280"/>
      <word confidence="0.919" wordID="in" beginTime="68.280" endTime="68.350"/>
      <word confidence="1.000" wordID="waterland" beginTime="68.350" endTime="68.760"/>
      <word confidence="0.922" wordID="werd" beginTime="68.760" endTime="68.900"/>
      <word confidence="0.986" wordID="aangericht" beginTime="68.900" endTime="69.450"/>
      <word confidence="0.747" wordID="SIL" beginTime="69.450" endTime="69.520"/>
      <word confidence="0.965" wordID="ter" beginTime="69.520" endTime="69.670"/>
      <word confidence="0.955" wordID="herdenking" beginTime="69.670" endTime="70.210"/>
      <word confidence="0.969" wordID="van" beginTime="70.210" endTime="70.330"/>
      <word confidence="1.000" wordID="de" beginTime="70.330" endTime="70.410"/>
      <word confidence="1.000" wordID="bevrijding" beginTime="70.410" endTime="70.910"/>
      <word confidence="0.765" wordID="SIL" beginTime="70.910" endTime="71.310"/>
    </wordsequence>
  </speech>
  <speech label="SPK10-019" begintime="71.76" endtime="75.35" >
    <wordsequence>
      <word confidence="0.754" wordID="ja" beginTime="71.760" endTime="75.030"/>
      <word confidence="0.731" wordID="SIL" beginTime="75.030" endTime="75.130"/>
      <word confidence="0.793" wordID="een" beginTime="75.130" endTime="75.350"/>
    </wordsequence>
  </speech>
  <speech label="SPK02-020" begintime="75.37" endtime="79.25" >
    <wordsequence>
      <word confidence="0.832" wordID="voor" beginTime="75.370" endTime="75.560"/>
      <word confidence="0.967" wordID="velen" beginTime="75.560" endTime="75.960"/>
      <word confidence="1.000" wordID="was" beginTime="75.960" endTime="76.130"/>
      <word confidence="0.866" wordID="het" beginTime="76.130" endTime="76.250"/>
      <word confidence="0.912" wordID="een" beginTime="76.250" endTime="76.320"/>
      <word confidence="0.921" wordID="historisch" beginTime="76.320" endTime="76.860"/>
      <word confidence="1.000" wordID="hapje" beginTime="76.860" endTime="77.260"/>
      <word confidence="1.000" wordID="SIL" beginTime="77.260" endTime="77.490"/>
      <word confidence="1.000" wordID="voor" beginTime="77.490" endTime="77.710"/>
      <word confidence="0.931" wordID="velen" beginTime="77.710" endTime="78.070"/>
      <word confidence="0.859" wordID="een" beginTime="78.070" endTime="78.150"/>
      <word confidence="0.950" wordID="nieuw" beginTime="78.150" endTime="78.340"/>
      <word confidence="0.970" wordID="gerecht" beginTime="78.340" endTime="78.890"/>
      <word confidence="0.804" wordID="SIL" beginTime="78.890" endTime="79.250"/>
    </wordsequence>
  </speech>
  <speech label="SPK02-021" begintime="79.27" endtime="83.60" >
    <wordsequence>
      <word confidence="0.750" wordID="SIL" beginTime="79.270" endTime="80.170"/>
      <word confidence="0.985" wordID="is" beginTime="80.170" endTime="80.320"/>
      <word confidence="0.911" wordID="dit" beginTime="80.320" endTime="80.430"/>
      <word confidence="1.000" wordID="dit" beginTime="80.430" endTime="80.570"/>
      <word confidence="0.975" wordID="streven" beginTime="80.570" endTime="81.000"/>
      <word confidence="1.000" wordID="extra" beginTime="81.000" endTime="81.340"/>
      <word confidence="1.000" wordID="cachet" beginTime="81.340" endTime="81.750"/>
      <word confidence="1.000" wordID="door" beginTime="81.750" endTime="81.880"/>
      <word confidence="1.000" wordID="de" beginTime="81.880" endTime="81.950"/>
      <word confidence="1.000" wordID="aanwezigheid" beginTime="81.950" endTime="82.490"/>
      <word confidence="0.913" wordID="van" beginTime="82.490" endTime="82.710"/>
      <word confidence="0.748" wordID="SIL" beginTime="82.710" endTime="82.770"/>
      <word confidence="0.918" wordID="honderden" beginTime="82.770" endTime="83.110"/>
      <word confidence="1.000" wordID="stuur" beginTime="83.110" endTime="83.490"/>
      <word confidence="0.747" wordID="SIL" beginTime="83.490" endTime="83.600"/>
    </wordsequence>
  </speech>
  <speech label="SPK02-022" begintime="83.63" endtime="87.43" >
    <wordsequence>
      <word confidence="0.750" wordID="SIL" beginTime="83.630" endTime="83.750"/>
      <word confidence="1.000" wordID="dat" beginTime="83.750" endTime="83.900"/>
      <word confidence="1.000" wordID="van" beginTime="83.900" endTime="84.020"/>
      <word confidence="0.930" wordID="de" beginTime="84.020" endTime="84.090"/>
      <word confidence="0.972" wordID="voedselvoorziening" beginTime="84.090" endTime="84.740"/>
      <word confidence="1.000" wordID="op" beginTime="84.740" endTime="84.880"/>
      <word confidence="1.000" wordID="deze" beginTime="84.880" endTime="85.130"/>
      <word confidence="1.000" wordID="bevrijdingsdag" beginTime="85.130" endTime="85.900"/>
      <word confidence="0.747" wordID="SIL" beginTime="85.900" endTime="85.990"/>
      <word confidence="0.976" wordID="nu" beginTime="85.990" endTime="86.220"/>
      <word confidence="1.000" wordID="nog" beginTime="86.220" endTime="86.530"/>
      <word confidence="0.741" wordID="SIL" beginTime="86.530" endTime="86.540"/>
      <word confidence="0.892" wordID="de" beginTime="86.540" endTime="86.650"/>
      <word confidence="1.000" wordID="mond" beginTime="86.650" endTime="86.890"/>
      <word confidence="0.966" wordID="vol" beginTime="86.890" endTime="87.110"/>
      <word confidence="0.987" wordID="heeft" beginTime="87.110" endTime="87.330"/>
      <word confidence="0.748" wordID="SIL" beginTime="87.330" endTime="87.430"/>
    </wordsequence>
  </speech>
  <speech label="SPK16-023" begintime="87.46" endtime="90.32" >
    <wordsequence>
      <word confidence="0.750" wordID="SIL" beginTime="87.460" endTime="87.840"/>
      <word confidence="0.785" wordID="we" beginTime="87.840" endTime="88.000"/>
      <word confidence="0.749" wordID="SIL" beginTime="88.000" endTime="88.190"/>
      <word confidence="0.837" wordID="hebben" beginTime="88.190" endTime="88.460"/>
      <word confidence="0.784" wordID="een" beginTime="88.460" endTime="89.580"/>
      <word confidence="0.739" wordID="SIL" beginTime="89.580" endTime="89.590"/>
      <word confidence="0.798" wordID="uh" beginTime="89.590" endTime="89.840"/>
      <word confidence="0.741" wordID="SIL" beginTime="89.840" endTime="89.850"/>
      <word confidence="0.781" wordID="ik" beginTime="89.850" endTime="90.220"/>
      <word confidence="0.750" wordID="SIL" beginTime="90.220" endTime="90.320"/>
    </wordsequence>
  </speech>

  </segments>
</shout_metadata>
