<?xml version="1.0" encoding="UTF-8"?>
<!--
  ##################################################################################################
  ###                      This transcription is automatically generated by                      ###
  ###                              X-MI, Cross-Media interaction                                 ###
  ###                                    http://x-mi.nl                                          ###
  ##################################################################################################
-->
<shout_metadata>
  <model_info>
    <version>Standaard systeem 28-02-2012</version>
    <description>Academia</description>
  </model_info>
  <segments>
  <speech label="SPK01-001" begintime="0.00" endtime="3.66" >
    <wordsequence>
      <word confidence="0.750" wordID="SIL" beginTime="0.000" endTime="0.270"/>
      <word confidence="0.783" wordID="het" beginTime="0.270" endTime="0.390"/>
      <word confidence="0.750" wordID="SIL" beginTime="0.390" endTime="1.940"/>
      <word confidence="0.845" wordID="is" beginTime="1.940" endTime="2.280"/>
      <word confidence="0.749" wordID="SIL" beginTime="2.280" endTime="2.350"/>
      <word confidence="0.922" wordID="nu" beginTime="2.350" endTime="2.510"/>
      <word confidence="0.842" wordID="net" beginTime="2.510" endTime="2.830"/>
      <word confidence="0.750" wordID="SIL" beginTime="2.830" endTime="3.090"/>
      <word confidence="0.840" wordID="een" beginTime="3.090" endTime="3.360"/>
      <word confidence="0.749" wordID="SIL" beginTime="3.360" endTime="3.480"/>
      <word confidence="0.866" wordID="een" beginTime="3.480" endTime="3.660"/>
    </wordsequence>
  </speech>
  <speech label="SPK03-002" begintime="3.68" endtime="5.08" >
    <wordsequence>
      <word confidence="0.750" wordID="SIL" beginTime="3.680" endTime="3.820"/>
      <word confidence="0.748" wordID="de" beginTime="3.820" endTime="3.890"/>
      <word confidence="0.956" wordID="bewegingen" beginTime="3.890" endTime="4.680"/>
      <word confidence="0.750" wordID="SIL" beginTime="4.680" endTime="5.080"/>
    </wordsequence>
  </speech>
  <speech label="SPK03-003" begintime="5.11" endtime="11.06" >
    <wordsequence>
      <word confidence="0.750" wordID="SIL" beginTime="5.110" endTime="5.410"/>
      <word confidence="0.898" wordID="waarom" beginTime="5.410" endTime="5.890"/>
      <word confidence="0.992" wordID="zouden" beginTime="5.890" endTime="6.150"/>
      <word confidence="0.891" wordID="deze" beginTime="6.150" endTime="6.440"/>
      <word confidence="0.731" wordID="SIL" beginTime="6.440" endTime="6.450"/>
      <word confidence="0.973" wordID="vorm" beginTime="6.450" endTime="6.680"/>
      <word confidence="0.906" wordID="beginnen" beginTime="6.680" endTime="7.050"/>
      <word confidence="0.987" wordID="want" beginTime="7.050" endTime="7.260"/>
      <word confidence="0.817" wordID="ik" beginTime="7.260" endTime="7.360"/>
      <word confidence="0.746" wordID="SIL" beginTime="7.360" endTime="7.400"/>
      <word confidence="0.893" wordID="vind" beginTime="7.400" endTime="7.620"/>
      <word confidence="0.948" wordID="dat" beginTime="7.620" endTime="7.810"/>
      <word confidence="0.859" wordID="ik" beginTime="7.810" endTime="7.940"/>
      <word confidence="1.000" wordID="nu" beginTime="7.940" endTime="8.060"/>
      <word confidence="0.988" wordID="bij" beginTime="8.060" endTime="8.200"/>
      <word confidence="0.858" wordID="iedere" beginTime="8.200" endTime="8.560"/>
      <word confidence="0.965" wordID="breuken" beginTime="8.560" endTime="9.090"/>
      <word confidence="0.750" wordID="SIL" beginTime="9.090" endTime="9.530"/>
      <word confidence="0.903" wordID="binnen" beginTime="9.530" endTime="9.840"/>
      <word confidence="0.738" wordID="SIL" beginTime="9.840" endTime="9.850"/>
      <word confidence="0.962" wordID="de" beginTime="9.850" endTime="9.950"/>
      <word confidence="1.000" wordID="hoe" beginTime="9.950" endTime="10.210"/>
      <word confidence="0.746" wordID="SIL" beginTime="10.210" endTime="10.240"/>
      <word confidence="0.970" wordID="armer" beginTime="10.240" endTime="10.620"/>
      <word confidence="0.750" wordID="SIL" beginTime="10.620" endTime="11.060"/>
    </wordsequence>
  </speech>
  <speech label="SPK03-004" begintime="11.25" endtime="14.79" >
    <wordsequence>
      <word confidence="0.750" wordID="SIL" beginTime="11.250" endTime="11.730"/>
      <word confidence="0.866" wordID="maar" beginTime="11.730" endTime="11.860"/>
      <word confidence="0.807" wordID="de" beginTime="11.860" endTime="11.920"/>
      <word confidence="0.740" wordID="SIL" beginTime="11.920" endTime="11.930"/>
      <word confidence="0.852" wordID="uitvinder" beginTime="11.930" endTime="12.470"/>
      <word confidence="0.924" wordID="in" beginTime="12.470" endTime="12.560"/>
      <word confidence="0.903" wordID="groningen" beginTime="12.560" endTime="13.110"/>
      <word confidence="0.890" wordID="heeft" beginTime="13.110" endTime="13.380"/>
      <word confidence="0.947" wordID="een" beginTime="13.380" endTime="13.510"/>
      <word confidence="0.918" wordID="fiets" beginTime="13.510" endTime="13.810"/>
      <word confidence="0.748" wordID="SIL" beginTime="13.810" endTime="13.860"/>
      <word confidence="0.851" wordID="van" beginTime="13.860" endTime="14.140"/>
      <word confidence="0.741" wordID="SIL" beginTime="14.140" endTime="14.150"/>
      <word confidence="0.889" wordID="de" beginTime="14.150" endTime="14.260"/>
      <word confidence="0.909" wordID="wereld" beginTime="14.260" endTime="14.770"/>
      <word confidence="0.745" wordID="SIL" beginTime="14.770" endTime="14.790"/>
    </wordsequence>
  </speech>
  <speech label="SPK03-005" begintime="14.81" endtime="18.56" >
    <wordsequence>
      <word confidence="0.750" wordID="SIL" beginTime="14.810" endTime="15.170"/>
      <word confidence="0.877" wordID="waarbij" beginTime="15.170" endTime="15.510"/>
      <word confidence="1.000" wordID="de" beginTime="15.510" endTime="15.630"/>
      <word confidence="0.943" wordID="kracht" beginTime="15.630" endTime="16.070"/>
      <word confidence="0.744" wordID="SIL" beginTime="16.070" endTime="16.090"/>
      <word confidence="1.000" wordID="van" beginTime="16.090" endTime="16.330"/>
      <word confidence="0.741" wordID="SIL" beginTime="16.330" endTime="16.340"/>
      <word confidence="0.899" wordID="benen" beginTime="16.340" endTime="16.820"/>
      <word confidence="0.739" wordID="SIL" beginTime="16.820" endTime="16.830"/>
      <word confidence="0.842" wordID="en" beginTime="16.830" endTime="17.150"/>
      <word confidence="0.741" wordID="SIL" beginTime="17.150" endTime="17.170"/>
      <word confidence="0.953" wordID="armen" beginTime="17.170" endTime="17.610"/>
      <word confidence="0.855" wordID="benut" beginTime="17.610" endTime="17.910"/>
      <word confidence="0.912" wordID="wordt" beginTime="17.910" endTime="18.170"/>
      <word confidence="0.874" wordID="SIL" beginTime="18.170" endTime="18.560"/>
    </wordsequence>
  </speech>
  <speech label="SPK03-006" begintime="18.58" endtime="22.59" >
    <wordsequence>
      <word confidence="0.750" wordID="SIL" beginTime="18.580" endTime="19.010"/>
      <word confidence="0.922" wordID="zo" beginTime="19.010" endTime="19.210"/>
      <word confidence="0.742" wordID="SIL" beginTime="19.210" endTime="19.220"/>
      <word confidence="0.867" wordID="werden" beginTime="19.220" endTime="19.540"/>
      <word confidence="0.746" wordID="SIL" beginTime="19.540" endTime="19.560"/>
      <word confidence="0.977" wordID="de" beginTime="19.560" endTime="19.720"/>
      <word confidence="0.913" wordID="zouden" beginTime="19.720" endTime="20.180"/>
      <word confidence="0.740" wordID="SIL" beginTime="20.180" endTime="20.190"/>
      <word confidence="0.829" wordID="gaan" beginTime="20.190" endTime="20.480"/>
      <word confidence="0.890" wordID="trainspotting" beginTime="20.480" endTime="21.050"/>
      <word confidence="0.993" wordID="als" beginTime="21.050" endTime="21.210"/>
      <word confidence="1.000" wordID="op" beginTime="21.210" endTime="21.360"/>
      <word confidence="0.856" wordID="een" beginTime="21.360" endTime="21.490"/>
      <word confidence="0.738" wordID="SIL" beginTime="21.490" endTime="21.500"/>
      <word confidence="0.955" wordID="gewone" beginTime="21.500" endTime="21.950"/>
      <word confidence="0.952" wordID="fiets" beginTime="21.950" endTime="22.470"/>
      <word confidence="0.748" wordID="SIL" beginTime="22.470" endTime="22.590"/>
    </wordsequence>
  </speech>
  <speech label="SPK03-007" begintime="22.62" endtime="27.66" >
    <wordsequence>
      <word confidence="0.750" wordID="SIL" beginTime="22.620" endTime="22.900"/>
      <word confidence="0.930" wordID="een" beginTime="22.900" endTime="23.010"/>
      <word confidence="0.900" wordID="snelheid" beginTime="23.010" endTime="23.590"/>
      <word confidence="0.747" wordID="SIL" beginTime="23.590" endTime="23.630"/>
      <word confidence="0.998" wordID="van" beginTime="23.630" endTime="23.870"/>
      <word confidence="0.740" wordID="SIL" beginTime="23.870" endTime="23.880"/>
      <word confidence="0.863" wordID="vijfendertig" beginTime="23.880" endTime="24.750"/>
      <word confidence="0.747" wordID="SIL" beginTime="24.750" endTime="24.800"/>
      <word confidence="0.986" wordID="op" beginTime="24.800" endTime="25.050"/>
      <word confidence="0.824" wordID="twintig" beginTime="25.050" endTime="25.470"/>
      <word confidence="0.920" wordID="kilometer" beginTime="25.470" endTime="26.060"/>
      <word confidence="0.931" wordID="per" beginTime="26.060" endTime="26.280"/>
      <word confidence="0.741" wordID="SIL" beginTime="26.280" endTime="26.290"/>
      <word confidence="0.931" wordID="uur" beginTime="26.290" endTime="26.540"/>
      <word confidence="0.740" wordID="SIL" beginTime="26.540" endTime="26.550"/>
      <word confidence="0.964" wordID="kunnen" beginTime="26.550" endTime="26.760"/>
      <word confidence="0.932" wordID="we" beginTime="26.760" endTime="26.870"/>
      <word confidence="1.000" wordID="weten" beginTime="26.870" endTime="27.280"/>
      <word confidence="0.750" wordID="SIL" beginTime="27.280" endTime="27.660"/>
    </wordsequence>
  </speech>
  <speech label="SPK16-008" begintime="28.10" endtime="31.41" >
    <wordsequence>
      <word confidence="0.746" wordID="SIL" beginTime="28.100" endTime="28.750"/>
      <word confidence="0.828" wordID="en" beginTime="28.750" endTime="28.940"/>
      <word confidence="0.821" wordID="als" beginTime="28.940" endTime="29.050"/>
      <word confidence="0.748" wordID="SIL" beginTime="29.050" endTime="29.120"/>
      <word confidence="0.784" wordID="je" beginTime="29.120" endTime="29.250"/>
      <word confidence="0.790" wordID="een" beginTime="29.250" endTime="29.790"/>
      <word confidence="0.776" wordID="SIL" beginTime="29.790" endTime="29.960"/>
      <word confidence="0.793" wordID="jongeren" beginTime="29.960" endTime="30.630"/>
      <word confidence="0.876" wordID="onder" beginTime="30.630" endTime="30.880"/>
      <word confidence="0.816" wordID="de" beginTime="30.880" endTime="31.230"/>
      <word confidence="0.768" wordID="SIL" beginTime="31.230" endTime="31.410"/>
    </wordsequence>
  </speech>
  <speech label="SPK01-009" begintime="31.43" endtime="34.69" >
    <wordsequence>
      <word confidence="0.750" wordID="SIL" beginTime="31.430" endTime="31.580"/>
      <word confidence="0.788" wordID="een" beginTime="31.580" endTime="31.800"/>
      <word confidence="0.788" wordID="SIL" beginTime="31.800" endTime="31.820"/>
      <word confidence="0.799" wordID="aantal" beginTime="31.820" endTime="32.380"/>
      <word confidence="0.779" wordID="andere" beginTime="32.380" endTime="33.010"/>
      <word confidence="0.764" wordID="nederland" beginTime="33.010" endTime="33.450"/>
      <word confidence="0.755" wordID="SIL" beginTime="33.450" endTime="33.480"/>
      <word confidence="0.788" wordID="hebben" beginTime="33.480" endTime="33.680"/>
      <word confidence="0.808" wordID="SIL" beginTime="33.680" endTime="33.690"/>
      <word confidence="0.834" wordID="we" beginTime="33.690" endTime="33.840"/>
      <word confidence="0.978" wordID="SIL" beginTime="33.840" endTime="33.950"/>
      <word confidence="0.784" wordID="allemaal" beginTime="33.950" endTime="34.690"/>
    </wordsequence>
  </speech>
  <speech label="SPK15-010" begintime="34.71" endtime="37.17" >
    <wordsequence>
      <word confidence="0.750" wordID="SIL" beginTime="34.710" endTime="34.720"/>
      <word confidence="0.758" wordID="ja" beginTime="34.720" endTime="35.300"/>
      <word confidence="0.779" wordID="SIL" beginTime="35.300" endTime="35.360"/>
      <word confidence="0.785" wordID="het" beginTime="35.360" endTime="35.720"/>
      <word confidence="0.835" wordID="SIL" beginTime="35.720" endTime="35.770"/>
      <word confidence="0.772" wordID="komt" beginTime="35.770" endTime="36.070"/>
      <word confidence="0.644" wordID="SIL" beginTime="36.070" endTime="36.080"/>
      <word confidence="0.831" wordID="er" beginTime="36.080" endTime="36.310"/>
      <word confidence="0.968" wordID="SIL" beginTime="36.310" endTime="36.320"/>
      <word confidence="0.796" wordID="een" beginTime="36.320" endTime="36.520"/>
      <word confidence="0.806" wordID="SIL" beginTime="36.520" endTime="36.550"/>
      <word confidence="0.793" wordID="van" beginTime="36.550" endTime="36.820"/>
      <word confidence="0.850" wordID="SIL" beginTime="36.820" endTime="36.850"/>
      <word confidence="0.816" wordID="de" beginTime="36.850" endTime="37.060"/>
      <word confidence="0.771" wordID="SIL" beginTime="37.060" endTime="37.170"/>
    </wordsequence>
  </speech>
  <speech label="SPK05-011" begintime="37.19" endtime="39.70" >
    <wordsequence>
      <word confidence="0.750" wordID="SIL" beginTime="37.190" endTime="37.200"/>
      <word confidence="0.777" wordID="ja" beginTime="37.200" endTime="38.320"/>
      <word confidence="1.000" wordID="SIL" beginTime="38.320" endTime="38.330"/>
      <word confidence="0.850" wordID="maar" beginTime="38.330" endTime="38.550"/>
      <word confidence="0.772" wordID="SIL" beginTime="38.550" endTime="38.560"/>
      <word confidence="0.811" wordID="er" beginTime="38.560" endTime="38.880"/>
      <word confidence="0.979" wordID="SIL" beginTime="38.880" endTime="38.980"/>
      <word confidence="0.806" wordID="is" beginTime="38.980" endTime="39.250"/>
      <word confidence="0.886" wordID="een" beginTime="39.250" endTime="39.480"/>
      <word confidence="0.748" wordID="SIL" beginTime="39.480" endTime="39.520"/>
      <word confidence="0.808" wordID="uh" beginTime="39.520" endTime="39.700"/>
    </wordsequence>
  </speech>
  <speech label="SPK07-012" begintime="39.72" endtime="42.18" >
    <wordsequence>
      <word confidence="0.749" wordID="en" beginTime="39.720" endTime="40.210"/>
      <word confidence="0.846" wordID="SIL" beginTime="40.210" endTime="40.320"/>
      <word confidence="0.843" wordID="nog" beginTime="40.320" endTime="40.600"/>
      <word confidence="0.761" wordID="SIL" beginTime="40.600" endTime="40.770"/>
      <word confidence="0.794" wordID="erger" beginTime="40.770" endTime="41.300"/>
      <word confidence="0.749" wordID="SIL" beginTime="41.300" endTime="41.350"/>
      <word confidence="0.779" wordID="dan" beginTime="41.350" endTime="41.670"/>
      <word confidence="0.750" wordID="SIL" beginTime="41.670" endTime="41.920"/>
      <word confidence="0.875" wordID="toch" beginTime="41.920" endTime="42.120"/>
      <word confidence="0.748" wordID="SIL" beginTime="42.120" endTime="42.180"/>
    </wordsequence>
  </speech>
  <speech label="SPK08-013" begintime="42.20" endtime="44.67" >
    <wordsequence>
      <word confidence="0.750" wordID="SIL" beginTime="42.200" endTime="42.710"/>
      <word confidence="0.781" wordID="de" beginTime="42.710" endTime="42.930"/>
      <word confidence="0.747" wordID="SIL" beginTime="42.930" endTime="42.980"/>
      <word confidence="0.795" wordID="rechter" beginTime="42.980" endTime="43.460"/>
      <word confidence="0.741" wordID="SIL" beginTime="43.460" endTime="43.470"/>
      <word confidence="0.812" wordID="en" beginTime="43.470" endTime="43.710"/>
      <word confidence="0.749" wordID="SIL" beginTime="43.710" endTime="43.800"/>
      <word confidence="0.808" wordID="een" beginTime="43.800" endTime="44.010"/>
      <word confidence="0.750" wordID="SIL" beginTime="44.010" endTime="44.670"/>
    </wordsequence>
  </speech>
  <speech label="SPK14-014" begintime="44.69" endtime="47.19" >
    <wordsequence>
      <word confidence="0.823" wordID="was" beginTime="44.690" endTime="44.940"/>
      <word confidence="0.750" wordID="SIL" beginTime="44.940" endTime="45.140"/>
      <word confidence="0.837" wordID="er" beginTime="45.140" endTime="45.330"/>
      <word confidence="0.743" wordID="SIL" beginTime="45.330" endTime="45.350"/>
      <word confidence="0.825" wordID="dus" beginTime="45.350" endTime="45.720"/>
      <word confidence="0.738" wordID="SIL" beginTime="45.720" endTime="45.730"/>
      <word confidence="0.807" wordID="ik" beginTime="45.730" endTime="46.120"/>
      <word confidence="0.740" wordID="SIL" beginTime="46.120" endTime="46.130"/>
      <word confidence="0.808" wordID="heb" beginTime="46.130" endTime="46.310"/>
      <word confidence="0.750" wordID="SIL" beginTime="46.310" endTime="46.710"/>
      <word confidence="0.847" wordID="en" beginTime="46.710" endTime="46.880"/>
      <word confidence="0.736" wordID="SIL" beginTime="46.880" endTime="46.890"/>
      <word confidence="0.820" wordID="dat" beginTime="46.890" endTime="47.190"/>
    </wordsequence>
  </speech>
  <speech label="SPK11-015" begintime="47.21" endtime="49.81" >
    <wordsequence>
      <word confidence="0.750" wordID="SIL" beginTime="47.210" endTime="47.400"/>
      <word confidence="0.775" wordID="ja" beginTime="47.400" endTime="47.810"/>
      <word confidence="0.748" wordID="SIL" beginTime="47.810" endTime="47.840"/>
      <word confidence="0.800" wordID="zo" beginTime="47.840" endTime="48.880"/>
      <word confidence="0.742" wordID="SIL" beginTime="48.880" endTime="48.890"/>
      <word confidence="0.765" wordID="kan" beginTime="48.890" endTime="49.110"/>
      <word confidence="0.741" wordID="SIL" beginTime="49.110" endTime="49.120"/>
      <word confidence="0.799" wordID="ik" beginTime="49.120" endTime="49.760"/>
      <word confidence="0.748" wordID="SIL" beginTime="49.760" endTime="49.810"/>
    </wordsequence>
  </speech>
  <speech label="SPK13-016" begintime="49.83" endtime="52.39" >
    <wordsequence>
      <word confidence="0.750" wordID="SIL" beginTime="49.830" endTime="50.230"/>
      <word confidence="0.807" wordID="een" beginTime="50.230" endTime="50.420"/>
      <word confidence="0.739" wordID="SIL" beginTime="50.420" endTime="50.430"/>
      <word confidence="0.797" wordID="een" beginTime="50.430" endTime="50.690"/>
      <word confidence="0.750" wordID="SIL" beginTime="50.690" endTime="51.000"/>
      <word confidence="0.790" wordID="een" beginTime="51.000" endTime="51.230"/>
      <word confidence="0.744" wordID="SIL" beginTime="51.230" endTime="51.260"/>
      <word confidence="0.812" wordID="een" beginTime="51.260" endTime="51.450"/>
      <word confidence="0.750" wordID="SIL" beginTime="51.450" endTime="51.790"/>
      <word confidence="0.814" wordID="een" beginTime="51.790" endTime="52.010"/>
      <word confidence="0.749" wordID="SIL" beginTime="52.010" endTime="52.130"/>
      <word confidence="0.835" wordID="een" beginTime="52.130" endTime="52.290"/>
      <word confidence="0.749" wordID="SIL" beginTime="52.290" endTime="52.390"/>
    </wordsequence>
  </speech>
  <speech label="SPK14-017" begintime="52.41" endtime="54.81" >
    <wordsequence>
      <word confidence="0.818" wordID="hou" beginTime="52.410" endTime="53.180"/>
      <word confidence="0.936" wordID="SIL" beginTime="53.180" endTime="53.220"/>
      <word confidence="0.863" wordID="nou" beginTime="53.220" endTime="53.420"/>
      <word confidence="0.799" wordID="SIL" beginTime="53.420" endTime="53.430"/>
      <word confidence="0.828" wordID="ik" beginTime="53.430" endTime="53.530"/>
      <word confidence="0.969" wordID="SIL" beginTime="53.530" endTime="53.620"/>
      <word confidence="0.836" wordID="ga" beginTime="53.620" endTime="53.990"/>
      <word confidence="0.749" wordID="SIL" beginTime="53.990" endTime="54.200"/>
      <word confidence="0.799" wordID="er" beginTime="54.200" endTime="54.750"/>
      <word confidence="0.749" wordID="SIL" beginTime="54.750" endTime="54.810"/>
    </wordsequence>
  </speech>
  <speech label="SPK10-018" begintime="54.83" endtime="57.31" >
    <wordsequence>
      <word confidence="0.750" wordID="SIL" beginTime="54.830" endTime="55.010"/>
      <word confidence="0.811" wordID="nou" beginTime="55.010" endTime="55.670"/>
      <word confidence="0.750" wordID="SIL" beginTime="55.670" endTime="56.120"/>
      <word confidence="0.889" wordID="daar" beginTime="56.120" endTime="56.280"/>
      <word confidence="0.741" wordID="SIL" beginTime="56.280" endTime="56.290"/>
      <word confidence="0.887" wordID="zijn" beginTime="56.290" endTime="56.520"/>
      <word confidence="0.949" wordID="nog" beginTime="56.520" endTime="56.660"/>
      <word confidence="0.869" wordID="altijd" beginTime="56.660" endTime="57.070"/>
      <word confidence="0.748" wordID="SIL" beginTime="57.070" endTime="57.120"/>
      <word confidence="0.810" wordID="een" beginTime="57.120" endTime="57.310"/>
    </wordsequence>
  </speech>

  </segments>
</shout_metadata>
