<?xml version="1.0" encoding="UTF-8"?>
<!--
  ##################################################################################################
  ###                      This transcription is automatically generated by                      ###
  ###                              X-MI, Cross-Media interaction                                 ###
  ###                                    http://x-mi.nl                                          ###
  ##################################################################################################
-->
<shout_metadata>
  <model_info>
    <version>Standaard systeem 28-02-2012</version>
    <description>Academia</description>
  </model_info>
  <segments>
  <speech label="SPK01-001" begintime="1.51" endtime="5.09" >
    <wordsequence>
      <word confidence="0.750" wordID="SIL" beginTime="1.510" endTime="2.150"/>
      <word confidence="0.814" wordID="alle" beginTime="2.150" endTime="2.460"/>
      <word confidence="0.884" wordID="dieren" beginTime="2.460" endTime="2.790"/>
      <word confidence="1.000" wordID="van" beginTime="2.790" endTime="2.920"/>
      <word confidence="0.823" wordID="het" beginTime="2.920" endTime="3.030"/>
      <word confidence="1.000" wordID="land" beginTime="3.030" endTime="3.260"/>
      <word confidence="0.903" wordID="waar" beginTime="3.260" endTime="3.410"/>
      <word confidence="0.840" wordID="de" beginTime="3.410" endTime="3.500"/>
      <word confidence="0.979" wordID="politie" beginTime="3.500" endTime="3.920"/>
      <word confidence="0.859" wordID="mandela" beginTime="3.920" endTime="4.590"/>
      <word confidence="0.970" wordID="gekomen" beginTime="4.590" endTime="5.090"/>
    </wordsequence>
  </speech>
  <speech label="SPK01-002" begintime="5.11" endtime="8.58" >
    <wordsequence>
      <word confidence="0.584" wordID="SIL" beginTime="5.110" endTime="5.140"/>
      <word confidence="0.811" wordID="de" beginTime="5.140" endTime="5.250"/>
      <word confidence="0.906" wordID="protesteren" beginTime="5.250" endTime="5.870"/>
      <word confidence="0.878" wordID="tegen" beginTime="5.870" endTime="6.120"/>
      <word confidence="0.832" wordID="het" beginTime="6.120" endTime="6.190"/>
      <word confidence="0.829" wordID="beleid" beginTime="6.190" endTime="6.500"/>
      <word confidence="1.000" wordID="van" beginTime="6.500" endTime="6.630"/>
      <word confidence="0.805" wordID="de" beginTime="6.630" endTime="6.710"/>
      <word confidence="0.853" wordID="regering" beginTime="6.710" endTime="7.210"/>
      <word confidence="0.721" wordID="SIL" beginTime="7.210" endTime="7.220"/>
      <word confidence="0.965" wordID="inzake" beginTime="7.220" endTime="7.610"/>
      <word confidence="1.000" wordID="hun" beginTime="7.610" endTime="7.760"/>
      <word confidence="0.962" wordID="salarissen" beginTime="7.760" endTime="8.380"/>
      <word confidence="1.000" wordID="SIL" beginTime="8.380" endTime="8.580"/>
    </wordsequence>
  </speech>
  <speech label="SPK01-003" begintime="8.61" endtime="12.66" >
    <wordsequence>
      <word confidence="0.750" wordID="SIL" beginTime="8.610" endTime="8.910"/>
      <word confidence="0.840" wordID="dus" beginTime="8.910" endTime="9.280"/>
      <word confidence="0.798" wordID="de" beginTime="9.280" endTime="9.490"/>
      <word confidence="0.745" wordID="SIL" beginTime="9.490" endTime="9.500"/>
      <word confidence="0.882" wordID="meeste" beginTime="9.500" endTime="9.820"/>
      <word confidence="0.747" wordID="SIL" beginTime="9.820" endTime="9.860"/>
      <word confidence="0.887" wordID="mensen" beginTime="9.860" endTime="10.270"/>
      <word confidence="0.741" wordID="SIL" beginTime="10.270" endTime="10.280"/>
      <word confidence="0.923" wordID="kracht" beginTime="10.280" endTime="10.550"/>
      <word confidence="0.999" wordID="bij" beginTime="10.550" endTime="10.720"/>
      <word confidence="0.988" wordID="zetten" beginTime="10.720" endTime="11.000"/>
      <word confidence="0.956" wordID="spraken" beginTime="11.000" endTime="11.310"/>
      <word confidence="0.896" wordID="dan" beginTime="11.310" endTime="11.500"/>
      <word confidence="0.835" wordID="de" beginTime="11.500" endTime="11.730"/>
      <word confidence="0.739" wordID="SIL" beginTime="11.730" endTime="11.740"/>
      <word confidence="0.886" wordID="trouwe" beginTime="11.740" endTime="12.660"/>
    </wordsequence>
  </speech>
  <speech label="SPK01-004" begintime="12.69" endtime="17.01" >
    <wordsequence>
      <word confidence="0.750" wordID="SIL" beginTime="12.690" endTime="12.860"/>
      <word confidence="0.795" wordID="het" beginTime="12.860" endTime="12.980"/>
      <word confidence="1.000" wordID="gebouw" beginTime="12.980" endTime="13.220"/>
      <word confidence="1.000" wordID="van" beginTime="13.220" endTime="13.360"/>
      <word confidence="0.945" wordID="kunsten" beginTime="13.360" endTime="13.700"/>
      <word confidence="0.746" wordID="en" beginTime="13.700" endTime="13.790"/>
      <word confidence="1.000" wordID="wetenschappen" beginTime="13.790" endTime="14.250"/>
      <word confidence="0.842" wordID="wat" beginTime="14.250" endTime="14.400"/>
      <word confidence="0.693" wordID="SIL" beginTime="14.400" endTime="14.420"/>
      <word confidence="1.000" wordID="politie" beginTime="14.420" endTime="14.760"/>
      <word confidence="0.937" wordID="neerstreken" beginTime="14.760" endTime="15.370"/>
      <word confidence="0.748" wordID="SIL" beginTime="15.370" endTime="15.510"/>
      <word confidence="0.958" wordID="gonsde" beginTime="15.510" endTime="15.950"/>
      <word confidence="1.000" wordID="van" beginTime="15.950" endTime="16.090"/>
      <word confidence="1.000" wordID="de" beginTime="16.090" endTime="16.160"/>
      <word confidence="0.902" wordID="verontwaardiging" beginTime="16.160" endTime="16.900"/>
      <word confidence="0.748" wordID="SIL" beginTime="16.900" endTime="17.010"/>
    </wordsequence>
  </speech>
  <speech label="SPK01-005" begintime="17.04" endtime="20.92" >
    <wordsequence>
      <word confidence="0.750" wordID="SIL" beginTime="17.040" endTime="17.210"/>
      <word confidence="0.915" wordID="in" beginTime="17.210" endTime="17.330"/>
      <word confidence="0.749" wordID="SIL" beginTime="17.330" endTime="17.400"/>
      <word confidence="0.956" wordID="verschillende" beginTime="17.400" endTime="17.850"/>
      <word confidence="0.935" wordID="sprekers" beginTime="17.850" endTime="18.270"/>
      <word confidence="1.000" wordID="op" beginTime="18.270" endTime="18.380"/>
      <word confidence="0.736" wordID="SIL" beginTime="18.380" endTime="18.390"/>
      <word confidence="1.000" wordID="niet" beginTime="18.390" endTime="18.590"/>
      <word confidence="1.000" wordID="mis" beginTime="18.590" endTime="18.760"/>
      <word confidence="1.000" wordID="te" beginTime="18.760" endTime="18.900"/>
      <word confidence="0.942" wordID="verstaan" beginTime="18.900" endTime="19.250"/>
      <word confidence="1.000" wordID="er" beginTime="19.250" endTime="19.320"/>
      <word confidence="1.000" wordID="wezen" beginTime="19.320" endTime="19.580"/>
      <word confidence="1.000" wordID="onder" beginTime="19.580" endTime="19.800"/>
      <word confidence="0.859" wordID="woorden" beginTime="19.800" endTime="20.060"/>
      <word confidence="0.974" wordID="werd" beginTime="20.060" endTime="20.240"/>
      <word confidence="0.954" wordID="gebracht" beginTime="20.240" endTime="20.660"/>
      <word confidence="0.749" wordID="SIL" beginTime="20.660" endTime="20.920"/>
    </wordsequence>
  </speech>
  <speech label="SPK01-006" begintime="20.95" endtime="26.45" >
    <wordsequence>
      <word confidence="0.750" wordID="SIL" beginTime="20.950" endTime="21.360"/>
      <word confidence="0.998" wordID="de" beginTime="21.360" endTime="21.450"/>
      <word confidence="0.832" wordID="voorzitter" beginTime="21.450" endTime="21.890"/>
      <word confidence="0.742" wordID="SIL" beginTime="21.890" endTime="21.900"/>
      <word confidence="1.000" wordID="van" beginTime="21.900" endTime="22.010"/>
      <word confidence="0.891" wordID="de" beginTime="22.010" endTime="22.080"/>
      <word confidence="1.000" wordID="bond" beginTime="22.080" endTime="22.280"/>
      <word confidence="0.970" wordID="van" beginTime="22.280" endTime="22.430"/>
      <word confidence="0.901" wordID="christelijke" beginTime="22.430" endTime="22.890"/>
      <word confidence="0.965" wordID="politieambtenaren" beginTime="22.890" endTime="23.720"/>
      <word confidence="0.747" wordID="SIL" beginTime="23.720" endTime="23.780"/>
      <word confidence="1.000" wordID="weer" beginTime="23.780" endTime="24.110"/>
      <word confidence="0.934" wordID="ook" beginTime="24.110" endTime="24.410"/>
      <word confidence="0.744" wordID="SIL" beginTime="24.410" endTime="24.430"/>
      <word confidence="1.000" wordID="zeehonden" beginTime="24.430" endTime="24.840"/>
      <word confidence="1.000" wordID="die" beginTime="24.840" endTime="24.990"/>
      <word confidence="0.908" wordID="in" beginTime="24.990" endTime="25.110"/>
      <word confidence="0.750" wordID="SIL" beginTime="25.110" endTime="25.510"/>
      <word confidence="0.849" wordID="de" beginTime="25.510" endTime="25.640"/>
      <word confidence="0.748" wordID="SIL" beginTime="25.640" endTime="25.720"/>
      <word confidence="0.923" wordID="krant" beginTime="25.720" endTime="26.030"/>
      <word confidence="0.749" wordID="SIL" beginTime="26.030" endTime="26.450"/>
    </wordsequence>
  </speech>
  <speech label="SPK01-007" begintime="26.50" endtime="27.01" >
    <wordsequence>
      <word confidence="0.750" wordID="SIL" beginTime="26.500" endTime="27.010"/>
    </wordsequence>
  </speech>
  <speech label="SPK07-008" begintime="27.03" endtime="30.48" >
    <wordsequence>
      <word confidence="0.610" wordID="SIL" beginTime="27.030" endTime="27.070"/>
      <word confidence="0.684" wordID="er" beginTime="27.070" endTime="27.130"/>
      <word confidence="0.859" wordID="worden" beginTime="27.130" endTime="27.520"/>
      <word confidence="0.799" wordID="SIL" beginTime="27.520" endTime="27.560"/>
      <word confidence="0.791" wordID="ook" beginTime="27.560" endTime="27.690"/>
      <word confidence="0.715" wordID="SIL" beginTime="27.690" endTime="27.700"/>
      <word confidence="0.792" wordID="allemaal" beginTime="27.700" endTime="28.180"/>
      <word confidence="1.000" wordID="om" beginTime="28.180" endTime="28.410"/>
      <word confidence="0.922" wordID="SIL" beginTime="28.410" endTime="29.190"/>
      <word confidence="0.827" wordID="een" beginTime="29.190" endTime="29.380"/>
      <word confidence="0.860" wordID="marmeren" beginTime="29.380" endTime="29.880"/>
      <word confidence="0.923" wordID="hoor" beginTime="29.880" endTime="30.210"/>
      <word confidence="0.748" wordID="SIL" beginTime="30.210" endTime="30.270"/>
      <word confidence="0.823" wordID="je" beginTime="30.270" endTime="30.480"/>
    </wordsequence>
  </speech>
  <speech label="SPK01-009" begintime="30.50" endtime="32.14" >
    <wordsequence>
      <word confidence="0.750" wordID="SIL" beginTime="30.500" endTime="30.840"/>
      <word confidence="0.876" wordID="om" beginTime="30.840" endTime="31.060"/>
      <word confidence="0.749" wordID="SIL" beginTime="31.060" endTime="31.350"/>
      <word confidence="0.854" wordID="al" beginTime="31.350" endTime="31.550"/>
      <word confidence="0.735" wordID="SIL" beginTime="31.550" endTime="31.560"/>
      <word confidence="0.863" wordID="dan" beginTime="31.560" endTime="31.800"/>
      <word confidence="0.880" wordID="niet" beginTime="31.800" endTime="31.980"/>
      <word confidence="0.807" wordID="meer" beginTime="31.980" endTime="32.140"/>
    </wordsequence>
  </speech>
  <speech label="SPK07-010" begintime="32.16" endtime="33.14" >
    <wordsequence>
      <word confidence="0.750" wordID="SIL" beginTime="32.160" endTime="32.170"/>
      <word confidence="0.888" wordID="gelderland" beginTime="32.170" endTime="32.680"/>
      <word confidence="0.932" wordID="je" beginTime="32.680" endTime="32.790"/>
      <word confidence="0.846" wordID="gewoon" beginTime="32.790" endTime="33.140"/>
    </wordsequence>
  </speech>
  <speech label="SPK01-011" begintime="33.16" endtime="37.86" >
    <wordsequence>
      <word confidence="0.580" wordID="SIL" beginTime="33.160" endTime="33.200"/>
      <word confidence="0.840" wordID="moet" beginTime="33.200" endTime="33.430"/>
      <word confidence="0.829" wordID="je" beginTime="33.430" endTime="33.530"/>
      <word confidence="0.933" wordID="in" beginTime="33.530" endTime="33.640"/>
      <word confidence="0.825" wordID="SIL" beginTime="33.640" endTime="34.470"/>
      <word confidence="0.847" wordID="de" beginTime="34.470" endTime="34.560"/>
      <word confidence="0.740" wordID="SIL" beginTime="34.560" endTime="34.570"/>
      <word confidence="0.866" wordID="voorzitter" beginTime="34.570" endTime="35.060"/>
      <word confidence="0.970" wordID="van" beginTime="35.060" endTime="35.160"/>
      <word confidence="0.858" wordID="de" beginTime="35.160" endTime="35.240"/>
      <word confidence="0.740" wordID="SIL" beginTime="35.240" endTime="35.250"/>
      <word confidence="1.000" wordID="middellandse" beginTime="35.250" endTime="35.630"/>
      <word confidence="0.985" wordID="politiebond" beginTime="35.630" endTime="36.210"/>
      <word confidence="0.995" wordID="in" beginTime="36.210" endTime="36.320"/>
      <word confidence="0.805" wordID="ieder" beginTime="36.320" endTime="36.580"/>
      <word confidence="0.746" wordID="SIL" beginTime="36.580" endTime="36.620"/>
      <word confidence="0.913" wordID="geval" beginTime="36.620" endTime="36.900"/>
      <word confidence="0.858" wordID="de" beginTime="36.900" endTime="37.020"/>
      <word confidence="0.746" wordID="SIL" beginTime="37.020" endTime="37.050"/>
      <word confidence="0.969" wordID="inconsequent" beginTime="37.050" endTime="37.820"/>
      <word confidence="0.743" wordID="SIL" beginTime="37.820" endTime="37.860"/>
    </wordsequence>
  </speech>
  <speech label="SPK01-012" begintime="37.89" endtime="44.13" >
    <wordsequence>
      <word confidence="0.750" wordID="SIL" beginTime="37.890" endTime="38.080"/>
      <word confidence="1.000" wordID="dat" beginTime="38.080" endTime="38.190"/>
      <word confidence="0.834" wordID="de" beginTime="38.190" endTime="38.250"/>
      <word confidence="1.000" wordID="politiek" beginTime="38.250" endTime="38.670"/>
      <word confidence="0.946" wordID="en" beginTime="38.670" endTime="38.750"/>
      <word confidence="0.962" wordID="achtergesteld" beginTime="38.750" endTime="39.600"/>
      <word confidence="0.746" wordID="SIL" beginTime="39.600" endTime="39.660"/>
      <word confidence="0.943" wordID="bij" beginTime="39.660" endTime="39.770"/>
      <word confidence="0.942" wordID="die" beginTime="39.770" endTime="39.860"/>
      <word confidence="0.916" wordID="niet" beginTime="39.860" endTime="40.150"/>
      <word confidence="0.935" wordID="eenheid" beginTime="40.150" endTime="40.600"/>
      <word confidence="0.749" wordID="SIL" beginTime="40.600" endTime="40.710"/>
      <word confidence="0.901" wordID="die" beginTime="40.710" endTime="40.850"/>
      <word confidence="0.982" wordID="wel" beginTime="40.850" endTime="41.050"/>
      <word confidence="0.939" wordID="salarisverhogingen" beginTime="41.050" endTime="41.980"/>
      <word confidence="0.877" wordID="begin" beginTime="41.980" endTime="42.180"/>
      <word confidence="0.931" wordID="tegen" beginTime="42.180" endTime="42.900"/>
      <word confidence="0.725" wordID="SIL" beginTime="42.900" endTime="42.910"/>
      <word confidence="0.900" wordID="blijken" beginTime="42.910" endTime="43.230"/>
      <word confidence="0.870" wordID="er" beginTime="43.230" endTime="43.330"/>
      <word confidence="0.857" wordID="zullen" beginTime="43.330" endTime="44.130"/>
    </wordsequence>
  </speech>
  <speech label="SPK01-013" begintime="44.15" endtime="44.52" >
    <wordsequence>
      <word confidence="0.750" wordID="SIL" beginTime="44.150" endTime="44.520"/>
    </wordsequence>
  </speech>
  <speech label="SPK03-014" begintime="44.54" endtime="47.65" >
    <wordsequence>
      <word confidence="0.817" wordID="uh" beginTime="44.540" endTime="44.620"/>
      <word confidence="0.992" wordID="beroepsmilitairen" beginTime="44.620" endTime="45.810"/>
      <word confidence="0.783" wordID="SIL" beginTime="45.810" endTime="46.130"/>
      <word confidence="0.937" wordID="russell" beginTime="46.130" endTime="46.500"/>
      <word confidence="0.982" wordID="uitgelopen" beginTime="46.500" endTime="47.140"/>
      <word confidence="0.953" wordID="in" beginTime="47.140" endTime="47.220"/>
      <word confidence="1.000" wordID="beslist" beginTime="47.220" endTime="47.650"/>
    </wordsequence>
  </speech>
  <speech label="SPK01-015" begintime="47.67" endtime="51.04" >
    <wordsequence>
      <word confidence="0.777" wordID="in" beginTime="47.670" endTime="47.770"/>
      <word confidence="0.736" wordID="SIL" beginTime="47.770" endTime="47.780"/>
      <word confidence="0.847" wordID="een" beginTime="47.780" endTime="48.640"/>
      <word confidence="0.714" wordID="SIL" beginTime="48.640" endTime="48.650"/>
      <word confidence="0.840" wordID="oplage" beginTime="48.650" endTime="49.130"/>
      <word confidence="0.747" wordID="SIL" beginTime="49.130" endTime="49.190"/>
      <word confidence="0.741" wordID="van" beginTime="49.190" endTime="49.330"/>
      <word confidence="0.747" wordID="SIL" beginTime="49.330" endTime="49.460"/>
      <word confidence="0.860" wordID="de" beginTime="49.460" endTime="49.630"/>
      <word confidence="0.936" wordID="regeling" beginTime="49.630" endTime="50.160"/>
      <word confidence="0.892" wordID="moet" beginTime="50.160" endTime="50.420"/>
      <word confidence="0.904" wordID="meer" beginTime="50.420" endTime="50.650"/>
      <word confidence="0.749" wordID="SIL" beginTime="50.650" endTime="51.040"/>
    </wordsequence>
  </speech>
  <speech label="SPK01-016" begintime="51.06" endtime="55.15" >
    <wordsequence>
      <word confidence="0.750" wordID="SIL" beginTime="51.060" endTime="51.490"/>
      <word confidence="0.926" wordID="neem" beginTime="51.490" endTime="51.950"/>
      <word confidence="0.793" wordID="maar" beginTime="51.950" endTime="52.270"/>
      <word confidence="0.744" wordID="SIL" beginTime="52.270" endTime="52.290"/>
      <word confidence="0.886" wordID="niet" beginTime="52.290" endTime="52.540"/>
      <word confidence="0.750" wordID="SIL" beginTime="52.540" endTime="53.150"/>
      <word confidence="0.817" wordID="minder" beginTime="53.150" endTime="53.560"/>
      <word confidence="0.879" wordID="trainen" beginTime="53.560" endTime="54.000"/>
      <word confidence="0.749" wordID="SIL" beginTime="54.000" endTime="54.380"/>
      <word confidence="0.929" wordID="en" beginTime="54.380" endTime="54.600"/>
      <word confidence="0.727" wordID="SIL" beginTime="54.600" endTime="54.610"/>
      <word confidence="0.881" wordID="dan" beginTime="54.610" endTime="54.810"/>
      <word confidence="0.744" wordID="SIL" beginTime="54.810" endTime="54.820"/>
      <word confidence="0.800" wordID="alleen" beginTime="54.820" endTime="55.150"/>
    </wordsequence>
  </speech>
  <speech label="SPK03-017" begintime="55.17" endtime="57.64" >
    <wordsequence>
      <word confidence="0.750" wordID="SIL" beginTime="55.170" endTime="55.180"/>
      <word confidence="0.897" wordID="argument" beginTime="55.180" endTime="55.770"/>
      <word confidence="0.940" wordID="hanteren" beginTime="55.770" endTime="56.230"/>
      <word confidence="1.000" wordID="dat" beginTime="56.230" endTime="56.430"/>
      <word confidence="1.000" wordID="is" beginTime="56.430" endTime="56.570"/>
      <word confidence="0.835" wordID="niet" beginTime="56.570" endTime="56.950"/>
      <word confidence="0.809" wordID="een" beginTime="56.950" endTime="57.010"/>
      <word confidence="1.000" wordID="met" beginTime="57.010" endTime="57.310"/>
      <word confidence="0.733" wordID="SIL" beginTime="57.310" endTime="57.400"/>
      <word confidence="0.808" wordID="een" beginTime="57.400" endTime="57.640"/>
    </wordsequence>
  </speech>
  <speech label="SPK01-018" begintime="57.66" endtime="60.94" >
    <wordsequence>
      <word confidence="0.695" wordID="SIL" beginTime="57.660" endTime="57.760"/>
      <word confidence="0.864" wordID="de" beginTime="57.760" endTime="57.890"/>
      <word confidence="0.757" wordID="SIL" beginTime="57.890" endTime="59.560"/>
      <word confidence="0.855" wordID="voorzitter" beginTime="59.560" endTime="60.010"/>
      <word confidence="1.000" wordID="van" beginTime="60.010" endTime="60.110"/>
      <word confidence="0.920" wordID="de" beginTime="60.110" endTime="60.180"/>
      <word confidence="0.834" wordID="katholieke" beginTime="60.180" endTime="60.610"/>
      <word confidence="0.740" wordID="SIL" beginTime="60.610" endTime="60.620"/>
      <word confidence="0.955" wordID="bond" beginTime="60.620" endTime="60.860"/>
      <word confidence="0.999" wordID="in" beginTime="60.860" endTime="60.940"/>
    </wordsequence>
  </speech>
  <speech label="SPK12-019" begintime="60.96" endtime="62.26" >
    <wordsequence>
      <word confidence="0.816" wordID="die" beginTime="60.960" endTime="61.120"/>
      <word confidence="0.779" wordID="SIL" beginTime="61.120" endTime="61.260"/>
      <word confidence="0.878" wordID="ook" beginTime="61.260" endTime="61.500"/>
      <word confidence="0.747" wordID="SIL" beginTime="61.500" endTime="61.560"/>
      <word confidence="0.839" wordID="nog" beginTime="61.560" endTime="61.810"/>
      <word confidence="0.749" wordID="SIL" beginTime="61.810" endTime="61.900"/>
      <word confidence="0.801" wordID="een" beginTime="61.900" endTime="62.130"/>
      <word confidence="0.749" wordID="SIL" beginTime="62.130" endTime="62.260"/>
    </wordsequence>
  </speech>
  <speech label="SPK01-020" begintime="62.28" endtime="63.34" >
    <wordsequence>
      <word confidence="0.915" wordID="politie" beginTime="62.280" endTime="62.720"/>
      <word confidence="0.971" wordID="SIL" beginTime="62.720" endTime="62.730"/>
      <word confidence="1.000" wordID="blauw" beginTime="62.730" endTime="62.940"/>
      <word confidence="0.858" wordID="SIL" beginTime="62.940" endTime="62.970"/>
      <word confidence="0.850" wordID="voor" beginTime="62.970" endTime="63.160"/>
      <word confidence="0.927" wordID="de" beginTime="63.160" endTime="63.250"/>
      <word confidence="0.761" wordID="SIL" beginTime="63.250" endTime="63.340"/>
    </wordsequence>
  </speech>
  <speech label="SPK12-021" begintime="63.36" endtime="64.37" >
    <wordsequence>
      <word confidence="0.779" wordID="een" beginTime="63.360" endTime="63.520"/>
      <word confidence="0.757" wordID="SIL" beginTime="63.520" endTime="64.370"/>
    </wordsequence>
  </speech>
  <speech label="SPK07-022" begintime="64.39" endtime="66.66" >
    <wordsequence>
      <word confidence="0.740" wordID="SIL" beginTime="64.390" endTime="64.700"/>
      <word confidence="0.954" wordID="ja" beginTime="64.700" endTime="64.890"/>
      <word confidence="0.936" wordID="ik" beginTime="64.890" endTime="64.990"/>
      <word confidence="0.873" wordID="heb" beginTime="64.990" endTime="65.110"/>
      <word confidence="0.953" wordID="er" beginTime="65.110" endTime="65.200"/>
      <word confidence="0.849" wordID="eentje" beginTime="65.200" endTime="65.500"/>
      <word confidence="1.000" wordID="alsmaar" beginTime="65.500" endTime="65.870"/>
      <word confidence="0.876" wordID="uit" beginTime="65.870" endTime="66.160"/>
      <word confidence="0.779" wordID="SIL" beginTime="66.160" endTime="66.660"/>
    </wordsequence>
  </speech>
  <speech label="SPK07-023" begintime="66.73" endtime="70.22" >
    <wordsequence>
      <word confidence="0.750" wordID="SIL" beginTime="66.730" endTime="67.210"/>
      <word confidence="0.970" wordID="de" beginTime="67.210" endTime="67.320"/>
      <word confidence="0.822" wordID="criminaliteit" beginTime="67.320" endTime="68.090"/>
      <word confidence="0.921" wordID="is" beginTime="68.090" endTime="68.210"/>
      <word confidence="0.740" wordID="SIL" beginTime="68.210" endTime="68.220"/>
      <word confidence="0.873" wordID="bleek" beginTime="68.220" endTime="68.430"/>
      <word confidence="0.749" wordID="SIL" beginTime="68.430" endTime="68.540"/>
      <word confidence="0.856" wordID="onder" beginTime="68.540" endTime="68.950"/>
      <word confidence="0.839" wordID="maken" beginTime="68.950" endTime="69.820"/>
      <word confidence="0.715" wordID="SIL" beginTime="69.820" endTime="69.830"/>
      <word confidence="0.904" wordID="het" beginTime="69.830" endTime="70.000"/>
      <word confidence="0.936" wordID="voor" beginTime="70.000" endTime="70.210"/>
      <word confidence="0.743" wordID="SIL" beginTime="70.210" endTime="70.220"/>
    </wordsequence>
  </speech>
  <speech label="SPK08-024" begintime="70.24" endtime="73.16" >
    <wordsequence>
      <word confidence="0.750" wordID="SIL" beginTime="70.240" endTime="70.370"/>
      <word confidence="0.769" wordID="je" beginTime="70.370" endTime="70.760"/>
      <word confidence="1.000" wordID="SIL" beginTime="70.760" endTime="70.780"/>
      <word confidence="0.866" wordID="kunt" beginTime="70.780" endTime="71.000"/>
      <word confidence="0.788" wordID="huren" beginTime="71.000" endTime="71.400"/>
      <word confidence="0.778" wordID="SIL" beginTime="71.400" endTime="71.410"/>
      <word confidence="0.885" wordID="ze" beginTime="71.410" endTime="71.680"/>
      <word confidence="0.737" wordID="SIL" beginTime="71.680" endTime="71.750"/>
      <word confidence="0.865" wordID="ook" beginTime="71.750" endTime="72.010"/>
      <word confidence="0.854" wordID="al" beginTime="72.010" endTime="72.380"/>
      <word confidence="0.941" wordID="eens" beginTime="72.380" endTime="72.620"/>
      <word confidence="0.940" wordID="SIL" beginTime="72.620" endTime="73.160"/>
    </wordsequence>
  </speech>
  <speech label="SPK07-025" begintime="73.18" endtime="75.83" >
    <wordsequence>
      <word confidence="0.794" wordID="een" beginTime="73.180" endTime="73.420"/>
      <word confidence="0.803" wordID="lastige" beginTime="73.420" endTime="73.890"/>
      <word confidence="0.923" wordID="SIL" beginTime="73.890" endTime="73.930"/>
      <word confidence="0.848" wordID="onderbelasting" beginTime="73.930" endTime="74.660"/>
      <word confidence="0.879" wordID="wat" beginTime="74.660" endTime="74.870"/>
      <word confidence="0.890" wordID="bertholee" beginTime="74.870" endTime="75.410"/>
      <word confidence="1.000" wordID="SIL" beginTime="75.410" endTime="75.830"/>
    </wordsequence>
  </speech>
  <speech label="SPK07-026" begintime="76.37" endtime="79.04" >
    <wordsequence>
      <word confidence="0.750" wordID="SIL" beginTime="76.370" endTime="77.010"/>
      <word confidence="0.848" wordID="en" beginTime="77.010" endTime="77.170"/>
      <word confidence="0.748" wordID="SIL" beginTime="77.170" endTime="77.260"/>
      <word confidence="0.813" wordID="dan" beginTime="77.260" endTime="77.430"/>
      <word confidence="0.741" wordID="SIL" beginTime="77.430" endTime="77.440"/>
      <word confidence="0.854" wordID="niet" beginTime="77.440" endTime="77.640"/>
      <word confidence="0.897" wordID="moet" beginTime="77.640" endTime="77.850"/>
      <word confidence="0.796" wordID="je" beginTime="77.850" endTime="78.010"/>
      <word confidence="0.749" wordID="SIL" beginTime="78.010" endTime="78.100"/>
      <word confidence="0.823" wordID="niet" beginTime="78.100" endTime="78.360"/>
      <word confidence="0.809" wordID="de" beginTime="78.360" endTime="78.620"/>
      <word confidence="0.749" wordID="SIL" beginTime="78.620" endTime="79.040"/>
    </wordsequence>
  </speech>
  <speech label="SPK07-027" begintime="79.37" endtime="82.44" >
    <wordsequence>
      <word confidence="0.750" wordID="SIL" beginTime="79.370" endTime="79.840"/>
      <word confidence="0.813" wordID="omdat" beginTime="79.840" endTime="80.160"/>
      <word confidence="0.749" wordID="SIL" beginTime="80.160" endTime="80.260"/>
      <word confidence="0.843" wordID="de" beginTime="80.260" endTime="80.360"/>
      <word confidence="0.876" wordID="dienstdoende" beginTime="80.360" endTime="80.900"/>
      <word confidence="0.945" wordID="zendt" beginTime="80.900" endTime="81.220"/>
      <word confidence="0.744" wordID="SIL" beginTime="81.220" endTime="81.230"/>
      <word confidence="0.881" wordID="een" beginTime="81.230" endTime="81.370"/>
      <word confidence="0.872" wordID="betere" beginTime="81.370" endTime="81.780"/>
      <word confidence="0.880" wordID="kans" beginTime="81.780" endTime="82.080"/>
      <word confidence="0.882" wordID="op" beginTime="82.080" endTime="82.170"/>
      <word confidence="0.746" wordID="SIL" beginTime="82.170" endTime="82.190"/>
      <word confidence="0.812" wordID="een" beginTime="82.190" endTime="82.330"/>
      <word confidence="0.749" wordID="SIL" beginTime="82.330" endTime="82.440"/>
    </wordsequence>
  </speech>
  <speech label="SPK12-028" begintime="82.46" endtime="85.87" >
    <wordsequence>
      <word confidence="0.770" wordID="ja" beginTime="82.460" endTime="83.780"/>
      <word confidence="0.750" wordID="SIL" beginTime="83.780" endTime="84.240"/>
      <word confidence="0.815" wordID="een" beginTime="84.240" endTime="84.540"/>
      <word confidence="0.750" wordID="SIL" beginTime="84.540" endTime="85.870"/>
    </wordsequence>
  </speech>
  <speech label="SPK01-029" begintime="85.89" endtime="90.65" >
    <wordsequence>
      <word confidence="0.706" wordID="SIL" beginTime="85.890" endTime="86.050"/>
      <word confidence="0.820" wordID="waarin" beginTime="86.050" endTime="86.390"/>
      <word confidence="0.912" wordID="SIL" beginTime="86.390" endTime="86.400"/>
      <word confidence="0.764" wordID="een" beginTime="86.400" endTime="86.610"/>
      <word confidence="0.828" wordID="voor" beginTime="86.610" endTime="87.090"/>
      <word confidence="1.000" wordID="SIL" beginTime="87.090" endTime="87.310"/>
      <word confidence="0.890" wordID="een" beginTime="87.310" endTime="87.460"/>
      <word confidence="0.795" wordID="merkwaardige" beginTime="87.460" endTime="88.030"/>
      <word confidence="0.728" wordID="SIL" beginTime="88.030" endTime="88.040"/>
      <word confidence="0.793" wordID="tochten" beginTime="88.040" endTime="88.580"/>
      <word confidence="0.833" wordID="door" beginTime="88.580" endTime="88.870"/>
      <word confidence="0.743" wordID="SIL" beginTime="88.870" endTime="88.890"/>
      <word confidence="0.850" wordID="ook" beginTime="88.890" endTime="89.140"/>
      <word confidence="0.928" wordID="doet" beginTime="89.140" endTime="89.470"/>
      <word confidence="0.992" wordID="SIL" beginTime="89.470" endTime="89.600"/>
      <word confidence="0.858" wordID="alle" beginTime="89.600" endTime="89.810"/>
      <word confidence="0.889" wordID="afkoopsommen" beginTime="89.810" endTime="90.410"/>
      <word confidence="0.723" wordID="op" beginTime="90.410" endTime="90.520"/>
      <word confidence="0.867" wordID="een" beginTime="90.520" endTime="90.650"/>
    </wordsequence>
  </speech>
  <speech label="SPK12-030" begintime="90.67" endtime="95.48" >
    <wordsequence>
      <word confidence="0.750" wordID="SIL" beginTime="90.670" endTime="90.690"/>
      <word confidence="0.759" wordID="ja" beginTime="90.690" endTime="91.610"/>
      <word confidence="0.747" wordID="SIL" beginTime="91.610" endTime="91.620"/>
      <word confidence="0.800" wordID="ik" beginTime="91.620" endTime="92.020"/>
      <word confidence="0.714" wordID="SIL" beginTime="92.020" endTime="92.140"/>
      <word confidence="0.927" wordID="ik" beginTime="92.140" endTime="92.360"/>
      <word confidence="0.821" wordID="SIL" beginTime="92.360" endTime="92.370"/>
      <word confidence="0.826" wordID="ik" beginTime="92.370" endTime="92.640"/>
      <word confidence="0.742" wordID="SIL" beginTime="92.640" endTime="92.650"/>
      <word confidence="0.862" wordID="niet" beginTime="92.650" endTime="92.790"/>
      <word confidence="0.741" wordID="SIL" beginTime="92.790" endTime="92.800"/>
      <word confidence="0.832" wordID="goed" beginTime="92.800" endTime="93.360"/>
      <word confidence="0.744" wordID="SIL" beginTime="93.360" endTime="93.370"/>
      <word confidence="0.823" wordID="ontspanningspolitiek" beginTime="93.370" endTime="94.270"/>
      <word confidence="0.774" wordID="SIL" beginTime="94.270" endTime="95.480"/>
    </wordsequence>
  </speech>

  </segments>
</shout_metadata>
