<?xml version="1.0" encoding="UTF-8"?>
<!--
  ##################################################################################################
  ###                      This transcription is automatically generated by                      ###
  ###                              X-MI, Cross-Media interaction                                 ###
  ###                                    http://x-mi.nl                                          ###
  ##################################################################################################
-->
<shout_metadata>
  <model_info>
    <version>Standaard systeem 28-02-2012</version>
    <description>Academia</description>
  </model_info>
  <segments>
  <speech label="SPK02-001" begintime="1.42" endtime="5.11" >
    <wordsequence>
      <word confidence="0.750" wordID="SIL" beginTime="1.420" endTime="1.870"/>
      <word confidence="0.927" wordID="wie" beginTime="1.870" endTime="2.060"/>
      <word confidence="0.990" wordID="in" beginTime="2.060" endTime="2.270"/>
      <word confidence="1.000" wordID="delft" beginTime="2.270" endTime="2.780"/>
      <word confidence="0.745" wordID="SIL" beginTime="2.780" endTime="2.850"/>
      <word confidence="1.000" wordID="ja" beginTime="2.850" endTime="3.250"/>
      <word confidence="0.742" wordID="SIL" beginTime="3.250" endTime="3.260"/>
      <word confidence="1.000" wordID="gezellig" beginTime="3.260" endTime="3.790"/>
      <word confidence="1.000" wordID="samen" beginTime="3.790" endTime="4.120"/>
      <word confidence="1.000" wordID="naar" beginTime="4.120" endTime="4.310"/>
      <word confidence="1.000" wordID="de" beginTime="4.310" endTime="4.390"/>
      <word confidence="1.000" wordID="film" beginTime="4.390" endTime="4.680"/>
      <word confidence="1.000" wordID="willen" beginTime="4.680" endTime="5.000"/>
      <word confidence="0.748" wordID="SIL" beginTime="5.000" endTime="5.110"/>
    </wordsequence>
  </speech>
  <speech label="SPK02-002" begintime="5.14" endtime="7.90" >
    <wordsequence>
      <word confidence="0.750" wordID="SIL" beginTime="5.140" endTime="5.320"/>
      <word confidence="0.995" wordID="komen" beginTime="5.320" endTime="5.600"/>
      <word confidence="1.000" wordID="voor" beginTime="5.600" endTime="5.730"/>
      <word confidence="1.000" wordID="dichte" beginTime="5.730" endTime="6.010"/>
      <word confidence="0.990" wordID="deuren" beginTime="6.010" endTime="6.280"/>
      <word confidence="1.000" wordID="te" beginTime="6.280" endTime="6.370"/>
      <word confidence="1.000" wordID="staan" beginTime="6.370" endTime="6.670"/>
      <word confidence="0.750" wordID="SIL" beginTime="6.670" endTime="7.180"/>
      <word confidence="1.000" wordID="de" beginTime="7.180" endTime="7.270"/>
      <word confidence="1.000" wordID="vijf" beginTime="7.270" endTime="7.480"/>
      <word confidence="1.000" wordID="diable" beginTime="7.480" endTime="7.900"/>
    </wordsequence>
  </speech>
  <speech label="SPK03-003" begintime="7.92" endtime="12.37" >
    <wordsequence>
      <word confidence="0.950" wordID="hebben" beginTime="7.920" endTime="8.110"/>
      <word confidence="0.998" wordID="het" beginTime="8.110" endTime="8.220"/>
      <word confidence="0.915" wordID="ondertonen" beginTime="8.220" endTime="8.750"/>
      <word confidence="0.763" wordID="SIL" beginTime="8.750" endTime="8.800"/>
      <word confidence="0.915" wordID="gestaakt" beginTime="8.800" endTime="9.360"/>
      <word confidence="0.784" wordID="SIL" beginTime="9.360" endTime="9.550"/>
      <word confidence="0.968" wordID="uit" beginTime="9.550" endTime="9.690"/>
      <word confidence="0.915" wordID="protest" beginTime="9.690" endTime="10.220"/>
      <word confidence="0.735" wordID="SIL" beginTime="10.220" endTime="10.230"/>
      <word confidence="0.907" wordID="tegen" beginTime="10.230" endTime="10.460"/>
      <word confidence="0.878" wordID="de" beginTime="10.460" endTime="10.520"/>
      <word confidence="0.947" wordID="hoge" beginTime="10.520" endTime="10.790"/>
      <word confidence="1.000" wordID="gemeentelijke" beginTime="10.790" endTime="11.270"/>
      <word confidence="0.976" wordID="vermakelijk" beginTime="11.270" endTime="11.730"/>
      <word confidence="1.000" wordID="rijksbelastingen" beginTime="11.730" endTime="12.370"/>
    </wordsequence>
  </speech>
  <speech label="SPK03-004" begintime="12.39" endtime="13.23" >
    <wordsequence>
      <word confidence="0.750" wordID="SIL" beginTime="12.390" endTime="12.770"/>
      <word confidence="0.960" wordID="hier" beginTime="12.770" endTime="13.000"/>
      <word confidence="1.000" wordID="nogal" beginTime="13.000" endTime="13.230"/>
    </wordsequence>
  </speech>
  <speech label="SPK01-005" begintime="13.25" endtime="15.71" >
    <wordsequence>
      <word confidence="0.750" wordID="SIL" beginTime="13.250" endTime="13.270"/>
      <word confidence="0.920" wordID="de" beginTime="13.270" endTime="13.420"/>
      <word confidence="0.637" wordID="SIL" beginTime="13.420" endTime="13.430"/>
      <word confidence="0.924" wordID="op" beginTime="13.430" endTime="13.530"/>
      <word confidence="0.969" wordID="het" beginTime="13.530" endTime="13.600"/>
      <word confidence="1.000" wordID="exorbitante" beginTime="13.600" endTime="14.220"/>
      <word confidence="1.000" wordID="keel" beginTime="14.220" endTime="14.460"/>
      <word confidence="1.000" wordID="van" beginTime="14.460" endTime="14.600"/>
      <word confidence="1.000" wordID="vijf" beginTime="14.600" endTime="14.820"/>
      <word confidence="0.944" wordID="en" beginTime="14.820" endTime="14.900"/>
      <word confidence="0.874" wordID="dertig" beginTime="14.900" endTime="15.180"/>
      <word confidence="0.776" wordID="SIL" beginTime="15.180" endTime="15.190"/>
      <word confidence="0.945" wordID="procent" beginTime="15.190" endTime="15.590"/>
      <word confidence="0.994" wordID="in" beginTime="15.590" endTime="15.710"/>
    </wordsequence>
  </speech>
  <speech label="SPK03-006" begintime="15.73" endtime="16.67" >
    <wordsequence>
      <word confidence="0.990" wordID="gehandhaafd" beginTime="15.730" endTime="16.330"/>
      <word confidence="0.750" wordID="SIL" beginTime="16.330" endTime="16.670"/>
    </wordsequence>
  </speech>
  <speech label="SPK03-007" begintime="16.93" endtime="20.93" >
    <wordsequence>
      <word confidence="0.750" wordID="SIL" beginTime="16.930" endTime="17.420"/>
      <word confidence="0.888" wordID="de" beginTime="17.420" endTime="17.500"/>
      <word confidence="0.958" wordID="exploitanten" beginTime="17.500" endTime="18.000"/>
      <word confidence="0.879" wordID="missen" beginTime="18.000" endTime="18.280"/>
      <word confidence="1.000" wordID="dat" beginTime="18.280" endTime="18.410"/>
      <word confidence="1.000" wordID="deze" beginTime="18.410" endTime="18.590"/>
      <word confidence="1.000" wordID="belasting" beginTime="18.590" endTime="19.010"/>
      <word confidence="0.740" wordID="SIL" beginTime="19.010" endTime="19.020"/>
      <word confidence="0.947" wordID="te" beginTime="19.020" endTime="19.170"/>
      <word confidence="0.927" wordID="zwaar" beginTime="19.170" endTime="19.440"/>
      <word confidence="0.888" wordID="drukt" beginTime="19.440" endTime="19.830"/>
      <word confidence="0.749" wordID="SIL" beginTime="19.830" endTime="20.110"/>
      <word confidence="1.000" wordID="op" beginTime="20.110" endTime="20.270"/>
      <word confidence="0.891" wordID="dit" beginTime="20.270" endTime="20.450"/>
      <word confidence="0.874" wordID="dorothea" beginTime="20.450" endTime="20.930"/>
    </wordsequence>
  </speech>
  <speech label="SPK01-008" begintime="20.95" endtime="24.27" >
    <wordsequence>
      <word confidence="0.831" wordID="het" beginTime="20.950" endTime="21.050"/>
      <word confidence="0.967" wordID="sterk" beginTime="21.050" endTime="21.310"/>
      <word confidence="1.000" wordID="SIL" beginTime="21.310" endTime="21.320"/>
      <word confidence="0.974" wordID="gestegen" beginTime="21.320" endTime="21.730"/>
      <word confidence="1.000" wordID="exploitatie" beginTime="21.730" endTime="22.250"/>
      <word confidence="0.966" wordID="kosten" beginTime="22.250" endTime="22.640"/>
      <word confidence="0.757" wordID="SIL" beginTime="22.640" endTime="23.390"/>
      <word confidence="1.000" wordID="te" beginTime="23.390" endTime="23.520"/>
      <word confidence="0.865" wordID="zijn" beginTime="23.520" endTime="23.690"/>
      <word confidence="0.820" wordID="in" beginTime="23.690" endTime="23.770"/>
      <word confidence="0.970" wordID="overleg" beginTime="23.770" endTime="24.100"/>
      <word confidence="0.739" wordID="SIL" beginTime="24.100" endTime="24.110"/>
      <word confidence="0.925" wordID="met" beginTime="24.110" endTime="24.270"/>
    </wordsequence>
  </speech>
  <speech label="SPK03-009" begintime="24.29" endtime="26.83" >
    <wordsequence>
      <word confidence="0.736" wordID="ze" beginTime="24.290" endTime="24.400"/>
      <word confidence="0.740" wordID="SIL" beginTime="24.400" endTime="24.410"/>
      <word confidence="1.000" wordID="laten" beginTime="24.410" endTime="24.630"/>
      <word confidence="1.000" wordID="bioscoopbond" beginTime="24.630" endTime="25.260"/>
      <word confidence="0.825" wordID="SIL" beginTime="25.260" endTime="25.290"/>
      <word confidence="1.000" wordID="tot" beginTime="25.290" endTime="25.420"/>
      <word confidence="1.000" wordID="deze" beginTime="25.420" endTime="25.610"/>
      <word confidence="0.952" wordID="maatregel" beginTime="25.610" endTime="26.080"/>
      <word confidence="1.000" wordID="overgaan" beginTime="26.080" endTime="26.650"/>
      <word confidence="1.000" wordID="SIL" beginTime="26.650" endTime="26.830"/>
    </wordsequence>
  </speech>
  <speech label="SPK03-010" begintime="26.85" endtime="30.10" >
    <wordsequence>
      <word confidence="0.750" wordID="SIL" beginTime="26.850" endTime="27.110"/>
      <word confidence="0.977" wordID="ik" beginTime="27.110" endTime="27.280"/>
      <word confidence="0.837" wordID="hoop" beginTime="27.280" endTime="27.470"/>
      <word confidence="0.911" wordID="dat" beginTime="27.470" endTime="27.590"/>
      <word confidence="0.972" wordID="burgemeester" beginTime="27.590" endTime="28.060"/>
      <word confidence="0.905" wordID="en" beginTime="28.060" endTime="28.140"/>
      <word confidence="1.000" wordID="wethouders" beginTime="28.140" endTime="28.540"/>
      <word confidence="1.000" wordID="goed" beginTime="28.540" endTime="28.670"/>
      <word confidence="0.991" wordID="deze" beginTime="28.670" endTime="28.870"/>
      <word confidence="1.000" wordID="perramant" beginTime="28.870" endTime="29.190"/>
      <word confidence="0.948" wordID="protest" beginTime="29.190" endTime="29.560"/>
      <word confidence="0.997" wordID="gevoelens" beginTime="29.560" endTime="29.940"/>
      <word confidence="0.942" wordID="dan" beginTime="29.940" endTime="30.100"/>
    </wordsequence>
  </speech>
  <speech label="SPK06-011" begintime="30.12" endtime="33.09" >
    <wordsequence>
      <word confidence="0.974" wordID="lijken" beginTime="30.120" endTime="30.350"/>
      <word confidence="0.975" wordID="te" beginTime="30.350" endTime="30.450"/>
      <word confidence="1.000" wordID="zijn" beginTime="30.450" endTime="30.700"/>
      <word confidence="0.750" wordID="SIL" beginTime="30.700" endTime="31.700"/>
      <word confidence="0.898" wordID="op" beginTime="31.700" endTime="31.840"/>
      <word confidence="0.797" wordID="de" beginTime="31.840" endTime="31.940"/>
      <word confidence="0.747" wordID="SIL" beginTime="31.940" endTime="31.970"/>
      <word confidence="0.889" wordID="terechtstelling" beginTime="31.970" endTime="32.500"/>
      <word confidence="0.847" wordID="van" beginTime="32.500" endTime="32.610"/>
      <word confidence="0.853" wordID="het" beginTime="32.610" endTime="32.740"/>
      <word confidence="0.939" wordID="alter" beginTime="32.740" endTime="33.080"/>
      <word confidence="0.741" wordID="SIL" beginTime="33.080" endTime="33.090"/>
    </wordsequence>
  </speech>
  <speech label="SPK08-012" begintime="33.11" endtime="35.58" >
    <wordsequence>
      <word confidence="0.687" wordID="SIL" beginTime="33.110" endTime="33.200"/>
      <word confidence="0.775" wordID="in" beginTime="33.200" endTime="33.350"/>
      <word confidence="1.000" wordID="het" beginTime="33.350" endTime="33.440"/>
      <word confidence="1.000" wordID="sinds" beginTime="33.440" endTime="33.630"/>
      <word confidence="0.929" wordID="de" beginTime="33.630" endTime="33.750"/>
      <word confidence="0.893" wordID="betrachten" beginTime="33.750" endTime="34.330"/>
      <word confidence="0.829" wordID="SIL" beginTime="34.330" endTime="34.710"/>
      <word confidence="0.912" wordID="wat" beginTime="34.710" endTime="34.870"/>
      <word confidence="0.984" wordID="op" beginTime="34.870" endTime="34.950"/>
      <word confidence="0.844" wordID="de" beginTime="34.950" endTime="35.040"/>
      <word confidence="0.750" wordID="SIL" beginTime="35.040" endTime="35.220"/>
      <word confidence="0.881" wordID="dagen" beginTime="35.220" endTime="35.580"/>
    </wordsequence>
  </speech>
  <speech label="SPK03-013" begintime="35.60" endtime="38.92" >
    <wordsequence>
      <word confidence="0.646" wordID="SIL" beginTime="35.600" endTime="35.680"/>
      <word confidence="0.926" wordID="een" beginTime="35.680" endTime="35.860"/>
      <word confidence="1.000" wordID="van" beginTime="35.860" endTime="35.970"/>
      <word confidence="1.000" wordID="de" beginTime="35.970" endTime="36.040"/>
      <word confidence="0.893" wordID="twee" beginTime="36.040" endTime="36.250"/>
      <word confidence="1.000" wordID="SIL" beginTime="36.250" endTime="36.260"/>
      <word confidence="1.000" wordID="bioscopen" beginTime="36.260" endTime="36.720"/>
      <word confidence="1.000" wordID="bij" beginTime="36.720" endTime="36.860"/>
      <word confidence="0.968" wordID="SIL" beginTime="36.860" endTime="36.890"/>
      <word confidence="0.928" wordID="toerbeurt" beginTime="36.890" endTime="37.410"/>
      <word confidence="1.000" wordID="SIL" beginTime="37.410" endTime="37.440"/>
      <word confidence="1.000" wordID="toch" beginTime="37.440" endTime="37.620"/>
      <word confidence="1.000" wordID="nog" beginTime="37.620" endTime="37.750"/>
      <word confidence="1.000" wordID="een" beginTime="37.750" endTime="37.820"/>
      <word confidence="1.000" wordID="film" beginTime="37.820" endTime="38.070"/>
      <word confidence="0.906" wordID="tot" beginTime="38.070" endTime="38.260"/>
      <word confidence="0.974" wordID="op" beginTime="38.260" endTime="38.460"/>
      <word confidence="0.817" wordID="de" beginTime="38.460" endTime="38.530"/>
      <word confidence="0.872" wordID="SIL" beginTime="38.530" endTime="38.920"/>
    </wordsequence>
  </speech>
  <speech label="SPK03-014" begintime="38.94" endtime="41.75" >
    <wordsequence>
      <word confidence="0.750" wordID="SIL" beginTime="38.940" endTime="39.360"/>
      <word confidence="0.963" wordID="op" beginTime="39.360" endTime="39.500"/>
      <word confidence="0.738" wordID="SIL" beginTime="39.500" endTime="39.510"/>
      <word confidence="0.950" wordID="de" beginTime="39.510" endTime="39.590"/>
      <word confidence="0.996" wordID="toekomst" beginTime="39.590" endTime="40.050"/>
      <word confidence="1.000" wordID="een" beginTime="40.050" endTime="40.130"/>
      <word confidence="1.000" wordID="oplossing" beginTime="40.130" endTime="40.530"/>
      <word confidence="1.000" wordID="zal" beginTime="40.530" endTime="40.670"/>
      <word confidence="0.996" wordID="blijken" beginTime="40.670" endTime="40.970"/>
      <word confidence="0.737" wordID="SIL" beginTime="40.970" endTime="40.980"/>
      <word confidence="0.972" wordID="het" beginTime="40.980" endTime="41.130"/>
      <word confidence="0.940" wordID="echter" beginTime="41.130" endTime="41.390"/>
      <word confidence="1.000" wordID="vooral" beginTime="41.390" endTime="41.670"/>
      <word confidence="0.983" wordID="te" beginTime="41.670" endTime="41.750"/>
    </wordsequence>
  </speech>
  <speech label="SPK16-015" begintime="41.77" endtime="44.46" >
    <wordsequence>
      <word confidence="0.665" wordID="SIL" beginTime="41.770" endTime="41.800"/>
      <word confidence="0.829" wordID="ook" beginTime="41.800" endTime="42.020"/>
      <word confidence="0.768" wordID="SIL" beginTime="42.020" endTime="42.030"/>
      <word confidence="0.829" wordID="de" beginTime="42.030" endTime="42.160"/>
      <word confidence="0.772" wordID="SIL" beginTime="42.160" endTime="42.240"/>
      <word confidence="0.829" wordID="ster" beginTime="42.240" endTime="43.090"/>
      <word confidence="0.750" wordID="SIL" beginTime="43.090" endTime="43.350"/>
      <word confidence="0.847" wordID="in" beginTime="43.350" endTime="43.490"/>
      <word confidence="0.749" wordID="SIL" beginTime="43.490" endTime="43.570"/>
      <word confidence="0.789" wordID="een" beginTime="43.570" endTime="44.460"/>
    </wordsequence>
  </speech>

  </segments>
</shout_metadata>
