<?xml version="1.0" encoding="UTF-8"?>
<!--
  ##################################################################################################
  ###                      This transcription is automatically generated by                      ###
  ###                              X-MI, Cross-Media interaction                                 ###
  ###                                    http://x-mi.nl                                          ###
  ##################################################################################################
-->
<shout_metadata>
  <model_info>
    <version>Standaard systeem 28-02-2012</version>
    <description>Academia</description>
  </model_info>
  <segments>
  <speech label="SPK01-001" begintime="0.91" endtime="5.41" >
    <wordsequence>
      <word confidence="0.750" wordID="SIL" beginTime="0.910" endTime="1.330"/>
      <word confidence="0.917" wordID="de" beginTime="1.330" endTime="1.470"/>
      <word confidence="0.740" wordID="SIL" beginTime="1.470" endTime="1.480"/>
      <word confidence="1.000" wordID="amsterdamse" beginTime="1.480" endTime="2.130"/>
      <word confidence="1.000" wordID="jeugd" beginTime="2.130" endTime="2.590"/>
      <word confidence="0.742" wordID="SIL" beginTime="2.590" endTime="2.630"/>
      <word confidence="1.000" wordID="die" beginTime="2.630" endTime="2.730"/>
      <word confidence="1.000" wordID="zich" beginTime="2.730" endTime="2.890"/>
      <word confidence="0.948" wordID="inspant" beginTime="2.890" endTime="3.520"/>
      <word confidence="0.736" wordID="SIL" beginTime="3.520" endTime="3.530"/>
      <word confidence="0.955" wordID="voor" beginTime="3.530" endTime="3.710"/>
      <word confidence="0.795" wordID="de" beginTime="3.710" endTime="3.770"/>
      <word confidence="1.000" wordID="hand" beginTime="3.770" endTime="3.960"/>
      <word confidence="1.000" wordID="die" beginTime="3.960" endTime="4.070"/>
      <word confidence="1.000" wordID="hongeractie" beginTime="4.070" endTime="4.650"/>
      <word confidence="0.979" wordID="tien" beginTime="4.650" endTime="4.840"/>
      <word confidence="1.000" wordID="maal" beginTime="4.840" endTime="4.990"/>
      <word confidence="1.000" wordID="tien" beginTime="4.990" endTime="5.330"/>
      <word confidence="0.748" wordID="SIL" beginTime="5.330" endTime="5.410"/>
    </wordsequence>
  </speech>
  <speech label="SPK01-002" begintime="5.44" endtime="8.36" >
    <wordsequence>
      <word confidence="0.750" wordID="SIL" beginTime="5.440" endTime="5.680"/>
      <word confidence="0.921" wordID="dit" beginTime="5.680" endTime="5.930"/>
      <word confidence="1.000" wordID="in" beginTime="5.930" endTime="6.000"/>
      <word confidence="0.891" wordID="het" beginTime="6.000" endTime="6.100"/>
      <word confidence="0.858" wordID="hart" beginTime="6.100" endTime="6.310"/>
      <word confidence="1.000" wordID="van" beginTime="6.310" endTime="6.430"/>
      <word confidence="0.746" wordID="SIL" beginTime="6.430" endTime="6.450"/>
      <word confidence="1.000" wordID="overstapt" beginTime="6.450" endTime="6.990"/>
      <word confidence="0.749" wordID="SIL" beginTime="6.990" endTime="7.290"/>
      <word confidence="1.000" wordID="op" beginTime="7.290" endTime="7.410"/>
      <word confidence="1.000" wordID="een" beginTime="7.410" endTime="7.500"/>
      <word confidence="1.000" wordID="nogal" beginTime="7.500" endTime="7.780"/>
      <word confidence="1.000" wordID="in" beginTime="7.780" endTime="7.880"/>
      <word confidence="0.985" wordID="het" beginTime="7.880" endTime="7.980"/>
      <word confidence="1.000" wordID="oog" beginTime="7.980" endTime="8.190"/>
      <word confidence="1.000" wordID="van" beginTime="8.190" endTime="8.360"/>
    </wordsequence>
  </speech>
  <speech label="SPK01-003" begintime="8.38" endtime="12.08" >
    <wordsequence>
      <word confidence="0.904" wordID="de" beginTime="8.380" endTime="8.480"/>
      <word confidence="0.927" wordID="balie" beginTime="8.480" endTime="8.790"/>
      <word confidence="1.000" wordID="op" beginTime="8.790" endTime="8.870"/>
      <word confidence="0.860" wordID="de" beginTime="8.870" endTime="8.930"/>
      <word confidence="1.000" wordID="eerste" beginTime="8.930" endTime="9.270"/>
      <word confidence="0.967" wordID="bij" beginTime="9.270" endTime="9.470"/>
      <word confidence="1.000" wordID="om" beginTime="9.470" endTime="9.560"/>
      <word confidence="0.969" wordID="de" beginTime="9.560" endTime="9.660"/>
      <word confidence="0.900" wordID="meertjes" beginTime="9.660" endTime="10.080"/>
      <word confidence="1.000" wordID="verkocht" beginTime="10.080" endTime="10.550"/>
      <word confidence="0.958" wordID="SIL" beginTime="10.550" endTime="10.850"/>
      <word confidence="1.000" wordID="aan" beginTime="10.850" endTime="10.980"/>
      <word confidence="1.000" wordID="burgemeester" beginTime="10.980" endTime="11.470"/>
      <word confidence="1.000" wordID="van" beginTime="11.470" endTime="11.590"/>
      <word confidence="1.000" wordID="hall" beginTime="11.590" endTime="11.990"/>
      <word confidence="0.748" wordID="SIL" beginTime="11.990" endTime="12.080"/>
    </wordsequence>
  </speech>
  <speech label="SPK01-004" begintime="12.10" endtime="13.41" >
    <wordsequence>
      <word confidence="0.725" wordID="SIL" beginTime="12.100" endTime="12.130"/>
      <word confidence="0.768" wordID="het" beginTime="12.130" endTime="12.380"/>
      <word confidence="0.748" wordID="SIL" beginTime="12.380" endTime="12.420"/>
      <word confidence="0.908" wordID="idee" beginTime="12.420" endTime="12.650"/>
      <word confidence="1.000" wordID="maar" beginTime="12.650" endTime="12.880"/>
      <word confidence="0.952" wordID="gedurende" beginTime="12.880" endTime="13.310"/>
      <word confidence="0.870" wordID="het" beginTime="13.310" endTime="13.410"/>
    </wordsequence>
  </speech>
  <speech label="SPK04-005" begintime="13.43" endtime="16.65" >
    <wordsequence>
      <word confidence="0.750" wordID="SIL" beginTime="13.430" endTime="13.440"/>
      <word confidence="0.767" wordID="het" beginTime="13.440" endTime="13.530"/>
      <word confidence="0.869" wordID="opkloppen" beginTime="13.530" endTime="14.190"/>
      <word confidence="0.756" wordID="SIL" beginTime="14.190" endTime="14.280"/>
      <word confidence="1.000" wordID="om" beginTime="14.280" endTime="14.440"/>
      <word confidence="0.824" wordID="supporters" beginTime="14.440" endTime="14.980"/>
      <word confidence="0.748" wordID="SIL" beginTime="14.980" endTime="15.010"/>
      <word confidence="0.872" wordID="komt" beginTime="15.010" endTime="15.280"/>
      <word confidence="0.935" wordID="winterstorm" beginTime="15.280" endTime="15.890"/>
      <word confidence="0.750" wordID="SIL" beginTime="15.890" endTime="16.650"/>
    </wordsequence>
  </speech>
  <speech label="SPK05-006" begintime="16.67" endtime="18.80" >
    <wordsequence>
      <word confidence="0.730" wordID="SIL" beginTime="16.670" endTime="16.840"/>
      <word confidence="0.801" wordID="het" beginTime="16.840" endTime="16.970"/>
      <word confidence="0.777" wordID="SIL" beginTime="16.970" endTime="17.280"/>
      <word confidence="0.718" wordID="is" beginTime="17.280" endTime="17.460"/>
      <word confidence="0.856" wordID="SIL" beginTime="17.460" endTime="17.520"/>
      <word confidence="0.763" wordID="goed" beginTime="17.520" endTime="18.030"/>
      <word confidence="0.776" wordID="SIL" beginTime="18.030" endTime="18.800"/>
    </wordsequence>
  </speech>
  <speech label="SPK01-007" begintime="18.82" endtime="22.36" >
    <wordsequence>
      <word confidence="0.840" wordID="is" beginTime="18.820" endTime="18.930"/>
      <word confidence="0.897" wordID="het" beginTime="18.930" endTime="19.040"/>
      <word confidence="1.000" wordID="langzamerhand" beginTime="19.040" endTime="19.520"/>
      <word confidence="0.763" wordID="SIL" beginTime="19.520" endTime="19.540"/>
      <word confidence="0.988" wordID="bekend" beginTime="19.540" endTime="19.890"/>
      <word confidence="1.000" wordID="feit" beginTime="19.890" endTime="20.250"/>
      <word confidence="0.745" wordID="SIL" beginTime="20.250" endTime="20.280"/>
      <word confidence="1.000" wordID="dat" beginTime="20.280" endTime="20.400"/>
      <word confidence="1.000" wordID="de" beginTime="20.400" endTime="20.460"/>
      <word confidence="1.000" wordID="bijlmermeer" beginTime="20.460" endTime="20.950"/>
      <word confidence="1.000" wordID="het" beginTime="20.950" endTime="21.040"/>
      <word confidence="1.000" wordID="amsterdamse" beginTime="21.040" endTime="21.530"/>
      <word confidence="1.000" wordID="burgervader" beginTime="21.530" endTime="22.150"/>
      <word confidence="0.740" wordID="SIL" beginTime="22.150" endTime="22.170"/>
      <word confidence="0.962" wordID="van" beginTime="22.170" endTime="22.360"/>
    </wordsequence>
  </speech>
  <speech label="SPK01-008" begintime="22.38" endtime="25.61" >
    <wordsequence>
      <word confidence="0.750" wordID="SIL" beginTime="22.380" endTime="22.400"/>
      <word confidence="0.883" wordID="het" beginTime="22.400" endTime="22.500"/>
      <word confidence="1.000" wordID="zwaar" beginTime="22.500" endTime="22.730"/>
      <word confidence="1.000" wordID="op" beginTime="22.730" endTime="22.810"/>
      <word confidence="1.000" wordID="de" beginTime="22.810" endTime="22.880"/>
      <word confidence="1.000" wordID="macht" beginTime="22.880" endTime="23.130"/>
      <word confidence="0.998" wordID="ligt" beginTime="23.130" endTime="23.460"/>
      <word confidence="0.765" wordID="SIL" beginTime="23.460" endTime="24.080"/>
      <word confidence="1.000" wordID="vandaar" beginTime="24.080" endTime="24.460"/>
      <word confidence="0.741" wordID="SIL" beginTime="24.460" endTime="24.470"/>
      <word confidence="1.000" wordID="dat" beginTime="24.470" endTime="24.620"/>
      <word confidence="1.000" wordID="het" beginTime="24.620" endTime="24.720"/>
      <word confidence="1.000" wordID="niemand" beginTime="24.720" endTime="24.980"/>
      <word confidence="1.000" wordID="zal" beginTime="24.980" endTime="25.110"/>
      <word confidence="1.000" wordID="verbazen" beginTime="25.110" endTime="25.610"/>
    </wordsequence>
  </speech>
  <speech label="SPK01-009" begintime="25.63" endtime="28.41" >
    <wordsequence>
      <word confidence="0.750" wordID="SIL" beginTime="25.630" endTime="25.880"/>
      <word confidence="1.000" wordID="dat" beginTime="25.880" endTime="26.020"/>
      <word confidence="0.953" wordID="hij" beginTime="26.020" endTime="26.110"/>
      <word confidence="1.000" wordID="zich" beginTime="26.110" endTime="26.300"/>
      <word confidence="1.000" wordID="haasten" beginTime="26.300" endTime="26.760"/>
      <word confidence="0.749" wordID="SIL" beginTime="26.760" endTime="27.010"/>
      <word confidence="1.000" wordID="om" beginTime="27.010" endTime="27.110"/>
      <word confidence="1.000" wordID="met" beginTime="27.110" endTime="27.220"/>
      <word confidence="0.982" wordID="de" beginTime="27.220" endTime="27.290"/>
      <word confidence="1.000" wordID="rest" beginTime="27.290" endTime="27.520"/>
      <word confidence="1.000" wordID="van" beginTime="27.520" endTime="27.650"/>
      <word confidence="0.838" wordID="zijn" beginTime="27.650" endTime="27.770"/>
      <word confidence="0.747" wordID="SIL" beginTime="27.770" endTime="27.810"/>
      <word confidence="1.000" wordID="aankopen" beginTime="27.810" endTime="28.280"/>
      <word confidence="0.748" wordID="SIL" beginTime="28.280" endTime="28.410"/>
    </wordsequence>
  </speech>
  <speech label="SPK01-010" begintime="28.43" endtime="32.00" >
    <wordsequence>
      <word confidence="0.717" wordID="SIL" beginTime="28.430" endTime="28.500"/>
      <word confidence="0.971" wordID="enkele" beginTime="28.500" endTime="28.810"/>
      <word confidence="1.000" wordID="woningzoekenden" beginTime="28.810" endTime="29.490"/>
      <word confidence="0.926" wordID="gevleugelde" beginTime="29.490" endTime="30.030"/>
      <word confidence="1.000" wordID="ingezetenen" beginTime="30.030" endTime="30.600"/>
      <word confidence="1.000" wordID="van" beginTime="30.600" endTime="30.710"/>
      <word confidence="1.000" wordID="zestal" beginTime="30.710" endTime="31.000"/>
      <word confidence="0.944" wordID="bij" beginTime="31.000" endTime="31.190"/>
      <word confidence="1.000" wordID="te" beginTime="31.190" endTime="31.290"/>
      <word confidence="1.000" wordID="staan" beginTime="31.290" endTime="31.620"/>
      <word confidence="1.000" wordID="SIL" beginTime="31.620" endTime="32.000"/>
    </wordsequence>
  </speech>
  <speech label="SPK01-011" begintime="33.09" endtime="35.38" >
    <wordsequence>
      <word confidence="0.750" wordID="SIL" beginTime="33.090" endTime="34.050"/>
      <word confidence="0.792" wordID="ik" beginTime="34.050" endTime="35.380"/>
    </wordsequence>
  </speech>
  <speech label="SPK10-012" begintime="35.40" endtime="36.68" >
    <wordsequence>
      <word confidence="0.750" wordID="SIL" beginTime="35.400" endTime="36.680"/>
    </wordsequence>
  </speech>
  <speech label="SPK10-013" begintime="36.71" endtime="40.89" >
    <wordsequence>
      <word confidence="0.750" wordID="SIL" beginTime="36.710" endTime="36.870"/>
      <word confidence="0.744" wordID="ik" beginTime="36.870" endTime="37.450"/>
      <word confidence="0.799" wordID="SIL" beginTime="37.450" endTime="37.460"/>
      <word confidence="0.795" wordID="lig" beginTime="37.460" endTime="37.730"/>
      <word confidence="0.723" wordID="SIL" beginTime="37.730" endTime="37.740"/>
      <word confidence="0.749" wordID="je" beginTime="37.740" endTime="38.520"/>
      <word confidence="0.990" wordID="SIL" beginTime="38.520" endTime="38.560"/>
      <word confidence="0.816" wordID="ja" beginTime="38.560" endTime="38.950"/>
      <word confidence="0.829" wordID="SIL" beginTime="38.950" endTime="39.150"/>
      <word confidence="0.756" wordID="ja" beginTime="39.150" endTime="39.790"/>
      <word confidence="0.740" wordID="SIL" beginTime="39.790" endTime="39.800"/>
      <word confidence="0.857" wordID="die" beginTime="39.800" endTime="40.070"/>
      <word confidence="0.852" wordID="SIL" beginTime="40.070" endTime="40.320"/>
      <word confidence="0.709" wordID="is" beginTime="40.320" endTime="40.520"/>
      <word confidence="0.740" wordID="SIL" beginTime="40.520" endTime="40.890"/>
    </wordsequence>
  </speech>
  <speech label="SPK11-014" begintime="40.91" endtime="44.58" >
    <wordsequence>
      <word confidence="0.685" wordID="SIL" beginTime="40.910" endTime="40.980"/>
      <word confidence="0.797" wordID="ik" beginTime="40.980" endTime="41.580"/>
      <word confidence="0.942" wordID="SIL" beginTime="41.580" endTime="41.590"/>
      <word confidence="0.844" wordID="moet" beginTime="41.590" endTime="41.750"/>
      <word confidence="0.741" wordID="SIL" beginTime="41.750" endTime="41.760"/>
      <word confidence="0.797" wordID="nog" beginTime="41.760" endTime="42.040"/>
      <word confidence="0.750" wordID="SIL" beginTime="42.040" endTime="42.710"/>
      <word confidence="0.804" wordID="een" beginTime="42.710" endTime="43.080"/>
      <word confidence="0.749" wordID="SIL" beginTime="43.080" endTime="43.150"/>
      <word confidence="0.821" wordID="groeien" beginTime="43.150" endTime="43.750"/>
      <word confidence="0.742" wordID="SIL" beginTime="43.750" endTime="43.760"/>
      <word confidence="0.862" wordID="onder" beginTime="43.760" endTime="44.180"/>
      <word confidence="0.749" wordID="SIL" beginTime="44.180" endTime="44.350"/>
      <word confidence="0.820" wordID="zijn" beginTime="44.350" endTime="44.580"/>
    </wordsequence>
  </speech>
  <speech label="SPK12-015" begintime="44.60" endtime="46.79" >
    <wordsequence>
      <word confidence="0.750" wordID="SIL" beginTime="44.600" endTime="44.730"/>
      <word confidence="0.899" wordID="nou" beginTime="44.730" endTime="44.900"/>
      <word confidence="0.749" wordID="SIL" beginTime="44.900" endTime="45.000"/>
      <word confidence="0.796" wordID="ja" beginTime="45.000" endTime="45.250"/>
      <word confidence="0.744" wordID="SIL" beginTime="45.250" endTime="45.270"/>
      <word confidence="0.773" wordID="het" beginTime="45.270" endTime="45.410"/>
      <word confidence="0.750" wordID="SIL" beginTime="45.410" endTime="45.730"/>
      <word confidence="0.847" wordID="gaat" beginTime="45.730" endTime="45.960"/>
      <word confidence="0.832" wordID="om" beginTime="45.960" endTime="46.030"/>
      <word confidence="0.887" wordID="een" beginTime="46.030" endTime="46.090"/>
      <word confidence="0.881" wordID="beetje" beginTime="46.090" endTime="46.300"/>
      <word confidence="0.898" wordID="probeert" beginTime="46.300" endTime="46.750"/>
      <word confidence="0.848" wordID="SIL" beginTime="46.750" endTime="46.790"/>
    </wordsequence>
  </speech>
  <speech label="SPK12-016" begintime="46.81" endtime="50.62" >
    <wordsequence>
      <word confidence="0.729" wordID="SIL" beginTime="46.810" endTime="46.900"/>
      <word confidence="0.788" wordID="nee" beginTime="46.900" endTime="47.250"/>
      <word confidence="0.851" wordID="SIL" beginTime="47.250" endTime="47.370"/>
      <word confidence="0.842" wordID="daar" beginTime="47.370" endTime="47.690"/>
      <word confidence="0.724" wordID="SIL" beginTime="47.690" endTime="47.700"/>
      <word confidence="0.835" wordID="had" beginTime="47.700" endTime="47.890"/>
      <word confidence="0.836" wordID="je" beginTime="47.890" endTime="48.010"/>
      <word confidence="0.840" wordID="dan" beginTime="48.010" endTime="48.360"/>
      <word confidence="0.714" wordID="SIL" beginTime="48.360" endTime="48.410"/>
      <word confidence="0.814" wordID="gaat" beginTime="48.410" endTime="48.760"/>
      <word confidence="0.745" wordID="SIL" beginTime="48.760" endTime="48.820"/>
      <word confidence="0.786" wordID="het" beginTime="48.820" endTime="48.940"/>
      <word confidence="0.738" wordID="SIL" beginTime="48.940" endTime="49.110"/>
      <word confidence="0.792" wordID="even" beginTime="49.110" endTime="49.460"/>
      <word confidence="0.759" wordID="SIL" beginTime="49.460" endTime="49.620"/>
      <word confidence="0.837" wordID="kan" beginTime="49.620" endTime="49.960"/>
      <word confidence="0.740" wordID="SIL" beginTime="49.960" endTime="49.980"/>
      <word confidence="0.896" wordID="je" beginTime="49.980" endTime="50.120"/>
      <word confidence="0.922" wordID="SIL" beginTime="50.120" endTime="50.220"/>
      <word confidence="0.815" wordID="nog" beginTime="50.220" endTime="50.600"/>
      <word confidence="0.714" wordID="SIL" beginTime="50.600" endTime="50.620"/>
    </wordsequence>
  </speech>
  <speech label="SPK01-017" begintime="50.64" endtime="54.21" >
    <wordsequence>
      <word confidence="0.750" wordID="SIL" beginTime="50.640" endTime="50.660"/>
      <word confidence="0.853" wordID="door" beginTime="50.660" endTime="50.810"/>
      <word confidence="0.843" wordID="de" beginTime="50.810" endTime="50.890"/>
      <word confidence="0.887" wordID="verkoop" beginTime="50.890" endTime="51.270"/>
      <word confidence="0.696" wordID="SIL" beginTime="51.270" endTime="51.280"/>
      <word confidence="1.000" wordID="van" beginTime="51.280" endTime="51.410"/>
      <word confidence="1.000" wordID="bij" beginTime="51.410" endTime="51.560"/>
      <word confidence="1.000" wordID="onder" beginTime="51.560" endTime="51.750"/>
      <word confidence="0.808" wordID="meer" beginTime="51.750" endTime="51.970"/>
      <word confidence="0.760" wordID="SIL" beginTime="51.970" endTime="52.000"/>
      <word confidence="0.931" wordID="is" beginTime="52.000" endTime="52.290"/>
      <word confidence="0.786" wordID="SIL" beginTime="52.290" endTime="52.300"/>
      <word confidence="0.985" wordID="dan" beginTime="52.300" endTime="52.530"/>
      <word confidence="0.908" wordID="de" beginTime="52.530" endTime="52.610"/>
      <word confidence="1.000" wordID="jonge" beginTime="52.610" endTime="52.820"/>
      <word confidence="1.000" wordID="amsterdam" beginTime="52.820" endTime="53.330"/>
      <word confidence="0.897" wordID="SIL" beginTime="53.330" endTime="53.340"/>
      <word confidence="0.995" wordID="ook" beginTime="53.340" endTime="53.540"/>
      <word confidence="1.000" wordID="geld" beginTime="53.540" endTime="53.790"/>
      <word confidence="1.000" wordID="binnen" beginTime="53.790" endTime="54.140"/>
      <word confidence="1.000" wordID="SIL" beginTime="54.140" endTime="54.210"/>
    </wordsequence>
  </speech>
  <speech label="SPK01-018" begintime="54.24" endtime="56.82" >
    <wordsequence>
      <word confidence="0.750" wordID="SIL" beginTime="54.240" endTime="54.410"/>
      <word confidence="1.000" wordID="met" beginTime="54.410" endTime="54.550"/>
      <word confidence="0.939" wordID="een" beginTime="54.550" endTime="54.640"/>
      <word confidence="0.913" wordID="doen" beginTime="54.640" endTime="54.830"/>
      <word confidence="1.000" wordID="veel" beginTime="54.830" endTime="55.090"/>
      <word confidence="0.731" wordID="SIL" beginTime="55.090" endTime="55.110"/>
      <word confidence="1.000" wordID="tamtam" beginTime="55.110" endTime="55.580"/>
      <word confidence="0.738" wordID="SIL" beginTime="55.580" endTime="55.590"/>
      <word confidence="1.000" wordID="begeleiden" beginTime="55.590" endTime="56.070"/>
      <word confidence="1.000" wordID="schoonmaakactie" beginTime="56.070" endTime="56.820"/>
    </wordsequence>
  </speech>
  <speech label="SPK16-019" begintime="56.84" endtime="59.46" >
    <wordsequence>
      <word confidence="0.684" wordID="SIL" beginTime="56.840" endTime="56.920"/>
      <word confidence="0.747" wordID="ja" beginTime="56.920" endTime="57.230"/>
      <word confidence="0.691" wordID="SIL" beginTime="57.230" endTime="57.250"/>
      <word confidence="0.741" wordID="ja" beginTime="57.250" endTime="59.460"/>
    </wordsequence>
  </speech>
  <speech label="SPK16-020" begintime="59.48" endtime="62.43" >
    <wordsequence>
      <word confidence="0.751" wordID="ja" beginTime="59.480" endTime="62.390"/>
      <word confidence="0.694" wordID="SIL" beginTime="62.390" endTime="62.430"/>
    </wordsequence>
  </speech>
  <speech label="SPK01-021" begintime="62.45" endtime="65.43" >
    <wordsequence>
      <word confidence="0.690" wordID="SIL" beginTime="62.450" endTime="62.600"/>
      <word confidence="0.914" wordID="tegen" beginTime="62.600" endTime="62.830"/>
      <word confidence="0.953" wordID="een" beginTime="62.830" endTime="62.930"/>
      <word confidence="1.000" wordID="passende" beginTime="62.930" endTime="63.340"/>
      <word confidence="0.954" wordID="vergoeding" beginTime="63.340" endTime="63.840"/>
      <word confidence="0.880" wordID="SIL" beginTime="63.840" endTime="63.870"/>
      <word confidence="0.931" wordID="beraamde" beginTime="63.870" endTime="64.460"/>
      <word confidence="0.885" wordID="de" beginTime="64.460" endTime="64.560"/>
      <word confidence="0.997" wordID="jeugd" beginTime="64.560" endTime="64.880"/>
      <word confidence="1.000" wordID="in" beginTime="64.880" endTime="64.960"/>
      <word confidence="1.000" wordID="nieuwendam" beginTime="64.960" endTime="65.430"/>
    </wordsequence>
  </speech>
  <speech label="SPK02-022" begintime="65.45" endtime="69.73" >
    <wordsequence>
      <word confidence="0.743" wordID="SIL" beginTime="65.450" endTime="65.560"/>
      <word confidence="0.910" wordID="talrijke" beginTime="65.560" endTime="66.020"/>
      <word confidence="0.749" wordID="SIL" beginTime="66.020" endTime="66.160"/>
      <word confidence="0.834" wordID="harder" beginTime="66.160" endTime="66.370"/>
      <word confidence="0.971" wordID="dan" beginTime="66.370" endTime="66.490"/>
      <word confidence="0.750" wordID="SIL" beginTime="66.490" endTime="66.790"/>
      <word confidence="0.896" wordID="netjes" beginTime="66.790" endTime="67.170"/>
      <word confidence="0.832" wordID="op" beginTime="67.170" endTime="67.720"/>
      <word confidence="0.750" wordID="SIL" beginTime="67.720" endTime="68.040"/>
      <word confidence="0.798" wordID="een" beginTime="68.040" endTime="68.500"/>
      <word confidence="0.750" wordID="SIL" beginTime="68.500" endTime="68.850"/>
      <word confidence="0.771" wordID="gegeven" beginTime="68.850" endTime="69.730"/>
    </wordsequence>
  </speech>
  <speech label="SPK01-023" begintime="69.75" endtime="73.61" >
    <wordsequence>
      <word confidence="0.825" wordID="mm-hu" beginTime="69.750" endTime="70.530"/>
      <word confidence="0.750" wordID="SIL" beginTime="70.530" endTime="70.770"/>
      <word confidence="0.816" wordID="de" beginTime="70.770" endTime="71.230"/>
      <word confidence="0.917" wordID="hoofdstad" beginTime="71.230" endTime="71.680"/>
      <word confidence="1.000" wordID="organiseerde" beginTime="71.680" endTime="72.190"/>
      <word confidence="0.921" wordID="voor" beginTime="72.190" endTime="72.430"/>
      <word confidence="0.968" wordID="het" beginTime="72.430" endTime="72.610"/>
      <word confidence="0.740" wordID="SIL" beginTime="72.610" endTime="72.620"/>
      <word confidence="0.984" wordID="sportwedstrijden" beginTime="72.620" endTime="73.540"/>
      <word confidence="0.746" wordID="SIL" beginTime="73.540" endTime="73.610"/>
    </wordsequence>
  </speech>
  <speech label="SPK01-024" begintime="73.64" endtime="76.87" >
    <wordsequence>
      <word confidence="0.750" wordID="SIL" beginTime="73.640" endTime="73.780"/>
      <word confidence="0.916" wordID="we" beginTime="73.780" endTime="73.860"/>
      <word confidence="1.000" wordID="hadden" beginTime="73.860" endTime="74.060"/>
      <word confidence="1.000" wordID="in" beginTime="74.060" endTime="74.190"/>
      <word confidence="1.000" wordID="schrijft" beginTime="74.190" endTime="74.460"/>
      <word confidence="1.000" wordID="gelderland" beginTime="74.460" endTime="74.900"/>
      <word confidence="0.894" wordID="het" beginTime="74.900" endTime="75.010"/>
      <word confidence="1.000" wordID="iemand" beginTime="75.010" endTime="75.260"/>
      <word confidence="1.000" wordID="die" beginTime="75.260" endTime="75.380"/>
      <word confidence="0.915" wordID="tactiek" beginTime="75.380" endTime="75.710"/>
      <word confidence="0.918" wordID="en" beginTime="75.710" endTime="75.820"/>
      <word confidence="0.911" wordID="goede" beginTime="75.820" endTime="76.010"/>
      <word confidence="1.000" wordID="kwamen" beginTime="76.010" endTime="76.330"/>
      <word confidence="0.846" wordID="SIL" beginTime="76.330" endTime="76.870"/>
    </wordsequence>
  </speech>
  <speech label="SPK05-025" begintime="76.89" endtime="78.79" >
    <wordsequence>
      <word confidence="0.693" wordID="SIL" beginTime="76.890" endTime="77.020"/>
      <word confidence="0.788" wordID="erik" beginTime="77.020" endTime="78.170"/>
      <word confidence="0.806" wordID="SIL" beginTime="78.170" endTime="78.180"/>
      <word confidence="0.829" wordID="dan" beginTime="78.180" endTime="78.500"/>
      <word confidence="0.710" wordID="SIL" beginTime="78.500" endTime="78.510"/>
      <word confidence="0.863" wordID="op" beginTime="78.510" endTime="78.740"/>
      <word confidence="0.804" wordID="SIL" beginTime="78.740" endTime="78.790"/>
    </wordsequence>
  </speech>
  <speech label="SPK01-026" begintime="78.81" endtime="79.71" >
    <wordsequence>
      <word confidence="0.921" wordID="dagen" beginTime="78.810" endTime="79.090"/>
      <word confidence="0.884" wordID="duizenden" beginTime="79.090" endTime="79.590"/>
      <word confidence="0.759" wordID="SIL" beginTime="79.590" endTime="79.710"/>
    </wordsequence>
  </speech>
  <speech label="SPK01-027" begintime="79.74" endtime="84.57" >
    <wordsequence>
      <word confidence="0.750" wordID="SIL" beginTime="79.740" endTime="79.900"/>
      <word confidence="0.880" wordID="de" beginTime="79.900" endTime="79.970"/>
      <word confidence="0.945" wordID="excellente" beginTime="79.970" endTime="80.500"/>
      <word confidence="0.816" wordID="als" beginTime="80.500" endTime="80.740"/>
      <word confidence="1.000" wordID="temidden" beginTime="80.740" endTime="81.070"/>
      <word confidence="0.950" wordID="van" beginTime="81.070" endTime="81.210"/>
      <word confidence="0.859" wordID="een" beginTime="81.210" endTime="81.280"/>
      <word confidence="1.000" wordID="schmeltzer" beginTime="81.280" endTime="81.770"/>
      <word confidence="1.000" wordID="de" beginTime="81.770" endTime="81.850"/>
      <word confidence="1.000" wordID="aftrap" beginTime="81.850" endTime="82.400"/>
      <word confidence="0.815" wordID="SIL" beginTime="82.400" endTime="82.600"/>
      <word confidence="0.870" wordID="er" beginTime="82.600" endTime="82.720"/>
      <word confidence="1.000" wordID="nog" beginTime="82.720" endTime="82.950"/>
      <word confidence="0.726" wordID="SIL" beginTime="82.950" endTime="82.960"/>
      <word confidence="1.000" wordID="andere" beginTime="82.960" endTime="83.230"/>
      <word confidence="1.000" wordID="lichaamsbewegingen" beginTime="83.230" endTime="84.050"/>
      <word confidence="0.981" wordID="verrichten" beginTime="84.050" endTime="84.460"/>
      <word confidence="1.000" wordID="SIL" beginTime="84.460" endTime="84.570"/>
    </wordsequence>
  </speech>
  <speech label="SPK01-028" begintime="84.59" endtime="86.62" >
    <wordsequence>
      <word confidence="0.750" wordID="SIL" beginTime="84.590" endTime="84.770"/>
      <word confidence="0.960" wordID="en" beginTime="84.770" endTime="84.870"/>
      <word confidence="0.921" wordID="een" beginTime="84.870" endTime="84.950"/>
      <word confidence="1.000" wordID="voetbalwedstrijd" beginTime="84.950" endTime="85.630"/>
      <word confidence="1.000" wordID="en" beginTime="85.630" endTime="85.720"/>
      <word confidence="1.000" wordID="water" beginTime="85.720" endTime="85.990"/>
      <word confidence="1.000" wordID="want" beginTime="85.990" endTime="86.150"/>
      <word confidence="1.000" wordID="iemand" beginTime="86.150" endTime="86.390"/>
      <word confidence="1.000" wordID="die" beginTime="86.390" endTime="86.580"/>
      <word confidence="0.746" wordID="SIL" beginTime="86.580" endTime="86.620"/>
    </wordsequence>
  </speech>
  <speech label="SPK07-029" begintime="86.64" endtime="89.70" >
    <wordsequence>
      <word confidence="0.750" wordID="SIL" beginTime="86.640" endTime="86.660"/>
      <word confidence="0.760" wordID="ja" beginTime="86.660" endTime="89.690"/>
      <word confidence="0.673" wordID="SIL" beginTime="89.690" endTime="89.700"/>
    </wordsequence>
  </speech>
  <speech label="SPK01-030" begintime="89.72" endtime="92.41" >
    <wordsequence>
      <word confidence="0.902" wordID="zo" beginTime="89.720" endTime="89.950"/>
      <word confidence="1.000" wordID="spannend" beginTime="89.950" endTime="90.410"/>
      <word confidence="0.923" wordID="als" beginTime="90.410" endTime="90.650"/>
      <word confidence="0.966" wordID="een" beginTime="90.650" endTime="90.720"/>
      <word confidence="0.894" wordID="dat" beginTime="90.720" endTime="90.840"/>
      <word confidence="0.688" wordID="SIL" beginTime="90.840" endTime="90.850"/>
      <word confidence="0.996" wordID="zich" beginTime="90.850" endTime="91.020"/>
      <word confidence="0.912" wordID="in" beginTime="91.020" endTime="91.240"/>
      <word confidence="0.814" wordID="SIL" beginTime="91.240" endTime="91.600"/>
      <word confidence="1.000" wordID="om" beginTime="91.600" endTime="91.700"/>
      <word confidence="0.957" wordID="te" beginTime="91.700" endTime="91.780"/>
      <word confidence="0.899" wordID="bereiken" beginTime="91.780" endTime="92.290"/>
      <word confidence="0.921" wordID="SIL" beginTime="92.290" endTime="92.410"/>
    </wordsequence>
  </speech>
  <speech label="SPK01-031" begintime="92.44" endtime="96.19" >
    <wordsequence>
      <word confidence="0.750" wordID="SIL" beginTime="92.440" endTime="92.620"/>
      <word confidence="0.974" wordID="dat" beginTime="92.620" endTime="92.830"/>
      <word confidence="0.736" wordID="SIL" beginTime="92.830" endTime="92.840"/>
      <word confidence="0.947" wordID="honderdduizenden" beginTime="92.840" endTime="93.630"/>
      <word confidence="0.739" wordID="SIL" beginTime="93.630" endTime="93.640"/>
      <word confidence="1.000" wordID="medemensen" beginTime="93.640" endTime="94.350"/>
      <word confidence="0.741" wordID="SIL" beginTime="94.350" endTime="94.360"/>
      <word confidence="1.000" wordID="in" beginTime="94.360" endTime="94.490"/>
      <word confidence="0.909" wordID="de" beginTime="94.490" endTime="94.600"/>
      <word confidence="0.742" wordID="SIL" beginTime="94.600" endTime="94.610"/>
      <word confidence="0.954" wordID="noodlijdende" beginTime="94.610" endTime="95.190"/>
      <word confidence="1.000" wordID="gebieden" beginTime="95.190" endTime="95.550"/>
      <word confidence="1.000" wordID="van" beginTime="95.550" endTime="95.660"/>
      <word confidence="0.975" wordID="de" beginTime="95.660" endTime="95.740"/>
      <word confidence="1.000" wordID="wereld" beginTime="95.740" endTime="96.150"/>
      <word confidence="0.745" wordID="SIL" beginTime="96.150" endTime="96.190"/>
    </wordsequence>
  </speech>
  <speech label="SPK01-032" begintime="96.21" endtime="97.96" >
    <wordsequence>
      <word confidence="0.750" wordID="SIL" beginTime="96.210" endTime="96.490"/>
      <word confidence="1.000" wordID="elke" beginTime="96.490" endTime="96.750"/>
      <word confidence="1.000" wordID="dag" beginTime="96.750" endTime="96.970"/>
      <word confidence="0.897" wordID="een" beginTime="96.970" endTime="97.070"/>
      <word confidence="0.726" wordID="SIL" beginTime="97.070" endTime="97.080"/>
      <word confidence="0.931" wordID="passie" beginTime="97.080" endTime="97.420"/>
      <word confidence="0.734" wordID="SIL" beginTime="97.420" endTime="97.430"/>
      <word confidence="1.000" wordID="voedsel" beginTime="97.430" endTime="97.700"/>
      <word confidence="0.895" wordID="krijgen" beginTime="97.700" endTime="97.960"/>
    </wordsequence>
  </speech>
  <speech label="SPK10-033" begintime="97.98" endtime="100.92" >
    <wordsequence>
      <word confidence="0.750" wordID="SIL" beginTime="97.980" endTime="98.340"/>
      <word confidence="0.864" wordID="hoe" beginTime="98.340" endTime="100.920"/>
    </wordsequence>
  </speech>
  <speech label="SPK01-034" begintime="100.94" endtime="104.96" >
    <wordsequence>
      <word confidence="0.750" wordID="SIL" beginTime="100.940" endTime="101.100"/>
      <word confidence="1.000" wordID="om" beginTime="101.100" endTime="101.200"/>
      <word confidence="0.893" wordID="te" beginTime="101.200" endTime="101.300"/>
      <word confidence="0.884" wordID="bereiken" beginTime="101.300" endTime="101.790"/>
      <word confidence="0.747" wordID="SIL" beginTime="101.790" endTime="101.860"/>
      <word confidence="1.000" wordID="dat" beginTime="101.860" endTime="102.020"/>
      <word confidence="1.000" wordID="ook" beginTime="102.020" endTime="102.220"/>
      <word confidence="1.000" wordID="deze" beginTime="102.220" endTime="102.470"/>
      <word confidence="0.974" wordID="kinderen" beginTime="102.470" endTime="102.940"/>
      <word confidence="0.749" wordID="SIL" beginTime="102.940" endTime="103.130"/>
      <word confidence="0.935" wordID="spoedig" beginTime="103.130" endTime="103.690"/>
      <word confidence="0.749" wordID="SIL" beginTime="103.690" endTime="103.870"/>
      <word confidence="1.000" wordID="even" beginTime="103.870" endTime="104.240"/>
      <word confidence="0.738" wordID="SIL" beginTime="104.240" endTime="104.250"/>
      <word confidence="1.000" wordID="vrolijk" beginTime="104.250" endTime="104.750"/>
      <word confidence="0.996" wordID="en" beginTime="104.750" endTime="104.880"/>
      <word confidence="1.000" wordID="al" beginTime="104.880" endTime="104.960"/>
    </wordsequence>
  </speech>
  <speech label="SPK12-035" begintime="104.98" endtime="107.45" >
    <wordsequence>
      <word confidence="0.858" wordID="bezorgd" beginTime="104.980" endTime="105.500"/>
      <word confidence="0.820" wordID="kunnen" beginTime="105.500" endTime="105.750"/>
      <word confidence="0.684" wordID="SIL" beginTime="105.750" endTime="105.760"/>
      <word confidence="0.901" wordID="pantseren" beginTime="105.760" endTime="106.240"/>
      <word confidence="0.881" wordID="sprinter" beginTime="106.240" endTime="106.630"/>
      <word confidence="0.893" wordID="SIL" beginTime="106.630" endTime="107.150"/>
      <word confidence="0.934" wordID="als" beginTime="107.150" endTime="107.320"/>
      <word confidence="0.918" wordID="die" beginTime="107.320" endTime="107.450"/>
    </wordsequence>
  </speech>
  <speech label="SPK01-036" begintime="107.47" endtime="110.62" >
    <wordsequence>
      <word confidence="0.989" wordID="nederlandse" beginTime="107.470" endTime="107.930"/>
      <word confidence="0.999" wordID="jeugd" beginTime="107.930" endTime="108.340"/>
      <word confidence="0.869" wordID="SIL" beginTime="108.340" endTime="108.780"/>
      <word confidence="1.000" wordID="die" beginTime="108.780" endTime="108.870"/>
      <word confidence="0.867" wordID="met" beginTime="108.870" endTime="109.020"/>
      <word confidence="0.976" wordID="het" beginTime="109.020" endTime="109.150"/>
      <word confidence="1.000" wordID="iemand" beginTime="109.150" endTime="109.420"/>
      <word confidence="1.000" wordID="die" beginTime="109.420" endTime="109.490"/>
      <word confidence="1.000" wordID="in" beginTime="109.490" endTime="109.590"/>
      <word confidence="1.000" wordID="actie" beginTime="109.590" endTime="109.970"/>
      <word confidence="0.749" wordID="SIL" beginTime="109.970" endTime="110.210"/>
      <word confidence="1.000" wordID="op" beginTime="110.210" endTime="110.360"/>
      <word confidence="0.959" wordID="zulke" beginTime="110.360" endTime="110.620"/>
    </wordsequence>
  </speech>
  <speech label="SPK12-037" begintime="110.64" endtime="112.48" >
    <wordsequence>
      <word confidence="0.750" wordID="SIL" beginTime="110.640" endTime="110.650"/>
      <word confidence="0.815" wordID="hartverwarmende" beginTime="110.650" endTime="111.380"/>
      <word confidence="0.644" wordID="SIL" beginTime="111.380" endTime="111.390"/>
      <word confidence="0.840" wordID="bärtschiger" beginTime="111.390" endTime="112.460"/>
      <word confidence="0.850" wordID="SIL" beginTime="112.460" endTime="112.480"/>
    </wordsequence>
  </speech>
  <speech label="SPK01-038" begintime="112.50" endtime="116.57" >
    <wordsequence>
      <word confidence="0.561" wordID="SIL" beginTime="112.500" endTime="112.560"/>
      <word confidence="1.000" wordID="naast" beginTime="112.560" endTime="112.910"/>
      <word confidence="1.000" wordID="de" beginTime="112.910" endTime="113.010"/>
      <word confidence="0.741" wordID="SIL" beginTime="113.010" endTime="113.020"/>
      <word confidence="0.922" wordID="liefde" beginTime="113.020" endTime="113.480"/>
      <word confidence="0.750" wordID="SIL" beginTime="113.480" endTime="113.850"/>
      <word confidence="0.929" wordID="en" beginTime="113.850" endTime="114.120"/>
      <word confidence="0.749" wordID="SIL" beginTime="114.120" endTime="114.260"/>
      <word confidence="1.000" wordID="gevoel" beginTime="114.260" endTime="114.820"/>
      <word confidence="0.748" wordID="SIL" beginTime="114.820" endTime="114.900"/>
      <word confidence="1.000" wordID="voor" beginTime="114.900" endTime="115.040"/>
      <word confidence="1.000" wordID="de" beginTime="115.040" endTime="115.120"/>
      <word confidence="0.915" wordID="minderbedeelden" beginTime="115.120" endTime="115.880"/>
      <word confidence="1.000" wordID="op" beginTime="115.880" endTime="115.970"/>
      <word confidence="0.747" wordID="SIL" beginTime="115.970" endTime="116.000"/>
      <word confidence="1.000" wordID="deze" beginTime="116.000" endTime="116.250"/>
      <word confidence="0.896" wordID="aarde" beginTime="116.250" endTime="116.570"/>
    </wordsequence>
  </speech>
  <speech label="SPK15-039" begintime="116.59" endtime="120.36" >
    <wordsequence>
      <word confidence="0.715" wordID="SIL" beginTime="116.590" endTime="116.660"/>
      <word confidence="0.760" wordID="ja" beginTime="116.660" endTime="118.020"/>
      <word confidence="0.624" wordID="SIL" beginTime="118.020" endTime="118.030"/>
      <word confidence="0.751" wordID="ja" beginTime="118.030" endTime="120.360"/>
    </wordsequence>
  </speech>
  <speech label="SPK15-040" begintime="120.38" endtime="122.90" >
    <wordsequence>
      <word confidence="0.743" wordID="ja" beginTime="120.380" endTime="120.930"/>
      <word confidence="0.881" wordID="SIL" beginTime="120.930" endTime="121.000"/>
      <word confidence="0.744" wordID="ja" beginTime="121.000" endTime="122.900"/>
    </wordsequence>
  </speech>

  </segments>
</shout_metadata>
