<?xml version="1.0" encoding="UTF-8"?>
<!--
  ##################################################################################################
  ###                      This transcription is automatically generated by                      ###
  ###                              X-MI, Cross-Media interaction                                 ###
  ###                                    http://x-mi.nl                                          ###
  ##################################################################################################
-->
<shout_metadata>
  <model_info>
    <version>Standaard systeem 28-02-2012</version>
    <description>Academia</description>
  </model_info>
  <segments>
  <speech label="SPK02-001" begintime="2.37" endtime="6.04" >
    <wordsequence>
      <word confidence="0.750" wordID="SIL" beginTime="2.370" endTime="2.930"/>
      <word confidence="0.803" wordID="het" beginTime="2.930" endTime="3.070"/>
      <word confidence="0.748" wordID="SIL" beginTime="3.070" endTime="3.140"/>
      <word confidence="1.000" wordID="probleem" beginTime="3.140" endTime="3.650"/>
      <word confidence="1.000" wordID="van" beginTime="3.650" endTime="3.810"/>
      <word confidence="1.000" wordID="ons" beginTime="3.810" endTime="4.010"/>
      <word confidence="1.000" wordID="wegennet" beginTime="4.010" endTime="4.660"/>
      <word confidence="1.000" wordID="wordt" beginTime="4.660" endTime="4.860"/>
      <word confidence="1.000" wordID="met" beginTime="4.860" endTime="4.970"/>
      <word confidence="1.000" wordID="de" beginTime="4.970" endTime="5.040"/>
      <word confidence="1.000" wordID="maand" beginTime="5.040" endTime="5.300"/>
      <word confidence="0.951" wordID="groter" beginTime="5.300" endTime="5.870"/>
      <word confidence="0.748" wordID="SIL" beginTime="5.870" endTime="6.040"/>
    </wordsequence>
  </speech>
  <speech label="SPK02-002" begintime="6.06" endtime="9.80" >
    <wordsequence>
      <word confidence="0.750" wordID="SIL" beginTime="6.060" endTime="6.330"/>
      <word confidence="0.894" wordID="er" beginTime="6.330" endTime="6.460"/>
      <word confidence="0.988" wordID="is" beginTime="6.460" endTime="6.560"/>
      <word confidence="0.976" wordID="een" beginTime="6.560" endTime="6.650"/>
      <word confidence="0.965" wordID="tekort" beginTime="6.650" endTime="7.040"/>
      <word confidence="1.000" wordID="aan" beginTime="7.040" endTime="7.160"/>
      <word confidence="1.000" wordID="wegens" beginTime="7.160" endTime="7.530"/>
      <word confidence="0.750" wordID="SIL" beginTime="7.530" endTime="7.950"/>
      <word confidence="0.845" wordID="het" beginTime="7.950" endTime="8.140"/>
      <word confidence="1.000" wordID="bestaande" beginTime="8.140" endTime="8.580"/>
      <word confidence="1.000" wordID="wegdek" beginTime="8.580" endTime="9.060"/>
      <word confidence="0.742" wordID="SIL" beginTime="9.060" endTime="9.070"/>
      <word confidence="1.000" wordID="jij" beginTime="9.070" endTime="9.290"/>
      <word confidence="1.000" wordID="stevig" beginTime="9.290" endTime="9.800"/>
    </wordsequence>
  </speech>
  <speech label="SPK02-003" begintime="9.82" endtime="14.07" >
    <wordsequence>
      <word confidence="1.000" wordID="onder" beginTime="9.820" endTime="10.050"/>
      <word confidence="0.950" wordID="het" beginTime="10.050" endTime="10.170"/>
      <word confidence="0.979" wordID="roestende" beginTime="10.170" endTime="10.760"/>
      <word confidence="1.000" wordID="verkeer" beginTime="10.760" endTime="11.300"/>
      <word confidence="0.826" wordID="SIL" beginTime="11.300" endTime="11.710"/>
      <word confidence="1.000" wordID="zodat" beginTime="11.710" endTime="12.040"/>
      <word confidence="1.000" wordID="telkens" beginTime="12.040" endTime="12.410"/>
      <word confidence="1.000" wordID="reparaties" beginTime="12.410" endTime="12.970"/>
      <word confidence="1.000" wordID="moeten" beginTime="12.970" endTime="13.150"/>
      <word confidence="1.000" wordID="worden" beginTime="13.150" endTime="13.370"/>
      <word confidence="1.000" wordID="verricht" beginTime="13.370" endTime="13.780"/>
      <word confidence="0.749" wordID="SIL" beginTime="13.780" endTime="14.070"/>
    </wordsequence>
  </speech>
  <speech label="SPK02-004" begintime="14.10" endtime="17.13" >
    <wordsequence>
      <word confidence="0.750" wordID="SIL" beginTime="14.100" endTime="14.650"/>
      <word confidence="1.000" wordID="dat" beginTime="14.650" endTime="14.780"/>
      <word confidence="1.000" wordID="gebeurt" beginTime="14.780" endTime="15.060"/>
      <word confidence="1.000" wordID="tegenwoordig" beginTime="15.060" endTime="15.480"/>
      <word confidence="1.000" wordID="met" beginTime="15.480" endTime="15.610"/>
      <word confidence="0.997" wordID="moderne" beginTime="15.610" endTime="16.030"/>
      <word confidence="1.000" wordID="wegen" beginTime="16.030" endTime="16.330"/>
      <word confidence="1.000" wordID="machines" beginTime="16.330" endTime="16.840"/>
      <word confidence="0.749" wordID="SIL" beginTime="16.840" endTime="17.130"/>
    </wordsequence>
  </speech>
  <speech label="SPK02-005" begintime="17.15" endtime="22.58" >
    <wordsequence>
      <word confidence="0.750" wordID="SIL" beginTime="17.150" endTime="17.210"/>
      <word confidence="1.000" wordID="die" beginTime="17.210" endTime="17.330"/>
      <word confidence="1.000" wordID="snel" beginTime="17.330" endTime="17.700"/>
      <word confidence="0.743" wordID="SIL" beginTime="17.700" endTime="17.710"/>
      <word confidence="0.939" wordID="en" beginTime="17.710" endTime="17.870"/>
      <word confidence="1.000" wordID="doeltreffend" beginTime="17.870" endTime="18.520"/>
      <word confidence="1.000" wordID="en" beginTime="18.520" endTime="18.650"/>
      <word confidence="0.860" wordID="SIL" beginTime="18.650" endTime="18.660"/>
      <word confidence="1.000" wordID="wegdek" beginTime="18.660" endTime="19.150"/>
      <word confidence="0.949" wordID="SIL" beginTime="19.150" endTime="19.200"/>
      <word confidence="0.998" wordID="kunnen" beginTime="19.200" endTime="19.460"/>
      <word confidence="0.983" wordID="aanleggen" beginTime="19.460" endTime="19.880"/>
      <word confidence="1.000" wordID="of" beginTime="19.880" endTime="19.970"/>
      <word confidence="1.000" wordID="repareren" beginTime="19.970" endTime="20.570"/>
      <word confidence="0.999" wordID="SIL" beginTime="20.570" endTime="20.910"/>
      <word confidence="0.978" wordID="met" beginTime="20.910" endTime="21.020"/>
      <word confidence="0.990" wordID="een" beginTime="21.020" endTime="21.090"/>
      <word confidence="0.950" wordID="kleine" beginTime="21.090" endTime="21.350"/>
      <word confidence="0.741" wordID="SIL" beginTime="21.350" endTime="21.360"/>
      <word confidence="1.000" wordID="personeelsbezetting" beginTime="21.360" endTime="22.290"/>
      <word confidence="0.749" wordID="SIL" beginTime="22.290" endTime="22.580"/>
    </wordsequence>
  </speech>
  <speech label="SPK02-006" begintime="22.60" endtime="26.20" >
    <wordsequence>
      <word confidence="0.750" wordID="SIL" beginTime="22.600" endTime="23.040"/>
      <word confidence="1.000" wordID="wat" beginTime="23.040" endTime="23.150"/>
      <word confidence="1.000" wordID="die" beginTime="23.150" endTime="23.220"/>
      <word confidence="1.000" wordID="personeelsbezetting" beginTime="23.220" endTime="23.970"/>
      <word confidence="0.999" wordID="betreft" beginTime="23.970" endTime="24.490"/>
      <word confidence="0.746" wordID="SIL" beginTime="24.490" endTime="24.640"/>
      <word confidence="1.000" wordID="stonden" beginTime="24.640" endTime="24.980"/>
      <word confidence="1.000" wordID="de" beginTime="24.980" endTime="25.050"/>
      <word confidence="1.000" wordID="genodigden" beginTime="25.050" endTime="25.710"/>
      <word confidence="1.000" wordID="die" beginTime="25.710" endTime="25.800"/>
      <word confidence="1.000" wordID="naar" beginTime="25.800" endTime="25.950"/>
      <word confidence="1.000" wordID="de" beginTime="25.950" endTime="26.020"/>
      <word confidence="1.000" wordID="op" beginTime="26.020" endTime="26.200"/>
    </wordsequence>
  </speech>
  <speech label="SPK02-007" begintime="26.22" endtime="29.23" >
    <wordsequence>
      <word confidence="0.750" wordID="SIL" beginTime="26.220" endTime="26.240"/>
      <word confidence="0.965" wordID="een" beginTime="26.240" endTime="26.300"/>
      <word confidence="0.936" wordID="ding" beginTime="26.300" endTime="26.440"/>
      <word confidence="1.000" wordID="van" beginTime="26.440" endTime="26.550"/>
      <word confidence="1.000" wordID="de" beginTime="26.550" endTime="26.630"/>
      <word confidence="1.000" wordID="betuwse" beginTime="26.630" endTime="27.130"/>
      <word confidence="1.000" wordID="asfalt" beginTime="27.130" endTime="27.530"/>
      <word confidence="1.000" wordID="fabriek" beginTime="27.530" endTime="27.800"/>
      <word confidence="1.000" wordID="gekomen" beginTime="27.800" endTime="28.120"/>
      <word confidence="1.000" wordID="waren" beginTime="28.120" endTime="28.470"/>
      <word confidence="0.760" wordID="SIL" beginTime="28.470" endTime="28.530"/>
      <word confidence="0.964" wordID="voor" beginTime="28.530" endTime="28.690"/>
      <word confidence="0.960" wordID="een" beginTime="28.690" endTime="28.770"/>
      <word confidence="0.970" wordID="primeur" beginTime="28.770" endTime="29.230"/>
    </wordsequence>
  </speech>
  <speech label="SPK02-008" begintime="29.26" endtime="32.90" >
    <wordsequence>
      <word confidence="0.750" wordID="SIL" beginTime="29.260" endTime="30.170"/>
      <word confidence="1.000" wordID="toen" beginTime="30.170" endTime="30.280"/>
      <word confidence="0.990" wordID="de" beginTime="30.280" endTime="30.340"/>
      <word confidence="1.000" wordID="burgemeester" beginTime="30.340" endTime="30.870"/>
      <word confidence="1.000" wordID="van" beginTime="30.870" endTime="31.030"/>
      <word confidence="1.000" wordID="tien" beginTime="31.030" endTime="31.240"/>
      <word confidence="1.000" wordID="mistig" beginTime="31.240" endTime="31.560"/>
      <word confidence="1.000" wordID="stok" beginTime="31.560" endTime="31.910"/>
      <word confidence="1.000" wordID="naar" beginTime="31.910" endTime="32.060"/>
      <word confidence="1.000" wordID="voren" beginTime="32.060" endTime="32.290"/>
      <word confidence="1.000" wordID="was" beginTime="32.290" endTime="32.450"/>
      <word confidence="1.000" wordID="getreden" beginTime="32.450" endTime="32.870"/>
      <word confidence="0.743" wordID="SIL" beginTime="32.870" endTime="32.900"/>
    </wordsequence>
  </speech>
  <speech label="SPK02-009" begintime="32.92" endtime="36.08" >
    <wordsequence>
      <word confidence="0.750" wordID="SIL" beginTime="32.920" endTime="33.200"/>
      <word confidence="1.000" wordID="onder" beginTime="33.200" endTime="33.510"/>
      <word confidence="1.000" wordID="een" beginTime="33.510" endTime="33.590"/>
      <word confidence="1.000" wordID="druk" beginTime="33.590" endTime="33.800"/>
      <word confidence="1.000" wordID="op" beginTime="33.800" endTime="33.890"/>
      <word confidence="0.907" wordID="één" beginTime="33.890" endTime="34.000"/>
      <word confidence="0.947" wordID="knop" beginTime="34.000" endTime="34.310"/>
      <word confidence="0.748" wordID="SIL" beginTime="34.310" endTime="34.430"/>
      <word confidence="1.000" wordID="de" beginTime="34.430" endTime="34.510"/>
      <word confidence="1.000" wordID="nieuwe" beginTime="34.510" endTime="34.740"/>
      <word confidence="1.000" wordID="fabriek" beginTime="34.740" endTime="35.090"/>
      <word confidence="1.000" wordID="in" beginTime="35.090" endTime="35.180"/>
      <word confidence="1.000" wordID="gang" beginTime="35.180" endTime="35.360"/>
      <word confidence="1.000" wordID="te" beginTime="35.360" endTime="35.470"/>
      <word confidence="1.000" wordID="zetten" beginTime="35.470" endTime="35.820"/>
      <word confidence="0.746" wordID="SIL" beginTime="35.820" endTime="36.080"/>
    </wordsequence>
  </speech>
  <speech label="SPK02-010" begintime="36.10" endtime="38.87" >
    <wordsequence>
      <word confidence="0.750" wordID="SIL" beginTime="36.100" endTime="36.350"/>
      <word confidence="1.000" wordID="was" beginTime="36.350" endTime="36.530"/>
      <word confidence="1.000" wordID="daarmee" beginTime="36.530" endTime="36.980"/>
      <word confidence="0.974" wordID="een" beginTime="36.980" endTime="37.060"/>
      <word confidence="1.000" wordID="asfalt" beginTime="37.060" endTime="37.490"/>
      <word confidence="1.000" wordID="fabriek" beginTime="37.490" endTime="37.810"/>
      <word confidence="0.953" wordID="in" beginTime="37.810" endTime="37.900"/>
      <word confidence="1.000" wordID="bedrijf" beginTime="37.900" endTime="38.230"/>
      <word confidence="1.000" wordID="gekomen" beginTime="38.230" endTime="38.780"/>
      <word confidence="0.747" wordID="SIL" beginTime="38.780" endTime="38.870"/>
    </wordsequence>
  </speech>
  <speech label="SPK02-011" begintime="38.89" endtime="43.59" >
    <wordsequence>
      <word confidence="0.750" wordID="SIL" beginTime="38.890" endTime="38.960"/>
      <word confidence="1.000" wordID="die" beginTime="38.960" endTime="39.060"/>
      <word confidence="1.000" wordID="door" beginTime="39.060" endTime="39.230"/>
      <word confidence="1.000" wordID="slechts" beginTime="39.230" endTime="39.690"/>
      <word confidence="0.740" wordID="SIL" beginTime="39.690" endTime="39.720"/>
      <word confidence="1.000" wordID="eenmaal" beginTime="39.720" endTime="40.210"/>
      <word confidence="1.000" wordID="bediend" beginTime="40.210" endTime="40.550"/>
      <word confidence="0.937" wordID="wordt" beginTime="40.550" endTime="40.840"/>
      <word confidence="0.750" wordID="SIL" beginTime="40.840" endTime="41.580"/>
      <word confidence="1.000" wordID="deze" beginTime="41.580" endTime="41.800"/>
      <word confidence="1.000" wordID="mahlers" beginTime="41.800" endTime="42.200"/>
      <word confidence="1.000" wordID="van" beginTime="42.200" endTime="42.370"/>
      <word confidence="0.916" wordID="een" beginTime="42.370" endTime="42.440"/>
      <word confidence="1.000" wordID="elektronisch" beginTime="42.440" endTime="43.070"/>
      <word confidence="1.000" wordID="alles" beginTime="43.070" endTime="43.500"/>
      <word confidence="0.748" wordID="SIL" beginTime="43.500" endTime="43.590"/>
    </wordsequence>
  </speech>
  <speech label="SPK02-012" begintime="43.62" endtime="48.06" >
    <wordsequence>
      <word confidence="0.750" wordID="SIL" beginTime="43.620" endTime="43.790"/>
      <word confidence="1.000" wordID="bezegeld" beginTime="43.790" endTime="44.280"/>
      <word confidence="1.000" wordID="met" beginTime="44.280" endTime="44.420"/>
      <word confidence="0.984" wordID="een" beginTime="44.420" endTime="44.550"/>
      <word confidence="0.745" wordID="SIL" beginTime="44.550" endTime="44.580"/>
      <word confidence="1.000" wordID="toetsenbord" beginTime="44.580" endTime="45.210"/>
      <word confidence="0.750" wordID="SIL" beginTime="45.210" endTime="45.600"/>
      <word confidence="1.000" wordID="en" beginTime="45.600" endTime="45.770"/>
      <word confidence="1.000" wordID="voorzitters" beginTime="45.770" endTime="46.370"/>
      <word confidence="1.000" wordID="geen" beginTime="46.370" endTime="46.610"/>
      <word confidence="1.000" wordID="aantekening" beginTime="46.610" endTime="47.060"/>
      <word confidence="0.935" wordID="dat" beginTime="47.060" endTime="47.170"/>
      <word confidence="1.000" wordID="de" beginTime="47.170" endTime="47.230"/>
      <word confidence="1.000" wordID="fabricage" beginTime="47.230" endTime="48.060"/>
    </wordsequence>
  </speech>
  <speech label="SPK02-013" begintime="48.08" endtime="51.26" >
    <wordsequence>
      <word confidence="0.750" wordID="SIL" beginTime="48.080" endTime="48.220"/>
      <word confidence="1.000" wordID="en" beginTime="48.220" endTime="48.350"/>
      <word confidence="0.850" wordID="het" beginTime="48.350" endTime="48.420"/>
      <word confidence="1.000" wordID="overzicht" beginTime="48.420" endTime="48.870"/>
      <word confidence="1.000" wordID="daarvan" beginTime="48.870" endTime="49.240"/>
      <word confidence="0.738" wordID="SIL" beginTime="49.240" endTime="49.250"/>
      <word confidence="1.000" wordID="via" beginTime="49.250" endTime="49.480"/>
      <word confidence="1.000" wordID="een" beginTime="49.480" endTime="49.560"/>
      <word confidence="1.000" wordID="speciale" beginTime="49.560" endTime="50.010"/>
      <word confidence="1.000" wordID="televisie-en" beginTime="50.010" endTime="50.540"/>
      <word confidence="1.000" wordID="staat" beginTime="50.540" endTime="50.870"/>
      <word confidence="1.000" wordID="zie" beginTime="50.870" endTime="51.050"/>
      <word confidence="0.769" wordID="SIL" beginTime="51.050" endTime="51.260"/>
    </wordsequence>
  </speech>
  <speech label="SPK02-014" begintime="51.28" endtime="54.90" >
    <wordsequence>
      <word confidence="0.750" wordID="SIL" beginTime="51.280" endTime="51.530"/>
      <word confidence="0.989" wordID="de" beginTime="51.530" endTime="51.650"/>
      <word confidence="0.740" wordID="SIL" beginTime="51.650" endTime="51.660"/>
      <word confidence="0.999" wordID="hele" beginTime="51.660" endTime="51.930"/>
      <word confidence="1.000" wordID="productie" beginTime="51.930" endTime="52.520"/>
      <word confidence="1.000" wordID="van" beginTime="52.520" endTime="52.720"/>
      <word confidence="1.000" wordID="zo&apos;n" beginTime="52.720" endTime="52.860"/>
      <word confidence="0.992" wordID="honderd" beginTime="52.860" endTime="53.230"/>
      <word confidence="0.992" wordID="duizend" beginTime="53.230" endTime="53.570"/>
      <word confidence="1.000" wordID="ton" beginTime="53.570" endTime="53.780"/>
      <word confidence="0.743" wordID="SIL" beginTime="53.780" endTime="53.790"/>
      <word confidence="1.000" wordID="asfalt" beginTime="53.790" endTime="54.240"/>
      <word confidence="0.927" wordID="een" beginTime="54.240" endTime="54.390"/>
      <word confidence="1.000" wordID="jaar" beginTime="54.390" endTime="54.650"/>
      <word confidence="0.748" wordID="SIL" beginTime="54.650" endTime="54.900"/>
    </wordsequence>
  </speech>
  <speech label="SPK02-015" begintime="54.92" endtime="59.99" >
    <wordsequence>
      <word confidence="0.750" wordID="SIL" beginTime="54.920" endTime="55.810"/>
      <word confidence="1.000" wordID="asfalt" beginTime="55.810" endTime="56.220"/>
      <word confidence="1.000" wordID="is" beginTime="56.220" endTime="56.330"/>
      <word confidence="1.000" wordID="een" beginTime="56.330" endTime="56.400"/>
      <word confidence="1.000" wordID="mengsel" beginTime="56.400" endTime="56.750"/>
      <word confidence="1.000" wordID="van" beginTime="56.750" endTime="56.890"/>
      <word confidence="1.000" wordID="steenslag" beginTime="56.890" endTime="57.530"/>
      <word confidence="0.749" wordID="SIL" beginTime="57.530" endTime="57.740"/>
      <word confidence="0.939" wordID="grind" beginTime="57.740" endTime="58.180"/>
      <word confidence="0.749" wordID="SIL" beginTime="58.180" endTime="58.400"/>
      <word confidence="1.000" wordID="zand" beginTime="58.400" endTime="58.770"/>
      <word confidence="0.742" wordID="SIL" beginTime="58.770" endTime="58.780"/>
      <word confidence="0.926" wordID="en" beginTime="58.780" endTime="58.940"/>
      <word confidence="0.737" wordID="SIL" beginTime="58.940" endTime="58.950"/>
      <word confidence="1.000" wordID="zijn" beginTime="58.950" endTime="59.260"/>
      <word confidence="1.000" wordID="steeds" beginTime="59.260" endTime="59.560"/>
      <word confidence="0.742" wordID="SIL" beginTime="59.560" endTime="59.570"/>
      <word confidence="1.000" wordID="meer" beginTime="59.570" endTime="59.990"/>
    </wordsequence>
  </speech>
  <speech label="SPK02-016" begintime="60.02" endtime="63.88" >
    <wordsequence>
      <word confidence="0.750" wordID="SIL" beginTime="60.020" endTime="60.300"/>
      <word confidence="1.000" wordID="daarbij" beginTime="60.300" endTime="60.540"/>
      <word confidence="1.000" wordID="bitumen" beginTime="60.540" endTime="60.990"/>
      <word confidence="0.742" wordID="SIL" beginTime="60.990" endTime="61.000"/>
      <word confidence="0.942" wordID="worden" beginTime="61.000" endTime="61.230"/>
      <word confidence="1.000" wordID="gevoegd" beginTime="61.230" endTime="61.680"/>
      <word confidence="0.748" wordID="SIL" beginTime="61.680" endTime="61.860"/>
      <word confidence="1.000" wordID="producten" beginTime="61.860" endTime="62.350"/>
      <word confidence="1.000" wordID="van" beginTime="62.350" endTime="62.470"/>
      <word confidence="1.000" wordID="daartoe" beginTime="62.470" endTime="62.860"/>
      <word confidence="1.000" wordID="die" beginTime="62.860" endTime="62.950"/>
      <word confidence="1.000" wordID="destillaat" beginTime="62.950" endTime="63.420"/>
      <word confidence="1.000" wordID="zien" beginTime="63.420" endTime="63.580"/>
      <word confidence="0.749" wordID="SIL" beginTime="63.580" endTime="63.880"/>
    </wordsequence>
  </speech>
  <speech label="SPK02-017" begintime="63.91" endtime="66.81" >
    <wordsequence>
      <word confidence="0.750" wordID="SIL" beginTime="63.910" endTime="64.280"/>
      <word confidence="1.000" wordID="deze" beginTime="64.280" endTime="64.500"/>
      <word confidence="1.000" wordID="bitumen" beginTime="64.500" endTime="65.000"/>
      <word confidence="0.738" wordID="SIL" beginTime="65.000" endTime="65.010"/>
      <word confidence="1.000" wordID="dienen" beginTime="65.010" endTime="65.290"/>
      <word confidence="1.000" wordID="hoofdzakelijk" beginTime="65.290" endTime="65.860"/>
      <word confidence="1.000" wordID="als" beginTime="65.860" endTime="65.990"/>
      <word confidence="1.000" wordID="bindmiddel" beginTime="65.990" endTime="66.630"/>
      <word confidence="0.748" wordID="SIL" beginTime="66.630" endTime="66.810"/>
    </wordsequence>
  </speech>
  <speech label="SPK02-018" begintime="66.83" endtime="71.23" >
    <wordsequence>
      <word confidence="0.750" wordID="SIL" beginTime="66.830" endTime="67.270"/>
      <word confidence="0.931" wordID="een" beginTime="67.270" endTime="67.370"/>
      <word confidence="0.978" wordID="grote" beginTime="67.370" endTime="67.780"/>
      <word confidence="1.000" wordID="draaiende" beginTime="67.780" endTime="68.270"/>
      <word confidence="0.746" wordID="SIL" beginTime="68.270" endTime="68.310"/>
      <word confidence="1.000" wordID="dommelsch" beginTime="68.310" endTime="68.790"/>
      <word confidence="0.749" wordID="SIL" beginTime="68.790" endTime="69.010"/>
      <word confidence="0.997" wordID="vindt" beginTime="69.010" endTime="69.260"/>
      <word confidence="0.739" wordID="SIL" beginTime="69.260" endTime="69.270"/>
      <word confidence="1.000" wordID="onder" beginTime="69.270" endTime="69.500"/>
      <word confidence="0.981" wordID="verhitting" beginTime="69.500" endTime="70.080"/>
      <word confidence="0.745" wordID="SIL" beginTime="70.080" endTime="70.220"/>
      <word confidence="1.000" wordID="de" beginTime="70.220" endTime="70.310"/>
      <word confidence="1.000" wordID="menging" beginTime="70.310" endTime="70.700"/>
      <word confidence="0.743" wordID="SIL" beginTime="70.700" endTime="70.730"/>
      <word confidence="1.000" wordID="plaats" beginTime="70.730" endTime="71.120"/>
      <word confidence="0.748" wordID="SIL" beginTime="71.120" endTime="71.230"/>
    </wordsequence>
  </speech>
  <speech label="SPK02-019" begintime="71.25" endtime="73.01" >
    <wordsequence>
      <word confidence="0.750" wordID="SIL" beginTime="71.250" endTime="71.400"/>
      <word confidence="1.000" wordID="waardoor" beginTime="71.400" endTime="71.640"/>
      <word confidence="1.000" wordID="de" beginTime="71.640" endTime="71.730"/>
      <word confidence="1.000" wordID="substantie" beginTime="71.730" endTime="72.250"/>
      <word confidence="0.995" wordID="kneedbare" beginTime="72.250" endTime="72.810"/>
      <word confidence="1.000" wordID="wordt" beginTime="72.810" endTime="73.010"/>
    </wordsequence>
  </speech>
  <speech label="SPK06-020" begintime="73.03" endtime="75.51" >
    <wordsequence>
      <word confidence="0.750" wordID="SIL" beginTime="73.030" endTime="73.040"/>
      <word confidence="0.772" wordID="zo" beginTime="73.040" endTime="73.280"/>
      <word confidence="0.721" wordID="SIL" beginTime="73.280" endTime="73.290"/>
      <word confidence="0.810" wordID="kwam" beginTime="73.290" endTime="73.600"/>
      <word confidence="0.754" wordID="SIL" beginTime="73.600" endTime="73.710"/>
      <word confidence="0.759" wordID="er" beginTime="73.710" endTime="73.850"/>
      <word confidence="0.764" wordID="SIL" beginTime="73.850" endTime="74.170"/>
      <word confidence="0.802" wordID="een" beginTime="74.170" endTime="74.480"/>
      <word confidence="0.813" wordID="SIL" beginTime="74.480" endTime="74.590"/>
      <word confidence="0.756" wordID="geheel" beginTime="74.590" endTime="75.510"/>
    </wordsequence>
  </speech>
  <speech label="SPK02-021" begintime="75.53" endtime="79.74" >
    <wordsequence>
      <word confidence="0.750" wordID="SIL" beginTime="75.530" endTime="75.780"/>
      <word confidence="1.000" wordID="torens" beginTime="75.780" endTime="76.170"/>
      <word confidence="1.000" wordID="met" beginTime="76.170" endTime="76.330"/>
      <word confidence="0.731" wordID="SIL" beginTime="76.330" endTime="76.340"/>
      <word confidence="1.000" wordID="toeslag" beginTime="76.340" endTime="76.720"/>
      <word confidence="1.000" wordID="stoffen" beginTime="76.720" endTime="77.080"/>
      <word confidence="1.000" wordID="en" beginTime="77.080" endTime="77.190"/>
      <word confidence="0.994" wordID="tanks" beginTime="77.190" endTime="77.490"/>
      <word confidence="1.000" wordID="met" beginTime="77.490" endTime="77.650"/>
      <word confidence="1.000" wordID="bitumen" beginTime="77.650" endTime="78.070"/>
      <word confidence="0.943" wordID="&apos;t" beginTime="78.070" endTime="78.150"/>
      <word confidence="1.000" wordID="maken" beginTime="78.150" endTime="78.440"/>
      <word confidence="1.000" wordID="deel" beginTime="78.440" endTime="78.650"/>
      <word confidence="1.000" wordID="uit" beginTime="78.650" endTime="78.810"/>
      <word confidence="1.000" wordID="van" beginTime="78.810" endTime="78.940"/>
      <word confidence="1.000" wordID="de" beginTime="78.940" endTime="79.000"/>
      <word confidence="1.000" wordID="installatie" beginTime="79.000" endTime="79.620"/>
      <word confidence="0.744" wordID="SIL" beginTime="79.620" endTime="79.740"/>
    </wordsequence>
  </speech>
  <speech label="SPK02-022" begintime="79.76" endtime="84.90" >
    <wordsequence>
      <word confidence="0.750" wordID="SIL" beginTime="79.760" endTime="81.680"/>
      <word confidence="1.000" wordID="hier" beginTime="81.680" endTime="81.870"/>
      <word confidence="1.000" wordID="gaat" beginTime="81.870" endTime="82.080"/>
      <word confidence="1.000" wordID="de" beginTime="82.080" endTime="82.140"/>
      <word confidence="1.000" wordID="laatste" beginTime="82.140" endTime="82.540"/>
      <word confidence="1.000" wordID="bakje" beginTime="82.540" endTime="82.880"/>
      <word confidence="1.000" wordID="met" beginTime="82.880" endTime="83.050"/>
      <word confidence="0.739" wordID="SIL" beginTime="83.050" endTime="83.060"/>
      <word confidence="1.000" wordID="asfalt" beginTime="83.060" endTime="83.490"/>
      <word confidence="1.000" wordID="spacey" beginTime="83.490" endTime="84.020"/>
      <word confidence="1.000" wordID="automatisch" beginTime="84.020" endTime="84.690"/>
      <word confidence="1.000" wordID="in" beginTime="84.690" endTime="84.800"/>
      <word confidence="0.975" wordID="de" beginTime="84.800" endTime="84.900"/>
    </wordsequence>
  </speech>
  <speech label="SPK10-023" begintime="84.92" endtime="88.32" >
    <wordsequence>
      <word confidence="0.750" wordID="SIL" beginTime="84.920" endTime="86.350"/>
      <word confidence="0.793" wordID="ja" beginTime="86.350" endTime="86.930"/>
      <word confidence="0.748" wordID="SIL" beginTime="86.930" endTime="87.050"/>
      <word confidence="0.883" wordID="dan" beginTime="87.050" endTime="87.190"/>
      <word confidence="0.948" wordID="tenslotte" beginTime="87.190" endTime="87.630"/>
      <word confidence="0.875" wordID="want" beginTime="87.630" endTime="87.880"/>
      <word confidence="0.813" wordID="het" beginTime="87.880" endTime="88.040"/>
      <word confidence="0.745" wordID="SIL" beginTime="88.040" endTime="88.050"/>
      <word confidence="0.860" wordID="is" beginTime="88.050" endTime="88.320"/>
    </wordsequence>
  </speech>
  <speech label="SPK02-024" begintime="88.34" endtime="92.26" >
    <wordsequence>
      <word confidence="0.986" wordID="gekomen" beginTime="88.340" endTime="88.680"/>
      <word confidence="1.000" wordID="als" beginTime="88.680" endTime="88.870"/>
      <word confidence="1.000" wordID="valt" beginTime="88.870" endTime="89.210"/>
      <word confidence="1.000" wordID="SIL" beginTime="89.210" endTime="89.240"/>
      <word confidence="1.000" wordID="in" beginTime="89.240" endTime="89.380"/>
      <word confidence="0.961" wordID="de" beginTime="89.380" endTime="89.470"/>
      <word confidence="1.000" wordID="vrachtauto&apos;s" beginTime="89.470" endTime="90.210"/>
      <word confidence="0.784" wordID="SIL" beginTime="90.210" endTime="90.900"/>
      <word confidence="0.958" wordID="die" beginTime="90.900" endTime="91.020"/>
      <word confidence="1.000" wordID="worden" beginTime="91.020" endTime="91.260"/>
      <word confidence="1.000" wordID="vervolgens" beginTime="91.260" endTime="91.740"/>
      <word confidence="0.992" wordID="gebogen" beginTime="91.740" endTime="92.260"/>
    </wordsequence>
  </speech>
  <speech label="SPK02-025" begintime="92.28" endtime="95.03" >
    <wordsequence>
      <word confidence="0.750" wordID="SIL" beginTime="92.280" endTime="92.570"/>
      <word confidence="0.954" wordID="en" beginTime="92.570" endTime="92.680"/>
      <word confidence="0.955" wordID="als" beginTime="92.680" endTime="92.800"/>
      <word confidence="0.982" wordID="dat" beginTime="92.800" endTime="92.980"/>
      <word confidence="1.000" wordID="geschikt" beginTime="92.980" endTime="93.310"/>
      <word confidence="1.000" wordID="is" beginTime="93.310" endTime="93.560"/>
      <word confidence="0.748" wordID="SIL" beginTime="93.560" endTime="93.780"/>
      <word confidence="0.988" wordID="vertrekkende" beginTime="93.780" endTime="94.380"/>
      <word confidence="1.000" wordID="auto&apos;s" beginTime="94.380" endTime="94.920"/>
      <word confidence="0.748" wordID="SIL" beginTime="94.920" endTime="95.030"/>
    </wordsequence>
  </speech>
  <speech label="SPK02-026" begintime="95.05" endtime="98.20" >
    <wordsequence>
      <word confidence="0.750" wordID="SIL" beginTime="95.050" endTime="95.190"/>
      <word confidence="1.000" wordID="vaak" beginTime="95.190" endTime="95.500"/>
      <word confidence="1.000" wordID="overal" beginTime="95.500" endTime="95.880"/>
      <word confidence="1.000" wordID="bestaande" beginTime="95.880" endTime="96.350"/>
      <word confidence="1.000" wordID="asfalt" beginTime="96.350" endTime="96.760"/>
      <word confidence="1.000" wordID="wegen" beginTime="96.760" endTime="97.150"/>
      <word confidence="0.731" wordID="SIL" beginTime="97.150" endTime="97.190"/>
      <word confidence="1.000" wordID="naar" beginTime="97.190" endTime="97.360"/>
      <word confidence="0.998" wordID="hun" beginTime="97.360" endTime="97.480"/>
      <word confidence="1.000" wordID="bestemming" beginTime="97.480" endTime="98.110"/>
      <word confidence="0.743" wordID="SIL" beginTime="98.110" endTime="98.200"/>
    </wordsequence>
  </speech>
  <speech label="SPK02-027" begintime="98.22" endtime="104.02" >
    <wordsequence>
      <word confidence="0.750" wordID="SIL" beginTime="98.220" endTime="98.490"/>
      <word confidence="1.000" wordID="de" beginTime="98.490" endTime="98.590"/>
      <word confidence="0.988" wordID="nieuwe" beginTime="98.590" endTime="98.890"/>
      <word confidence="1.000" wordID="wegen" beginTime="98.890" endTime="99.290"/>
      <word confidence="0.872" wordID="en" beginTime="99.290" endTime="99.410"/>
      <word confidence="1.000" wordID="verkeerspleinen" beginTime="99.410" endTime="100.290"/>
      <word confidence="0.746" wordID="SIL" beginTime="100.290" endTime="100.410"/>
      <word confidence="1.000" wordID="die" beginTime="100.410" endTime="100.510"/>
      <word confidence="1.000" wordID="ons" beginTime="100.510" endTime="100.690"/>
      <word confidence="1.000" wordID="land" beginTime="100.690" endTime="100.970"/>
      <word confidence="0.741" wordID="SIL" beginTime="100.970" endTime="100.980"/>
      <word confidence="1.000" wordID="in" beginTime="100.980" endTime="101.110"/>
      <word confidence="1.000" wordID="steeds" beginTime="101.110" endTime="101.470"/>
      <word confidence="1.000" wordID="grotere" beginTime="101.470" endTime="101.870"/>
      <word confidence="1.000" wordID="mate" beginTime="101.870" endTime="102.150"/>
      <word confidence="1.000" wordID="nodig" beginTime="102.150" endTime="102.480"/>
      <word confidence="0.931" wordID="heeft" beginTime="102.480" endTime="102.690"/>
      <word confidence="0.750" wordID="SIL" beginTime="102.690" endTime="104.020"/>
    </wordsequence>
  </speech>
  <speech label="SPK02-028" begintime="104.05" endtime="104.57" >
    <wordsequence>
      <word confidence="0.781" wordID="ja" beginTime="104.050" endTime="104.550"/>
      <word confidence="0.748" wordID="SIL" beginTime="104.550" endTime="104.570"/>
    </wordsequence>
  </speech>
  <speech label="SPK16-029" begintime="104.59" endtime="108.42" >
    <wordsequence>
      <word confidence="0.747" wordID="ja" beginTime="104.590" endTime="108.410"/>
      <word confidence="0.858" wordID="SIL" beginTime="108.410" endTime="108.420"/>
    </wordsequence>
  </speech>

  </segments>
</shout_metadata>
