<?xml version="1.0" encoding="UTF-8"?>
<!--
  ##################################################################################################
  ###                      This transcription is automatically generated by                      ###
  ###                              X-MI, Cross-Media interaction                                 ###
  ###                                    http://x-mi.nl                                          ###
  ##################################################################################################
-->
<shout_metadata>
  <model_info>
    <version>Standaard systeem 28-02-2012</version>
    <description>Academia</description>
  </model_info>
  <segments>
  <speech label="SPK01-001" begintime="1.76" endtime="5.10" >
    <wordsequence>
      <word confidence="0.750" wordID="SIL" beginTime="1.760" endTime="2.280"/>
      <word confidence="0.849" wordID="een" beginTime="2.280" endTime="3.330"/>
      <word confidence="0.750" wordID="SIL" beginTime="3.330" endTime="3.500"/>
      <word confidence="0.966" wordID="zou" beginTime="3.500" endTime="3.680"/>
      <word confidence="0.937" wordID="ik" beginTime="3.680" endTime="3.790"/>
      <word confidence="0.936" wordID="uh" beginTime="3.790" endTime="3.870"/>
      <word confidence="0.894" wordID="bieden" beginTime="3.870" endTime="4.150"/>
      <word confidence="0.947" wordID="op" beginTime="4.150" endTime="4.370"/>
      <word confidence="0.747" wordID="SIL" beginTime="4.370" endTime="4.390"/>
      <word confidence="0.913" wordID="de" beginTime="4.390" endTime="4.500"/>
      <word confidence="1.000" wordID="is" beginTime="4.500" endTime="4.580"/>
      <word confidence="1.000" wordID="in" beginTime="4.580" endTime="4.710"/>
      <word confidence="1.000" wordID="volle" beginTime="4.710" endTime="4.920"/>
      <word confidence="0.859" wordID="gang" beginTime="4.920" endTime="5.100"/>
    </wordsequence>
  </speech>
  <speech label="SPK02-002" begintime="5.12" endtime="9.58" >
    <wordsequence>
      <word confidence="0.748" wordID="SIL" beginTime="5.120" endTime="5.300"/>
      <word confidence="0.860" wordID="uh" beginTime="5.300" endTime="5.680"/>
      <word confidence="0.736" wordID="SIL" beginTime="5.680" endTime="5.690"/>
      <word confidence="0.954" wordID="sneller" beginTime="5.690" endTime="6.110"/>
      <word confidence="0.881" wordID="dan" beginTime="6.110" endTime="6.270"/>
      <word confidence="0.953" wordID="ooit" beginTime="6.270" endTime="6.600"/>
      <word confidence="0.749" wordID="SIL" beginTime="6.600" endTime="6.880"/>
      <word confidence="0.964" wordID="wat" beginTime="6.880" endTime="7.010"/>
      <word confidence="0.940" wordID="bedoel" beginTime="7.010" endTime="7.310"/>
      <word confidence="0.805" wordID="je" beginTime="7.310" endTime="7.520"/>
      <word confidence="0.741" wordID="SIL" beginTime="7.520" endTime="7.530"/>
      <word confidence="0.828" wordID="de" beginTime="7.530" endTime="7.630"/>
      <word confidence="0.931" wordID="hand" beginTime="7.630" endTime="8.060"/>
      <word confidence="0.745" wordID="SIL" beginTime="8.060" endTime="8.100"/>
      <word confidence="0.850" wordID="neemt" beginTime="8.100" endTime="8.450"/>
      <word confidence="0.737" wordID="SIL" beginTime="8.450" endTime="8.460"/>
      <word confidence="1.000" wordID="hand" beginTime="8.460" endTime="8.650"/>
      <word confidence="1.000" wordID="over" beginTime="8.650" endTime="8.880"/>
      <word confidence="1.000" wordID="hand" beginTime="8.880" endTime="9.140"/>
      <word confidence="0.958" wordID="af" beginTime="9.140" endTime="9.360"/>
      <word confidence="0.749" wordID="SIL" beginTime="9.360" endTime="9.580"/>
    </wordsequence>
  </speech>
  <speech label="SPK02-003" begintime="9.61" endtime="12.96" >
    <wordsequence>
      <word confidence="0.750" wordID="SIL" beginTime="9.610" endTime="10.080"/>
      <word confidence="0.931" wordID="door" beginTime="10.080" endTime="10.350"/>
      <word confidence="0.830" wordID="de" beginTime="10.350" endTime="10.410"/>
      <word confidence="0.932" wordID="martinus" beginTime="10.410" endTime="10.890"/>
      <word confidence="1.000" wordID="doen" beginTime="10.890" endTime="11.040"/>
      <word confidence="0.932" wordID="het" beginTime="11.040" endTime="11.150"/>
      <word confidence="0.740" wordID="SIL" beginTime="11.150" endTime="11.160"/>
      <word confidence="0.932" wordID="heel" beginTime="11.160" endTime="11.330"/>
      <word confidence="0.999" wordID="gauw" beginTime="11.330" endTime="11.660"/>
      <word confidence="1.000" wordID="er" beginTime="11.660" endTime="11.770"/>
      <word confidence="0.988" wordID="een" beginTime="11.770" endTime="11.930"/>
      <word confidence="0.859" wordID="zeer" beginTime="11.930" endTime="12.130"/>
      <word confidence="0.923" wordID="doeltreffend" beginTime="12.130" endTime="12.820"/>
      <word confidence="0.919" wordID="SIL" beginTime="12.820" endTime="12.960"/>
    </wordsequence>
  </speech>
  <speech label="SPK02-004" begintime="12.98" endtime="14.71" >
    <wordsequence>
      <word confidence="0.750" wordID="SIL" beginTime="12.980" endTime="13.220"/>
      <word confidence="0.915" wordID="alles" beginTime="13.220" endTime="13.460"/>
      <word confidence="1.000" wordID="in" beginTime="13.460" endTime="13.570"/>
      <word confidence="0.953" wordID="één" beginTime="13.570" endTime="13.730"/>
      <word confidence="0.998" wordID="keer" beginTime="13.730" endTime="14.010"/>
      <word confidence="0.812" wordID="SIL" beginTime="14.010" endTime="14.490"/>
      <word confidence="0.858" wordID="uh" beginTime="14.490" endTime="14.710"/>
    </wordsequence>
  </speech>
  <speech label="SPK01-005" begintime="14.73" endtime="18.15" >
    <wordsequence>
      <word confidence="0.884" wordID="en" beginTime="14.730" endTime="14.810"/>
      <word confidence="0.909" wordID="dat" beginTime="14.810" endTime="14.940"/>
      <word confidence="1.000" wordID="komt" beginTime="14.940" endTime="15.130"/>
      <word confidence="0.913" wordID="dit" beginTime="15.130" endTime="15.300"/>
      <word confidence="0.922" wordID="jaar" beginTime="15.300" endTime="15.490"/>
      <word confidence="0.751" wordID="SIL" beginTime="15.490" endTime="15.500"/>
      <word confidence="0.996" wordID="goed" beginTime="15.500" endTime="15.740"/>
      <word confidence="0.849" wordID="SIL" beginTime="15.740" endTime="15.750"/>
      <word confidence="1.000" wordID="uit" beginTime="15.750" endTime="16.010"/>
      <word confidence="0.780" wordID="SIL" beginTime="16.010" endTime="16.390"/>
      <word confidence="0.999" wordID="want" beginTime="16.390" endTime="16.560"/>
      <word confidence="1.000" wordID="de" beginTime="16.560" endTime="16.640"/>
      <word confidence="0.927" wordID="oogst" beginTime="16.640" endTime="16.990"/>
      <word confidence="1.000" wordID="is" beginTime="16.990" endTime="17.140"/>
      <word confidence="1.000" wordID="of" beginTime="17.140" endTime="17.340"/>
      <word confidence="1.000" wordID="of" beginTime="17.340" endTime="17.470"/>
      <word confidence="0.946" wordID="bloedig" beginTime="17.470" endTime="17.870"/>
      <word confidence="0.749" wordID="SIL" beginTime="17.870" endTime="18.150"/>
    </wordsequence>
  </speech>
  <speech label="SPK02-006" begintime="18.18" endtime="21.81" >
    <wordsequence>
      <word confidence="0.750" wordID="SIL" beginTime="18.180" endTime="18.810"/>
      <word confidence="0.854" wordID="nou" beginTime="18.810" endTime="18.960"/>
      <word confidence="0.750" wordID="SIL" beginTime="18.960" endTime="19.630"/>
      <word confidence="0.790" wordID="ja" beginTime="19.630" endTime="19.880"/>
      <word confidence="0.740" wordID="SIL" beginTime="19.880" endTime="19.890"/>
      <word confidence="0.769" wordID="een" beginTime="19.890" endTime="20.010"/>
      <word confidence="0.750" wordID="SIL" beginTime="20.010" endTime="20.570"/>
      <word confidence="0.859" wordID="beetje" beginTime="20.570" endTime="20.770"/>
      <word confidence="1.000" wordID="zakken" beginTime="20.770" endTime="21.110"/>
      <word confidence="0.911" wordID="fabrieken" beginTime="21.110" endTime="21.620"/>
      <word confidence="0.749" wordID="SIL" beginTime="21.620" endTime="21.730"/>
      <word confidence="0.888" wordID="in" beginTime="21.730" endTime="21.810"/>
    </wordsequence>
  </speech>
  <speech label="SPK01-007" begintime="21.83" endtime="24.85" >
    <wordsequence>
      <word confidence="0.897" wordID="wat" beginTime="21.830" endTime="22.020"/>
      <word confidence="0.968" wordID="hier" beginTime="22.020" endTime="22.220"/>
      <word confidence="0.909" wordID="in" beginTime="22.220" endTime="22.290"/>
      <word confidence="1.000" wordID="halfweg" beginTime="22.290" endTime="22.850"/>
      <word confidence="0.827" wordID="SIL" beginTime="22.850" endTime="23.290"/>
      <word confidence="0.845" wordID="word" beginTime="23.290" endTime="23.470"/>
      <word confidence="0.828" wordID="ik" beginTime="23.470" endTime="23.670"/>
      <word confidence="1.000" wordID="niet" beginTime="23.670" endTime="23.810"/>
      <word confidence="0.955" wordID="in" beginTime="23.810" endTime="23.980"/>
      <word confidence="0.822" wordID="de" beginTime="23.980" endTime="24.040"/>
      <word confidence="1.000" wordID="maasstad" beginTime="24.040" endTime="24.440"/>
      <word confidence="0.970" wordID="aan" beginTime="24.440" endTime="24.600"/>
      <word confidence="1.000" wordID="gevoel" beginTime="24.600" endTime="24.850"/>
    </wordsequence>
  </speech>
  <speech label="SPK02-008" begintime="24.87" endtime="28.03" >
    <wordsequence>
      <word confidence="0.724" wordID="het" beginTime="24.870" endTime="24.950"/>
      <word confidence="0.770" wordID="SIL" beginTime="24.950" endTime="25.310"/>
      <word confidence="0.948" wordID="schip" beginTime="25.310" endTime="25.620"/>
      <word confidence="0.749" wordID="SIL" beginTime="25.620" endTime="25.890"/>
      <word confidence="0.960" wordID="of" beginTime="25.890" endTime="26.060"/>
      <word confidence="0.857" wordID="met" beginTime="26.060" endTime="26.240"/>
      <word confidence="0.954" wordID="vrachtauto&apos;s" beginTime="26.240" endTime="26.950"/>
      <word confidence="0.750" wordID="SIL" beginTime="26.950" endTime="27.550"/>
      <word confidence="0.797" wordID="heeft" beginTime="27.550" endTime="27.790"/>
      <word confidence="1.000" wordID="last" beginTime="27.790" endTime="28.030"/>
    </wordsequence>
  </speech>
  <speech label="SPK07-009" begintime="28.05" endtime="31.06" >
    <wordsequence>
      <word confidence="0.684" wordID="SIL" beginTime="28.050" endTime="28.080"/>
      <word confidence="0.756" wordID="in" beginTime="28.080" endTime="28.140"/>
      <word confidence="0.822" wordID="de" beginTime="28.140" endTime="28.260"/>
      <word confidence="0.719" wordID="SIL" beginTime="28.260" endTime="28.270"/>
      <word confidence="0.872" wordID="gebruikgemaakt" beginTime="28.270" endTime="28.950"/>
      <word confidence="0.826" wordID="SIL" beginTime="28.950" endTime="29.010"/>
      <word confidence="0.883" wordID="van" beginTime="29.010" endTime="29.150"/>
      <word confidence="0.874" wordID="een" beginTime="29.150" endTime="29.230"/>
      <word confidence="0.703" wordID="SIL" beginTime="29.230" endTime="29.240"/>
      <word confidence="0.871" wordID="mogelijke" beginTime="29.240" endTime="29.800"/>
      <word confidence="0.932" wordID="waterkanonnen" beginTime="29.800" endTime="30.630"/>
      <word confidence="0.783" wordID="SIL" beginTime="30.630" endTime="31.060"/>
    </wordsequence>
  </speech>
  <speech label="SPK01-010" begintime="31.08" endtime="34.27" >
    <wordsequence>
      <word confidence="0.929" wordID="de" beginTime="31.080" endTime="31.180"/>
      <word confidence="0.941" wordID="pieken" beginTime="31.180" endTime="31.400"/>
      <word confidence="0.979" wordID="naar" beginTime="31.400" endTime="31.560"/>
      <word confidence="0.964" wordID="een" beginTime="31.560" endTime="31.660"/>
      <word confidence="0.928" wordID="goed" beginTime="31.660" endTime="31.970"/>
      <word confidence="1.000" wordID="spoelde" beginTime="31.970" endTime="32.430"/>
      <word confidence="0.852" wordID="SIL" beginTime="32.430" endTime="32.690"/>
      <word confidence="0.909" wordID="waardoor" beginTime="32.690" endTime="33.050"/>
      <word confidence="1.000" wordID="ze" beginTime="33.050" endTime="33.140"/>
      <word confidence="1.000" wordID="de" beginTime="33.140" endTime="33.220"/>
      <word confidence="1.000" wordID="fabriek" beginTime="33.220" endTime="33.620"/>
      <word confidence="1.000" wordID="binnenstroomden" beginTime="33.620" endTime="34.270"/>
    </wordsequence>
  </speech>
  <speech label="SPK09-011" begintime="34.29" endtime="37.64" >
    <wordsequence>
      <word confidence="0.756" wordID="ja" beginTime="34.290" endTime="37.640"/>
    </wordsequence>
  </speech>
  <speech label="SPK01-012" begintime="37.67" endtime="41.39" >
    <wordsequence>
      <word confidence="0.750" wordID="SIL" beginTime="37.670" endTime="37.810"/>
      <word confidence="1.000" wordID="eerst" beginTime="37.810" endTime="38.120"/>
      <word confidence="1.000" wordID="worden" beginTime="38.120" endTime="38.360"/>
      <word confidence="1.000" wordID="de" beginTime="38.360" endTime="38.430"/>
      <word confidence="0.921" wordID="suikerbieten" beginTime="38.430" endTime="38.980"/>
      <word confidence="1.000" wordID="nu" beginTime="38.980" endTime="39.200"/>
      <word confidence="0.914" wordID="in" beginTime="39.200" endTime="39.280"/>
      <word confidence="0.900" wordID="de" beginTime="39.280" endTime="39.340"/>
      <word confidence="0.859" wordID="grote" beginTime="39.340" endTime="39.750"/>
      <word confidence="0.762" wordID="SIL" beginTime="39.750" endTime="39.870"/>
      <word confidence="0.912" wordID="kan" beginTime="39.870" endTime="40.060"/>
      <word confidence="0.938" wordID="je" beginTime="40.060" endTime="40.180"/>
      <word confidence="1.000" wordID="de" beginTime="40.180" endTime="40.290"/>
      <word confidence="1.000" wordID="bal" beginTime="40.290" endTime="40.470"/>
      <word confidence="1.000" wordID="smolensk" beginTime="40.470" endTime="41.030"/>
      <word confidence="0.840" wordID="SIL" beginTime="41.030" endTime="41.050"/>
      <word confidence="1.000" wordID="schoon" beginTime="41.050" endTime="41.390"/>
    </wordsequence>
  </speech>
  <speech label="SPK01-013" begintime="41.41" endtime="44.54" >
    <wordsequence>
      <word confidence="0.901" wordID="uhm" beginTime="41.410" endTime="41.510"/>
      <word confidence="0.957" wordID="waren" beginTime="41.510" endTime="41.760"/>
      <word confidence="0.810" wordID="SIL" beginTime="41.760" endTime="42.290"/>
      <word confidence="1.000" wordID="en" beginTime="42.290" endTime="42.410"/>
      <word confidence="0.914" wordID="daarna" beginTime="42.410" endTime="42.810"/>
      <word confidence="0.743" wordID="SIL" beginTime="42.810" endTime="42.820"/>
      <word confidence="1.000" wordID="gaan" beginTime="42.820" endTime="43.020"/>
      <word confidence="0.909" wordID="ze" beginTime="43.020" endTime="43.100"/>
      <word confidence="0.948" wordID="naar" beginTime="43.100" endTime="43.240"/>
      <word confidence="1.000" wordID="de" beginTime="43.240" endTime="43.310"/>
      <word confidence="0.994" wordID="snijbonen" beginTime="43.310" endTime="43.950"/>
      <word confidence="0.750" wordID="SIL" beginTime="43.950" endTime="44.540"/>
    </wordsequence>
  </speech>
  <speech label="SPK12-014" begintime="44.56" endtime="47.30" >
    <wordsequence>
      <word confidence="0.848" wordID="in" beginTime="44.560" endTime="44.680"/>
      <word confidence="0.809" wordID="twee" beginTime="44.680" endTime="44.980"/>
      <word confidence="0.856" wordID="SIL" beginTime="44.980" endTime="45.010"/>
      <word confidence="0.765" wordID="hele" beginTime="45.010" endTime="45.460"/>
      <word confidence="0.766" wordID="SIL" beginTime="45.460" endTime="45.630"/>
      <word confidence="0.967" wordID="hebben" beginTime="45.630" endTime="45.840"/>
      <word confidence="0.834" wordID="en" beginTime="45.840" endTime="46.010"/>
      <word confidence="0.816" wordID="SIL" beginTime="46.010" endTime="46.020"/>
      <word confidence="0.990" wordID="sneed" beginTime="46.020" endTime="46.320"/>
      <word confidence="0.761" wordID="SIL" beginTime="46.320" endTime="46.820"/>
      <word confidence="0.785" wordID="haar" beginTime="46.820" endTime="47.300"/>
    </wordsequence>
  </speech>
  <speech label="SPK13-015" begintime="47.32" endtime="50.33" >
    <wordsequence>
      <word confidence="0.732" wordID="ja" beginTime="47.320" endTime="48.300"/>
      <word confidence="0.710" wordID="ja" beginTime="48.300" endTime="48.670"/>
      <word confidence="0.757" wordID="SIL" beginTime="48.670" endTime="48.710"/>
      <word confidence="0.736" wordID="ja" beginTime="48.710" endTime="50.140"/>
      <word confidence="0.704" wordID="SIL" beginTime="50.140" endTime="50.330"/>
    </wordsequence>
  </speech>
  <speech label="SPK01-016" begintime="50.35" endtime="52.63" >
    <wordsequence>
      <word confidence="0.650" wordID="SIL" beginTime="50.350" endTime="50.390"/>
      <word confidence="1.000" wordID="snijd" beginTime="50.390" endTime="50.760"/>
      <word confidence="1.000" wordID="zolder" beginTime="50.760" endTime="51.150"/>
      <word confidence="0.972" wordID="dan" beginTime="51.150" endTime="51.370"/>
      <word confidence="1.000" wordID="verder" beginTime="51.370" endTime="51.700"/>
      <word confidence="1.000" wordID="getransporteerd" beginTime="51.700" endTime="52.480"/>
      <word confidence="1.000" wordID="SIL" beginTime="52.480" endTime="52.630"/>
    </wordsequence>
  </speech>
  <speech label="SPK01-017" begintime="52.66" endtime="55.81" >
    <wordsequence>
      <word confidence="0.750" wordID="SIL" beginTime="52.660" endTime="52.890"/>
      <word confidence="1.000" wordID="en" beginTime="52.890" endTime="53.000"/>
      <word confidence="1.000" wordID="nu" beginTime="53.000" endTime="53.100"/>
      <word confidence="1.000" wordID="komt" beginTime="53.100" endTime="53.300"/>
      <word confidence="1.000" wordID="de" beginTime="53.300" endTime="53.370"/>
      <word confidence="1.000" wordID="volgende" beginTime="53.370" endTime="53.740"/>
      <word confidence="1.000" wordID="fase" beginTime="53.740" endTime="54.170"/>
      <word confidence="0.749" wordID="SIL" beginTime="54.170" endTime="54.460"/>
      <word confidence="0.896" wordID="het" beginTime="54.460" endTime="54.610"/>
      <word confidence="0.739" wordID="SIL" beginTime="54.610" endTime="54.620"/>
      <word confidence="1.000" wordID="winnen" beginTime="54.620" endTime="54.930"/>
      <word confidence="1.000" wordID="van" beginTime="54.930" endTime="55.060"/>
      <word confidence="0.976" wordID="het" beginTime="55.060" endTime="55.200"/>
      <word confidence="1.000" wordID="zou" beginTime="55.200" endTime="55.370"/>
      <word confidence="0.747" wordID="SIL" beginTime="55.370" endTime="55.410"/>
      <word confidence="1.000" wordID="een" beginTime="55.410" endTime="55.500"/>
      <word confidence="1.000" wordID="stap" beginTime="55.500" endTime="55.810"/>
    </wordsequence>
  </speech>
  <speech label="SPK01-018" begintime="55.83" endtime="58.13" >
    <wordsequence>
      <word confidence="0.750" wordID="SIL" beginTime="55.830" endTime="55.890"/>
      <word confidence="1.000" wordID="door" beginTime="55.890" endTime="56.080"/>
      <word confidence="1.000" wordID="het" beginTime="56.080" endTime="56.180"/>
      <word confidence="0.742" wordID="SIL" beginTime="56.180" endTime="56.200"/>
      <word confidence="1.000" wordID="diffusie" beginTime="56.200" endTime="56.700"/>
      <word confidence="1.000" wordID="SIL" beginTime="56.700" endTime="56.720"/>
      <word confidence="1.000" wordID="voor" beginTime="56.720" endTime="56.910"/>
      <word confidence="1.000" wordID="zes" beginTime="56.910" endTime="57.300"/>
      <word confidence="0.750" wordID="SIL" beginTime="57.300" endTime="58.130"/>
    </wordsequence>
  </speech>
  <speech label="SPK02-019" begintime="58.15" endtime="60.53" >
    <wordsequence>
      <word confidence="0.750" wordID="SIL" beginTime="58.150" endTime="59.030"/>
      <word confidence="0.934" wordID="nou" beginTime="59.030" endTime="59.210"/>
      <word confidence="0.938" wordID="en" beginTime="59.210" endTime="59.310"/>
      <word confidence="0.989" wordID="eerste" beginTime="59.310" endTime="59.630"/>
      <word confidence="0.898" wordID="zo" beginTime="59.630" endTime="59.860"/>
      <word confidence="0.739" wordID="SIL" beginTime="59.860" endTime="59.870"/>
      <word confidence="0.978" wordID="gering" beginTime="59.870" endTime="60.160"/>
      <word confidence="0.743" wordID="SIL" beginTime="60.160" endTime="60.190"/>
      <word confidence="1.000" wordID="komt" beginTime="60.190" endTime="60.450"/>
      <word confidence="0.748" wordID="SIL" beginTime="60.450" endTime="60.530"/>
    </wordsequence>
  </speech>
  <speech label="SPK01-020" begintime="60.55" endtime="62.07" >
    <wordsequence>
      <word confidence="0.820" wordID="dit" beginTime="60.550" endTime="60.730"/>
      <word confidence="0.910" wordID="SIL" beginTime="60.730" endTime="60.840"/>
      <word confidence="0.760" wordID="is" beginTime="60.840" endTime="60.930"/>
      <word confidence="0.911" wordID="een" beginTime="60.930" endTime="61.070"/>
      <word confidence="1.000" wordID="stap" beginTime="61.070" endTime="61.400"/>
      <word confidence="0.740" wordID="SIL" beginTime="61.400" endTime="61.410"/>
      <word confidence="1.000" wordID="te" beginTime="61.410" endTime="61.500"/>
      <word confidence="0.941" wordID="voorschijn" beginTime="61.500" endTime="62.030"/>
      <word confidence="1.000" wordID="SIL" beginTime="62.030" endTime="62.070"/>
    </wordsequence>
  </speech>
  <speech label="SPK01-021" begintime="62.09" endtime="65.64" >
    <wordsequence>
      <word confidence="0.750" wordID="SIL" beginTime="62.090" endTime="62.440"/>
      <word confidence="0.948" wordID="dat" beginTime="62.440" endTime="62.590"/>
      <word confidence="0.976" wordID="in" beginTime="62.590" endTime="62.670"/>
      <word confidence="0.909" wordID="de" beginTime="62.670" endTime="62.770"/>
      <word confidence="0.929" wordID="verdamping" beginTime="62.770" endTime="63.270"/>
      <word confidence="1.000" wordID="te" beginTime="63.270" endTime="63.370"/>
      <word confidence="1.000" wordID="installatie" beginTime="63.370" endTime="63.900"/>
      <word confidence="1.000" wordID="wordt" beginTime="63.900" endTime="64.060"/>
      <word confidence="0.763" wordID="SIL" beginTime="64.060" endTime="64.070"/>
      <word confidence="1.000" wordID="ingedamd" beginTime="64.070" endTime="64.650"/>
      <word confidence="1.000" wordID="SIL" beginTime="64.650" endTime="64.700"/>
      <word confidence="1.000" wordID="tot" beginTime="64.700" endTime="64.910"/>
      <word confidence="0.953" wordID="SIL" beginTime="64.910" endTime="64.970"/>
      <word confidence="1.000" wordID="dikzak" beginTime="64.970" endTime="65.500"/>
      <word confidence="0.749" wordID="SIL" beginTime="65.500" endTime="65.640"/>
    </wordsequence>
  </speech>
  <speech label="SPK01-022" begintime="65.66" endtime="68.51" >
    <wordsequence>
      <word confidence="0.750" wordID="SIL" beginTime="65.660" endTime="65.890"/>
      <word confidence="0.976" wordID="maar" beginTime="65.890" endTime="66.020"/>
      <word confidence="1.000" wordID="vijf" beginTime="66.020" endTime="66.290"/>
      <word confidence="0.951" wordID="en" beginTime="66.290" endTime="66.360"/>
      <word confidence="1.000" wordID="zestig" beginTime="66.360" endTime="66.690"/>
      <word confidence="0.731" wordID="SIL" beginTime="66.690" endTime="66.700"/>
      <word confidence="0.984" wordID="procent" beginTime="66.700" endTime="67.050"/>
      <word confidence="0.927" wordID="zakken" beginTime="67.050" endTime="67.380"/>
      <word confidence="1.000" wordID="en" beginTime="67.380" endTime="67.490"/>
      <word confidence="1.000" wordID="vijf" beginTime="67.490" endTime="67.730"/>
      <word confidence="0.929" wordID="en" beginTime="67.730" endTime="67.820"/>
      <word confidence="1.000" wordID="dertig" beginTime="67.820" endTime="68.110"/>
      <word confidence="0.738" wordID="SIL" beginTime="68.110" endTime="68.120"/>
      <word confidence="0.988" wordID="procent" beginTime="68.120" endTime="68.510"/>
    </wordsequence>
  </speech>
  <speech label="SPK08-023" begintime="68.53" endtime="72.29" >
    <wordsequence>
      <word confidence="0.960" wordID="water" beginTime="68.530" endTime="68.780"/>
      <word confidence="0.923" wordID="de" beginTime="68.780" endTime="68.870"/>
      <word confidence="0.856" wordID="brand" beginTime="68.870" endTime="69.140"/>
      <word confidence="0.767" wordID="SIL" beginTime="69.140" endTime="70.500"/>
      <word confidence="0.860" wordID="uit" beginTime="70.500" endTime="70.700"/>
      <word confidence="0.887" wordID="in" beginTime="70.700" endTime="70.790"/>
      <word confidence="0.747" wordID="SIL" beginTime="70.790" endTime="70.840"/>
      <word confidence="0.884" wordID="ik" beginTime="70.840" endTime="71.040"/>
      <word confidence="0.956" wordID="stap" beginTime="71.040" endTime="71.280"/>
      <word confidence="0.750" wordID="SIL" beginTime="71.280" endTime="71.620"/>
      <word confidence="0.892" wordID="wordt" beginTime="71.620" endTime="71.780"/>
      <word confidence="0.748" wordID="SIL" beginTime="71.780" endTime="71.820"/>
      <word confidence="0.827" wordID="de" beginTime="71.820" endTime="71.940"/>
      <word confidence="0.879" wordID="konden" beginTime="71.940" endTime="72.290"/>
    </wordsequence>
  </speech>
  <speech label="SPK01-024" begintime="72.31" endtime="76.72" >
    <wordsequence>
      <word confidence="0.925" wordID="mannen" beginTime="72.310" endTime="72.580"/>
      <word confidence="0.837" wordID="SIL" beginTime="72.580" endTime="72.590"/>
      <word confidence="1.000" wordID="zoveel" beginTime="72.590" endTime="73.060"/>
      <word confidence="0.908" wordID="SIL" beginTime="73.060" endTime="73.090"/>
      <word confidence="1.000" wordID="water" beginTime="73.090" endTime="73.470"/>
      <word confidence="0.854" wordID="SIL" beginTime="73.470" endTime="73.490"/>
      <word confidence="1.000" wordID="verdampt" beginTime="73.490" endTime="73.910"/>
      <word confidence="0.838" wordID="SIL" beginTime="73.910" endTime="74.430"/>
      <word confidence="0.998" wordID="hadden" beginTime="74.430" endTime="74.660"/>
      <word confidence="0.905" wordID="tekende" beginTime="74.660" endTime="75.060"/>
      <word confidence="0.743" wordID="SIL" beginTime="75.060" endTime="75.070"/>
      <word confidence="1.000" wordID="evans" beginTime="75.070" endTime="75.550"/>
      <word confidence="0.742" wordID="SIL" beginTime="75.550" endTime="75.560"/>
      <word confidence="1.000" wordID="trok" beginTime="75.560" endTime="75.810"/>
      <word confidence="0.746" wordID="SIL" beginTime="75.810" endTime="75.880"/>
      <word confidence="0.963" wordID="met" beginTime="75.880" endTime="76.090"/>
      <word confidence="1.000" wordID="zou" beginTime="76.090" endTime="76.260"/>
      <word confidence="0.744" wordID="SIL" beginTime="76.260" endTime="76.280"/>
      <word confidence="0.965" wordID="dit" beginTime="76.280" endTime="76.410"/>
      <word confidence="0.748" wordID="SIL" beginTime="76.410" endTime="76.470"/>
      <word confidence="0.992" wordID="is" beginTime="76.470" endTime="76.590"/>
      <word confidence="0.978" wordID="de" beginTime="76.590" endTime="76.720"/>
    </wordsequence>
  </speech>
  <speech label="SPK08-025" begintime="76.74" endtime="80.93" >
    <wordsequence>
      <word confidence="0.750" wordID="SIL" beginTime="76.740" endTime="76.760"/>
      <word confidence="0.814" wordID="dan" beginTime="76.760" endTime="76.880"/>
      <word confidence="1.000" wordID="ontstaan" beginTime="76.880" endTime="77.310"/>
      <word confidence="0.891" wordID="SIL" beginTime="77.310" endTime="77.420"/>
      <word confidence="0.763" wordID="er" beginTime="77.420" endTime="77.690"/>
      <word confidence="0.750" wordID="SIL" beginTime="77.690" endTime="78.160"/>
      <word confidence="0.878" wordID="deze" beginTime="78.160" endTime="78.430"/>
      <word confidence="0.910" wordID="wat" beginTime="78.430" endTime="78.600"/>
      <word confidence="0.874" wordID="ik" beginTime="78.600" endTime="78.770"/>
      <word confidence="0.746" wordID="SIL" beginTime="78.770" endTime="78.800"/>
      <word confidence="0.939" wordID="kon" beginTime="78.800" endTime="79.010"/>
      <word confidence="0.748" wordID="SIL" beginTime="79.010" endTime="79.060"/>
      <word confidence="0.919" wordID="toch" beginTime="79.060" endTime="79.330"/>
      <word confidence="0.895" wordID="een" beginTime="79.330" endTime="79.500"/>
      <word confidence="0.748" wordID="SIL" beginTime="79.500" endTime="79.560"/>
      <word confidence="0.960" wordID="iets" beginTime="79.560" endTime="79.790"/>
      <word confidence="0.741" wordID="SIL" beginTime="79.790" endTime="79.800"/>
      <word confidence="0.988" wordID="af" beginTime="79.800" endTime="79.960"/>
      <word confidence="0.896" wordID="te" beginTime="79.960" endTime="80.060"/>
      <word confidence="0.987" wordID="goed" beginTime="80.060" endTime="80.350"/>
      <word confidence="0.750" wordID="SIL" beginTime="80.350" endTime="80.930"/>
    </wordsequence>
  </speech>
  <speech label="SPK01-026" begintime="80.95" endtime="83.20" >
    <wordsequence>
      <word confidence="0.773" wordID="en" beginTime="80.950" endTime="81.080"/>
      <word confidence="0.916" wordID="na" beginTime="81.080" endTime="81.220"/>
      <word confidence="1.000" wordID="een" beginTime="81.220" endTime="81.360"/>
      <word confidence="0.946" wordID="geperforeerde" beginTime="81.360" endTime="82.100"/>
      <word confidence="0.978" wordID="centrifuges" beginTime="82.100" endTime="82.940"/>
      <word confidence="1.000" wordID="SIL" beginTime="82.940" endTime="83.200"/>
    </wordsequence>
  </speech>
  <speech label="SPK01-027" begintime="83.22" endtime="86.12" >
    <wordsequence>
      <word confidence="0.750" wordID="SIL" beginTime="83.220" endTime="83.300"/>
      <word confidence="1.000" wordID="de" beginTime="83.300" endTime="83.420"/>
      <word confidence="1.000" wordID="strook" beginTime="83.420" endTime="83.820"/>
      <word confidence="0.749" wordID="SIL" beginTime="83.820" endTime="84.020"/>
      <word confidence="1.000" wordID="van" beginTime="84.020" endTime="84.160"/>
      <word confidence="1.000" wordID="de" beginTime="84.160" endTime="84.230"/>
      <word confidence="1.000" wordID="nog" beginTime="84.230" endTime="84.410"/>
      <word confidence="1.000" wordID="maar" beginTime="84.410" endTime="84.580"/>
      <word confidence="0.953" wordID="een" beginTime="84.580" endTime="84.690"/>
      <word confidence="0.741" wordID="SIL" beginTime="84.690" endTime="84.700"/>
      <word confidence="1.000" wordID="strakke" beginTime="84.700" endTime="85.080"/>
      <word confidence="0.981" wordID="wordt" beginTime="85.080" endTime="85.310"/>
      <word confidence="0.936" wordID="afgesneden" beginTime="85.310" endTime="85.890"/>
      <word confidence="0.870" wordID="SIL" beginTime="85.890" endTime="86.120"/>
    </wordsequence>
  </speech>
  <speech label="SPK01-028" begintime="86.15" endtime="89.15" >
    <wordsequence>
      <word confidence="0.750" wordID="SIL" beginTime="86.150" endTime="86.430"/>
      <word confidence="0.951" wordID="er" beginTime="86.430" endTime="86.510"/>
      <word confidence="1.000" wordID="werden" beginTime="86.510" endTime="86.730"/>
      <word confidence="1.000" wordID="zaken" beginTime="86.730" endTime="87.070"/>
      <word confidence="1.000" wordID="zelf" beginTime="87.070" endTime="87.390"/>
      <word confidence="0.749" wordID="SIL" beginTime="87.390" endTime="87.640"/>
      <word confidence="1.000" wordID="tegen" beginTime="87.640" endTime="87.930"/>
      <word confidence="1.000" wordID="de" beginTime="87.930" endTime="88.050"/>
      <word confidence="0.743" wordID="SIL" beginTime="88.050" endTime="88.070"/>
      <word confidence="1.000" wordID="dommel" beginTime="88.070" endTime="88.390"/>
      <word confidence="0.741" wordID="SIL" beginTime="88.390" endTime="88.400"/>
      <word confidence="1.000" wordID="landen" beginTime="88.400" endTime="88.650"/>
      <word confidence="1.000" wordID="blijft" beginTime="88.650" endTime="88.900"/>
      <word confidence="0.742" wordID="SIL" beginTime="88.900" endTime="88.910"/>
      <word confidence="1.000" wordID="zitten" beginTime="88.910" endTime="89.150"/>
    </wordsequence>
  </speech>
  <speech label="SPK13-029" begintime="89.17" endtime="92.51" >
    <wordsequence>
      <word confidence="0.763" wordID="ja" beginTime="89.170" endTime="90.580"/>
      <word confidence="0.856" wordID="SIL" beginTime="90.580" endTime="90.610"/>
      <word confidence="0.774" wordID="ja" beginTime="90.610" endTime="90.960"/>
      <word confidence="0.749" wordID="SIL" beginTime="90.960" endTime="91.310"/>
      <word confidence="0.756" wordID="ja" beginTime="91.310" endTime="92.510"/>
    </wordsequence>
  </speech>
  <speech label="SPK01-030" begintime="92.53" endtime="94.82" >
    <wordsequence>
      <word confidence="0.992" wordID="als" beginTime="92.530" endTime="92.710"/>
      <word confidence="0.999" wordID="de" beginTime="92.710" endTime="92.790"/>
      <word confidence="1.000" wordID="centrifuges" beginTime="92.790" endTime="93.530"/>
      <word confidence="1.000" wordID="tot" beginTime="93.530" endTime="93.760"/>
      <word confidence="1.000" wordID="stilstand" beginTime="93.760" endTime="94.220"/>
      <word confidence="1.000" wordID="zijn" beginTime="94.220" endTime="94.370"/>
      <word confidence="1.000" wordID="gebracht" beginTime="94.370" endTime="94.700"/>
      <word confidence="1.000" wordID="SIL" beginTime="94.700" endTime="94.820"/>
    </wordsequence>
  </speech>
  <speech label="SPK01-031" begintime="94.84" endtime="98.06" >
    <wordsequence>
      <word confidence="0.750" wordID="SIL" beginTime="94.840" endTime="95.130"/>
      <word confidence="1.000" wordID="valt" beginTime="95.130" endTime="95.440"/>
      <word confidence="1.000" wordID="de" beginTime="95.440" endTime="95.540"/>
      <word confidence="1.000" wordID="zaken" beginTime="95.540" endTime="96.070"/>
      <word confidence="0.742" wordID="SIL" beginTime="96.070" endTime="96.100"/>
      <word confidence="1.000" wordID="die" beginTime="96.100" endTime="96.250"/>
      <word confidence="1.000" wordID="nog" beginTime="96.250" endTime="96.450"/>
      <word confidence="0.977" wordID="verder" beginTime="96.450" endTime="96.740"/>
      <word confidence="1.000" wordID="gekoeld" beginTime="96.740" endTime="97.110"/>
      <word confidence="1.000" wordID="wordt" beginTime="97.110" endTime="97.340"/>
      <word confidence="0.742" wordID="SIL" beginTime="97.340" endTime="97.350"/>
      <word confidence="0.929" wordID="er" beginTime="97.350" endTime="97.490"/>
      <word confidence="1.000" wordID="af" beginTime="97.490" endTime="97.640"/>
      <word confidence="0.750" wordID="SIL" beginTime="97.640" endTime="98.060"/>
    </wordsequence>
  </speech>
  <speech label="SPK01-032" begintime="98.11" endtime="102.72" >
    <wordsequence>
      <word confidence="0.750" wordID="SIL" beginTime="98.110" endTime="98.560"/>
      <word confidence="1.000" wordID="na" beginTime="98.560" endTime="98.760"/>
      <word confidence="0.993" wordID="droging" beginTime="98.760" endTime="99.320"/>
      <word confidence="0.747" wordID="SIL" beginTime="99.320" endTime="99.370"/>
      <word confidence="1.000" wordID="gaten" beginTime="99.370" endTime="99.730"/>
      <word confidence="0.929" wordID="en" beginTime="99.730" endTime="99.810"/>
      <word confidence="0.745" wordID="SIL" beginTime="99.810" endTime="99.830"/>
      <word confidence="1.000" wordID="zielloos" beginTime="99.830" endTime="100.290"/>
      <word confidence="0.750" wordID="SIL" beginTime="100.290" endTime="100.770"/>
      <word confidence="0.933" wordID="of" beginTime="100.770" endTime="100.970"/>
      <word confidence="0.962" wordID="naar" beginTime="100.970" endTime="101.120"/>
      <word confidence="1.000" wordID="de" beginTime="101.120" endTime="101.190"/>
      <word confidence="0.980" wordID="verpakking" beginTime="101.190" endTime="101.630"/>
      <word confidence="1.000" wordID="zou" beginTime="101.630" endTime="101.830"/>
      <word confidence="1.000" wordID="in" beginTime="101.830" endTime="101.980"/>
      <word confidence="1.000" wordID="een" beginTime="101.980" endTime="102.050"/>
      <word confidence="1.000" wordID="van" beginTime="102.050" endTime="102.180"/>
      <word confidence="1.000" wordID="de" beginTime="102.180" endTime="102.240"/>
      <word confidence="1.000" wordID="fabriek" beginTime="102.240" endTime="102.560"/>
      <word confidence="0.749" wordID="SIL" beginTime="102.560" endTime="102.720"/>
    </wordsequence>
  </speech>
  <speech label="SPK01-033" begintime="102.75" endtime="105.71" >
    <wordsequence>
      <word confidence="0.750" wordID="SIL" beginTime="102.750" endTime="102.930"/>
      <word confidence="0.876" wordID="het" beginTime="102.930" endTime="103.080"/>
      <word confidence="0.966" wordID="inderdaad" beginTime="103.080" endTime="103.570"/>
      <word confidence="1.000" wordID="een" beginTime="103.570" endTime="103.660"/>
      <word confidence="1.000" wordID="de" beginTime="103.660" endTime="103.740"/>
      <word confidence="1.000" wordID="snelheid" beginTime="103.740" endTime="104.180"/>
      <word confidence="0.805" wordID="SIL" beginTime="104.180" endTime="104.220"/>
      <word confidence="0.947" wordID="in" beginTime="104.220" endTime="104.410"/>
      <word confidence="0.745" wordID="SIL" beginTime="104.410" endTime="104.450"/>
      <word confidence="1.000" wordID="kv" beginTime="104.450" endTime="104.900"/>
      <word confidence="0.738" wordID="SIL" beginTime="104.900" endTime="104.910"/>
      <word confidence="1.000" wordID="pakkingen" beginTime="104.910" endTime="105.260"/>
      <word confidence="1.000" wordID="wat" beginTime="105.260" endTime="105.490"/>
      <word confidence="0.981" wordID="er" beginTime="105.490" endTime="105.590"/>
      <word confidence="0.970" wordID="bij" beginTime="105.590" endTime="105.710"/>
    </wordsequence>
  </speech>
  <speech label="SPK13-034" begintime="105.73" endtime="109.79" >
    <wordsequence>
      <word confidence="0.623" wordID="SIL" beginTime="105.730" endTime="105.760"/>
      <word confidence="0.739" wordID="op" beginTime="105.760" endTime="106.520"/>
      <word confidence="0.783" wordID="SIL" beginTime="106.520" endTime="106.600"/>
      <word confidence="0.766" wordID="een" beginTime="106.600" endTime="106.680"/>
      <word confidence="0.728" wordID="SIL" beginTime="106.680" endTime="106.690"/>
      <word confidence="0.754" wordID="ja" beginTime="106.690" endTime="109.540"/>
      <word confidence="0.738" wordID="SIL" beginTime="109.540" endTime="109.550"/>
      <word confidence="0.775" wordID="een" beginTime="109.550" endTime="109.790"/>
    </wordsequence>
  </speech>
  <speech label="SPK01-035" begintime="109.81" endtime="114.71" >
    <wordsequence>
      <word confidence="0.982" wordID="zo" beginTime="109.810" endTime="110.030"/>
      <word confidence="1.000" wordID="heerst" beginTime="110.030" endTime="110.300"/>
      <word confidence="1.000" wordID="op" beginTime="110.300" endTime="110.440"/>
      <word confidence="0.999" wordID="het" beginTime="110.440" endTime="110.540"/>
      <word confidence="0.956" wordID="ogenblik" beginTime="110.540" endTime="110.930"/>
      <word confidence="0.906" wordID="SIL" beginTime="110.930" endTime="111.320"/>
      <word confidence="0.987" wordID="na" beginTime="111.320" endTime="111.520"/>
      <word confidence="0.935" wordID="de" beginTime="111.520" endTime="111.640"/>
      <word confidence="1.000" wordID="voor" beginTime="111.640" endTime="111.800"/>
      <word confidence="1.000" wordID="de" beginTime="111.800" endTime="111.880"/>
      <word confidence="1.000" wordID="suikeroogst" beginTime="111.880" endTime="112.500"/>
      <word confidence="0.740" wordID="SIL" beginTime="112.500" endTime="112.510"/>
      <word confidence="0.913" wordID="ideale" beginTime="112.510" endTime="112.930"/>
      <word confidence="1.000" wordID="weersomstandigheden" beginTime="112.930" endTime="113.830"/>
      <word confidence="1.000" wordID="van" beginTime="113.830" endTime="113.970"/>
      <word confidence="1.000" wordID="deze" beginTime="113.970" endTime="114.200"/>
      <word confidence="1.000" wordID="zomer" beginTime="114.200" endTime="114.630"/>
      <word confidence="1.000" wordID="SIL" beginTime="114.630" endTime="114.710"/>
    </wordsequence>
  </speech>
  <speech label="SPK01-036" begintime="114.73" endtime="117.72" >
    <wordsequence>
      <word confidence="0.750" wordID="SIL" beginTime="114.730" endTime="114.910"/>
      <word confidence="0.935" wordID="in" beginTime="114.910" endTime="115.080"/>
      <word confidence="0.737" wordID="SIL" beginTime="115.080" endTime="115.090"/>
      <word confidence="0.971" wordID="alle" beginTime="115.090" endTime="115.320"/>
      <word confidence="1.000" wordID="suikerfabrieken" beginTime="115.320" endTime="116.080"/>
      <word confidence="1.000" wordID="man" beginTime="116.080" endTime="116.250"/>
      <word confidence="1.000" wordID="ons" beginTime="116.250" endTime="116.400"/>
      <word confidence="1.000" wordID="land" beginTime="116.400" endTime="116.670"/>
      <word confidence="0.973" wordID="een" beginTime="116.670" endTime="116.810"/>
      <word confidence="1.000" wordID="grote" beginTime="116.810" endTime="117.180"/>
      <word confidence="0.990" wordID="activiteit" beginTime="117.180" endTime="117.720"/>
    </wordsequence>
  </speech>
  <speech label="SPK16-037" begintime="117.74" endtime="121.74" >
    <wordsequence>
      <word confidence="0.750" wordID="SIL" beginTime="117.740" endTime="117.760"/>
      <word confidence="0.755" wordID="ja" beginTime="117.760" endTime="118.720"/>
      <word confidence="0.794" wordID="SIL" beginTime="118.720" endTime="118.770"/>
      <word confidence="0.740" wordID="ja" beginTime="118.770" endTime="119.440"/>
      <word confidence="0.805" wordID="SIL" beginTime="119.440" endTime="119.450"/>
      <word confidence="0.766" wordID="ja" beginTime="119.450" endTime="121.740"/>
    </wordsequence>
  </speech>

  </segments>
</shout_metadata>
