<?xml version="1.0" encoding="UTF-8"?>
<!--
  ##################################################################################################
  ###                      This transcription is automatically generated by                      ###
  ###                              X-MI, Cross-Media interaction                                 ###
  ###                                    http://x-mi.nl                                          ###
  ##################################################################################################
-->
<shout_metadata>
  <model_info>
    <version>Standaard systeem 28-02-2012</version>
    <description>Academia</description>
  </model_info>
  <segments>
  <speech label="SPK01-001" begintime="1.42" endtime="7.50" >
    <wordsequence>
      <word confidence="0.750" wordID="SIL" beginTime="1.420" endTime="1.890"/>
      <word confidence="0.797" wordID="de" beginTime="1.890" endTime="2.060"/>
      <word confidence="0.742" wordID="SIL" beginTime="2.060" endTime="2.070"/>
      <word confidence="0.883" wordID="internationale" beginTime="2.070" endTime="2.820"/>
      <word confidence="1.000" wordID="bakkerij" beginTime="2.820" endTime="3.250"/>
      <word confidence="0.972" wordID="tentoonstelling" beginTime="3.250" endTime="3.980"/>
      <word confidence="1.000" wordID="in" beginTime="3.980" endTime="4.120"/>
      <word confidence="1.000" wordID="rotterdam" beginTime="4.120" endTime="4.680"/>
      <word confidence="0.748" wordID="SIL" beginTime="4.680" endTime="4.750"/>
      <word confidence="1.000" wordID="bood" beginTime="4.750" endTime="4.950"/>
      <word confidence="0.946" wordID="van" beginTime="4.950" endTime="5.120"/>
      <word confidence="0.747" wordID="SIL" beginTime="5.120" endTime="5.170"/>
      <word confidence="1.000" wordID="mensen" beginTime="5.170" endTime="5.490"/>
      <word confidence="0.897" wordID="en" beginTime="5.490" endTime="5.590"/>
      <word confidence="1.000" wordID="leken" beginTime="5.590" endTime="5.840"/>
      <word confidence="1.000" wordID="de" beginTime="5.840" endTime="5.930"/>
      <word confidence="1.000" wordID="mogelijkheid" beginTime="5.930" endTime="6.480"/>
      <word confidence="1.000" wordID="zich" beginTime="6.480" endTime="6.620"/>
      <word confidence="0.924" wordID="te" beginTime="6.620" endTime="6.740"/>
      <word confidence="0.973" wordID="oriënteren" beginTime="6.740" endTime="7.390"/>
      <word confidence="0.749" wordID="SIL" beginTime="7.390" endTime="7.500"/>
    </wordsequence>
  </speech>
  <speech label="SPK01-002" begintime="7.52" endtime="13.51" >
    <wordsequence>
      <word confidence="0.750" wordID="SIL" beginTime="7.520" endTime="7.690"/>
      <word confidence="1.000" wordID="over" beginTime="7.690" endTime="7.910"/>
      <word confidence="0.940" wordID="de" beginTime="7.910" endTime="7.990"/>
      <word confidence="1.000" wordID="nieuwste" beginTime="7.990" endTime="8.350"/>
      <word confidence="1.000" wordID="ontwikkelingen" beginTime="8.350" endTime="8.970"/>
      <word confidence="1.000" wordID="in" beginTime="8.970" endTime="9.070"/>
      <word confidence="1.000" wordID="deze" beginTime="9.070" endTime="9.310"/>
      <word confidence="1.000" wordID="branche" beginTime="9.310" endTime="9.760"/>
      <word confidence="0.749" wordID="SIL" beginTime="9.760" endTime="10.070"/>
      <word confidence="0.972" wordID="er" beginTime="10.070" endTime="10.190"/>
      <word confidence="1.000" wordID="in" beginTime="10.190" endTime="10.270"/>
      <word confidence="1.000" wordID="het" beginTime="10.270" endTime="10.370"/>
      <word confidence="1.000" wordID="accent" beginTime="10.370" endTime="10.920"/>
      <word confidence="0.744" wordID="SIL" beginTime="10.920" endTime="10.940"/>
      <word confidence="1.000" wordID="steeds" beginTime="10.940" endTime="11.320"/>
      <word confidence="1.000" wordID="sterker" beginTime="11.320" endTime="11.710"/>
      <word confidence="1.000" wordID="op" beginTime="11.710" endTime="11.840"/>
      <word confidence="0.740" wordID="SIL" beginTime="11.840" endTime="11.850"/>
      <word confidence="1.000" wordID="mechanisatie" beginTime="11.850" endTime="12.510"/>
      <word confidence="1.000" wordID="komt" beginTime="12.510" endTime="12.700"/>
      <word confidence="0.970" wordID="te" beginTime="12.700" endTime="12.770"/>
      <word confidence="1.000" wordID="liggen" beginTime="12.770" endTime="13.020"/>
      <word confidence="0.750" wordID="SIL" beginTime="13.020" endTime="13.510"/>
    </wordsequence>
  </speech>
  <speech label="SPK01-003" begintime="13.53" endtime="16.80" >
    <wordsequence>
      <word confidence="0.750" wordID="SIL" beginTime="13.530" endTime="13.870"/>
      <word confidence="1.000" wordID="het" beginTime="13.870" endTime="13.990"/>
      <word confidence="1.000" wordID="lijkt" beginTime="13.990" endTime="14.180"/>
      <word confidence="1.000" wordID="wel" beginTime="14.180" endTime="14.330"/>
      <word confidence="1.000" wordID="alsof" beginTime="14.330" endTime="14.530"/>
      <word confidence="1.000" wordID="er" beginTime="14.530" endTime="14.630"/>
      <word confidence="1.000" wordID="voorbeeld" beginTime="14.630" endTime="14.930"/>
      <word confidence="0.948" wordID="voor" beginTime="14.930" endTime="15.040"/>
      <word confidence="0.994" wordID="de" beginTime="15.040" endTime="15.100"/>
      <word confidence="1.000" wordID="machinale" beginTime="15.100" endTime="15.650"/>
      <word confidence="0.983" wordID="dicht" beginTime="15.650" endTime="16.010"/>
      <word confidence="0.983" wordID="verwerking" beginTime="16.010" endTime="16.600"/>
      <word confidence="0.975" wordID="in" beginTime="16.600" endTime="16.800"/>
    </wordsequence>
  </speech>
  <speech label="SPK01-004" begintime="16.82" endtime="20.56" >
    <wordsequence>
      <word confidence="1.000" wordID="grote" beginTime="16.820" endTime="17.150"/>
      <word confidence="1.000" wordID="broodfabriek" beginTime="17.150" endTime="17.840"/>
      <word confidence="0.853" wordID="SIL" beginTime="17.840" endTime="18.160"/>
      <word confidence="1.000" wordID="telkens" beginTime="18.160" endTime="18.610"/>
      <word confidence="1.000" wordID="meer" beginTime="18.610" endTime="18.870"/>
      <word confidence="1.000" wordID="apparaten" beginTime="18.870" endTime="19.330"/>
      <word confidence="1.000" wordID="beschikbaar" beginTime="19.330" endTime="19.790"/>
      <word confidence="0.935" wordID="komt" beginTime="19.790" endTime="20.070"/>
      <word confidence="0.804" wordID="SIL" beginTime="20.070" endTime="20.560"/>
    </wordsequence>
  </speech>
  <speech label="SPK09-005" begintime="20.58" endtime="23.70" >
    <wordsequence>
      <word confidence="0.726" wordID="SIL" beginTime="20.580" endTime="21.190"/>
      <word confidence="0.839" wordID="toch" beginTime="21.190" endTime="21.470"/>
      <word confidence="0.685" wordID="SIL" beginTime="21.470" endTime="21.490"/>
      <word confidence="0.775" wordID="was" beginTime="21.490" endTime="21.690"/>
      <word confidence="0.744" wordID="SIL" beginTime="21.690" endTime="21.700"/>
      <word confidence="0.782" wordID="het" beginTime="21.700" endTime="21.830"/>
      <word confidence="0.728" wordID="SIL" beginTime="21.830" endTime="21.960"/>
      <word confidence="0.780" wordID="toch" beginTime="21.960" endTime="22.710"/>
      <word confidence="0.657" wordID="SIL" beginTime="22.710" endTime="22.720"/>
      <word confidence="0.845" wordID="was" beginTime="22.720" endTime="22.980"/>
      <word confidence="0.650" wordID="SIL" beginTime="22.980" endTime="22.990"/>
      <word confidence="0.761" wordID="het" beginTime="22.990" endTime="23.430"/>
      <word confidence="0.667" wordID="SIL" beginTime="23.430" endTime="23.460"/>
      <word confidence="0.799" wordID="een" beginTime="23.460" endTime="23.700"/>
    </wordsequence>
  </speech>
  <speech label="SPK10-006" begintime="23.72" endtime="26.53" >
    <wordsequence>
      <word confidence="0.734" wordID="SIL" beginTime="23.720" endTime="24.230"/>
      <word confidence="0.749" wordID="ja" beginTime="24.230" endTime="25.190"/>
      <word confidence="0.829" wordID="SIL" beginTime="25.190" endTime="25.240"/>
      <word confidence="0.790" wordID="het" beginTime="25.240" endTime="25.420"/>
      <word confidence="0.804" wordID="SIL" beginTime="25.420" endTime="25.870"/>
      <word confidence="0.765" wordID="is" beginTime="25.870" endTime="26.340"/>
      <word confidence="0.643" wordID="SIL" beginTime="26.340" endTime="26.350"/>
      <word confidence="0.713" wordID="een" beginTime="26.350" endTime="26.530"/>
    </wordsequence>
  </speech>
  <speech label="SPK01-007" begintime="26.55" endtime="30.20" >
    <wordsequence>
      <word confidence="0.794" wordID="ze" beginTime="26.550" endTime="26.660"/>
      <word confidence="0.847" wordID="wil" beginTime="26.660" endTime="27.100"/>
      <word confidence="1.000" wordID="van" beginTime="27.100" endTime="27.220"/>
      <word confidence="0.899" wordID="het" beginTime="27.220" endTime="27.340"/>
      <word confidence="0.897" wordID="brood" beginTime="27.340" endTime="27.680"/>
      <word confidence="0.981" wordID="en" beginTime="27.680" endTime="27.760"/>
      <word confidence="0.885" wordID="of" beginTime="27.760" endTime="27.890"/>
      <word confidence="1.000" wordID="maatschappelijk" beginTime="27.890" endTime="28.370"/>
      <word confidence="1.000" wordID="leven" beginTime="28.370" endTime="28.740"/>
      <word confidence="0.754" wordID="SIL" beginTime="28.740" endTime="28.760"/>
      <word confidence="1.000" wordID="is" beginTime="28.760" endTime="28.890"/>
      <word confidence="0.871" wordID="door" beginTime="28.890" endTime="29.050"/>
      <word confidence="0.951" wordID="het" beginTime="29.050" endTime="29.140"/>
      <word confidence="1.000" wordID="zich" beginTime="29.140" endTime="29.270"/>
      <word confidence="0.888" wordID="voortdurend" beginTime="29.270" endTime="29.830"/>
      <word confidence="1.000" wordID="bezig" beginTime="29.830" endTime="30.200"/>
    </wordsequence>
  </speech>
  <speech label="SPK01-008" begintime="30.22" endtime="33.83" >
    <wordsequence>
      <word confidence="0.678" wordID="SIL" beginTime="30.220" endTime="30.290"/>
      <word confidence="0.990" wordID="consumptiepatroon" beginTime="30.290" endTime="31.250"/>
      <word confidence="0.822" wordID="SIL" beginTime="31.250" endTime="31.580"/>
      <word confidence="1.000" wordID="in" beginTime="31.580" endTime="31.670"/>
      <word confidence="0.925" wordID="de" beginTime="31.670" endTime="31.740"/>
      <word confidence="1.000" wordID="laatste" beginTime="31.740" endTime="32.040"/>
      <word confidence="1.000" wordID="jaren" beginTime="32.040" endTime="32.340"/>
      <word confidence="0.735" wordID="SIL" beginTime="32.340" endTime="32.350"/>
      <word confidence="1.000" wordID="iets" beginTime="32.350" endTime="32.530"/>
      <word confidence="1.000" wordID="minder" beginTime="32.530" endTime="32.810"/>
      <word confidence="1.000" wordID="geprononceerd" beginTime="32.810" endTime="33.430"/>
      <word confidence="0.943" wordID="geworden" beginTime="33.430" endTime="33.800"/>
      <word confidence="0.924" wordID="SIL" beginTime="33.800" endTime="33.830"/>
    </wordsequence>
  </speech>
  <speech label="SPK01-009" begintime="33.85" endtime="37.84" >
    <wordsequence>
      <word confidence="0.750" wordID="SIL" beginTime="33.850" endTime="34.250"/>
      <word confidence="1.000" wordID="ofschoon" beginTime="34.250" endTime="34.630"/>
      <word confidence="1.000" wordID="we" beginTime="34.630" endTime="34.710"/>
      <word confidence="1.000" wordID="met" beginTime="34.710" endTime="34.870"/>
      <word confidence="0.998" wordID="z&apos;n" beginTime="34.870" endTime="35.050"/>
      <word confidence="0.743" wordID="SIL" beginTime="35.050" endTime="35.070"/>
      <word confidence="0.968" wordID="allen" beginTime="35.070" endTime="35.330"/>
      <word confidence="1.000" wordID="in" beginTime="35.330" endTime="35.450"/>
      <word confidence="1.000" wordID="nederland" beginTime="35.450" endTime="35.870"/>
      <word confidence="0.739" wordID="SIL" beginTime="35.870" endTime="35.880"/>
      <word confidence="1.000" wordID="toch" beginTime="35.880" endTime="36.080"/>
      <word confidence="0.742" wordID="SIL" beginTime="36.080" endTime="36.090"/>
      <word confidence="1.000" wordID="elke" beginTime="36.090" endTime="36.390"/>
      <word confidence="0.965" wordID="week" beginTime="36.390" endTime="36.620"/>
      <word confidence="1.000" wordID="nog" beginTime="36.620" endTime="36.780"/>
      <word confidence="1.000" wordID="zo&apos;n" beginTime="36.780" endTime="36.970"/>
      <word confidence="0.738" wordID="SIL" beginTime="36.970" endTime="36.980"/>
      <word confidence="0.935" wordID="twintig" beginTime="36.980" endTime="37.470"/>
      <word confidence="0.895" wordID="minuten" beginTime="37.470" endTime="37.840"/>
    </wordsequence>
  </speech>
  <speech label="SPK14-010" begintime="37.86" endtime="40.33" >
    <wordsequence>
      <word confidence="0.829" wordID="woedend" beginTime="37.860" endTime="38.270"/>
      <word confidence="0.713" wordID="SIL" beginTime="38.270" endTime="38.300"/>
      <word confidence="0.791" wordID="op" beginTime="38.300" endTime="38.580"/>
      <word confidence="0.776" wordID="SIL" beginTime="38.580" endTime="39.420"/>
      <word confidence="0.838" wordID="zo&apos;n" beginTime="39.420" endTime="39.740"/>
      <word confidence="0.842" wordID="zo&apos;n" beginTime="39.740" endTime="40.030"/>
      <word confidence="0.750" wordID="SIL" beginTime="40.030" endTime="40.330"/>
    </wordsequence>
  </speech>
  <speech label="SPK01-011" begintime="40.35" endtime="41.74" >
    <wordsequence>
      <word confidence="0.914" wordID="is" beginTime="40.350" endTime="40.480"/>
      <word confidence="1.000" wordID="niet" beginTime="40.480" endTime="40.640"/>
      <word confidence="1.000" wordID="zo" beginTime="40.640" endTime="40.750"/>
      <word confidence="0.863" wordID="vreemd" beginTime="40.750" endTime="41.320"/>
      <word confidence="0.750" wordID="SIL" beginTime="41.320" endTime="41.740"/>
    </wordsequence>
  </speech>
  <speech label="SPK01-012" begintime="41.76" endtime="45.63" >
    <wordsequence>
      <word confidence="0.750" wordID="SIL" beginTime="41.760" endTime="41.980"/>
      <word confidence="0.931" wordID="in" beginTime="41.980" endTime="42.080"/>
      <word confidence="0.838" wordID="de" beginTime="42.080" endTime="42.140"/>
      <word confidence="0.971" wordID="laatste" beginTime="42.140" endTime="42.420"/>
      <word confidence="1.000" wordID="jaren" beginTime="42.420" endTime="42.740"/>
      <word confidence="1.000" wordID="heeft" beginTime="42.740" endTime="42.880"/>
      <word confidence="0.940" wordID="dus" beginTime="42.880" endTime="42.980"/>
      <word confidence="1.000" wordID="ook" beginTime="42.980" endTime="43.100"/>
      <word confidence="0.837" wordID="aan" beginTime="43.100" endTime="43.230"/>
      <word confidence="1.000" wordID="de" beginTime="43.230" endTime="43.310"/>
      <word confidence="0.921" wordID="warme" beginTime="43.310" endTime="43.680"/>
      <word confidence="0.898" wordID="bakker" beginTime="43.680" endTime="44.050"/>
      <word confidence="0.830" wordID="SIL" beginTime="44.050" endTime="44.340"/>
      <word confidence="0.790" wordID="een" beginTime="44.340" endTime="44.430"/>
      <word confidence="0.764" wordID="SIL" beginTime="44.430" endTime="44.440"/>
      <word confidence="0.947" wordID="deel" beginTime="44.440" endTime="44.760"/>
      <word confidence="1.000" wordID="van" beginTime="44.760" endTime="44.890"/>
      <word confidence="0.987" wordID="de" beginTime="44.890" endTime="44.960"/>
      <word confidence="0.972" wordID="grote" beginTime="44.960" endTime="45.300"/>
      <word confidence="1.000" wordID="SIL" beginTime="45.300" endTime="45.310"/>
      <word confidence="0.998" wordID="markt" beginTime="45.310" endTime="45.620"/>
      <word confidence="1.000" wordID="SIL" beginTime="45.620" endTime="45.630"/>
    </wordsequence>
  </speech>
  <speech label="SPK01-013" begintime="45.65" endtime="49.37" >
    <wordsequence>
      <word confidence="0.750" wordID="SIL" beginTime="45.650" endTime="45.680"/>
      <word confidence="0.866" wordID="te" beginTime="45.680" endTime="45.770"/>
      <word confidence="0.746" wordID="SIL" beginTime="45.770" endTime="45.830"/>
      <word confidence="1.000" wordID="weten" beginTime="45.830" endTime="46.130"/>
      <word confidence="0.737" wordID="SIL" beginTime="46.130" endTime="46.140"/>
      <word confidence="1.000" wordID="te" beginTime="46.140" endTime="46.230"/>
      <word confidence="0.981" wordID="heroveren" beginTime="46.230" endTime="46.870"/>
      <word confidence="0.749" wordID="SIL" beginTime="46.870" endTime="47.180"/>
      <word confidence="1.000" wordID="op" beginTime="47.180" endTime="47.310"/>
      <word confidence="1.000" wordID="de" beginTime="47.310" endTime="47.380"/>
      <word confidence="0.947" wordID="koude" beginTime="47.380" endTime="47.760"/>
      <word confidence="1.000" wordID="bakels" beginTime="47.760" endTime="48.190"/>
      <word confidence="0.748" wordID="SIL" beginTime="48.190" endTime="48.290"/>
      <word confidence="1.000" wordID="en" beginTime="48.290" endTime="48.420"/>
      <word confidence="0.913" wordID="de" beginTime="48.420" endTime="48.510"/>
      <word confidence="1.000" wordID="winkelbedrijven" beginTime="48.510" endTime="49.370"/>
    </wordsequence>
  </speech>
  <speech label="SPK01-014" begintime="49.40" endtime="51.85" >
    <wordsequence>
      <word confidence="0.750" wordID="SIL" beginTime="49.400" endTime="49.680"/>
      <word confidence="0.963" wordID="die" beginTime="49.680" endTime="49.800"/>
      <word confidence="0.934" wordID="hun" beginTime="49.800" endTime="49.940"/>
      <word confidence="1.000" wordID="brood" beginTime="49.940" endTime="50.240"/>
      <word confidence="1.000" wordID="van" beginTime="50.240" endTime="50.360"/>
      <word confidence="1.000" wordID="de" beginTime="50.360" endTime="50.440"/>
      <word confidence="0.986" wordID="fabrikanten" beginTime="50.440" endTime="50.950"/>
      <word confidence="0.922" wordID="trekt" beginTime="50.950" endTime="51.210"/>
      <word confidence="0.750" wordID="SIL" beginTime="51.210" endTime="51.850"/>
    </wordsequence>
  </speech>
  <speech label="SPK01-015" begintime="51.87" endtime="55.88" >
    <wordsequence>
      <word confidence="0.750" wordID="SIL" beginTime="51.870" endTime="52.210"/>
      <word confidence="1.000" wordID="het" beginTime="52.210" endTime="52.320"/>
      <word confidence="1.000" wordID="is" beginTime="52.320" endTime="52.430"/>
      <word confidence="1.000" wordID="vooral" beginTime="52.430" endTime="52.820"/>
      <word confidence="0.741" wordID="SIL" beginTime="52.820" endTime="52.830"/>
      <word confidence="0.915" wordID="het" beginTime="52.830" endTime="52.950"/>
      <word confidence="0.816" wordID="grote" beginTime="52.950" endTime="53.380"/>
      <word confidence="0.988" wordID="assortiment" beginTime="53.380" endTime="54.240"/>
      <word confidence="0.748" wordID="SIL" beginTime="54.240" endTime="54.420"/>
      <word confidence="1.000" wordID="dat" beginTime="54.420" endTime="54.590"/>
      <word confidence="0.934" wordID="ik" beginTime="54.590" endTime="54.680"/>
      <word confidence="1.000" wordID="deze" beginTime="54.680" endTime="55.010"/>
      <word confidence="1.000" wordID="veelal" beginTime="55.010" endTime="55.370"/>
      <word confidence="1.000" wordID="de" beginTime="55.370" endTime="55.470"/>
      <word confidence="0.978" wordID="doorslag" beginTime="55.470" endTime="55.880"/>
    </wordsequence>
  </speech>
  <speech label="SPK07-016" begintime="55.90" endtime="58.60" >
    <wordsequence>
      <word confidence="0.753" wordID="er" beginTime="55.900" endTime="55.980"/>
      <word confidence="0.840" wordID="is" beginTime="55.980" endTime="56.120"/>
      <word confidence="0.731" wordID="SIL" beginTime="56.120" endTime="56.230"/>
      <word confidence="0.955" wordID="nu" beginTime="56.230" endTime="56.440"/>
      <word confidence="0.764" wordID="SIL" beginTime="56.440" endTime="58.410"/>
      <word confidence="0.827" wordID="een" beginTime="58.410" endTime="58.580"/>
      <word confidence="0.747" wordID="SIL" beginTime="58.580" endTime="58.600"/>
    </wordsequence>
  </speech>
  <speech label="SPK08-017" begintime="58.62" endtime="61.11" >
    <wordsequence>
      <word confidence="0.796" wordID="ja" beginTime="58.620" endTime="58.920"/>
      <word confidence="0.748" wordID="SIL" beginTime="58.920" endTime="59.020"/>
      <word confidence="0.786" wordID="dat" beginTime="59.020" endTime="59.330"/>
      <word confidence="0.738" wordID="SIL" beginTime="59.330" endTime="59.340"/>
      <word confidence="0.804" wordID="is" beginTime="59.340" endTime="59.480"/>
      <word confidence="0.747" wordID="SIL" beginTime="59.480" endTime="59.510"/>
      <word confidence="0.863" wordID="een" beginTime="59.510" endTime="59.750"/>
      <word confidence="0.738" wordID="SIL" beginTime="59.750" endTime="59.760"/>
      <word confidence="0.804" wordID="terecht" beginTime="59.760" endTime="60.240"/>
      <word confidence="0.741" wordID="SIL" beginTime="60.240" endTime="60.250"/>
      <word confidence="0.771" wordID="is" beginTime="60.250" endTime="61.110"/>
    </wordsequence>
  </speech>
  <speech label="SPK09-018" begintime="61.13" endtime="64.23" >
    <wordsequence>
      <word confidence="0.731" wordID="ja" beginTime="61.130" endTime="62.050"/>
      <word confidence="0.693" wordID="SIL" beginTime="62.050" endTime="62.090"/>
      <word confidence="0.825" wordID="ik" beginTime="62.090" endTime="62.370"/>
      <word confidence="0.710" wordID="SIL" beginTime="62.370" endTime="62.570"/>
      <word confidence="0.779" wordID="vind" beginTime="62.570" endTime="62.760"/>
      <word confidence="0.708" wordID="SIL" beginTime="62.760" endTime="62.930"/>
      <word confidence="0.786" wordID="ik" beginTime="62.930" endTime="63.570"/>
      <word confidence="0.832" wordID="SIL" beginTime="63.570" endTime="63.600"/>
      <word confidence="0.804" wordID="het" beginTime="63.600" endTime="64.230"/>
    </wordsequence>
  </speech>
  <speech label="SPK01-019" begintime="64.25" endtime="66.83" >
    <wordsequence>
      <word confidence="0.867" wordID="op" beginTime="64.250" endTime="64.390"/>
      <word confidence="0.959" wordID="school" beginTime="64.390" endTime="64.720"/>
      <word confidence="0.783" wordID="een" beginTime="64.720" endTime="64.800"/>
      <word confidence="0.967" wordID="niet" beginTime="64.800" endTime="65.020"/>
      <word confidence="0.878" wordID="onaanzienlijk" beginTime="65.020" endTime="65.630"/>
      <word confidence="1.000" wordID="deel" beginTime="65.630" endTime="65.800"/>
      <word confidence="0.964" wordID="van" beginTime="65.800" endTime="65.950"/>
      <word confidence="0.628" wordID="SIL" beginTime="65.950" endTime="65.960"/>
      <word confidence="1.000" wordID="deze" beginTime="65.960" endTime="66.240"/>
      <word confidence="0.992" wordID="broodsoorten" beginTime="66.240" endTime="66.830"/>
    </wordsequence>
  </speech>
  <speech label="SPK01-020" begintime="66.85" endtime="70.27" >
    <wordsequence>
      <word confidence="0.834" wordID="van" beginTime="66.850" endTime="67.110"/>
      <word confidence="0.753" wordID="SIL" beginTime="67.110" endTime="67.130"/>
      <word confidence="0.801" wordID="de" beginTime="67.130" endTime="67.270"/>
      <word confidence="1.000" wordID="fabrieken" beginTime="67.270" endTime="67.670"/>
      <word confidence="0.861" wordID="bruggen" beginTime="67.670" endTime="67.990"/>
      <word confidence="0.973" wordID="wegen" beginTime="67.990" endTime="68.270"/>
      <word confidence="0.852" wordID="SIL" beginTime="68.270" endTime="68.550"/>
      <word confidence="1.000" wordID="maken" beginTime="68.550" endTime="68.860"/>
      <word confidence="0.957" wordID="velen" beginTime="68.860" endTime="69.170"/>
      <word confidence="0.873" wordID="waren" beginTime="69.170" endTime="69.460"/>
      <word confidence="0.967" wordID="bakkers" beginTime="69.460" endTime="69.880"/>
      <word confidence="0.882" wordID="SIL" beginTime="69.880" endTime="69.900"/>
      <word confidence="1.000" wordID="ze" beginTime="69.900" endTime="70.070"/>
      <word confidence="1.000" wordID="zou" beginTime="70.070" endTime="70.270"/>
    </wordsequence>
  </speech>
  <speech label="SPK15-021" begintime="70.29" endtime="73.16" >
    <wordsequence>
      <word confidence="0.750" wordID="SIL" beginTime="70.290" endTime="71.130"/>
      <word confidence="0.879" wordID="en" beginTime="71.130" endTime="71.330"/>
      <word confidence="0.740" wordID="SIL" beginTime="71.330" endTime="71.340"/>
      <word confidence="1.000" wordID="in" beginTime="71.340" endTime="71.480"/>
      <word confidence="0.926" wordID="de" beginTime="71.480" endTime="71.560"/>
      <word confidence="1.000" wordID="concurrentiestrijd" beginTime="71.560" endTime="72.580"/>
      <word confidence="0.749" wordID="SIL" beginTime="72.580" endTime="72.660"/>
      <word confidence="1.000" wordID="weten" beginTime="72.660" endTime="72.970"/>
      <word confidence="1.000" wordID="zes" beginTime="72.970" endTime="73.160"/>
    </wordsequence>
  </speech>
  <speech label="SPK01-022" begintime="73.18" endtime="76.24" >
    <wordsequence>
      <word confidence="0.777" wordID="je" beginTime="73.180" endTime="73.270"/>
      <word confidence="0.881" wordID="SIL" beginTime="73.270" endTime="73.280"/>
      <word confidence="1.000" wordID="staande" beginTime="73.280" endTime="73.680"/>
      <word confidence="1.000" wordID="te" beginTime="73.680" endTime="73.790"/>
      <word confidence="1.000" wordID="houden" beginTime="73.790" endTime="74.140"/>
      <word confidence="0.766" wordID="SIL" beginTime="74.140" endTime="74.450"/>
      <word confidence="0.923" wordID="door" beginTime="74.450" endTime="74.560"/>
      <word confidence="1.000" wordID="de" beginTime="74.560" endTime="74.660"/>
      <word confidence="0.746" wordID="SIL" beginTime="74.660" endTime="74.690"/>
      <word confidence="0.989" wordID="toenemende" beginTime="74.690" endTime="75.130"/>
      <word confidence="1.000" wordID="belangstelling" beginTime="75.130" endTime="75.670"/>
      <word confidence="0.953" wordID="van" beginTime="75.670" endTime="75.770"/>
      <word confidence="0.956" wordID="de" beginTime="75.770" endTime="75.840"/>
      <word confidence="1.000" wordID="consumer" beginTime="75.840" endTime="76.240"/>
    </wordsequence>
  </speech>
  <speech label="SPK16-023" begintime="76.26" endtime="79.92" >
    <wordsequence>
      <word confidence="0.774" wordID="ja" beginTime="76.260" endTime="77.720"/>
      <word confidence="0.757" wordID="SIL" beginTime="77.720" endTime="78.090"/>
      <word confidence="0.767" wordID="ja" beginTime="78.090" endTime="79.700"/>
      <word confidence="0.830" wordID="SIL" beginTime="79.700" endTime="79.920"/>
    </wordsequence>
  </speech>

  </segments>
</shout_metadata>
