<?xml version="1.0" encoding="UTF-8"?>
<!--
  ##################################################################################################
  ###                      This transcription is automatically generated by                      ###
  ###                              X-MI, Cross-Media interaction                                 ###
  ###                                    http://x-mi.nl                                          ###
  ##################################################################################################
-->
<shout_metadata>
  <model_info>
    <version>Standaard systeem 28-02-2012</version>
    <description>Academia</description>
  </model_info>
  <segments>
  <speech label="SPK01-001" begintime="0.52" endtime="3.44" >
    <wordsequence>
      <word confidence="0.750" wordID="SIL" beginTime="0.520" endTime="1.940"/>
      <word confidence="0.945" wordID="wel" beginTime="1.940" endTime="3.380"/>
      <word confidence="0.748" wordID="SIL" beginTime="3.380" endTime="3.440"/>
    </wordsequence>
  </speech>
  <speech label="SPK02-002" begintime="3.46" endtime="6.40" >
    <wordsequence>
      <word confidence="1.000" wordID="een" beginTime="3.460" endTime="4.230"/>
      <word confidence="0.735" wordID="SIL" beginTime="4.230" endTime="4.240"/>
      <word confidence="0.936" wordID="uh" beginTime="4.240" endTime="5.940"/>
      <word confidence="0.749" wordID="SIL" beginTime="5.940" endTime="6.400"/>
    </wordsequence>
  </speech>
  <speech label="SPK02-003" begintime="6.97" endtime="7.57" >
    <wordsequence>
      <word confidence="0.861" wordID="wie" beginTime="6.970" endTime="7.280"/>
      <word confidence="0.750" wordID="SIL" beginTime="7.280" endTime="7.570"/>
    </wordsequence>
  </speech>
  <speech label="SPK01-004" begintime="7.59" endtime="12.02" >
    <wordsequence>
      <word confidence="0.883" wordID="televisiezender" beginTime="7.590" endTime="8.320"/>
      <word confidence="0.740" wordID="in" beginTime="8.320" endTime="8.470"/>
      <word confidence="0.901" wordID="loop" beginTime="8.470" endTime="8.740"/>
      <word confidence="1.000" wordID="ik" beginTime="8.740" endTime="9.020"/>
      <word confidence="1.000" wordID="SIL" beginTime="9.020" endTime="9.100"/>
      <word confidence="1.000" wordID="me" beginTime="9.100" endTime="9.220"/>
      <word confidence="1.000" wordID="van" beginTime="9.220" endTime="9.340"/>
      <word confidence="0.984" wordID="het" beginTime="9.340" endTime="9.420"/>
      <word confidence="1.000" wordID="hoogste" beginTime="9.420" endTime="9.750"/>
      <word confidence="1.000" wordID="punt" beginTime="9.750" endTime="10.000"/>
      <word confidence="0.894" wordID="drie" beginTime="10.000" endTime="10.150"/>
      <word confidence="1.000" wordID="onder" beginTime="10.150" endTime="10.330"/>
      <word confidence="0.925" wordID="twee" beginTime="10.330" endTime="10.530"/>
      <word confidence="1.000" wordID="en" beginTime="10.530" endTime="10.630"/>
      <word confidence="1.000" wordID="tachtig" beginTime="10.630" endTime="10.930"/>
      <word confidence="0.984" wordID="meter" beginTime="10.930" endTime="11.170"/>
      <word confidence="0.867" wordID="in" beginTime="11.170" endTime="11.240"/>
      <word confidence="0.881" wordID="de" beginTime="11.240" endTime="11.310"/>
      <word confidence="0.851" wordID="lucht" beginTime="11.310" endTime="11.520"/>
      <word confidence="0.947" wordID="steken" beginTime="11.520" endTime="11.840"/>
      <word confidence="1.000" wordID="SIL" beginTime="11.840" endTime="12.020"/>
    </wordsequence>
  </speech>
  <speech label="SPK01-005" begintime="12.05" endtime="15.55" >
    <wordsequence>
      <word confidence="0.750" wordID="SIL" beginTime="12.050" endTime="12.280"/>
      <word confidence="0.897" wordID="internet" beginTime="12.280" endTime="12.770"/>
      <word confidence="1.000" wordID="aan" beginTime="12.770" endTime="12.940"/>
      <word confidence="0.975" wordID="het" beginTime="12.940" endTime="13.060"/>
      <word confidence="0.867" wordID="zelf" beginTime="13.060" endTime="13.340"/>
      <word confidence="0.738" wordID="SIL" beginTime="13.340" endTime="13.350"/>
      <word confidence="0.909" wordID="was" beginTime="13.350" endTime="13.600"/>
      <word confidence="0.746" wordID="SIL" beginTime="13.600" endTime="13.620"/>
      <word confidence="0.914" wordID="al" beginTime="13.620" endTime="13.720"/>
      <word confidence="1.000" wordID="twee" beginTime="13.720" endTime="13.930"/>
      <word confidence="1.000" wordID="honderd" beginTime="13.930" endTime="14.180"/>
      <word confidence="1.000" wordID="vijftig" beginTime="14.180" endTime="14.550"/>
      <word confidence="1.000" wordID="meter" beginTime="14.550" endTime="14.810"/>
      <word confidence="0.920" wordID="hoogte" beginTime="14.810" endTime="15.210"/>
      <word confidence="0.750" wordID="SIL" beginTime="15.210" endTime="15.550"/>
    </wordsequence>
  </speech>
  <speech label="SPK01-006" begintime="15.57" endtime="19.30" >
    <wordsequence>
      <word confidence="0.750" wordID="SIL" beginTime="15.570" endTime="15.640"/>
      <word confidence="0.925" wordID="die" beginTime="15.640" endTime="15.730"/>
      <word confidence="0.930" wordID="gemonteerd" beginTime="15.730" endTime="16.260"/>
      <word confidence="1.000" wordID="is" beginTime="16.260" endTime="16.560"/>
      <word confidence="1.000" wordID="SIL" beginTime="16.560" endTime="16.650"/>
      <word confidence="0.972" wordID="op" beginTime="16.650" endTime="16.790"/>
      <word confidence="1.000" wordID="de" beginTime="16.790" endTime="16.880"/>
      <word confidence="1.000" wordID="honderd" beginTime="16.880" endTime="17.190"/>
      <word confidence="0.977" wordID="meter" beginTime="17.190" endTime="17.440"/>
      <word confidence="1.000" wordID="hoge" beginTime="17.440" endTime="17.740"/>
      <word confidence="1.000" wordID="betonnen" beginTime="17.740" endTime="18.300"/>
      <word confidence="0.879" wordID="SIL" beginTime="18.300" endTime="18.310"/>
      <word confidence="0.909" wordID="torens" beginTime="18.310" endTime="18.910"/>
      <word confidence="0.940" wordID="SIL" beginTime="18.910" endTime="19.300"/>
    </wordsequence>
  </speech>
  <speech label="SPK01-007" begintime="19.33" endtime="23.34" >
    <wordsequence>
      <word confidence="0.750" wordID="SIL" beginTime="19.330" endTime="19.660"/>
      <word confidence="0.939" wordID="de" beginTime="19.660" endTime="19.860"/>
      <word confidence="1.000" wordID="mast" beginTime="19.860" endTime="20.150"/>
      <word confidence="0.978" wordID="rust" beginTime="20.150" endTime="20.520"/>
      <word confidence="1.000" wordID="op" beginTime="20.520" endTime="20.610"/>
      <word confidence="1.000" wordID="een" beginTime="20.610" endTime="20.700"/>
      <word confidence="0.954" wordID="soort" beginTime="20.700" endTime="21.000"/>
      <word confidence="0.748" wordID="SIL" beginTime="21.000" endTime="21.080"/>
      <word confidence="0.918" wordID="kogelgaten" beginTime="21.080" endTime="21.670"/>
      <word confidence="0.737" wordID="SIL" beginTime="21.670" endTime="21.680"/>
      <word confidence="0.897" wordID="werd" beginTime="21.680" endTime="22.180"/>
      <word confidence="0.748" wordID="SIL" beginTime="22.180" endTime="22.240"/>
      <word confidence="0.828" wordID="en" beginTime="22.240" endTime="22.410"/>
      <word confidence="1.000" wordID="wordt" beginTime="22.410" endTime="22.560"/>
      <word confidence="0.937" wordID="aan" beginTime="22.560" endTime="22.660"/>
      <word confidence="0.907" wordID="drie" beginTime="22.660" endTime="22.840"/>
      <word confidence="0.742" wordID="SIL" beginTime="22.840" endTime="22.850"/>
      <word confidence="1.000" wordID="zijden" beginTime="22.850" endTime="23.300"/>
      <word confidence="0.746" wordID="SIL" beginTime="23.300" endTime="23.340"/>
    </wordsequence>
  </speech>
  <speech label="SPK01-008" begintime="23.36" endtime="26.51" >
    <wordsequence>
      <word confidence="0.697" wordID="SIL" beginTime="23.360" endTime="23.390"/>
      <word confidence="0.889" wordID="door" beginTime="23.390" endTime="23.520"/>
      <word confidence="1.000" wordID="telkens" beginTime="23.520" endTime="23.990"/>
      <word confidence="1.000" wordID="vier" beginTime="23.990" endTime="24.310"/>
      <word confidence="1.000" wordID="zware" beginTime="24.310" endTime="24.710"/>
      <word confidence="1.000" wordID="SIL" beginTime="24.710" endTime="24.760"/>
      <word confidence="0.910" wordID="duiken" beginTime="24.760" endTime="25.100"/>
      <word confidence="1.000" wordID="aanbod" beginTime="25.100" endTime="25.410"/>
      <word confidence="0.933" wordID="in" beginTime="25.410" endTime="25.500"/>
      <word confidence="1.000" wordID="balans" beginTime="25.500" endTime="25.790"/>
      <word confidence="1.000" wordID="gehouden" beginTime="25.790" endTime="26.170"/>
      <word confidence="0.806" wordID="SIL" beginTime="26.170" endTime="26.510"/>
    </wordsequence>
  </speech>
  <speech label="SPK01-009" begintime="26.54" endtime="32.04" >
    <wordsequence>
      <word confidence="0.750" wordID="SIL" beginTime="26.540" endTime="27.450"/>
      <word confidence="0.843" wordID="en" beginTime="27.450" endTime="27.580"/>
      <word confidence="0.987" wordID="moesten" beginTime="27.580" endTime="28.030"/>
      <word confidence="1.000" wordID="van" beginTime="28.030" endTime="28.140"/>
      <word confidence="1.000" wordID="deze" beginTime="28.140" endTime="28.350"/>
      <word confidence="0.967" wordID="kamers" beginTime="28.350" endTime="28.670"/>
      <word confidence="1.000" wordID="te" beginTime="28.670" endTime="28.770"/>
      <word confidence="1.000" wordID="voorkomen" beginTime="28.770" endTime="29.370"/>
      <word confidence="0.749" wordID="SIL" beginTime="29.370" endTime="29.680"/>
      <word confidence="1.000" wordID="moeten" beginTime="29.680" endTime="29.930"/>
      <word confidence="0.988" wordID="ze" beginTime="29.930" endTime="30.060"/>
      <word confidence="1.000" wordID="eens" beginTime="30.060" endTime="30.280"/>
      <word confidence="1.000" wordID="in" beginTime="30.280" endTime="30.340"/>
      <word confidence="1.000" wordID="de" beginTime="30.340" endTime="30.410"/>
      <word confidence="1.000" wordID="vijf" beginTime="30.410" endTime="30.690"/>
      <word confidence="0.741" wordID="SIL" beginTime="30.690" endTime="30.700"/>
      <word confidence="1.000" wordID="jaar" beginTime="30.700" endTime="30.900"/>
      <word confidence="1.000" wordID="geschilderd" beginTime="30.900" endTime="31.380"/>
      <word confidence="1.000" wordID="worden" beginTime="31.380" endTime="31.840"/>
      <word confidence="0.749" wordID="SIL" beginTime="31.840" endTime="32.040"/>
    </wordsequence>
  </speech>
  <speech label="SPK01-010" begintime="32.13" endtime="35.70" >
    <wordsequence>
      <word confidence="0.750" wordID="SIL" beginTime="32.130" endTime="32.580"/>
      <word confidence="0.977" wordID="dat" beginTime="32.580" endTime="32.740"/>
      <word confidence="0.908" wordID="werk" beginTime="32.740" endTime="33.000"/>
      <word confidence="0.968" wordID="gebeurt" beginTime="33.000" endTime="33.360"/>
      <word confidence="0.748" wordID="SIL" beginTime="33.360" endTime="33.450"/>
      <word confidence="0.926" wordID="in" beginTime="33.450" endTime="33.620"/>
      <word confidence="0.735" wordID="SIL" beginTime="33.620" endTime="33.630"/>
      <word confidence="0.966" wordID="opdracht" beginTime="33.630" endTime="34.080"/>
      <word confidence="0.742" wordID="SIL" beginTime="34.080" endTime="34.100"/>
      <word confidence="0.963" wordID="van" beginTime="34.100" endTime="34.200"/>
      <word confidence="0.986" wordID="de" beginTime="34.200" endTime="34.260"/>
      <word confidence="1.000" wordID="ptt" beginTime="34.260" endTime="34.900"/>
      <word confidence="0.750" wordID="SIL" beginTime="34.900" endTime="35.440"/>
      <word confidence="0.906" wordID="willen" beginTime="35.440" endTime="35.700"/>
    </wordsequence>
  </speech>
  <speech label="SPK13-011" begintime="35.72" endtime="38.31" >
    <wordsequence>
      <word confidence="0.750" wordID="SIL" beginTime="35.720" endTime="35.740"/>
      <word confidence="0.764" wordID="de" beginTime="35.740" endTime="35.940"/>
      <word confidence="0.811" wordID="SIL" beginTime="35.940" endTime="35.950"/>
      <word confidence="0.854" wordID="winst" beginTime="35.950" endTime="36.210"/>
      <word confidence="0.724" wordID="SIL" beginTime="36.210" endTime="36.220"/>
      <word confidence="0.795" wordID="in" beginTime="36.220" endTime="36.500"/>
      <word confidence="1.000" wordID="SIL" beginTime="36.500" endTime="36.550"/>
      <word confidence="0.797" wordID="de" beginTime="36.550" endTime="36.740"/>
      <word confidence="0.892" wordID="SIL" beginTime="36.740" endTime="36.750"/>
      <word confidence="0.773" wordID="berichten" beginTime="36.750" endTime="37.220"/>
      <word confidence="0.947" wordID="over" beginTime="37.220" endTime="37.450"/>
      <word confidence="0.876" wordID="SIL" beginTime="37.450" endTime="38.080"/>
      <word confidence="0.937" wordID="haar" beginTime="38.080" endTime="38.310"/>
    </wordsequence>
  </speech>
  <speech label="SPK14-012" begintime="38.33" endtime="40.78" >
    <wordsequence>
      <word confidence="0.922" wordID="al" beginTime="38.330" endTime="38.580"/>
      <word confidence="0.678" wordID="SIL" beginTime="38.580" endTime="38.650"/>
      <word confidence="0.924" wordID="gaat" beginTime="38.650" endTime="38.980"/>
      <word confidence="0.750" wordID="SIL" beginTime="38.980" endTime="39.360"/>
      <word confidence="0.896" wordID="het" beginTime="39.360" endTime="39.560"/>
      <word confidence="0.740" wordID="SIL" beginTime="39.560" endTime="39.570"/>
      <word confidence="0.942" wordID="om" beginTime="39.570" endTime="39.810"/>
      <word confidence="0.749" wordID="SIL" beginTime="39.810" endTime="39.930"/>
      <word confidence="0.878" wordID="een" beginTime="39.930" endTime="40.270"/>
      <word confidence="0.745" wordID="SIL" beginTime="40.270" endTime="40.300"/>
      <word confidence="0.845" wordID="zitten" beginTime="40.300" endTime="40.660"/>
      <word confidence="0.749" wordID="SIL" beginTime="40.660" endTime="40.780"/>
    </wordsequence>
  </speech>
  <speech label="SPK15-013" begintime="40.80" endtime="43.42" >
    <wordsequence>
      <word confidence="0.760" wordID="ja" beginTime="40.800" endTime="41.690"/>
      <word confidence="0.853" wordID="SIL" beginTime="41.690" endTime="41.960"/>
      <word confidence="0.804" wordID="maar" beginTime="41.960" endTime="42.540"/>
      <word confidence="0.749" wordID="SIL" beginTime="42.540" endTime="42.800"/>
      <word confidence="0.814" wordID="je" beginTime="42.800" endTime="43.340"/>
      <word confidence="0.749" wordID="SIL" beginTime="43.340" endTime="43.420"/>
    </wordsequence>
  </speech>
  <speech label="SPK01-014" begintime="43.44" endtime="47.06" >
    <wordsequence>
      <word confidence="0.856" wordID="voor" beginTime="43.440" endTime="43.680"/>
      <word confidence="0.966" wordID="elke" beginTime="43.680" endTime="43.950"/>
      <word confidence="1.000" wordID="kabul" beginTime="43.950" endTime="44.450"/>
      <word confidence="0.896" wordID="SIL" beginTime="44.450" endTime="44.480"/>
      <word confidence="0.932" wordID="die" beginTime="44.480" endTime="44.700"/>
      <word confidence="1.000" wordID="lengte" beginTime="44.700" endTime="45.000"/>
      <word confidence="0.974" wordID="heeft" beginTime="45.000" endTime="45.240"/>
      <word confidence="1.000" wordID="van" beginTime="45.240" endTime="45.390"/>
      <word confidence="1.000" wordID="gemiddeld" beginTime="45.390" endTime="45.770"/>
      <word confidence="1.000" wordID="drie" beginTime="45.770" endTime="45.920"/>
      <word confidence="1.000" wordID="honderd" beginTime="45.920" endTime="46.170"/>
      <word confidence="0.860" wordID="SIL" beginTime="46.170" endTime="46.180"/>
      <word confidence="1.000" wordID="vijftig" beginTime="46.180" endTime="46.530"/>
      <word confidence="1.000" wordID="meter" beginTime="46.530" endTime="46.860"/>
      <word confidence="0.976" wordID="SIL" beginTime="46.860" endTime="47.060"/>
    </wordsequence>
  </speech>
  <speech label="SPK01-015" begintime="47.08" endtime="49.53" >
    <wordsequence>
      <word confidence="0.750" wordID="SIL" beginTime="47.080" endTime="47.300"/>
      <word confidence="0.935" wordID="kunnen" beginTime="47.300" endTime="47.530"/>
      <word confidence="0.966" wordID="de" beginTime="47.530" endTime="47.610"/>
      <word confidence="1.000" wordID="mannen" beginTime="47.610" endTime="47.820"/>
      <word confidence="1.000" wordID="ongeveer" beginTime="47.820" endTime="48.220"/>
      <word confidence="0.742" wordID="SIL" beginTime="48.220" endTime="48.240"/>
      <word confidence="0.941" wordID="acht" beginTime="48.240" endTime="48.520"/>
      <word confidence="0.739" wordID="SIL" beginTime="48.520" endTime="48.530"/>
      <word confidence="1.000" wordID="uur" beginTime="48.530" endTime="48.740"/>
      <word confidence="1.000" wordID="van" beginTime="48.740" endTime="48.860"/>
      <word confidence="1.000" wordID="het" beginTime="48.860" endTime="48.930"/>
      <word confidence="0.735" wordID="SIL" beginTime="48.930" endTime="48.940"/>
      <word confidence="1.000" wordID="panorama" beginTime="48.940" endTime="49.530"/>
    </wordsequence>
  </speech>
  <speech label="SPK14-016" begintime="49.55" endtime="52.14" >
    <wordsequence>
      <word confidence="0.750" wordID="SIL" beginTime="49.550" endTime="49.560"/>
      <word confidence="0.740" wordID="een" beginTime="49.560" endTime="49.840"/>
      <word confidence="0.781" wordID="SIL" beginTime="49.840" endTime="50.610"/>
      <word confidence="0.808" wordID="andere" beginTime="50.610" endTime="51.280"/>
      <word confidence="0.749" wordID="SIL" beginTime="51.280" endTime="51.510"/>
      <word confidence="0.841" wordID="dag" beginTime="51.510" endTime="51.840"/>
      <word confidence="0.744" wordID="SIL" beginTime="51.840" endTime="51.860"/>
      <word confidence="0.878" wordID="was" beginTime="51.860" endTime="52.000"/>
      <word confidence="0.749" wordID="SIL" beginTime="52.000" endTime="52.140"/>
    </wordsequence>
  </speech>
  <speech label="SPK01-017" begintime="52.16" endtime="54.42" >
    <wordsequence>
      <word confidence="0.750" wordID="SIL" beginTime="52.160" endTime="52.230"/>
      <word confidence="1.000" wordID="dit" beginTime="52.230" endTime="52.390"/>
      <word confidence="0.741" wordID="SIL" beginTime="52.390" endTime="52.400"/>
      <word confidence="0.918" wordID="is" beginTime="52.400" endTime="52.610"/>
      <word confidence="0.749" wordID="SIL" beginTime="52.610" endTime="52.660"/>
      <word confidence="0.930" wordID="wordt" beginTime="52.660" endTime="52.940"/>
      <word confidence="0.745" wordID="SIL" beginTime="52.940" endTime="52.970"/>
      <word confidence="0.890" wordID="door" beginTime="52.970" endTime="53.130"/>
      <word confidence="0.747" wordID="SIL" beginTime="53.130" endTime="53.170"/>
      <word confidence="0.949" wordID="collega&apos;s" beginTime="53.170" endTime="53.730"/>
      <word confidence="1.000" wordID="van" beginTime="53.730" endTime="53.850"/>
      <word confidence="0.864" wordID="de" beginTime="53.850" endTime="53.920"/>
      <word confidence="1.000" wordID="schilders" beginTime="53.920" endTime="54.390"/>
      <word confidence="0.745" wordID="SIL" beginTime="54.390" endTime="54.420"/>
    </wordsequence>
  </speech>
  <speech label="SPK01-018" begintime="54.44" endtime="57.95" >
    <wordsequence>
      <word confidence="0.688" wordID="SIL" beginTime="54.440" endTime="54.480"/>
      <word confidence="0.871" wordID="uh" beginTime="54.480" endTime="54.720"/>
      <word confidence="0.742" wordID="SIL" beginTime="54.720" endTime="54.730"/>
      <word confidence="0.848" wordID="wat" beginTime="54.730" endTime="54.850"/>
      <word confidence="0.965" wordID="behulp" beginTime="54.850" endTime="55.130"/>
      <word confidence="0.739" wordID="SIL" beginTime="55.130" endTime="55.140"/>
      <word confidence="1.000" wordID="van" beginTime="55.140" endTime="55.280"/>
      <word confidence="0.942" wordID="een" beginTime="55.280" endTime="55.350"/>
      <word confidence="0.984" wordID="hier" beginTime="55.350" endTime="55.760"/>
      <word confidence="0.748" wordID="SIL" beginTime="55.760" endTime="55.830"/>
      <word confidence="1.000" wordID="langs" beginTime="55.830" endTime="56.110"/>
      <word confidence="0.997" wordID="de" beginTime="56.110" endTime="56.190"/>
      <word confidence="1.000" wordID="krabbel" beginTime="56.190" endTime="56.590"/>
      <word confidence="0.740" wordID="SIL" beginTime="56.590" endTime="56.600"/>
      <word confidence="1.000" wordID="omhoog" beginTime="56.600" endTime="56.910"/>
      <word confidence="0.954" wordID="gebracht" beginTime="56.910" endTime="57.290"/>
      <word confidence="0.761" wordID="SIL" beginTime="57.290" endTime="57.950"/>
    </wordsequence>
  </speech>
  <speech label="SPK01-019" begintime="57.97" endtime="63.12" >
    <wordsequence>
      <word confidence="0.750" wordID="SIL" beginTime="57.970" endTime="58.130"/>
      <word confidence="0.932" wordID="dat" beginTime="58.130" endTime="58.240"/>
      <word confidence="0.947" wordID="is" beginTime="58.240" endTime="58.310"/>
      <word confidence="0.952" wordID="een" beginTime="58.310" endTime="58.400"/>
      <word confidence="0.842" wordID="van" beginTime="58.400" endTime="58.510"/>
      <word confidence="0.742" wordID="SIL" beginTime="58.510" endTime="58.520"/>
      <word confidence="1.000" wordID="eentonig" beginTime="58.520" endTime="59.060"/>
      <word confidence="0.774" wordID="SIL" beginTime="59.060" endTime="59.070"/>
      <word confidence="0.859" wordID="en" beginTime="59.070" endTime="59.200"/>
      <word confidence="0.990" wordID="zwaar" beginTime="59.200" endTime="59.490"/>
      <word confidence="0.745" wordID="SIL" beginTime="59.490" endTime="59.500"/>
      <word confidence="0.921" wordID="erbij" beginTime="59.500" endTime="59.940"/>
      <word confidence="0.745" wordID="SIL" beginTime="59.940" endTime="59.950"/>
      <word confidence="0.868" wordID="horen" beginTime="59.950" endTime="60.540"/>
      <word confidence="0.975" wordID="daarom" beginTime="60.540" endTime="60.800"/>
      <word confidence="0.980" wordID="over" beginTime="60.800" endTime="60.970"/>
      <word confidence="1.000" wordID="deze" beginTime="60.970" endTime="61.170"/>
      <word confidence="1.000" wordID="mannen" beginTime="61.170" endTime="61.370"/>
      <word confidence="1.000" wordID="bij" beginTime="61.370" endTime="61.510"/>
      <word confidence="0.772" wordID="SIL" beginTime="61.510" endTime="61.570"/>
      <word confidence="0.996" wordID="toerbeurt" beginTime="61.570" endTime="62.080"/>
      <word confidence="0.642" wordID="SIL" beginTime="62.080" endTime="62.090"/>
      <word confidence="0.993" wordID="ook" beginTime="62.090" endTime="62.330"/>
      <word confidence="1.000" wordID="schilderen" beginTime="62.330" endTime="62.870"/>
      <word confidence="0.879" wordID="SIL" beginTime="62.870" endTime="63.120"/>
    </wordsequence>
  </speech>
  <speech label="SPK01-020" begintime="63.15" endtime="66.30" >
    <wordsequence>
      <word confidence="0.750" wordID="SIL" beginTime="63.150" endTime="63.470"/>
      <word confidence="1.000" wordID="alsof" beginTime="63.470" endTime="63.760"/>
      <word confidence="0.972" wordID="dat" beginTime="63.760" endTime="63.960"/>
      <word confidence="1.000" wordID="geen" beginTime="63.960" endTime="64.200"/>
      <word confidence="0.995" wordID="smaak" beginTime="64.200" endTime="64.460"/>
      <word confidence="1.000" wordID="aardbeien" beginTime="64.460" endTime="64.880"/>
      <word confidence="0.750" wordID="SIL" beginTime="64.880" endTime="65.620"/>
      <word confidence="0.938" wordID="hoe" beginTime="65.620" endTime="65.750"/>
      <word confidence="0.992" wordID="dan" beginTime="65.750" endTime="65.890"/>
      <word confidence="1.000" wordID="ook" beginTime="65.890" endTime="66.110"/>
      <word confidence="0.749" wordID="SIL" beginTime="66.110" endTime="66.300"/>
    </wordsequence>
  </speech>
  <speech label="SPK01-021" begintime="66.32" endtime="70.28" >
    <wordsequence>
      <word confidence="0.750" wordID="SIL" beginTime="66.320" endTime="66.390"/>
      <word confidence="0.952" wordID="deze" beginTime="66.390" endTime="66.600"/>
      <word confidence="1.000" wordID="luchtacrobaat" beginTime="66.600" endTime="67.250"/>
      <word confidence="0.741" wordID="SIL" beginTime="67.250" endTime="67.260"/>
      <word confidence="0.971" wordID="zorgen" beginTime="67.260" endTime="67.650"/>
      <word confidence="1.000" wordID="in" beginTime="67.650" endTime="67.720"/>
      <word confidence="1.000" wordID="de" beginTime="67.720" endTime="67.780"/>
      <word confidence="1.000" wordID="slappe" beginTime="67.780" endTime="68.090"/>
      <word confidence="0.993" wordID="zomermaanden" beginTime="68.090" endTime="68.680"/>
      <word confidence="0.938" wordID="SIL" beginTime="68.680" endTime="68.690"/>
      <word confidence="0.994" wordID="uhm" beginTime="68.690" endTime="68.870"/>
      <word confidence="1.000" wordID="hoogstaand" beginTime="68.870" endTime="69.400"/>
      <word confidence="0.992" wordID="programma" beginTime="69.400" endTime="69.890"/>
      <word confidence="1.000" wordID="SIL" beginTime="69.890" endTime="70.280"/>
    </wordsequence>
  </speech>
  <speech label="SPK01-022" begintime="70.30" endtime="77.02" >
    <wordsequence>
      <word confidence="0.750" wordID="SIL" beginTime="70.300" endTime="70.760"/>
      <word confidence="0.907" wordID="voor" beginTime="70.760" endTime="70.920"/>
      <word confidence="1.000" wordID="elke" beginTime="70.920" endTime="71.240"/>
      <word confidence="0.732" wordID="SIL" beginTime="71.240" endTime="71.250"/>
      <word confidence="0.908" wordID="daar" beginTime="71.250" endTime="71.460"/>
      <word confidence="1.000" wordID="wordt" beginTime="71.460" endTime="71.720"/>
      <word confidence="1.000" wordID="zestig" beginTime="71.720" endTime="72.070"/>
      <word confidence="1.000" wordID="kilo" beginTime="72.070" endTime="72.350"/>
      <word confidence="0.936" wordID="moest" beginTime="72.350" endTime="72.630"/>
      <word confidence="0.929" wordID="werelderfgoed" beginTime="72.630" endTime="73.280"/>
      <word confidence="0.904" wordID="bracht" beginTime="73.280" endTime="73.490"/>
      <word confidence="0.750" wordID="SIL" beginTime="73.490" endTime="74.490"/>
      <word confidence="0.807" wordID="het" beginTime="74.490" endTime="74.660"/>
      <word confidence="0.925" wordID="tot" beginTime="74.660" endTime="74.770"/>
      <word confidence="1.000" wordID="stand" beginTime="74.770" endTime="74.970"/>
      <word confidence="0.985" wordID="is" beginTime="74.970" endTime="75.080"/>
      <word confidence="1.000" wordID="nog" beginTime="75.080" endTime="75.280"/>
      <word confidence="0.986" wordID="dat" beginTime="75.280" endTime="75.440"/>
      <word confidence="1.000" wordID="men" beginTime="75.440" endTime="75.590"/>
      <word confidence="0.999" wordID="van" beginTime="75.590" endTime="75.800"/>
      <word confidence="0.735" wordID="SIL" beginTime="75.800" endTime="75.810"/>
      <word confidence="0.961" wordID="onder" beginTime="75.810" endTime="76.080"/>
      <word confidence="0.892" wordID="naar" beginTime="76.080" endTime="76.240"/>
      <word confidence="1.000" wordID="boven" beginTime="76.240" endTime="76.550"/>
      <word confidence="0.981" wordID="werkt" beginTime="76.550" endTime="76.860"/>
      <word confidence="0.748" wordID="SIL" beginTime="76.860" endTime="77.020"/>
    </wordsequence>
  </speech>
  <speech label="SPK01-023" begintime="77.04" endtime="80.15" >
    <wordsequence>
      <word confidence="0.750" wordID="SIL" beginTime="77.040" endTime="77.310"/>
      <word confidence="0.973" wordID="om" beginTime="77.310" endTime="77.440"/>
      <word confidence="1.000" wordID="te" beginTime="77.440" endTime="77.540"/>
      <word confidence="1.000" wordID="voorkomen" beginTime="77.540" endTime="78.070"/>
      <word confidence="1.000" wordID="dat" beginTime="78.070" endTime="78.240"/>
      <word confidence="0.748" wordID="SIL" beginTime="78.240" endTime="78.310"/>
      <word confidence="0.877" wordID="een" beginTime="78.310" endTime="78.410"/>
      <word confidence="1.000" wordID="van" beginTime="78.410" endTime="78.590"/>
      <word confidence="0.948" wordID="de" beginTime="78.590" endTime="78.710"/>
      <word confidence="0.735" wordID="SIL" beginTime="78.710" endTime="78.720"/>
      <word confidence="1.000" wordID="kabel" beginTime="78.720" endTime="79.090"/>
      <word confidence="0.737" wordID="SIL" beginTime="79.090" endTime="79.100"/>
      <word confidence="0.981" wordID="afblijven" beginTime="79.100" endTime="79.600"/>
      <word confidence="1.000" wordID="de" beginTime="79.600" endTime="79.680"/>
      <word confidence="0.959" wordID="verf" beginTime="79.680" endTime="79.980"/>
      <word confidence="0.748" wordID="SIL" beginTime="79.980" endTime="80.150"/>
    </wordsequence>
  </speech>
  <speech label="SPK01-024" begintime="80.17" endtime="82.58" >
    <wordsequence>
      <word confidence="0.750" wordID="SIL" beginTime="80.170" endTime="80.310"/>
      <word confidence="0.948" wordID="in" beginTime="80.310" endTime="80.440"/>
      <word confidence="1.000" wordID="de" beginTime="80.440" endTime="80.510"/>
      <word confidence="1.000" wordID="kist" beginTime="80.510" endTime="80.940"/>
      <word confidence="0.747" wordID="SIL" beginTime="80.940" endTime="81.060"/>
      <word confidence="0.935" wordID="en" beginTime="81.060" endTime="81.210"/>
      <word confidence="1.000" wordID="op" beginTime="81.210" endTime="81.390"/>
      <word confidence="1.000" wordID="de" beginTime="81.390" endTime="81.470"/>
      <word confidence="1.000" wordID="schilders" beginTime="81.470" endTime="81.820"/>
      <word confidence="0.997" wordID="terechtkomt" beginTime="81.820" endTime="82.410"/>
      <word confidence="0.747" wordID="SIL" beginTime="82.410" endTime="82.580"/>
    </wordsequence>
  </speech>
  <speech label="SPK01-025" begintime="82.60" endtime="86.43" >
    <wordsequence>
      <word confidence="0.750" wordID="SIL" beginTime="82.600" endTime="83.370"/>
      <word confidence="0.897" wordID="door" beginTime="83.370" endTime="83.490"/>
      <word confidence="0.992" wordID="het" beginTime="83.490" endTime="83.560"/>
      <word confidence="0.975" wordID="slechte" beginTime="83.560" endTime="83.870"/>
      <word confidence="1.000" wordID="weer" beginTime="83.870" endTime="84.130"/>
      <word confidence="0.742" wordID="SIL" beginTime="84.130" endTime="84.140"/>
      <word confidence="0.981" wordID="heeft" beginTime="84.140" endTime="84.300"/>
      <word confidence="0.932" wordID="het" beginTime="84.300" endTime="84.380"/>
      <word confidence="0.966" wordID="werk" beginTime="84.380" endTime="84.620"/>
      <word confidence="1.000" wordID="ongeveer" beginTime="84.620" endTime="84.960"/>
      <word confidence="1.000" wordID="een" beginTime="84.960" endTime="85.040"/>
      <word confidence="1.000" wordID="maand" beginTime="85.040" endTime="85.310"/>
      <word confidence="1.000" wordID="geduurd" beginTime="85.310" endTime="85.680"/>
      <word confidence="0.750" wordID="SIL" beginTime="85.680" endTime="86.150"/>
      <word confidence="1.000" wordID="maar" beginTime="86.150" endTime="86.400"/>
      <word confidence="0.744" wordID="SIL" beginTime="86.400" endTime="86.430"/>
    </wordsequence>
  </speech>
  <speech label="SPK16-026" begintime="86.45" endtime="89.64" >
    <wordsequence>
      <word confidence="0.750" wordID="SIL" beginTime="86.450" endTime="86.530"/>
      <word confidence="0.993" wordID="nu" beginTime="86.530" endTime="86.720"/>
      <word confidence="0.744" wordID="SIL" beginTime="86.720" endTime="86.730"/>
      <word confidence="0.980" wordID="is" beginTime="86.730" endTime="86.890"/>
      <word confidence="1.000" wordID="de" beginTime="86.890" endTime="87.020"/>
      <word confidence="0.853" wordID="ontwikkelingen" beginTime="87.020" endTime="87.540"/>
      <word confidence="1.000" wordID="SIL" beginTime="87.540" endTime="87.600"/>
      <word confidence="0.917" wordID="keurig" beginTime="87.600" endTime="87.920"/>
      <word confidence="1.000" wordID="opgepoetst" beginTime="87.920" endTime="88.550"/>
      <word confidence="0.750" wordID="SIL" beginTime="88.550" endTime="89.200"/>
      <word confidence="0.839" wordID="maar" beginTime="89.200" endTime="89.450"/>
      <word confidence="0.749" wordID="SIL" beginTime="89.450" endTime="89.640"/>
    </wordsequence>
  </speech>

  </segments>
</shout_metadata>
