<?xml version="1.0" encoding="UTF-8"?>
<!--
  ##################################################################################################
  ###                      This transcription is automatically generated by                      ###
  ###                              X-MI, Cross-Media interaction                                 ###
  ###                                    http://x-mi.nl                                          ###
  ##################################################################################################
-->
<shout_metadata>
  <model_info>
    <version>Standaard systeem 28-02-2012</version>
    <description>Academia</description>
  </model_info>
  <segments>
  <speech label="SPK01-001" begintime="0.10" endtime="3.11" >
    <wordsequence>
      <word confidence="0.750" wordID="SIL" beginTime="0.100" endTime="0.570"/>
      <word confidence="0.924" wordID="nee" beginTime="0.570" endTime="0.840"/>
      <word confidence="0.743" wordID="SIL" beginTime="0.840" endTime="0.850"/>
      <word confidence="0.925" wordID="ik" beginTime="0.850" endTime="0.980"/>
      <word confidence="0.904" wordID="draag" beginTime="0.980" endTime="1.210"/>
      <word confidence="0.739" wordID="SIL" beginTime="1.210" endTime="1.220"/>
      <word confidence="0.983" wordID="het" beginTime="1.220" endTime="1.350"/>
      <word confidence="1.000" wordID="dorpje" beginTime="1.350" endTime="1.680"/>
      <word confidence="0.920" wordID="nog" beginTime="1.680" endTime="1.960"/>
      <word confidence="1.000" wordID="denken" beginTime="1.960" endTime="2.150"/>
      <word confidence="0.952" wordID="aan" beginTime="2.150" endTime="2.260"/>
      <word confidence="0.979" wordID="de" beginTime="2.260" endTime="2.340"/>
      <word confidence="1.000" wordID="lijn" beginTime="2.340" endTime="2.540"/>
      <word confidence="0.750" wordID="SIL" beginTime="2.540" endTime="2.930"/>
      <word confidence="0.857" wordID="van" beginTime="2.930" endTime="3.110"/>
    </wordsequence>
  </speech>
  <speech label="SPK02-002" begintime="3.13" endtime="7.08" >
    <wordsequence>
      <word confidence="0.960" wordID="voorbereidingen" beginTime="3.130" endTime="3.830"/>
      <word confidence="0.873" wordID="getroffen" beginTime="3.830" endTime="4.280"/>
      <word confidence="0.791" wordID="SIL" beginTime="4.280" endTime="4.290"/>
      <word confidence="0.906" wordID="voor" beginTime="4.290" endTime="4.440"/>
      <word confidence="1.000" wordID="de" beginTime="4.440" endTime="4.520"/>
      <word confidence="0.942" wordID="bar" beginTime="4.520" endTime="4.800"/>
      <word confidence="0.929" wordID="van" beginTime="4.800" endTime="4.930"/>
      <word confidence="1.000" wordID="nederland" beginTime="4.930" endTime="5.390"/>
      <word confidence="0.940" wordID="SIL" beginTime="5.390" endTime="5.410"/>
      <word confidence="0.883" wordID="in" beginTime="5.410" endTime="5.640"/>
      <word confidence="0.890" wordID="SIL" beginTime="5.640" endTime="5.690"/>
      <word confidence="0.974" wordID="de" beginTime="5.690" endTime="5.780"/>
      <word confidence="1.000" wordID="tweede" beginTime="5.780" endTime="6.030"/>
      <word confidence="0.914" wordID="bieden" beginTime="6.030" endTime="6.420"/>
      <word confidence="1.000" wordID="aan" beginTime="6.420" endTime="6.490"/>
      <word confidence="0.832" wordID="de" beginTime="6.490" endTime="6.550"/>
      <word confidence="0.939" wordID="SIL" beginTime="6.550" endTime="6.560"/>
      <word confidence="0.920" wordID="macht" beginTime="6.560" endTime="6.870"/>
      <word confidence="1.000" wordID="SIL" beginTime="6.870" endTime="7.080"/>
    </wordsequence>
  </speech>
  <speech label="SPK02-003" begintime="7.11" endtime="11.05" >
    <wordsequence>
      <word confidence="0.750" wordID="SIL" beginTime="7.110" endTime="7.420"/>
      <word confidence="0.977" wordID="de" beginTime="7.420" endTime="7.530"/>
      <word confidence="0.959" wordID="derde" beginTime="7.530" endTime="7.990"/>
      <word confidence="0.745" wordID="SIL" beginTime="7.990" endTime="8.020"/>
      <word confidence="1.000" wordID="vierde" beginTime="8.020" endTime="8.270"/>
      <word confidence="0.984" wordID="akkiraz" beginTime="8.270" endTime="8.700"/>
      <word confidence="0.987" wordID="die" beginTime="8.700" endTime="8.890"/>
      <word confidence="0.742" wordID="SIL" beginTime="8.890" endTime="8.900"/>
      <word confidence="0.893" wordID="dat" beginTime="8.900" endTime="9.080"/>
      <word confidence="0.921" wordID="deden" beginTime="9.080" endTime="9.460"/>
      <word confidence="0.749" wordID="SIL" beginTime="9.460" endTime="9.560"/>
      <word confidence="0.914" wordID="werden" beginTime="9.560" endTime="9.920"/>
      <word confidence="0.739" wordID="SIL" beginTime="9.920" endTime="9.930"/>
      <word confidence="0.968" wordID="dertig" beginTime="9.930" endTime="10.240"/>
      <word confidence="0.916" wordID="kilometer" beginTime="10.240" endTime="10.860"/>
      <word confidence="0.749" wordID="SIL" beginTime="10.860" endTime="11.050"/>
    </wordsequence>
  </speech>
  <speech label="SPK02-004" begintime="11.07" endtime="14.28" >
    <wordsequence>
      <word confidence="0.750" wordID="SIL" beginTime="11.070" endTime="11.200"/>
      <word confidence="0.922" wordID="dat" beginTime="11.200" endTime="11.370"/>
      <word confidence="0.832" wordID="dat" beginTime="11.370" endTime="11.510"/>
      <word confidence="0.737" wordID="SIL" beginTime="11.510" endTime="11.520"/>
      <word confidence="1.000" wordID="hier" beginTime="11.520" endTime="11.710"/>
      <word confidence="0.999" wordID="uit" beginTime="11.710" endTime="11.910"/>
      <word confidence="1.000" wordID="de" beginTime="11.910" endTime="12.040"/>
      <word confidence="0.740" wordID="SIL" beginTime="12.040" endTime="12.050"/>
      <word confidence="1.000" wordID="weer" beginTime="12.050" endTime="12.230"/>
      <word confidence="0.746" wordID="SIL" beginTime="12.230" endTime="12.280"/>
      <word confidence="0.942" wordID="bepalen" beginTime="12.280" endTime="12.620"/>
      <word confidence="0.742" wordID="SIL" beginTime="12.620" endTime="12.630"/>
      <word confidence="0.951" wordID="de" beginTime="12.630" endTime="12.740"/>
      <word confidence="1.000" wordID="gedeelte" beginTime="12.740" endTime="13.120"/>
      <word confidence="0.865" wordID="van" beginTime="13.120" endTime="13.250"/>
      <word confidence="0.919" wordID="ons" beginTime="13.250" endTime="13.410"/>
      <word confidence="0.684" wordID="SIL" beginTime="13.410" endTime="13.420"/>
      <word confidence="0.900" wordID="land" beginTime="13.420" endTime="13.620"/>
      <word confidence="0.979" wordID="betrekken" beginTime="13.620" endTime="14.220"/>
      <word confidence="0.747" wordID="SIL" beginTime="14.220" endTime="14.280"/>
    </wordsequence>
  </speech>
  <speech label="SPK02-005" begintime="14.30" endtime="17.89" >
    <wordsequence>
      <word confidence="0.750" wordID="SIL" beginTime="14.300" endTime="14.470"/>
      <word confidence="0.982" wordID="maar" beginTime="14.470" endTime="14.600"/>
      <word confidence="0.998" wordID="in" beginTime="14.600" endTime="14.720"/>
      <word confidence="1.000" wordID="dit" beginTime="14.720" endTime="14.850"/>
      <word confidence="1.000" wordID="hierop" beginTime="14.850" endTime="15.310"/>
      <word confidence="0.890" wordID="is" beginTime="15.310" endTime="15.470"/>
      <word confidence="0.741" wordID="SIL" beginTime="15.470" endTime="15.480"/>
      <word confidence="1.000" wordID="weer" beginTime="15.480" endTime="15.680"/>
      <word confidence="0.922" wordID="in" beginTime="15.680" endTime="15.880"/>
      <word confidence="0.749" wordID="SIL" beginTime="15.880" endTime="16.070"/>
      <word confidence="0.956" wordID="amsterdam" beginTime="16.070" endTime="16.780"/>
      <word confidence="0.742" wordID="SIL" beginTime="16.780" endTime="16.790"/>
      <word confidence="0.929" wordID="rotterdam" beginTime="16.790" endTime="17.470"/>
      <word confidence="0.747" wordID="SIL" beginTime="17.470" endTime="17.510"/>
      <word confidence="0.907" wordID="den" beginTime="17.510" endTime="17.630"/>
      <word confidence="0.955" wordID="nou" beginTime="17.630" endTime="17.890"/>
    </wordsequence>
  </speech>
  <speech label="SPK13-006" begintime="17.91" endtime="21.09" >
    <wordsequence>
      <word confidence="0.731" wordID="SIL" beginTime="17.910" endTime="18.120"/>
      <word confidence="0.783" wordID="ja" beginTime="18.120" endTime="18.550"/>
      <word confidence="0.771" wordID="SIL" beginTime="18.550" endTime="18.560"/>
      <word confidence="0.809" wordID="ik" beginTime="18.560" endTime="18.730"/>
      <word confidence="0.878" wordID="had" beginTime="18.730" endTime="18.900"/>
      <word confidence="0.773" wordID="SIL" beginTime="18.900" endTime="18.960"/>
      <word confidence="0.822" wordID="nog" beginTime="18.960" endTime="19.890"/>
      <word confidence="0.750" wordID="SIL" beginTime="19.890" endTime="20.210"/>
      <word confidence="0.839" wordID="geen" beginTime="20.210" endTime="20.450"/>
      <word confidence="0.748" wordID="SIL" beginTime="20.450" endTime="20.540"/>
      <word confidence="0.884" wordID="kwart" beginTime="20.540" endTime="20.750"/>
      <word confidence="0.735" wordID="SIL" beginTime="20.750" endTime="20.760"/>
      <word confidence="0.843" wordID="van" beginTime="20.760" endTime="21.020"/>
      <word confidence="0.748" wordID="SIL" beginTime="21.020" endTime="21.090"/>
    </wordsequence>
  </speech>
  <speech label="SPK15-007" begintime="21.11" endtime="23.55" >
    <wordsequence>
      <word confidence="0.770" wordID="ja" beginTime="21.110" endTime="21.660"/>
      <word confidence="0.784" wordID="SIL" beginTime="21.660" endTime="21.700"/>
      <word confidence="0.807" wordID="want" beginTime="21.700" endTime="21.970"/>
      <word confidence="0.742" wordID="SIL" beginTime="21.970" endTime="21.980"/>
      <word confidence="0.823" wordID="dan" beginTime="21.980" endTime="22.350"/>
      <word confidence="0.815" wordID="SIL" beginTime="22.350" endTime="22.420"/>
      <word confidence="0.774" wordID="kan" beginTime="22.420" endTime="23.080"/>
      <word confidence="0.790" wordID="SIL" beginTime="23.080" endTime="23.090"/>
      <word confidence="0.788" wordID="je" beginTime="23.090" endTime="23.510"/>
      <word confidence="0.749" wordID="SIL" beginTime="23.510" endTime="23.550"/>
    </wordsequence>
  </speech>
  <speech label="SPK02-008" begintime="23.57" endtime="26.04" >
    <wordsequence>
      <word confidence="0.934" wordID="eerder" beginTime="23.570" endTime="23.830"/>
      <word confidence="0.975" wordID="buiten" beginTime="23.830" endTime="24.150"/>
      <word confidence="1.000" wordID="ben" beginTime="24.150" endTime="24.340"/>
      <word confidence="1.000" wordID="weer" beginTime="24.340" endTime="24.630"/>
      <word confidence="0.946" wordID="SIL" beginTime="24.630" endTime="24.660"/>
      <word confidence="0.839" wordID="een" beginTime="24.660" endTime="24.750"/>
      <word confidence="1.000" wordID="gedeelte" beginTime="24.750" endTime="25.160"/>
      <word confidence="0.808" wordID="SIL" beginTime="25.160" endTime="25.180"/>
      <word confidence="0.877" wordID="van" beginTime="25.180" endTime="25.310"/>
      <word confidence="0.991" wordID="het" beginTime="25.310" endTime="25.400"/>
      <word confidence="0.965" wordID="gebouw" beginTime="25.400" endTime="25.600"/>
      <word confidence="0.876" wordID="en" beginTime="25.600" endTime="25.730"/>
      <word confidence="0.946" wordID="SIL" beginTime="25.730" endTime="25.770"/>
      <word confidence="0.944" wordID="de" beginTime="25.770" endTime="25.900"/>
      <word confidence="0.909" wordID="SIL" beginTime="25.900" endTime="26.040"/>
    </wordsequence>
  </speech>
  <speech label="SPK02-009" begintime="26.06" endtime="31.59" >
    <wordsequence>
      <word confidence="0.992" wordID="dat" beginTime="26.060" endTime="26.260"/>
      <word confidence="0.913" wordID="twee" beginTime="26.260" endTime="26.410"/>
      <word confidence="0.991" wordID="honderd" beginTime="26.410" endTime="26.680"/>
      <word confidence="0.964" wordID="twintig" beginTime="26.680" endTime="27.010"/>
      <word confidence="1.000" wordID="meter" beginTime="27.010" endTime="27.280"/>
      <word confidence="0.892" wordID="ontwapenen" beginTime="27.280" endTime="28.030"/>
      <word confidence="0.818" wordID="SIL" beginTime="28.030" endTime="28.270"/>
      <word confidence="0.861" wordID="ver" beginTime="28.270" endTime="28.650"/>
      <word confidence="0.903" wordID="daarbuiten" beginTime="28.650" endTime="29.220"/>
      <word confidence="0.703" wordID="SIL" beginTime="29.220" endTime="29.270"/>
      <word confidence="0.830" wordID="valt" beginTime="29.270" endTime="29.630"/>
      <word confidence="0.986" wordID="in" beginTime="29.630" endTime="29.730"/>
      <word confidence="1.000" wordID="dit" beginTime="29.730" endTime="29.870"/>
      <word confidence="0.905" wordID="SIL" beginTime="29.870" endTime="29.910"/>
      <word confidence="0.961" wordID="waarvan" beginTime="29.910" endTime="30.310"/>
      <word confidence="0.977" wordID="twee" beginTime="30.310" endTime="30.570"/>
      <word confidence="0.802" wordID="SIL" beginTime="30.570" endTime="30.580"/>
      <word confidence="0.963" wordID="weken" beginTime="30.580" endTime="30.800"/>
      <word confidence="0.951" wordID="aangekomen" beginTime="30.800" endTime="31.510"/>
      <word confidence="0.748" wordID="SIL" beginTime="31.510" endTime="31.590"/>
    </wordsequence>
  </speech>
  <speech label="SPK02-010" begintime="31.62" endtime="36.28" >
    <wordsequence>
      <word confidence="0.750" wordID="SIL" beginTime="31.620" endTime="31.900"/>
      <word confidence="0.887" wordID="de" beginTime="31.900" endTime="32.000"/>
      <word confidence="0.740" wordID="SIL" beginTime="32.000" endTime="32.010"/>
      <word confidence="0.964" wordID="band" beginTime="32.010" endTime="32.240"/>
      <word confidence="0.738" wordID="SIL" beginTime="32.240" endTime="32.250"/>
      <word confidence="0.930" wordID="die" beginTime="32.250" endTime="32.500"/>
      <word confidence="0.745" wordID="SIL" beginTime="32.500" endTime="32.530"/>
      <word confidence="0.879" wordID="de" beginTime="32.530" endTime="32.680"/>
      <word confidence="0.743" wordID="SIL" beginTime="32.680" endTime="32.690"/>
      <word confidence="0.882" wordID="band" beginTime="32.690" endTime="32.910"/>
      <word confidence="0.749" wordID="SIL" beginTime="32.910" endTime="33.110"/>
      <word confidence="0.992" wordID="die" beginTime="33.110" endTime="33.350"/>
      <word confidence="0.965" wordID="de" beginTime="33.350" endTime="33.540"/>
      <word confidence="0.745" wordID="SIL" beginTime="33.540" endTime="33.560"/>
      <word confidence="0.988" wordID="tien" beginTime="33.560" endTime="33.750"/>
      <word confidence="1.000" wordID="meter" beginTime="33.750" endTime="34.040"/>
      <word confidence="0.946" wordID="lange" beginTime="34.040" endTime="34.290"/>
      <word confidence="0.739" wordID="SIL" beginTime="34.290" endTime="34.300"/>
      <word confidence="0.941" wordID="benen" beginTime="34.300" endTime="34.560"/>
      <word confidence="0.734" wordID="SIL" beginTime="34.560" endTime="34.570"/>
      <word confidence="0.927" wordID="en" beginTime="34.570" endTime="34.760"/>
      <word confidence="0.970" wordID="drieëneenhalve" beginTime="34.760" endTime="35.400"/>
      <word confidence="0.742" wordID="SIL" beginTime="35.400" endTime="35.410"/>
      <word confidence="0.984" wordID="ton" beginTime="35.410" endTime="35.640"/>
      <word confidence="0.951" wordID="big" beginTime="35.640" endTime="35.950"/>
      <word confidence="0.750" wordID="SIL" beginTime="35.950" endTime="36.280"/>
    </wordsequence>
  </speech>
  <speech label="SPK02-011" begintime="36.30" endtime="41.17" >
    <wordsequence>
      <word confidence="0.750" wordID="SIL" beginTime="36.300" endTime="36.650"/>
      <word confidence="0.993" wordID="in" beginTime="36.650" endTime="36.770"/>
      <word confidence="0.940" wordID="die" beginTime="36.770" endTime="36.920"/>
      <word confidence="0.938" wordID="termen" beginTime="36.920" endTime="37.250"/>
      <word confidence="0.862" wordID="de" beginTime="37.250" endTime="37.410"/>
      <word confidence="0.742" wordID="SIL" beginTime="37.410" endTime="37.420"/>
      <word confidence="0.924" wordID="belde" beginTime="37.420" endTime="37.680"/>
      <word confidence="0.882" wordID="hoger" beginTime="37.680" endTime="38.020"/>
      <word confidence="0.746" wordID="SIL" beginTime="38.020" endTime="38.060"/>
      <word confidence="0.856" wordID="maar" beginTime="38.060" endTime="38.260"/>
      <word confidence="0.743" wordID="SIL" beginTime="38.260" endTime="38.270"/>
      <word confidence="0.902" wordID="ik" beginTime="38.270" endTime="38.360"/>
      <word confidence="0.738" wordID="SIL" beginTime="38.360" endTime="38.370"/>
      <word confidence="1.000" wordID="vind" beginTime="38.370" endTime="38.540"/>
      <word confidence="1.000" wordID="het" beginTime="38.540" endTime="38.620"/>
      <word confidence="0.953" wordID="idee" beginTime="38.620" endTime="38.810"/>
      <word confidence="0.910" wordID="was" beginTime="38.810" endTime="39.100"/>
      <word confidence="0.746" wordID="SIL" beginTime="39.100" endTime="39.130"/>
      <word confidence="0.963" wordID="het" beginTime="39.130" endTime="39.260"/>
      <word confidence="0.933" wordID="mogelijk" beginTime="39.260" endTime="39.680"/>
      <word confidence="0.869" wordID="dat" beginTime="39.680" endTime="39.890"/>
      <word confidence="0.746" wordID="SIL" beginTime="39.890" endTime="39.940"/>
      <word confidence="0.985" wordID="de" beginTime="39.940" endTime="40.010"/>
      <word confidence="0.927" wordID="man" beginTime="40.010" endTime="40.210"/>
      <word confidence="0.740" wordID="SIL" beginTime="40.210" endTime="40.220"/>
      <word confidence="0.881" wordID="had" beginTime="40.220" endTime="40.430"/>
      <word confidence="0.889" wordID="laten" beginTime="40.430" endTime="40.630"/>
      <word confidence="0.974" wordID="weten" beginTime="40.630" endTime="41.060"/>
      <word confidence="0.748" wordID="SIL" beginTime="41.060" endTime="41.170"/>
    </wordsequence>
  </speech>
  <speech label="SPK02-012" begintime="41.20" endtime="44.35" >
    <wordsequence>
      <word confidence="0.750" wordID="SIL" beginTime="41.200" endTime="41.400"/>
      <word confidence="1.000" wordID="maar" beginTime="41.400" endTime="41.610"/>
      <word confidence="0.961" wordID="wanneer" beginTime="41.610" endTime="41.880"/>
      <word confidence="0.739" wordID="SIL" beginTime="41.880" endTime="41.890"/>
      <word confidence="0.979" wordID="even" beginTime="41.890" endTime="42.160"/>
      <word confidence="0.740" wordID="SIL" beginTime="42.160" endTime="42.170"/>
      <word confidence="0.911" wordID="later" beginTime="42.170" endTime="42.580"/>
      <word confidence="0.763" wordID="SIL" beginTime="42.580" endTime="42.590"/>
      <word confidence="0.955" wordID="weer" beginTime="42.590" endTime="42.840"/>
      <word confidence="0.935" wordID="op" beginTime="42.840" endTime="42.930"/>
      <word confidence="0.943" wordID="een" beginTime="42.930" endTime="43.030"/>
      <word confidence="1.000" wordID="betere" beginTime="43.030" endTime="43.440"/>
      <word confidence="0.868" wordID="natuurlijk" beginTime="43.440" endTime="44.120"/>
      <word confidence="0.948" wordID="wat" beginTime="44.120" endTime="44.250"/>
      <word confidence="0.993" wordID="nu" beginTime="44.250" endTime="44.350"/>
    </wordsequence>
  </speech>
  <speech label="SPK14-013" begintime="44.37" endtime="46.41" >
    <wordsequence>
      <word confidence="0.702" wordID="SIL" beginTime="44.370" endTime="44.420"/>
      <word confidence="0.777" wordID="ik" beginTime="44.420" endTime="44.840"/>
      <word confidence="0.775" wordID="SIL" beginTime="44.840" endTime="44.880"/>
      <word confidence="0.751" wordID="heb" beginTime="44.880" endTime="44.990"/>
      <word confidence="0.852" wordID="SIL" beginTime="44.990" endTime="45.020"/>
      <word confidence="0.743" wordID="er" beginTime="45.020" endTime="45.640"/>
      <word confidence="0.752" wordID="SIL" beginTime="45.640" endTime="46.000"/>
      <word confidence="0.762" wordID="ook" beginTime="46.000" endTime="46.300"/>
      <word confidence="0.748" wordID="SIL" beginTime="46.300" endTime="46.410"/>
    </wordsequence>
  </speech>
  <speech label="SPK15-014" begintime="46.43" endtime="48.87" >
    <wordsequence>
      <word confidence="0.750" wordID="SIL" beginTime="46.430" endTime="46.800"/>
      <word confidence="0.751" wordID="ja" beginTime="46.800" endTime="48.830"/>
      <word confidence="0.792" wordID="SIL" beginTime="48.830" endTime="48.870"/>
    </wordsequence>
  </speech>

  </segments>
</shout_metadata>
