<?xml version="1.0" encoding="UTF-8"?>
<!--
  ##################################################################################################
  ###                      This transcription is automatically generated by                      ###
  ###                              X-MI, Cross-Media interaction                                 ###
  ###                                    http://x-mi.nl                                          ###
  ##################################################################################################
-->
<shout_metadata>
  <model_info>
    <version>Standaard systeem 28-02-2012</version>
    <description>Academia</description>
  </model_info>
  <segments>
  <speech label="SPK01-001" begintime="0.00" endtime="4.51" >
  </speech>
  <speech label="SPK01-002" begintime="4.53" endtime="7.56" >
    <wordsequence>
      <word confidence="0.750" wordID="ja" beginTime="4.530" endTime="7.450"/>
      <word confidence="0.735" wordID="SIL" beginTime="7.450" endTime="7.560"/>
    </wordsequence>
  </speech>
  <speech label="SPK01-003" begintime="7.58" endtime="10.76" >
    <wordsequence>
      <word confidence="0.735" wordID="SIL" beginTime="7.580" endTime="7.620"/>
      <word confidence="0.757" wordID="glenn" beginTime="7.620" endTime="10.760"/>
    </wordsequence>
  </speech>
  <speech label="SPK01-004" begintime="10.78" endtime="14.83" >
    <wordsequence>
      <word confidence="0.748" wordID="ja" beginTime="10.780" endTime="14.810"/>
      <word confidence="0.784" wordID="SIL" beginTime="14.810" endTime="14.830"/>
    </wordsequence>
  </speech>
  <speech label="SPK01-005" begintime="14.85" endtime="17.49" >
    <wordsequence>
      <word confidence="0.750" wordID="SIL" beginTime="14.850" endTime="14.870"/>
      <word confidence="0.742" wordID="ik" beginTime="14.870" endTime="15.110"/>
      <word confidence="0.762" wordID="lag" beginTime="15.110" endTime="17.490"/>
    </wordsequence>
  </speech>
  <speech label="SPK01-006" begintime="17.51" endtime="20.81" >
    <wordsequence>
      <word confidence="0.760" wordID="ja" beginTime="17.510" endTime="19.970"/>
      <word confidence="0.820" wordID="SIL" beginTime="19.970" endTime="19.980"/>
      <word confidence="0.758" wordID="ik" beginTime="19.980" endTime="20.760"/>
      <word confidence="0.662" wordID="SIL" beginTime="20.760" endTime="20.810"/>
    </wordsequence>
  </speech>
  <speech label="SPK01-007" begintime="20.83" endtime="26.15" >
    <wordsequence>
      <word confidence="0.754" wordID="ja" beginTime="20.830" endTime="26.150"/>
    </wordsequence>
  </speech>
  <speech label="SPK01-008" begintime="26.17" endtime="28.94" >
    <wordsequence>
      <word confidence="0.750" wordID="ja" beginTime="26.170" endTime="28.940"/>
    </wordsequence>
  </speech>
  <speech label="SPK01-009" begintime="28.96" endtime="32.37" >
    <wordsequence>
      <word confidence="0.703" wordID="SIL" beginTime="28.960" endTime="29.050"/>
      <word confidence="0.759" wordID="glenn" beginTime="29.050" endTime="32.370"/>
    </wordsequence>
  </speech>
  <speech label="SPK01-010" begintime="32.39" endtime="35.48" >
    <wordsequence>
      <word confidence="0.750" wordID="SIL" beginTime="32.390" endTime="32.410"/>
      <word confidence="0.756" wordID="glenn" beginTime="32.410" endTime="35.480"/>
    </wordsequence>
  </speech>
  <speech label="SPK01-011" begintime="35.50" endtime="40.94" >
    <wordsequence>
      <word confidence="0.753" wordID="ja" beginTime="35.500" endTime="40.940"/>
    </wordsequence>
  </speech>
  <speech label="SPK01-012" begintime="40.96" endtime="45.70" >
    <wordsequence>
      <word confidence="0.739" wordID="SIL" beginTime="40.960" endTime="40.990"/>
      <word confidence="0.757" wordID="glenn" beginTime="40.990" endTime="45.700"/>
    </wordsequence>
  </speech>
  <speech label="SPK01-013" begintime="45.72" endtime="48.66" >
    <wordsequence>
      <word confidence="0.753" wordID="ja" beginTime="45.720" endTime="48.660"/>
    </wordsequence>
  </speech>
  <speech label="SPK01-014" begintime="48.68" endtime="51.99" >
    <wordsequence>
      <word confidence="0.753" wordID="ja" beginTime="48.680" endTime="51.990"/>
    </wordsequence>
  </speech>
  <speech label="SPK01-015" begintime="52.01" endtime="55.10" >
    <wordsequence>
      <word confidence="0.754" wordID="ja" beginTime="52.010" endTime="55.100"/>
    </wordsequence>
  </speech>
  <speech label="SPK01-016" begintime="55.12" endtime="59.42" >
    <wordsequence>
      <word confidence="0.746" wordID="ja" beginTime="55.120" endTime="59.420"/>
    </wordsequence>
  </speech>
  <speech label="SPK01-017" begintime="59.44" endtime="63.14" >
    <wordsequence>
      <word confidence="0.751" wordID="glen" beginTime="59.440" endTime="63.140"/>
    </wordsequence>
  </speech>
  <speech label="SPK01-018" begintime="63.16" endtime="66.98" >
    <wordsequence>
      <word confidence="0.752" wordID="ja" beginTime="63.160" endTime="66.980"/>
    </wordsequence>
  </speech>
  <speech label="SPK01-019" begintime="67.00" endtime="71.14" >
    <wordsequence>
      <word confidence="0.751" wordID="ik" beginTime="67.000" endTime="68.570"/>
      <word confidence="0.756" wordID="laat" beginTime="68.570" endTime="71.140"/>
    </wordsequence>
  </speech>

  </segments>
</shout_metadata>
