<?xml version="1.0" encoding="UTF-8"?>
<!--
  ##################################################################################################
  ###                      This transcription is automatically generated by                      ###
  ###                              X-MI, Cross-Media interaction                                 ###
  ###                                    http://x-mi.nl                                          ###
  ##################################################################################################
-->
<shout_metadata>
  <model_info>
    <version>Standaard systeem 28-02-2012</version>
    <description>Academia</description>
  </model_info>
  <segments>
  <speech label="SPK01-001" begintime="0.00" endtime="3.31" >
    <wordsequence>
      <word confidence="0.750" wordID="SIL" beginTime="0.000" endTime="0.250"/>
      <word confidence="0.771" wordID="ik" beginTime="0.250" endTime="1.200"/>
      <word confidence="0.750" wordID="SIL" beginTime="1.200" endTime="2.270"/>
      <word confidence="0.774" wordID="ben" beginTime="2.270" endTime="2.390"/>
      <word confidence="0.729" wordID="SIL" beginTime="2.390" endTime="2.400"/>
      <word confidence="0.782" wordID="een" beginTime="2.400" endTime="3.270"/>
      <word confidence="0.746" wordID="SIL" beginTime="3.270" endTime="3.310"/>
    </wordsequence>
  </speech>
  <speech label="SPK01-002" begintime="3.33" endtime="6.82" >
    <wordsequence>
      <word confidence="0.718" wordID="SIL" beginTime="3.330" endTime="3.400"/>
      <word confidence="0.737" wordID="nou" beginTime="3.400" endTime="3.750"/>
      <word confidence="0.785" wordID="SIL" beginTime="3.750" endTime="3.870"/>
      <word confidence="0.778" wordID="ja" beginTime="3.870" endTime="4.610"/>
      <word confidence="0.799" wordID="SIL" beginTime="4.610" endTime="4.940"/>
      <word confidence="0.765" wordID="ik" beginTime="4.940" endTime="5.750"/>
      <word confidence="0.750" wordID="SIL" beginTime="5.750" endTime="6.390"/>
      <word confidence="0.832" wordID="kom" beginTime="6.390" endTime="6.710"/>
      <word confidence="0.749" wordID="SIL" beginTime="6.710" endTime="6.820"/>
    </wordsequence>
  </speech>
  <speech label="SPK05-003" begintime="6.84" endtime="9.30" >
    <wordsequence>
      <word confidence="0.780" wordID="nee" beginTime="6.840" endTime="7.640"/>
      <word confidence="0.746" wordID="SIL" beginTime="7.640" endTime="7.680"/>
      <word confidence="0.829" wordID="ik" beginTime="7.680" endTime="8.210"/>
      <word confidence="0.750" wordID="SIL" beginTime="8.210" endTime="9.300"/>
    </wordsequence>
  </speech>
  <speech label="SPK06-004" begintime="9.32" endtime="11.80" >
    <wordsequence>
      <word confidence="0.725" wordID="ja" beginTime="9.320" endTime="11.800"/>
    </wordsequence>
  </speech>
  <speech label="SPK08-005" begintime="11.82" endtime="15.58" >
    <wordsequence>
      <word confidence="0.725" wordID="SIL" beginTime="11.820" endTime="11.950"/>
      <word confidence="0.747" wordID="ja" beginTime="11.950" endTime="15.360"/>
      <word confidence="0.743" wordID="SIL" beginTime="15.360" endTime="15.580"/>
    </wordsequence>
  </speech>
  <speech label="SPK15-006" begintime="15.60" endtime="18.12" >
    <wordsequence>
      <word confidence="0.709" wordID="SIL" beginTime="15.600" endTime="15.690"/>
      <word confidence="0.746" wordID="ja" beginTime="15.690" endTime="17.510"/>
      <word confidence="0.763" wordID="SIL" beginTime="17.510" endTime="18.120"/>
    </wordsequence>
  </speech>
  <speech label="SPK12-007" begintime="18.14" endtime="22.67" >
    <wordsequence>
      <word confidence="0.750" wordID="SIL" beginTime="18.140" endTime="22.670"/>
    </wordsequence>
  </speech>
  <speech label="SPK13-008" begintime="22.69" endtime="24.89" >
    <wordsequence>
      <word confidence="0.750" wordID="SIL" beginTime="22.690" endTime="24.890"/>
    </wordsequence>
  </speech>
  <speech label="SPK02-009" begintime="24.91" endtime="27.88" >
    <wordsequence>
      <word confidence="0.734" wordID="ja" beginTime="24.910" endTime="26.310"/>
      <word confidence="0.686" wordID="SIL" beginTime="26.310" endTime="26.320"/>
      <word confidence="0.717" wordID="hoor" beginTime="26.320" endTime="27.880"/>
    </wordsequence>
  </speech>
  <speech label="SPK01-010" begintime="27.90" endtime="32.57" >
    <wordsequence>
      <word confidence="0.754" wordID="ja" beginTime="27.900" endTime="32.570"/>
    </wordsequence>
  </speech>
  <speech label="SPK02-011" begintime="32.59" endtime="35.17" >
    <wordsequence>
      <word confidence="0.721" wordID="ja" beginTime="32.590" endTime="33.650"/>
      <word confidence="0.808" wordID="SIL" beginTime="33.650" endTime="35.170"/>
    </wordsequence>
  </speech>
  <speech label="SPK02-012" begintime="36.69" endtime="38.15" >
    <wordsequence>
      <word confidence="0.750" wordID="SIL" beginTime="36.690" endTime="38.150"/>
    </wordsequence>
  </speech>
  <speech label="SPK04-013" begintime="38.17" endtime="41.41" >
    <wordsequence>
      <word confidence="0.750" wordID="SIL" beginTime="38.170" endTime="38.610"/>
      <word confidence="0.754" wordID="ja" beginTime="38.610" endTime="41.380"/>
      <word confidence="0.981" wordID="SIL" beginTime="41.380" endTime="41.410"/>
    </wordsequence>
  </speech>
  <speech label="SPK06-014" begintime="41.43" endtime="44.45" >
    <wordsequence>
      <word confidence="0.750" wordID="SIL" beginTime="41.430" endTime="41.710"/>
      <word confidence="0.736" wordID="ja" beginTime="41.710" endTime="42.940"/>
      <word confidence="0.752" wordID="SIL" beginTime="42.940" endTime="43.530"/>
      <word confidence="0.785" wordID="ja" beginTime="43.530" endTime="44.390"/>
      <word confidence="0.922" wordID="SIL" beginTime="44.390" endTime="44.450"/>
    </wordsequence>
  </speech>
  <speech label="SPK07-015" begintime="44.47" endtime="48.45" >
    <wordsequence>
      <word confidence="0.750" wordID="SIL" beginTime="44.470" endTime="45.830"/>
      <word confidence="0.782" wordID="mm-hu" beginTime="45.830" endTime="48.340"/>
      <word confidence="0.749" wordID="SIL" beginTime="48.340" endTime="48.450"/>
    </wordsequence>
  </speech>
  <speech label="SPK07-016" begintime="48.47" endtime="50.09" >
    <wordsequence>
      <word confidence="0.695" wordID="SIL" beginTime="48.470" endTime="48.630"/>
      <word confidence="0.774" wordID="mooie" beginTime="48.630" endTime="49.490"/>
      <word confidence="0.791" wordID="SIL" beginTime="49.490" endTime="50.090"/>
    </wordsequence>
  </speech>
  <speech label="SPK10-017" begintime="50.11" endtime="52.72" >
    <wordsequence>
      <word confidence="0.738" wordID="SIL" beginTime="50.110" endTime="52.720"/>
    </wordsequence>
  </speech>
  <speech label="SPK11-018" begintime="52.74" endtime="55.39" >
    <wordsequence>
      <word confidence="0.750" wordID="SIL" beginTime="52.740" endTime="55.390"/>
    </wordsequence>
  </speech>
  <speech label="SPK13-019" begintime="55.41" endtime="59.34" >
    <wordsequence>
      <word confidence="0.750" wordID="SIL" beginTime="55.410" endTime="55.440"/>
      <word confidence="0.770" wordID="uh" beginTime="55.440" endTime="56.850"/>
      <word confidence="0.938" wordID="SIL" beginTime="56.850" endTime="56.890"/>
      <word confidence="0.776" wordID="ja" beginTime="56.890" endTime="57.770"/>
      <word confidence="0.739" wordID="SIL" beginTime="57.770" endTime="57.780"/>
      <word confidence="0.816" wordID="die" beginTime="57.780" endTime="59.320"/>
      <word confidence="0.746" wordID="SIL" beginTime="59.320" endTime="59.340"/>
    </wordsequence>
  </speech>
  <speech label="SPK16-020" begintime="59.36" endtime="63.82" >
    <wordsequence>
      <word confidence="0.732" wordID="ja" beginTime="59.360" endTime="63.730"/>
      <word confidence="0.780" wordID="SIL" beginTime="63.730" endTime="63.820"/>
    </wordsequence>
  </speech>

  </segments>
</shout_metadata>
