<?xml version="1.0" encoding="UTF-8"?>
<!--
  ##################################################################################################
  ###                      This transcription is automatically generated by                      ###
  ###                              X-MI, Cross-Media interaction                                 ###
  ###                                    http://x-mi.nl                                          ###
  ##################################################################################################
-->
<shout_metadata>
  <model_info>
    <version>Standaard systeem 28-02-2012</version>
    <description>Academia</description>
  </model_info>
  <segments>
  <speech label="SPK01-001" begintime="0.00" endtime="5.47" >
    <wordsequence>
      <word confidence="0.750" wordID="SIL" beginTime="0.000" endTime="0.370"/>
      <word confidence="0.921" wordID="ook" beginTime="0.370" endTime="0.570"/>
      <word confidence="0.876" wordID="in" beginTime="0.570" endTime="0.660"/>
      <word confidence="0.860" wordID="de" beginTime="0.660" endTime="0.740"/>
      <word confidence="1.000" wordID="tweede" beginTime="0.740" endTime="1.060"/>
      <word confidence="1.000" wordID="staking" beginTime="1.060" endTime="1.480"/>
      <word confidence="1.000" wordID="zweet" beginTime="1.480" endTime="1.750"/>
      <word confidence="1.000" wordID="weet" beginTime="1.750" endTime="1.930"/>
      <word confidence="1.000" wordID="het" beginTime="1.930" endTime="2.040"/>
      <word confidence="1.000" wordID="openbaar" beginTime="2.040" endTime="2.450"/>
      <word confidence="1.000" wordID="vervoer" beginTime="2.450" endTime="2.800"/>
      <word confidence="1.000" wordID="op" beginTime="2.800" endTime="2.910"/>
      <word confidence="0.983" wordID="een" beginTime="2.910" endTime="3.000"/>
      <word confidence="1.000" wordID="aantal" beginTime="3.000" endTime="3.300"/>
      <word confidence="1.000" wordID="plaatsen" beginTime="3.300" endTime="3.760"/>
      <word confidence="1.000" wordID="in" beginTime="3.760" endTime="3.870"/>
      <word confidence="1.000" wordID="de" beginTime="3.870" endTime="3.940"/>
      <word confidence="0.992" wordID="ochtendspits" beginTime="3.940" endTime="4.570"/>
      <word confidence="1.000" wordID="stil" beginTime="4.570" endTime="4.790"/>
      <word confidence="0.936" wordID="te" beginTime="4.790" endTime="4.870"/>
      <word confidence="1.000" wordID="liggen" beginTime="4.870" endTime="5.240"/>
      <word confidence="0.749" wordID="SIL" beginTime="5.240" endTime="5.470"/>
    </wordsequence>
  </speech>
  <speech label="SPK01-002" begintime="5.50" endtime="9.54" >
    <wordsequence>
      <word confidence="0.750" wordID="SIL" beginTime="5.500" endTime="5.900"/>
      <word confidence="1.000" wordID="de" beginTime="5.900" endTime="5.970"/>
      <word confidence="1.000" wordID="bewoners" beginTime="5.970" endTime="6.340"/>
      <word confidence="1.000" wordID="van" beginTime="6.340" endTime="6.510"/>
      <word confidence="0.984" wordID="utrecht" beginTime="6.510" endTime="6.940"/>
      <word confidence="1.000" wordID="groningen" beginTime="6.940" endTime="7.360"/>
      <word confidence="1.000" wordID="en" beginTime="7.360" endTime="7.450"/>
      <word confidence="0.944" wordID="den" beginTime="7.450" endTime="7.610"/>
      <word confidence="0.731" wordID="SIL" beginTime="7.610" endTime="7.620"/>
      <word confidence="0.800" wordID="haag" beginTime="7.620" endTime="7.850"/>
      <word confidence="0.973" wordID="werd" beginTime="7.850" endTime="8.030"/>
      <word confidence="0.746" wordID="SIL" beginTime="8.030" endTime="8.070"/>
      <word confidence="0.836" wordID="op" beginTime="8.070" endTime="8.160"/>
      <word confidence="0.744" wordID="SIL" beginTime="8.160" endTime="8.180"/>
      <word confidence="0.921" wordID="deze" beginTime="8.180" endTime="8.420"/>
      <word confidence="0.901" wordID="wijze" beginTime="8.420" endTime="8.670"/>
      <word confidence="0.878" wordID="geconfronteerd" beginTime="8.670" endTime="9.400"/>
      <word confidence="0.749" wordID="SIL" beginTime="9.400" endTime="9.540"/>
    </wordsequence>
  </speech>
  <speech label="SPK01-003" begintime="9.56" endtime="13.46" >
    <wordsequence>
      <word confidence="0.750" wordID="SIL" beginTime="9.560" endTime="9.740"/>
      <word confidence="0.861" wordID="de" beginTime="9.740" endTime="9.830"/>
      <word confidence="1.000" wordID="de" beginTime="9.830" endTime="9.930"/>
      <word confidence="1.000" wordID="voortdurende" beginTime="9.930" endTime="10.540"/>
      <word confidence="1.000" wordID="zo" beginTime="10.540" endTime="10.770"/>
      <word confidence="1.000" wordID="zouden" beginTime="10.770" endTime="11.080"/>
      <word confidence="0.987" wordID="onder" beginTime="11.080" endTime="11.510"/>
      <word confidence="0.750" wordID="SIL" beginTime="11.510" endTime="11.980"/>
      <word confidence="0.923" wordID="meer" beginTime="11.980" endTime="12.150"/>
      <word confidence="0.986" wordID="de" beginTime="12.150" endTime="12.230"/>
      <word confidence="1.000" wordID="bal" beginTime="12.230" endTime="12.620"/>
      <word confidence="0.969" wordID="de" beginTime="12.620" endTime="12.700"/>
      <word confidence="1.000" wordID="middelbaar" beginTime="12.700" endTime="13.100"/>
      <word confidence="1.000" wordID="ding" beginTime="13.100" endTime="13.240"/>
      <word confidence="1.000" wordID="kwam" beginTime="13.240" endTime="13.460"/>
    </wordsequence>
  </speech>
  <speech label="SPK01-004" begintime="13.48" endtime="16.92" >
    <wordsequence>
      <word confidence="0.873" wordID="er" beginTime="13.480" endTime="13.580"/>
      <word confidence="1.000" wordID="stakingen" beginTime="13.580" endTime="14.080"/>
      <word confidence="0.980" wordID="op" beginTime="14.080" endTime="14.180"/>
      <word confidence="1.000" wordID="uh" beginTime="14.180" endTime="14.260"/>
      <word confidence="0.977" wordID="grote" beginTime="14.260" endTime="14.560"/>
      <word confidence="0.985" wordID="aantal" beginTime="14.560" endTime="14.780"/>
      <word confidence="0.746" wordID="SIL" beginTime="14.780" endTime="14.810"/>
      <word confidence="1.000" wordID="projecten" beginTime="14.810" endTime="15.310"/>
      <word confidence="0.749" wordID="SIL" beginTime="15.310" endTime="15.510"/>
      <word confidence="1.000" wordID="zoals" beginTime="15.510" endTime="15.770"/>
      <word confidence="1.000" wordID="hier" beginTime="15.770" endTime="16.030"/>
      <word confidence="1.000" wordID="in" beginTime="16.030" endTime="16.130"/>
      <word confidence="1.000" wordID="almere" beginTime="16.130" endTime="16.670"/>
      <word confidence="0.757" wordID="SIL" beginTime="16.670" endTime="16.920"/>
    </wordsequence>
  </speech>
  <speech label="SPK01-005" begintime="16.95" endtime="20.91" >
    <wordsequence>
      <word confidence="0.750" wordID="SIL" beginTime="16.950" endTime="17.360"/>
      <word confidence="0.857" wordID="maar" beginTime="17.360" endTime="17.510"/>
      <word confidence="0.953" wordID="in" beginTime="17.510" endTime="17.590"/>
      <word confidence="1.000" wordID="deze" beginTime="17.590" endTime="17.840"/>
      <word confidence="1.000" wordID="sector" beginTime="17.840" endTime="18.220"/>
      <word confidence="1.000" wordID="zijn" beginTime="18.220" endTime="18.440"/>
      <word confidence="1.000" wordID="inmiddels" beginTime="18.440" endTime="18.720"/>
      <word confidence="0.789" wordID="de" beginTime="18.720" endTime="18.780"/>
      <word confidence="1.000" wordID="bereidheid" beginTime="18.780" endTime="19.190"/>
      <word confidence="0.743" wordID="SIL" beginTime="19.190" endTime="19.200"/>
      <word confidence="0.993" wordID="tot" beginTime="19.200" endTime="19.360"/>
      <word confidence="0.745" wordID="SIL" beginTime="19.360" endTime="19.390"/>
      <word confidence="0.910" wordID="overleg" beginTime="19.390" endTime="19.800"/>
      <word confidence="0.747" wordID="SIL" beginTime="19.800" endTime="19.860"/>
      <word confidence="0.946" wordID="te" beginTime="19.860" endTime="19.960"/>
      <word confidence="1.000" wordID="zijn" beginTime="19.960" endTime="20.150"/>
      <word confidence="1.000" wordID="teruggekeerd" beginTime="20.150" endTime="20.720"/>
      <word confidence="0.749" wordID="SIL" beginTime="20.720" endTime="20.910"/>
    </wordsequence>
  </speech>
  <speech label="SPK01-006" begintime="20.94" endtime="22.96" >
    <wordsequence>
      <word confidence="0.750" wordID="SIL" beginTime="20.940" endTime="21.260"/>
      <word confidence="0.863" wordID="het" beginTime="21.260" endTime="21.500"/>
      <word confidence="0.750" wordID="SIL" beginTime="21.500" endTime="22.960"/>
    </wordsequence>
  </speech>
  <speech label="SPK01-007" begintime="22.99" endtime="28.52" >
    <wordsequence>
      <word confidence="0.750" wordID="SIL" beginTime="22.990" endTime="23.160"/>
      <word confidence="0.951" wordID="in" beginTime="23.160" endTime="23.310"/>
      <word confidence="0.742" wordID="SIL" beginTime="23.310" endTime="23.320"/>
      <word confidence="0.965" wordID="rotterdam" beginTime="23.320" endTime="23.900"/>
      <word confidence="1.000" wordID="kwam" beginTime="23.900" endTime="24.130"/>
      <word confidence="0.895" wordID="voor" beginTime="24.130" endTime="24.320"/>
      <word confidence="0.849" wordID="het" beginTime="24.320" endTime="24.410"/>
      <word confidence="0.999" wordID="stadhuis" beginTime="24.410" endTime="24.830"/>
      <word confidence="0.828" wordID="op" beginTime="24.830" endTime="24.910"/>
      <word confidence="1.000" wordID="de" beginTime="24.910" endTime="24.990"/>
      <word confidence="1.000" wordID="coolsingel" beginTime="24.990" endTime="25.510"/>
      <word confidence="1.000" wordID="de" beginTime="25.510" endTime="25.590"/>
      <word confidence="1.000" wordID="menigte" beginTime="25.590" endTime="25.990"/>
      <word confidence="0.949" wordID="bij" beginTime="25.990" endTime="26.090"/>
      <word confidence="1.000" wordID="een" beginTime="26.090" endTime="26.260"/>
      <word confidence="1.000" wordID="van" beginTime="26.260" endTime="26.380"/>
      <word confidence="1.000" wordID="aschat" beginTime="26.380" endTime="26.660"/>
      <word confidence="0.977" wordID="in" beginTime="26.660" endTime="26.790"/>
      <word confidence="0.994" wordID="twee" beginTime="26.790" endTime="26.930"/>
      <word confidence="1.000" wordID="één" beginTime="26.930" endTime="27.060"/>
      <word confidence="0.970" wordID="en" beginTime="27.060" endTime="27.170"/>
      <word confidence="0.929" wordID="twintig" beginTime="27.170" endTime="27.500"/>
      <word confidence="0.677" wordID="SIL" beginTime="27.500" endTime="27.510"/>
      <word confidence="0.970" wordID="duizend" beginTime="27.510" endTime="27.880"/>
      <word confidence="1.000" wordID="demonstranten" beginTime="27.880" endTime="28.520"/>
    </wordsequence>
  </speech>
  <speech label="SPK01-008" begintime="28.54" endtime="31.99" >
    <wordsequence>
      <word confidence="0.750" wordID="SIL" beginTime="28.540" endTime="29.110"/>
      <word confidence="1.000" wordID="die" beginTime="29.110" endTime="29.200"/>
      <word confidence="0.898" wordID="kunnen" beginTime="29.200" endTime="29.400"/>
      <word confidence="0.919" wordID="er" beginTime="29.400" endTime="29.550"/>
      <word confidence="1.000" wordID="zo" beginTime="29.550" endTime="29.660"/>
      <word confidence="1.000" wordID="op" beginTime="29.660" endTime="29.800"/>
      <word confidence="1.000" wordID="dit" beginTime="29.800" endTime="29.950"/>
      <word confidence="1.000" wordID="monument" beginTime="29.950" endTime="30.450"/>
      <word confidence="1.000" wordID="als" beginTime="30.450" endTime="30.580"/>
      <word confidence="0.954" wordID="het" beginTime="30.580" endTime="30.670"/>
      <word confidence="1.000" wordID="ware" beginTime="30.670" endTime="30.930"/>
      <word confidence="0.912" wordID="tot" beginTime="30.930" endTime="31.090"/>
      <word confidence="0.992" wordID="de" beginTime="31.090" endTime="31.190"/>
      <word confidence="0.739" wordID="SIL" beginTime="31.190" endTime="31.200"/>
      <word confidence="1.000" wordID="hunnen" beginTime="31.200" endTime="31.380"/>
      <word confidence="0.983" wordID="maakten" beginTime="31.380" endTime="31.890"/>
      <word confidence="0.748" wordID="SIL" beginTime="31.890" endTime="31.990"/>
    </wordsequence>
  </speech>
  <speech label="SPK01-009" begintime="32.01" endtime="36.34" >
    <wordsequence>
      <word confidence="0.750" wordID="SIL" beginTime="32.010" endTime="32.110"/>
      <word confidence="0.804" wordID="aan" beginTime="32.110" endTime="32.340"/>
      <word confidence="0.748" wordID="SIL" beginTime="32.340" endTime="32.450"/>
      <word confidence="0.951" wordID="wennen" beginTime="32.450" endTime="32.760"/>
      <word confidence="0.964" wordID="je" beginTime="32.760" endTime="32.900"/>
      <word confidence="0.865" wordID="toegesproken" beginTime="32.900" endTime="33.570"/>
      <word confidence="0.750" wordID="SIL" beginTime="33.570" endTime="33.950"/>
      <word confidence="1.000" wordID="door" beginTime="33.950" endTime="34.110"/>
      <word confidence="0.741" wordID="SIL" beginTime="34.110" endTime="34.120"/>
      <word confidence="0.889" wordID="even" beginTime="34.120" endTime="34.430"/>
      <word confidence="0.971" wordID="geen" beginTime="34.430" endTime="34.650"/>
      <word confidence="1.000" wordID="voorzitter" beginTime="34.650" endTime="35.190"/>
      <word confidence="1.000" wordID="wim" beginTime="35.190" endTime="35.390"/>
      <word confidence="0.949" wordID="kok" beginTime="35.390" endTime="35.890"/>
      <word confidence="0.749" wordID="SIL" beginTime="35.890" endTime="36.070"/>
      <word confidence="0.894" wordID="wat" beginTime="36.070" endTime="36.260"/>
      <word confidence="0.749" wordID="SIL" beginTime="36.260" endTime="36.340"/>
    </wordsequence>
  </speech>
  <speech label="SPK07-010" begintime="36.36" endtime="40.73" >
    <wordsequence>
      <word confidence="0.973" wordID="hier" beginTime="36.360" endTime="36.620"/>
      <word confidence="0.727" wordID="SIL" beginTime="36.620" endTime="36.630"/>
      <word confidence="1.000" wordID="vandaan" beginTime="36.630" endTime="37.090"/>
      <word confidence="0.947" wordID="gebeurd" beginTime="37.090" endTime="37.890"/>
      <word confidence="0.750" wordID="SIL" beginTime="37.890" endTime="38.610"/>
      <word confidence="1.000" wordID="is" beginTime="38.610" endTime="38.800"/>
      <word confidence="0.977" wordID="en" beginTime="38.800" endTime="38.910"/>
      <word confidence="1.000" wordID="masse" beginTime="38.910" endTime="39.310"/>
      <word confidence="0.742" wordID="SIL" beginTime="39.310" endTime="39.320"/>
      <word confidence="0.958" wordID="nalaat" beginTime="39.320" endTime="40.000"/>
      <word confidence="1.000" wordID="een" beginTime="40.000" endTime="40.380"/>
      <word confidence="0.749" wordID="SIL" beginTime="40.380" endTime="40.730"/>
    </wordsequence>
  </speech>
  <speech label="SPK07-011" begintime="40.76" endtime="43.04" >
    <wordsequence>
      <word confidence="0.750" wordID="SIL" beginTime="40.760" endTime="41.080"/>
      <word confidence="1.000" wordID="frans" beginTime="41.080" endTime="41.500"/>
      <word confidence="0.744" wordID="SIL" beginTime="41.500" endTime="41.510"/>
      <word confidence="0.985" wordID="alinari" beginTime="41.510" endTime="41.960"/>
      <word confidence="0.738" wordID="SIL" beginTime="41.960" endTime="41.970"/>
      <word confidence="0.898" wordID="tijdens" beginTime="41.970" endTime="42.580"/>
      <word confidence="0.749" wordID="SIL" beginTime="42.580" endTime="42.900"/>
      <word confidence="0.868" wordID="een" beginTime="42.900" endTime="43.040"/>
    </wordsequence>
  </speech>
  <speech label="SPK07-012" begintime="43.06" endtime="49.53" >
    <wordsequence>
      <word confidence="0.750" wordID="SIL" beginTime="43.060" endTime="43.110"/>
      <word confidence="0.884" wordID="op" beginTime="43.110" endTime="43.210"/>
      <word confidence="0.749" wordID="SIL" beginTime="43.210" endTime="43.480"/>
      <word confidence="0.986" wordID="zo&apos;n" beginTime="43.480" endTime="43.710"/>
      <word confidence="0.958" wordID="realiteit" beginTime="43.710" endTime="44.470"/>
      <word confidence="0.731" wordID="SIL" beginTime="44.470" endTime="44.480"/>
      <word confidence="1.000" wordID="van" beginTime="44.480" endTime="44.640"/>
      <word confidence="1.000" wordID="de" beginTime="44.640" endTime="44.700"/>
      <word confidence="0.933" wordID="rotterdamse" beginTime="44.700" endTime="45.360"/>
      <word confidence="0.739" wordID="SIL" beginTime="45.360" endTime="45.370"/>
      <word confidence="0.855" wordID="raad" beginTime="45.370" endTime="45.760"/>
      <word confidence="0.742" wordID="SIL" beginTime="45.760" endTime="45.770"/>
      <word confidence="0.955" wordID="rol" beginTime="45.770" endTime="46.180"/>
      <word confidence="0.931" wordID="krijgen" beginTime="46.180" endTime="46.650"/>
      <word confidence="0.742" wordID="SIL" beginTime="46.650" endTime="46.670"/>
      <word confidence="0.883" wordID="dan" beginTime="46.670" endTime="46.890"/>
      <word confidence="0.749" wordID="SIL" beginTime="46.890" endTime="47.200"/>
      <word confidence="1.000" wordID="met" beginTime="47.200" endTime="47.370"/>
      <word confidence="0.950" wordID="de" beginTime="47.370" endTime="47.430"/>
      <word confidence="0.891" wordID="hij" beginTime="47.430" endTime="47.680"/>
      <word confidence="0.742" wordID="SIL" beginTime="47.680" endTime="47.690"/>
      <word confidence="1.000" wordID="is" beginTime="47.690" endTime="47.880"/>
      <word confidence="0.749" wordID="SIL" beginTime="47.880" endTime="47.980"/>
      <word confidence="0.967" wordID="een" beginTime="47.980" endTime="48.230"/>
      <word confidence="0.737" wordID="SIL" beginTime="48.230" endTime="48.240"/>
      <word confidence="1.000" wordID="van" beginTime="48.240" endTime="48.490"/>
      <word confidence="0.776" wordID="een" beginTime="48.490" endTime="48.710"/>
      <word confidence="0.745" wordID="SIL" beginTime="48.710" endTime="48.740"/>
      <word confidence="0.923" wordID="en" beginTime="48.740" endTime="48.960"/>
      <word confidence="0.931" wordID="twee" beginTime="48.960" endTime="49.400"/>
      <word confidence="0.748" wordID="SIL" beginTime="49.400" endTime="49.530"/>
    </wordsequence>
  </speech>
  <speech label="SPK10-013" begintime="49.56" endtime="53.14" >
    <wordsequence>
      <word confidence="0.716" wordID="SIL" beginTime="49.560" endTime="49.700"/>
      <word confidence="0.768" wordID="hoe" beginTime="49.700" endTime="49.820"/>
      <word confidence="0.815" wordID="SIL" beginTime="49.820" endTime="49.830"/>
      <word confidence="0.845" wordID="lang" beginTime="49.830" endTime="50.070"/>
      <word confidence="0.761" wordID="SIL" beginTime="50.070" endTime="51.410"/>
      <word confidence="0.776" wordID="dat" beginTime="51.410" endTime="51.750"/>
      <word confidence="0.746" wordID="SIL" beginTime="51.750" endTime="51.780"/>
      <word confidence="0.770" wordID="het" beginTime="51.780" endTime="52.950"/>
      <word confidence="0.747" wordID="SIL" beginTime="52.950" endTime="52.970"/>
      <word confidence="0.801" wordID="een" beginTime="52.970" endTime="53.140"/>
    </wordsequence>
  </speech>
  <speech label="SPK10-014" begintime="53.16" endtime="56.13" >
    <wordsequence>
      <word confidence="0.740" wordID="ja" beginTime="53.160" endTime="54.870"/>
      <word confidence="0.716" wordID="SIL" beginTime="54.870" endTime="54.930"/>
      <word confidence="0.769" wordID="er" beginTime="54.930" endTime="55.570"/>
      <word confidence="1.000" wordID="SIL" beginTime="55.570" endTime="55.710"/>
      <word confidence="0.782" wordID="is" beginTime="55.710" endTime="55.860"/>
      <word confidence="0.763" wordID="SIL" beginTime="55.860" endTime="55.960"/>
      <word confidence="0.749" wordID="een" beginTime="55.960" endTime="56.130"/>
    </wordsequence>
  </speech>
  <speech label="SPK11-015" begintime="56.15" endtime="58.65" >
    <wordsequence>
      <word confidence="0.759" wordID="ja" beginTime="56.150" endTime="56.870"/>
      <word confidence="0.889" wordID="SIL" beginTime="56.870" endTime="56.940"/>
      <word confidence="0.817" wordID="ze" beginTime="56.940" endTime="57.480"/>
      <word confidence="0.749" wordID="SIL" beginTime="57.480" endTime="57.740"/>
      <word confidence="0.812" wordID="hadden" beginTime="57.740" endTime="58.090"/>
      <word confidence="0.742" wordID="SIL" beginTime="58.090" endTime="58.100"/>
      <word confidence="0.792" wordID="hier" beginTime="58.100" endTime="58.610"/>
      <word confidence="0.748" wordID="SIL" beginTime="58.610" endTime="58.650"/>
    </wordsequence>
  </speech>
  <speech label="SPK14-016" begintime="58.67" endtime="62.45" >
    <wordsequence>
      <word confidence="0.679" wordID="SIL" beginTime="58.670" endTime="58.760"/>
      <word confidence="0.740" wordID="er" beginTime="58.760" endTime="58.990"/>
      <word confidence="0.726" wordID="SIL" beginTime="58.990" endTime="59.130"/>
      <word confidence="0.827" wordID="is" beginTime="59.130" endTime="59.370"/>
      <word confidence="0.748" wordID="SIL" beginTime="59.370" endTime="59.570"/>
      <word confidence="0.854" wordID="een" beginTime="59.570" endTime="60.050"/>
      <word confidence="0.749" wordID="SIL" beginTime="60.050" endTime="60.260"/>
      <word confidence="0.790" wordID="prachtige" beginTime="60.260" endTime="61.190"/>
      <word confidence="0.750" wordID="SIL" beginTime="61.190" endTime="62.010"/>
      <word confidence="0.794" wordID="ggg" beginTime="62.010" endTime="62.450"/>
    </wordsequence>
  </speech>
  <speech label="SPK12-017" begintime="62.47" endtime="67.01" >
    <wordsequence>
      <word confidence="0.758" wordID="ja" beginTime="62.470" endTime="66.120"/>
      <word confidence="0.778" wordID="SIL" beginTime="66.120" endTime="66.810"/>
      <word confidence="0.806" wordID="en" beginTime="66.810" endTime="67.010"/>
    </wordsequence>
  </speech>
  <speech label="SPK13-018" begintime="67.03" endtime="71.61" >
    <wordsequence>
      <word confidence="0.774" wordID="ik" beginTime="67.030" endTime="67.250"/>
      <word confidence="0.743" wordID="SIL" beginTime="67.250" endTime="67.290"/>
      <word confidence="0.776" wordID="heb" beginTime="67.290" endTime="67.540"/>
      <word confidence="0.708" wordID="SIL" beginTime="67.540" endTime="67.580"/>
      <word confidence="0.741" wordID="een" beginTime="67.580" endTime="68.010"/>
      <word confidence="0.734" wordID="SIL" beginTime="68.010" endTime="68.060"/>
      <word confidence="0.793" wordID="groot" beginTime="68.060" endTime="68.450"/>
      <word confidence="0.824" wordID="SIL" beginTime="68.450" endTime="68.620"/>
      <word confidence="0.789" wordID="goed" beginTime="68.620" endTime="69.050"/>
      <word confidence="0.870" wordID="SIL" beginTime="69.050" endTime="69.220"/>
      <word confidence="0.810" wordID="dat" beginTime="69.220" endTime="69.310"/>
      <word confidence="0.769" wordID="SIL" beginTime="69.310" endTime="69.890"/>
      <word confidence="0.780" wordID="er" beginTime="69.890" endTime="71.270"/>
      <word confidence="0.749" wordID="SIL" beginTime="71.270" endTime="71.330"/>
      <word confidence="0.839" wordID="een" beginTime="71.330" endTime="71.510"/>
      <word confidence="0.749" wordID="SIL" beginTime="71.510" endTime="71.610"/>
    </wordsequence>
  </speech>
  <speech label="SPK11-019" begintime="71.63" endtime="74.43" >
    <wordsequence>
      <word confidence="0.773" wordID="uh" beginTime="71.630" endTime="72.180"/>
      <word confidence="0.761" wordID="SIL" beginTime="72.180" endTime="72.440"/>
      <word confidence="0.849" wordID="oh" beginTime="72.440" endTime="72.650"/>
      <word confidence="0.743" wordID="SIL" beginTime="72.650" endTime="72.660"/>
      <word confidence="0.793" wordID="ik" beginTime="72.660" endTime="72.870"/>
      <word confidence="0.741" wordID="SIL" beginTime="72.870" endTime="72.880"/>
      <word confidence="0.823" wordID="was" beginTime="72.880" endTime="73.060"/>
      <word confidence="0.743" wordID="SIL" beginTime="73.060" endTime="73.080"/>
      <word confidence="0.810" wordID="er" beginTime="73.080" endTime="73.310"/>
      <word confidence="0.750" wordID="SIL" beginTime="73.310" endTime="73.750"/>
      <word confidence="0.811" wordID="nog" beginTime="73.750" endTime="74.080"/>
      <word confidence="0.741" wordID="SIL" beginTime="74.080" endTime="74.090"/>
      <word confidence="0.825" wordID="wel" beginTime="74.090" endTime="74.430"/>
    </wordsequence>
  </speech>
  <speech label="SPK14-020" begintime="74.45" endtime="77.37" >
    <wordsequence>
      <word confidence="0.737" wordID="SIL" beginTime="74.450" endTime="74.780"/>
      <word confidence="0.755" wordID="nee" beginTime="74.780" endTime="75.860"/>
      <word confidence="0.904" wordID="SIL" beginTime="75.860" endTime="75.880"/>
      <word confidence="0.788" wordID="want" beginTime="75.880" endTime="76.330"/>
      <word confidence="0.770" wordID="SIL" beginTime="76.330" endTime="76.360"/>
      <word confidence="0.822" wordID="zo" beginTime="76.360" endTime="76.960"/>
      <word confidence="0.839" wordID="SIL" beginTime="76.960" endTime="76.970"/>
      <word confidence="0.777" wordID="is" beginTime="76.970" endTime="77.250"/>
      <word confidence="0.810" wordID="SIL" beginTime="77.250" endTime="77.370"/>
    </wordsequence>
  </speech>
  <speech label="SPK13-021" begintime="77.39" endtime="80.53" >
    <wordsequence>
      <word confidence="0.748" wordID="ja" beginTime="77.390" endTime="78.860"/>
      <word confidence="0.800" wordID="SIL" beginTime="78.860" endTime="79.330"/>
      <word confidence="0.815" wordID="dan" beginTime="79.330" endTime="79.640"/>
      <word confidence="0.807" wordID="SIL" beginTime="79.640" endTime="79.650"/>
      <word confidence="0.835" wordID="zullen" beginTime="79.650" endTime="80.010"/>
      <word confidence="0.778" wordID="SIL" beginTime="80.010" endTime="80.080"/>
      <word confidence="0.838" wordID="ze" beginTime="80.080" endTime="80.280"/>
      <word confidence="0.767" wordID="SIL" beginTime="80.280" endTime="80.310"/>
      <word confidence="0.809" wordID="zich" beginTime="80.310" endTime="80.530"/>
    </wordsequence>
  </speech>
  <speech label="SPK01-022" begintime="80.55" endtime="84.57" >
    <wordsequence>
      <word confidence="0.730" wordID="SIL" beginTime="80.550" endTime="80.880"/>
      <word confidence="1.000" wordID="in" beginTime="80.880" endTime="80.990"/>
      <word confidence="0.966" wordID="de" beginTime="80.990" endTime="81.050"/>
      <word confidence="0.879" wordID="rotterdamse" beginTime="81.050" endTime="81.610"/>
      <word confidence="0.908" wordID="gaat" beginTime="81.610" endTime="81.900"/>
      <word confidence="0.754" wordID="SIL" beginTime="81.900" endTime="81.940"/>
      <word confidence="0.934" wordID="een" beginTime="81.940" endTime="82.110"/>
      <word confidence="1.000" wordID="SIL" beginTime="82.110" endTime="82.120"/>
      <word confidence="0.882" wordID="voortvarende" beginTime="82.120" endTime="82.740"/>
      <word confidence="1.000" wordID="start" beginTime="82.740" endTime="83.050"/>
      <word confidence="0.864" wordID="het" beginTime="83.050" endTime="83.230"/>
      <word confidence="1.000" wordID="intussen" beginTime="83.230" endTime="83.670"/>
      <word confidence="0.846" wordID="SIL" beginTime="83.670" endTime="83.710"/>
      <word confidence="0.997" wordID="in" beginTime="83.710" endTime="83.920"/>
      <word confidence="0.866" wordID="een" beginTime="83.920" endTime="83.990"/>
      <word confidence="0.895" wordID="dag" beginTime="83.990" endTime="84.160"/>
      <word confidence="0.774" wordID="SIL" beginTime="84.160" endTime="84.230"/>
      <word confidence="0.824" wordID="een" beginTime="84.230" endTime="84.350"/>
      <word confidence="0.800" wordID="SIL" beginTime="84.350" endTime="84.570"/>
    </wordsequence>
  </speech>
  <speech label="SPK01-023" begintime="84.60" endtime="90.49" >
    <wordsequence>
      <word confidence="0.750" wordID="SIL" beginTime="84.600" endTime="84.850"/>
      <word confidence="0.777" wordID="ik" beginTime="84.850" endTime="84.960"/>
      <word confidence="0.745" wordID="SIL" beginTime="84.960" endTime="84.990"/>
      <word confidence="1.000" wordID="heb" beginTime="84.990" endTime="85.130"/>
      <word confidence="0.908" wordID="een" beginTime="85.130" endTime="85.320"/>
      <word confidence="0.739" wordID="SIL" beginTime="85.320" endTime="85.330"/>
      <word confidence="1.000" wordID="merendeel" beginTime="85.330" endTime="85.780"/>
      <word confidence="1.000" wordID="van" beginTime="85.780" endTime="85.890"/>
      <word confidence="1.000" wordID="de" beginTime="85.890" endTime="85.960"/>
      <word confidence="1.000" wordID="bedrijven" beginTime="85.960" endTime="86.480"/>
      <word confidence="0.749" wordID="SIL" beginTime="86.480" endTime="86.710"/>
      <word confidence="1.000" wordID="waar" beginTime="86.710" endTime="86.850"/>
      <word confidence="1.000" wordID="men" beginTime="86.850" endTime="87.000"/>
      <word confidence="1.000" wordID="bleef" beginTime="87.000" endTime="87.300"/>
      <word confidence="0.748" wordID="SIL" beginTime="87.300" endTime="87.360"/>
      <word confidence="0.930" wordID="posten" beginTime="87.360" endTime="87.820"/>
      <word confidence="0.749" wordID="SIL" beginTime="87.820" endTime="87.990"/>
      <word confidence="0.918" wordID="blijven" beginTime="87.990" endTime="88.270"/>
      <word confidence="1.000" wordID="ook" beginTime="88.270" endTime="88.400"/>
      <word confidence="1.000" wordID="in" beginTime="88.400" endTime="88.460"/>
      <word confidence="0.994" wordID="de" beginTime="88.460" endTime="88.540"/>
      <word confidence="1.000" wordID="tweedeling" beginTime="88.540" endTime="89.100"/>
      <word confidence="0.740" wordID="SIL" beginTime="89.100" endTime="89.110"/>
      <word confidence="0.904" wordID="in" beginTime="89.110" endTime="89.210"/>
      <word confidence="0.740" wordID="SIL" beginTime="89.210" endTime="89.220"/>
      <word confidence="0.881" wordID="de" beginTime="89.220" endTime="89.300"/>
      <word confidence="0.850" wordID="gaten" beginTime="89.300" endTime="89.550"/>
      <word confidence="0.881" wordID="te" beginTime="89.550" endTime="89.650"/>
      <word confidence="0.958" wordID="laten" beginTime="89.650" endTime="90.070"/>
      <word confidence="0.749" wordID="SIL" beginTime="90.070" endTime="90.490"/>
    </wordsequence>
  </speech>
  <speech label="SPK01-024" begintime="90.51" endtime="94.05" >
    <wordsequence>
      <word confidence="0.750" wordID="SIL" beginTime="90.510" endTime="90.820"/>
      <word confidence="0.993" wordID="aan" beginTime="90.820" endTime="90.920"/>
      <word confidence="0.973" wordID="het" beginTime="90.920" endTime="91.000"/>
      <word confidence="0.898" wordID="einde" beginTime="91.000" endTime="91.210"/>
      <word confidence="0.912" wordID="van" beginTime="91.210" endTime="91.360"/>
      <word confidence="0.743" wordID="SIL" beginTime="91.360" endTime="91.370"/>
      <word confidence="1.000" wordID="een" beginTime="91.370" endTime="91.500"/>
      <word confidence="1.000" wordID="uh" beginTime="91.500" endTime="91.560"/>
      <word confidence="1.000" wordID="ik" beginTime="91.560" endTime="91.690"/>
      <word confidence="1.000" wordID="wist" beginTime="91.690" endTime="91.880"/>
      <word confidence="0.736" wordID="SIL" beginTime="91.880" endTime="91.890"/>
      <word confidence="1.000" wordID="te" beginTime="91.890" endTime="91.980"/>
      <word confidence="1.000" wordID="staken" beginTime="91.980" endTime="92.400"/>
      <word confidence="0.775" wordID="ze" beginTime="92.400" endTime="92.480"/>
      <word confidence="0.749" wordID="SIL" beginTime="92.480" endTime="92.810"/>
      <word confidence="0.929" wordID="de" beginTime="92.810" endTime="92.890"/>
      <word confidence="0.912" wordID="werkers" beginTime="92.890" endTime="93.280"/>
      <word confidence="1.000" wordID="van" beginTime="93.280" endTime="93.420"/>
      <word confidence="0.903" wordID="het" beginTime="93.420" endTime="93.510"/>
      <word confidence="1.000" wordID="bedrijf" beginTime="93.510" endTime="93.870"/>
      <word confidence="1.000" wordID="dat" beginTime="93.870" endTime="94.050"/>
    </wordsequence>
  </speech>
  <speech label="SPK01-025" begintime="94.07" endtime="98.39" >
    <wordsequence>
      <word confidence="0.750" wordID="SIL" beginTime="94.070" endTime="94.090"/>
      <word confidence="0.971" wordID="de" beginTime="94.090" endTime="94.190"/>
      <word confidence="1.000" wordID="bonden" beginTime="94.190" endTime="94.530"/>
      <word confidence="0.826" wordID="niet" beginTime="94.530" endTime="94.790"/>
      <word confidence="1.000" wordID="in" beginTime="94.790" endTime="94.880"/>
      <word confidence="1.000" wordID="de" beginTime="94.880" endTime="94.950"/>
      <word confidence="0.962" wordID="speerpunten" beginTime="94.950" endTime="95.520"/>
      <word confidence="1.000" wordID="actie" beginTime="95.520" endTime="95.770"/>
      <word confidence="0.771" wordID="SIL" beginTime="95.770" endTime="95.780"/>
      <word confidence="0.931" wordID="wordt" beginTime="95.780" endTime="95.920"/>
      <word confidence="1.000" wordID="ondernomen" beginTime="95.920" endTime="96.370"/>
      <word confidence="0.809" wordID="om" beginTime="96.370" endTime="96.630"/>
      <word confidence="0.731" wordID="SIL" beginTime="96.630" endTime="96.640"/>
      <word confidence="1.000" wordID="over" beginTime="96.640" endTime="96.890"/>
      <word confidence="0.930" wordID="te" beginTime="96.890" endTime="96.980"/>
      <word confidence="0.984" wordID="halen" beginTime="96.980" endTime="97.270"/>
      <word confidence="1.000" wordID="dat" beginTime="97.270" endTime="97.380"/>
      <word confidence="1.000" wordID="ben" beginTime="97.380" endTime="97.540"/>
      <word confidence="0.959" wordID="ik" beginTime="97.540" endTime="97.630"/>
      <word confidence="0.734" wordID="SIL" beginTime="97.630" endTime="97.640"/>
      <word confidence="0.962" wordID="niet" beginTime="97.640" endTime="97.840"/>
      <word confidence="0.742" wordID="SIL" beginTime="97.840" endTime="97.870"/>
      <word confidence="0.981" wordID="kunnen" beginTime="97.870" endTime="98.090"/>
      <word confidence="0.749" wordID="SIL" beginTime="98.090" endTime="98.390"/>
    </wordsequence>
  </speech>
  <speech label="SPK01-026" begintime="98.42" endtime="102.72" >
    <wordsequence>
      <word confidence="0.750" wordID="SIL" beginTime="98.420" endTime="99.030"/>
      <word confidence="1.000" wordID="zij" beginTime="99.030" endTime="99.160"/>
      <word confidence="0.941" wordID="verlieten" beginTime="99.160" endTime="99.560"/>
      <word confidence="0.968" wordID="het" beginTime="99.560" endTime="99.640"/>
      <word confidence="1.000" wordID="bedrijf" beginTime="99.640" endTime="100.030"/>
      <word confidence="0.750" wordID="SIL" beginTime="100.030" endTime="100.490"/>
      <word confidence="0.988" wordID="en" beginTime="100.490" endTime="100.650"/>
      <word confidence="1.000" wordID="een" beginTime="100.650" endTime="100.720"/>
      <word confidence="1.000" wordID="enkeling" beginTime="100.720" endTime="101.200"/>
      <word confidence="0.739" wordID="SIL" beginTime="101.200" endTime="101.210"/>
      <word confidence="1.000" wordID="wilde" beginTime="101.210" endTime="101.490"/>
      <word confidence="1.000" wordID="ook" beginTime="101.490" endTime="101.650"/>
      <word confidence="0.746" wordID="SIL" beginTime="101.650" endTime="101.690"/>
      <word confidence="1.000" wordID="wel" beginTime="101.690" endTime="101.910"/>
      <word confidence="0.971" wordID="zeggen" beginTime="101.910" endTime="102.300"/>
      <word confidence="0.741" wordID="SIL" beginTime="102.300" endTime="102.320"/>
      <word confidence="1.000" wordID="waarom" beginTime="102.320" endTime="102.720"/>
    </wordsequence>
  </speech>
  <speech label="SPK01-027" begintime="102.74" endtime="105.58" >
    <wordsequence>
      <word confidence="0.750" wordID="SIL" beginTime="102.740" endTime="102.920"/>
      <word confidence="0.753" wordID="het" beginTime="102.920" endTime="102.990"/>
      <word confidence="0.749" wordID="SIL" beginTime="102.990" endTime="103.230"/>
      <word confidence="0.847" wordID="is" beginTime="103.230" endTime="103.360"/>
      <word confidence="0.869" wordID="onmogelijk" beginTime="103.360" endTime="103.760"/>
      <word confidence="0.747" wordID="SIL" beginTime="103.760" endTime="103.800"/>
      <word confidence="0.918" wordID="alle" beginTime="103.800" endTime="104.230"/>
      <word confidence="0.926" wordID="voor" beginTime="104.230" endTime="104.400"/>
      <word confidence="0.890" wordID="de" beginTime="104.400" endTime="104.480"/>
      <word confidence="0.880" wordID="andere" beginTime="104.480" endTime="104.910"/>
      <word confidence="0.895" wordID="SIL" beginTime="104.910" endTime="104.970"/>
      <word confidence="0.845" wordID="kant" beginTime="104.970" endTime="105.300"/>
      <word confidence="0.874" wordID="SIL" beginTime="105.300" endTime="105.580"/>
    </wordsequence>
  </speech>
  <speech label="SPK01-028" begintime="105.61" endtime="111.20" >
    <wordsequence>
      <word confidence="0.750" wordID="SIL" beginTime="105.610" endTime="105.760"/>
      <word confidence="1.000" wordID="maar" beginTime="105.760" endTime="105.920"/>
      <word confidence="0.982" wordID="niet" beginTime="105.920" endTime="106.110"/>
      <word confidence="0.742" wordID="SIL" beginTime="106.110" endTime="106.120"/>
      <word confidence="0.850" wordID="iedereen" beginTime="106.120" endTime="106.630"/>
      <word confidence="0.825" wordID="SIL" beginTime="106.630" endTime="106.660"/>
      <word confidence="1.000" wordID="sloot" beginTime="106.660" endTime="106.970"/>
      <word confidence="0.965" wordID="zich" beginTime="106.970" endTime="107.100"/>
      <word confidence="1.000" wordID="uit" beginTime="107.100" endTime="107.250"/>
      <word confidence="1.000" wordID="volle" beginTime="107.250" endTime="107.490"/>
      <word confidence="1.000" wordID="overtuiging" beginTime="107.490" endTime="108.260"/>
      <word confidence="0.747" wordID="SIL" beginTime="108.260" endTime="108.290"/>
      <word confidence="1.000" wordID="bij" beginTime="108.290" endTime="108.410"/>
      <word confidence="1.000" wordID="de" beginTime="108.410" endTime="108.500"/>
      <word confidence="1.000" wordID="stakers" beginTime="108.500" endTime="108.970"/>
      <word confidence="1.000" wordID="aan" beginTime="108.970" endTime="109.330"/>
      <word confidence="0.739" wordID="SIL" beginTime="109.330" endTime="109.340"/>
      <word confidence="0.928" wordID="aan" beginTime="109.340" endTime="109.520"/>
      <word confidence="0.748" wordID="SIL" beginTime="109.520" endTime="109.610"/>
      <word confidence="0.889" wordID="de" beginTime="109.610" endTime="109.670"/>
      <word confidence="0.863" wordID="andere" beginTime="109.670" endTime="109.990"/>
      <word confidence="0.984" wordID="allemaal" beginTime="109.990" endTime="110.410"/>
      <word confidence="0.743" wordID="SIL" beginTime="110.410" endTime="110.420"/>
      <word confidence="0.897" wordID="ondermijnen" beginTime="110.420" endTime="111.090"/>
      <word confidence="0.748" wordID="SIL" beginTime="111.090" endTime="111.200"/>
    </wordsequence>
  </speech>
  <speech label="SPK01-029" begintime="111.22" endtime="115.65" >
    <wordsequence>
      <word confidence="0.745" wordID="SIL" beginTime="111.220" endTime="111.300"/>
      <word confidence="0.847" wordID="en" beginTime="111.300" endTime="111.570"/>
      <word confidence="1.000" wordID="dan" beginTime="111.570" endTime="111.690"/>
      <word confidence="0.823" wordID="kan" beginTime="111.690" endTime="111.860"/>
      <word confidence="0.779" wordID="SIL" beginTime="111.860" endTime="111.870"/>
      <word confidence="0.800" wordID="er" beginTime="111.870" endTime="112.020"/>
      <word confidence="0.878" wordID="niet" beginTime="112.020" endTime="112.290"/>
      <word confidence="0.749" wordID="SIL" beginTime="112.290" endTime="112.310"/>
      <word confidence="0.849" wordID="door" beginTime="112.310" endTime="112.440"/>
      <word confidence="0.850" wordID="dat" beginTime="112.440" endTime="112.570"/>
      <word confidence="0.854" wordID="land" beginTime="112.570" endTime="112.780"/>
      <word confidence="0.977" wordID="georganiseerde" beginTime="112.780" endTime="113.410"/>
      <word confidence="1.000" wordID="staat" beginTime="113.410" endTime="113.670"/>
      <word confidence="1.000" wordID="die" beginTime="113.670" endTime="113.740"/>
      <word confidence="0.989" wordID="met" beginTime="113.740" endTime="113.900"/>
      <word confidence="0.871" wordID="dikke" beginTime="113.900" endTime="114.200"/>
      <word confidence="0.923" wordID="warnecke" beginTime="114.200" endTime="114.680"/>
      <word confidence="0.909" wordID="delen" beginTime="114.680" endTime="114.900"/>
      <word confidence="0.942" wordID="minder" beginTime="114.900" endTime="115.160"/>
      <word confidence="0.698" wordID="SIL" beginTime="115.160" endTime="115.170"/>
      <word confidence="0.887" wordID="inkomsten" beginTime="115.170" endTime="115.650"/>
    </wordsequence>
  </speech>
  <speech label="SPK01-030" begintime="115.67" endtime="118.86" >
    <wordsequence>
      <word confidence="0.829" wordID="de" beginTime="115.670" endTime="115.810"/>
      <word confidence="0.920" wordID="aan" beginTime="115.810" endTime="115.950"/>
      <word confidence="0.883" wordID="de" beginTime="115.950" endTime="116.040"/>
      <word confidence="0.961" wordID="ama&apos;s" beginTime="116.040" endTime="116.390"/>
      <word confidence="0.751" wordID="SIL" beginTime="116.390" endTime="116.400"/>
      <word confidence="0.913" wordID="erbij" beginTime="116.400" endTime="116.760"/>
      <word confidence="0.945" wordID="SIL" beginTime="116.760" endTime="116.770"/>
      <word confidence="1.000" wordID="dus" beginTime="116.770" endTime="116.950"/>
      <word confidence="0.743" wordID="SIL" beginTime="116.950" endTime="116.960"/>
      <word confidence="0.888" wordID="kijk" beginTime="116.960" endTime="117.140"/>
      <word confidence="0.886" wordID="maar" beginTime="117.140" endTime="117.360"/>
      <word confidence="0.816" wordID="de" beginTime="117.360" endTime="117.460"/>
      <word confidence="0.857" wordID="kans" beginTime="117.460" endTime="117.680"/>
      <word confidence="0.741" wordID="SIL" beginTime="117.680" endTime="117.690"/>
      <word confidence="0.863" wordID="is" beginTime="117.690" endTime="118.040"/>
      <word confidence="0.750" wordID="SIL" beginTime="118.040" endTime="118.180"/>
      <word confidence="0.862" wordID="groot" beginTime="118.180" endTime="118.450"/>
      <word confidence="0.882" wordID="in" beginTime="118.450" endTime="118.540"/>
      <word confidence="0.834" wordID="engeland" beginTime="118.540" endTime="118.860"/>
    </wordsequence>
  </speech>
  <speech label="SPK07-031" begintime="118.88" endtime="120.62" >
    <wordsequence>
      <word confidence="0.936" wordID="bange" beginTime="118.880" endTime="119.100"/>
      <word confidence="0.968" wordID="beieren" beginTime="119.100" endTime="119.380"/>
      <word confidence="1.000" wordID="monden" beginTime="119.380" endTime="119.710"/>
      <word confidence="0.959" wordID="al" beginTime="119.710" endTime="119.890"/>
      <word confidence="0.904" wordID="helemaal" beginTime="119.890" endTime="120.330"/>
      <word confidence="0.674" wordID="SIL" beginTime="120.330" endTime="120.340"/>
      <word confidence="0.956" wordID="ja" beginTime="120.340" endTime="120.620"/>
    </wordsequence>
  </speech>
  <speech label="SPK01-032" begintime="120.64" endtime="125.54" >
    <wordsequence>
      <word confidence="0.789" wordID="ja" beginTime="120.640" endTime="121.110"/>
      <word confidence="0.741" wordID="SIL" beginTime="121.110" endTime="121.120"/>
      <word confidence="0.938" wordID="zo" beginTime="121.120" endTime="121.310"/>
      <word confidence="0.835" wordID="is" beginTime="121.310" endTime="121.440"/>
      <word confidence="0.749" wordID="SIL" beginTime="121.440" endTime="121.770"/>
      <word confidence="0.890" wordID="hoe" beginTime="121.770" endTime="121.960"/>
      <word confidence="1.000" wordID="dan" beginTime="121.960" endTime="122.130"/>
      <word confidence="0.975" wordID="ook" beginTime="122.130" endTime="122.340"/>
      <word confidence="0.749" wordID="SIL" beginTime="122.340" endTime="122.510"/>
      <word confidence="0.946" wordID="een" beginTime="122.510" endTime="122.620"/>
      <word confidence="1.000" wordID="aantal" beginTime="122.620" endTime="122.990"/>
      <word confidence="1.000" wordID="uh" beginTime="122.990" endTime="123.050"/>
      <word confidence="0.993" wordID="deze" beginTime="123.050" endTime="123.250"/>
      <word confidence="1.000" wordID="opgewonden" beginTime="123.250" endTime="123.870"/>
      <word confidence="0.957" wordID="starter" beginTime="123.870" endTime="124.310"/>
      <word confidence="1.000" wordID="zouden" beginTime="124.310" endTime="124.490"/>
      <word confidence="0.741" wordID="SIL" beginTime="124.490" endTime="124.500"/>
      <word confidence="0.982" wordID="solidariteit" beginTime="124.500" endTime="125.260"/>
      <word confidence="0.749" wordID="SIL" beginTime="125.260" endTime="125.540"/>
    </wordsequence>
  </speech>
  <speech label="SPK01-033" begintime="125.56" endtime="129.45" >
    <wordsequence>
      <word confidence="0.750" wordID="SIL" beginTime="125.560" endTime="125.650"/>
      <word confidence="0.913" wordID="ik" beginTime="125.650" endTime="125.800"/>
      <word confidence="0.629" wordID="SIL" beginTime="125.800" endTime="125.820"/>
      <word confidence="0.925" wordID="wil" beginTime="125.820" endTime="125.980"/>
      <word confidence="0.937" wordID="om" beginTime="125.980" endTime="126.150"/>
      <word confidence="1.000" wordID="zoals" beginTime="126.150" endTime="126.400"/>
      <word confidence="0.733" wordID="SIL" beginTime="126.400" endTime="126.500"/>
      <word confidence="0.942" wordID="andere" beginTime="126.500" endTime="126.800"/>
      <word confidence="0.913" wordID="vervoermiddelen" beginTime="126.800" endTime="127.420"/>
      <word confidence="0.816" wordID="en" beginTime="127.420" endTime="127.530"/>
      <word confidence="1.000" wordID="een" beginTime="127.530" endTime="127.610"/>
      <word confidence="0.954" wordID="dochterbedrijf" beginTime="127.610" endTime="128.320"/>
      <word confidence="0.962" wordID="SIL" beginTime="128.320" endTime="128.620"/>
      <word confidence="0.961" wordID="mervin" beginTime="128.620" endTime="129.050"/>
      <word confidence="0.872" wordID="derde" beginTime="129.050" endTime="129.450"/>
    </wordsequence>
  </speech>
  <speech label="SPK09-034" begintime="129.47" endtime="132.91" >
    <wordsequence>
      <word confidence="0.797" wordID="ja" beginTime="129.470" endTime="129.590"/>
      <word confidence="0.753" wordID="SIL" beginTime="129.590" endTime="129.760"/>
      <word confidence="0.915" wordID="ik" beginTime="129.760" endTime="129.840"/>
      <word confidence="0.654" wordID="SIL" beginTime="129.840" endTime="129.850"/>
      <word confidence="0.803" wordID="vind" beginTime="129.850" endTime="130.060"/>
      <word confidence="0.729" wordID="SIL" beginTime="130.060" endTime="130.110"/>
      <word confidence="1.000" wordID="je" beginTime="130.110" endTime="130.200"/>
      <word confidence="0.944" wordID="vele" beginTime="130.200" endTime="130.480"/>
      <word confidence="0.969" wordID="vele" beginTime="130.480" endTime="130.780"/>
      <word confidence="0.903" wordID="malen" beginTime="130.780" endTime="130.970"/>
      <word confidence="0.720" wordID="SIL" beginTime="130.970" endTime="131.060"/>
      <word confidence="0.866" wordID="mooier" beginTime="131.060" endTime="131.610"/>
      <word confidence="0.757" wordID="SIL" beginTime="131.610" endTime="131.700"/>
      <word confidence="0.919" wordID="zal" beginTime="131.700" endTime="132.180"/>
      <word confidence="0.735" wordID="SIL" beginTime="132.180" endTime="132.190"/>
      <word confidence="1.000" wordID="maandag" beginTime="132.190" endTime="132.470"/>
      <word confidence="1.000" wordID="aan" beginTime="132.470" endTime="132.670"/>
      <word confidence="0.907" wordID="de" beginTime="132.670" endTime="132.730"/>
      <word confidence="0.849" wordID="hand" beginTime="132.730" endTime="132.910"/>
    </wordsequence>
  </speech>
  <speech label="SPK09-035" begintime="132.93" endtime="136.94" >
    <wordsequence>
      <word confidence="0.791" wordID="je" beginTime="132.930" endTime="133.130"/>
      <word confidence="0.844" wordID="moet" beginTime="133.130" endTime="133.330"/>
      <word confidence="0.854" wordID="SIL" beginTime="133.330" endTime="133.340"/>
      <word confidence="1.000" wordID="zo" beginTime="133.340" endTime="133.490"/>
      <word confidence="0.869" wordID="maken" beginTime="133.490" endTime="133.900"/>
      <word confidence="0.821" wordID="SIL" beginTime="133.900" endTime="134.010"/>
      <word confidence="0.859" wordID="waarop" beginTime="134.010" endTime="134.400"/>
      <word confidence="0.892" wordID="alle" beginTime="134.400" endTime="134.580"/>
      <word confidence="0.972" wordID="makers" beginTime="134.580" endTime="135.080"/>
      <word confidence="0.749" wordID="SIL" beginTime="135.080" endTime="135.250"/>
      <word confidence="0.873" wordID="van" beginTime="135.250" endTime="135.440"/>
      <word confidence="0.981" wordID="de" beginTime="135.440" endTime="135.510"/>
      <word confidence="1.000" wordID="jol" beginTime="135.510" endTime="135.820"/>
      <word confidence="0.937" wordID="eykman" beginTime="135.820" endTime="136.050"/>
      <word confidence="1.000" wordID="nogal" beginTime="136.050" endTime="136.300"/>
      <word confidence="0.837" wordID="een" beginTime="136.300" endTime="136.440"/>
      <word confidence="0.747" wordID="SIL" beginTime="136.440" endTime="136.570"/>
      <word confidence="0.857" wordID="toch" beginTime="136.570" endTime="136.760"/>
      <word confidence="0.749" wordID="SIL" beginTime="136.760" endTime="136.940"/>
    </wordsequence>
  </speech>
  <speech label="SPK09-036" begintime="136.96" endtime="141.70" >
    <wordsequence>
      <word confidence="0.750" wordID="SIL" beginTime="136.960" endTime="137.130"/>
      <word confidence="0.901" wordID="de" beginTime="137.130" endTime="137.330"/>
      <word confidence="0.750" wordID="SIL" beginTime="137.330" endTime="137.920"/>
      <word confidence="0.971" wordID="bal" beginTime="137.920" endTime="138.120"/>
      <word confidence="0.817" wordID="in" beginTime="138.120" endTime="138.200"/>
      <word confidence="0.902" wordID="het" beginTime="138.200" endTime="138.270"/>
      <word confidence="0.931" wordID="duits" beginTime="138.270" endTime="138.530"/>
      <word confidence="0.749" wordID="SIL" beginTime="138.530" endTime="138.680"/>
      <word confidence="0.864" wordID="en" beginTime="138.680" endTime="138.910"/>
      <word confidence="0.750" wordID="SIL" beginTime="138.910" endTime="139.060"/>
      <word confidence="0.921" wordID="bobby" beginTime="139.060" endTime="139.530"/>
      <word confidence="0.894" wordID="zullen" beginTime="139.530" endTime="139.720"/>
      <word confidence="0.952" wordID="wat" beginTime="139.720" endTime="139.930"/>
      <word confidence="0.859" wordID="minder" beginTime="139.930" endTime="140.340"/>
      <word confidence="0.740" wordID="SIL" beginTime="140.340" endTime="140.350"/>
      <word confidence="0.908" wordID="lekker" beginTime="140.350" endTime="140.570"/>
      <word confidence="0.812" wordID="dan" beginTime="140.570" endTime="141.040"/>
      <word confidence="0.750" wordID="SIL" beginTime="141.040" endTime="141.430"/>
      <word confidence="1.000" wordID="ook" beginTime="141.430" endTime="141.560"/>
      <word confidence="0.749" wordID="SIL" beginTime="141.560" endTime="141.700"/>
    </wordsequence>
  </speech>
  <speech label="SPK09-037" begintime="141.73" endtime="141.96" >
    <wordsequence>
      <word confidence="0.750" wordID="SIL" beginTime="141.730" endTime="141.960"/>
    </wordsequence>
  </speech>
  <speech label="SPK01-038" begintime="141.98" endtime="146.63" >
    <wordsequence>
      <word confidence="0.802" wordID="iedereen" beginTime="141.980" endTime="142.380"/>
      <word confidence="1.000" wordID="hier" beginTime="142.380" endTime="142.730"/>
      <word confidence="0.972" wordID="SIL" beginTime="142.730" endTime="143.020"/>
      <word confidence="1.000" wordID="maar" beginTime="143.020" endTime="143.190"/>
      <word confidence="1.000" wordID="ook" beginTime="143.190" endTime="143.340"/>
      <word confidence="0.966" wordID="elders" beginTime="143.340" endTime="143.670"/>
      <word confidence="1.000" wordID="in" beginTime="143.670" endTime="143.760"/>
      <word confidence="1.000" wordID="de" beginTime="143.760" endTime="143.820"/>
      <word confidence="1.000" wordID="rotterdamse" beginTime="143.820" endTime="144.310"/>
      <word confidence="0.987" wordID="haven" beginTime="144.310" endTime="144.590"/>
      <word confidence="0.972" wordID="werd" beginTime="144.590" endTime="144.750"/>
      <word confidence="0.799" wordID="op" beginTime="144.750" endTime="144.830"/>
      <word confidence="0.804" wordID="SIL" beginTime="144.830" endTime="144.880"/>
      <word confidence="0.974" wordID="enkele" beginTime="144.880" endTime="145.120"/>
      <word confidence="1.000" wordID="plaatsen" beginTime="145.120" endTime="145.520"/>
      <word confidence="1.000" wordID="gewoon" beginTime="145.520" endTime="145.850"/>
      <word confidence="0.966" wordID="doorgewerkt" beginTime="145.850" endTime="146.400"/>
      <word confidence="1.000" wordID="SIL" beginTime="146.400" endTime="146.630"/>
    </wordsequence>
  </speech>
  <speech label="SPK01-039" begintime="146.65" endtime="148.83" >
    <wordsequence>
      <word confidence="0.750" wordID="SIL" beginTime="146.650" endTime="146.940"/>
      <word confidence="1.000" wordID="zo" beginTime="146.940" endTime="147.130"/>
      <word confidence="0.896" wordID="werd" beginTime="147.130" endTime="147.310"/>
      <word confidence="1.000" wordID="onder" beginTime="147.310" endTime="147.490"/>
      <word confidence="1.000" wordID="meer" beginTime="147.490" endTime="147.720"/>
      <word confidence="0.992" wordID="een" beginTime="147.720" endTime="147.830"/>
      <word confidence="1.000" wordID="groot" beginTime="147.830" endTime="148.160"/>
      <word confidence="1.000" wordID="aantal" beginTime="148.160" endTime="148.620"/>
      <word confidence="0.748" wordID="SIL" beginTime="148.620" endTime="148.830"/>
    </wordsequence>
  </speech>
  <speech label="SPK01-040" begintime="148.85" endtime="152.73" >
    <wordsequence>
      <word confidence="0.750" wordID="SIL" beginTime="148.850" endTime="148.910"/>
      <word confidence="1.000" wordID="van" beginTime="148.910" endTime="149.020"/>
      <word confidence="0.936" wordID="het" beginTime="149.020" endTime="149.110"/>
      <word confidence="1.000" wordID="chemisch" beginTime="149.110" endTime="149.440"/>
      <word confidence="1.000" wordID="bedrijf" beginTime="149.440" endTime="149.770"/>
      <word confidence="1.000" wordID="uit" beginTime="149.770" endTime="149.930"/>
      <word confidence="1.000" wordID="zwitserland" beginTime="149.930" endTime="150.400"/>
      <word confidence="1.000" wordID="afkomstige" beginTime="150.400" endTime="150.950"/>
      <word confidence="1.000" wordID="vaten" beginTime="150.950" endTime="151.310"/>
      <word confidence="1.000" wordID="met" beginTime="151.310" endTime="151.440"/>
      <word confidence="0.972" wordID="een" beginTime="151.440" endTime="151.520"/>
      <word confidence="0.970" wordID="giftige" beginTime="151.520" endTime="151.920"/>
      <word confidence="0.958" wordID="substantie" beginTime="151.920" endTime="152.530"/>
      <word confidence="0.871" wordID="SIL" beginTime="152.530" endTime="152.730"/>
    </wordsequence>
  </speech>
  <speech label="SPK01-041" begintime="152.75" endtime="155.93" >
    <wordsequence>
      <word confidence="0.750" wordID="SIL" beginTime="152.750" endTime="152.810"/>
      <word confidence="1.000" wordID="in" beginTime="152.810" endTime="152.960"/>
      <word confidence="1.000" wordID="uh" beginTime="152.960" endTime="152.990"/>
      <word confidence="1.000" wordID="geladen" beginTime="152.990" endTime="153.430"/>
      <word confidence="0.749" wordID="SIL" beginTime="153.430" endTime="153.580"/>
      <word confidence="1.000" wordID="binnenschip" beginTime="153.580" endTime="154.010"/>
      <word confidence="1.000" wordID="uit" beginTime="154.010" endTime="154.160"/>
      <word confidence="0.735" wordID="SIL" beginTime="154.160" endTime="154.170"/>
      <word confidence="0.903" wordID="de" beginTime="154.170" endTime="154.230"/>
      <word confidence="1.000" wordID="chinese" beginTime="154.230" endTime="154.630"/>
      <word confidence="1.000" wordID="volksrepubliek" beginTime="154.630" endTime="155.330"/>
      <word confidence="0.750" wordID="SIL" beginTime="155.330" endTime="155.930"/>
    </wordsequence>
  </speech>
  <speech label="SPK01-042" begintime="155.96" endtime="161.22" >
    <wordsequence>
      <word confidence="0.750" wordID="SIL" beginTime="155.960" endTime="156.680"/>
      <word confidence="1.000" wordID="en" beginTime="156.680" endTime="156.790"/>
      <word confidence="1.000" wordID="in" beginTime="156.790" endTime="156.870"/>
      <word confidence="1.000" wordID="de" beginTime="156.870" endTime="156.950"/>
      <word confidence="1.000" wordID="waalhaven" beginTime="156.950" endTime="157.570"/>
      <word confidence="0.971" wordID="daarvan" beginTime="157.570" endTime="157.860"/>
      <word confidence="1.000" wordID="werden" beginTime="157.860" endTime="158.050"/>
      <word confidence="1.000" wordID="elevator" beginTime="158.050" endTime="158.590"/>
      <word confidence="0.733" wordID="SIL" beginTime="158.590" endTime="158.600"/>
      <word confidence="1.000" wordID="deze" beginTime="158.600" endTime="158.910"/>
      <word confidence="0.749" wordID="SIL" beginTime="158.910" endTime="159.180"/>
      <word confidence="0.923" wordID="gedaan" beginTime="159.180" endTime="159.550"/>
      <word confidence="0.737" wordID="SIL" beginTime="159.550" endTime="159.560"/>
      <word confidence="1.000" wordID="over" beginTime="159.560" endTime="159.830"/>
      <word confidence="0.739" wordID="SIL" beginTime="159.830" endTime="159.840"/>
      <word confidence="0.979" wordID="de" beginTime="159.840" endTime="159.920"/>
      <word confidence="1.000" wordID="waarde" beginTime="159.920" endTime="160.270"/>
      <word confidence="0.735" wordID="SIL" beginTime="160.270" endTime="160.280"/>
      <word confidence="1.000" wordID="in" beginTime="160.280" endTime="160.380"/>
      <word confidence="1.000" wordID="het" beginTime="160.380" endTime="160.460"/>
      <word confidence="1.000" wordID="binnen" beginTime="160.460" endTime="160.730"/>
      <word confidence="0.748" wordID="SIL" beginTime="160.730" endTime="160.810"/>
      <word confidence="0.839" wordID="de" beginTime="160.810" endTime="160.920"/>
      <word confidence="0.749" wordID="SIL" beginTime="160.920" endTime="161.220"/>
    </wordsequence>
  </speech>
  <speech label="SPK01-043" begintime="161.24" endtime="164.26" >
    <wordsequence>
      <word confidence="0.750" wordID="SIL" beginTime="161.240" endTime="161.610"/>
      <word confidence="1.000" wordID="maar" beginTime="161.610" endTime="161.750"/>
      <word confidence="0.999" wordID="slechts" beginTime="161.750" endTime="161.990"/>
      <word confidence="1.000" wordID="een" beginTime="161.990" endTime="162.090"/>
      <word confidence="1.000" wordID="enkele" beginTime="162.090" endTime="162.390"/>
      <word confidence="0.908" wordID="komt" beginTime="162.390" endTime="162.690"/>
      <word confidence="0.746" wordID="SIL" beginTime="162.690" endTime="162.740"/>
      <word confidence="1.000" wordID="maar" beginTime="162.740" endTime="162.930"/>
      <word confidence="0.969" wordID="de" beginTime="162.930" endTime="163.040"/>
      <word confidence="0.738" wordID="SIL" beginTime="163.040" endTime="163.050"/>
      <word confidence="1.000" wordID="bonden" beginTime="163.050" endTime="163.260"/>
      <word confidence="0.977" wordID="hadden" beginTime="163.260" endTime="163.570"/>
      <word confidence="1.000" wordID="verwacht" beginTime="163.570" endTime="163.930"/>
      <word confidence="0.749" wordID="SIL" beginTime="163.930" endTime="164.260"/>
    </wordsequence>
  </speech>
  <speech label="SPK01-044" begintime="164.28" endtime="168.18" >
    <wordsequence>
      <word confidence="0.750" wordID="SIL" beginTime="164.280" endTime="164.660"/>
      <word confidence="1.000" wordID="dit" beginTime="164.660" endTime="164.800"/>
      <word confidence="1.000" wordID="is" beginTime="164.800" endTime="164.980"/>
      <word confidence="1.000" wordID="een" beginTime="164.980" endTime="165.080"/>
      <word confidence="1.000" wordID="bleven" beginTime="165.080" endTime="165.390"/>
      <word confidence="0.930" wordID="vinden" beginTime="165.390" endTime="165.840"/>
      <word confidence="0.920" wordID="SIL" beginTime="165.840" endTime="165.860"/>
      <word confidence="0.981" wordID="buiten" beginTime="165.860" endTime="166.250"/>
      <word confidence="1.000" wordID="gaat" beginTime="166.250" endTime="166.640"/>
      <word confidence="0.739" wordID="SIL" beginTime="166.640" endTime="166.650"/>
      <word confidence="1.000" wordID="het" beginTime="166.650" endTime="166.750"/>
      <word confidence="0.747" wordID="SIL" beginTime="166.750" endTime="166.820"/>
      <word confidence="0.965" wordID="einde" beginTime="166.820" endTime="167.170"/>
      <word confidence="1.000" wordID="van" beginTime="167.170" endTime="167.310"/>
      <word confidence="1.000" wordID="de" beginTime="167.310" endTime="167.380"/>
      <word confidence="1.000" wordID="staking" beginTime="167.380" endTime="167.830"/>
      <word confidence="0.741" wordID="SIL" beginTime="167.830" endTime="167.840"/>
      <word confidence="1.000" wordID="afwacht" beginTime="167.840" endTime="168.170"/>
      <word confidence="0.731" wordID="SIL" beginTime="168.170" endTime="168.180"/>
    </wordsequence>
  </speech>
  <speech label="SPK01-045" begintime="168.20" endtime="171.52" >
    <wordsequence>
      <word confidence="0.750" wordID="SIL" beginTime="168.200" endTime="169.270"/>
      <word confidence="0.802" wordID="het" beginTime="169.270" endTime="170.100"/>
      <word confidence="0.750" wordID="SIL" beginTime="170.100" endTime="171.520"/>
    </wordsequence>
  </speech>

  </segments>
</shout_metadata>
