<?xml version="1.0" encoding="UTF-8"?>
<!--
  ##################################################################################################
  ###                      This transcription is automatically generated by                      ###
  ###                              X-MI, Cross-Media interaction                                 ###
  ###                                    http://x-mi.nl                                          ###
  ##################################################################################################
-->
<shout_metadata>
  <model_info>
    <version>Standaard systeem 28-02-2012</version>
    <description>Academia</description>
  </model_info>
  <segments>
  <speech label="SPK03-001" begintime="0.08" endtime="4.91" >
    <wordsequence>
      <word confidence="0.750" wordID="SIL" beginTime="0.080" endTime="0.550"/>
      <word confidence="0.787" wordID="de" beginTime="0.550" endTime="0.710"/>
      <word confidence="0.742" wordID="SIL" beginTime="0.710" endTime="0.720"/>
      <word confidence="0.928" wordID="nederlandse" beginTime="0.720" endTime="1.230"/>
      <word confidence="0.739" wordID="SIL" beginTime="1.230" endTime="1.240"/>
      <word confidence="1.000" wordID="dames" beginTime="1.240" endTime="1.670"/>
      <word confidence="0.743" wordID="SIL" beginTime="1.670" endTime="1.680"/>
      <word confidence="0.937" wordID="zelf" beginTime="1.680" endTime="2.020"/>
      <word confidence="1.000" wordID="handbalteam" beginTime="2.020" endTime="2.750"/>
      <word confidence="0.920" wordID="rondzingende" beginTime="2.750" endTime="3.320"/>
      <word confidence="1.000" wordID="philips" beginTime="3.320" endTime="3.640"/>
      <word confidence="0.910" wordID="sporthal" beginTime="3.640" endTime="4.100"/>
      <word confidence="0.993" wordID="in" beginTime="4.100" endTime="4.230"/>
      <word confidence="1.000" wordID="eindhoven" beginTime="4.230" endTime="4.690"/>
      <word confidence="0.846" wordID="en" beginTime="4.690" endTime="4.860"/>
      <word confidence="0.747" wordID="SIL" beginTime="4.860" endTime="4.910"/>
    </wordsequence>
  </speech>
  <speech label="SPK03-002" begintime="4.93" endtime="11.41" >
    <wordsequence>
      <word confidence="0.750" wordID="SIL" beginTime="4.930" endTime="5.090"/>
      <word confidence="0.935" wordID="de" beginTime="5.090" endTime="5.210"/>
      <word confidence="1.000" wordID="duitse" beginTime="5.210" endTime="5.550"/>
      <word confidence="0.926" wordID="nationale" beginTime="5.550" endTime="6.000"/>
      <word confidence="1.000" wordID="ploeg" beginTime="6.000" endTime="6.330"/>
      <word confidence="0.749" wordID="SIL" beginTime="6.330" endTime="6.460"/>
      <word confidence="0.922" wordID="met" beginTime="6.460" endTime="6.630"/>
      <word confidence="1.000" wordID="de" beginTime="6.630" endTime="6.700"/>
      <word confidence="1.000" wordID="bedoeling" beginTime="6.700" endTime="7.040"/>
      <word confidence="0.992" wordID="zich" beginTime="7.040" endTime="7.180"/>
      <word confidence="1.000" wordID="te" beginTime="7.180" endTime="7.280"/>
      <word confidence="0.949" wordID="revancheren" beginTime="7.280" endTime="8.010"/>
      <word confidence="0.746" wordID="SIL" beginTime="8.010" endTime="8.030"/>
      <word confidence="1.000" wordID="voor" beginTime="8.030" endTime="8.180"/>
      <word confidence="0.970" wordID="de" beginTime="8.180" endTime="8.260"/>
      <word confidence="0.947" wordID="verdediging" beginTime="8.260" endTime="8.660"/>
      <word confidence="1.000" wordID="jaar" beginTime="8.660" endTime="8.900"/>
      <word confidence="0.939" wordID="in" beginTime="8.900" endTime="9.010"/>
      <word confidence="0.742" wordID="SIL" beginTime="9.010" endTime="9.020"/>
      <word confidence="0.947" wordID="frankfurt" beginTime="9.020" endTime="9.520"/>
      <word confidence="1.000" wordID="geleden" beginTime="9.520" endTime="9.830"/>
      <word confidence="0.949" wordID="nederlaag" beginTime="9.830" endTime="10.300"/>
      <word confidence="1.000" wordID="van" beginTime="10.300" endTime="10.470"/>
      <word confidence="0.972" wordID="elf" beginTime="10.470" endTime="10.690"/>
      <word confidence="1.000" wordID="vijf" beginTime="10.690" endTime="11.080"/>
      <word confidence="0.755" wordID="SIL" beginTime="11.080" endTime="11.410"/>
    </wordsequence>
  </speech>
  <speech label="SPK03-003" begintime="11.44" endtime="14.97" >
    <wordsequence>
      <word confidence="0.750" wordID="SIL" beginTime="11.440" endTime="11.860"/>
      <word confidence="1.000" wordID="maar" beginTime="11.860" endTime="12.050"/>
      <word confidence="0.891" wordID="in" beginTime="12.050" endTime="12.200"/>
      <word confidence="0.749" wordID="SIL" beginTime="12.200" endTime="12.540"/>
      <word confidence="0.922" wordID="alle" beginTime="12.540" endTime="12.760"/>
      <word confidence="1.000" wordID="goede" beginTime="12.760" endTime="13.000"/>
      <word confidence="0.958" wordID="bedoelingen" beginTime="13.000" endTime="13.390"/>
      <word confidence="1.000" wordID="ten" beginTime="13.390" endTime="13.550"/>
      <word confidence="1.000" wordID="spijt" beginTime="13.550" endTime="13.950"/>
      <word confidence="0.738" wordID="SIL" beginTime="13.950" endTime="13.960"/>
      <word confidence="0.948" wordID="bleek" beginTime="13.960" endTime="14.220"/>
      <word confidence="1.000" wordID="al" beginTime="14.220" endTime="14.340"/>
      <word confidence="1.000" wordID="spoedig" beginTime="14.340" endTime="14.790"/>
      <word confidence="0.739" wordID="SIL" beginTime="14.790" endTime="14.800"/>
      <word confidence="1.000" wordID="dat" beginTime="14.800" endTime="14.970"/>
    </wordsequence>
  </speech>
  <speech label="SPK03-004" begintime="14.99" endtime="19.16" >
    <wordsequence>
      <word confidence="1.000" wordID="onze" beginTime="14.990" endTime="15.210"/>
      <word confidence="1.000" wordID="darmen" beginTime="15.210" endTime="15.500"/>
      <word confidence="0.930" wordID="is" beginTime="15.500" endTime="15.580"/>
      <word confidence="0.959" wordID="niet" beginTime="15.580" endTime="15.770"/>
      <word confidence="1.000" wordID="opgewassen" beginTime="15.770" endTime="16.300"/>
      <word confidence="1.000" wordID="waren" beginTime="16.300" endTime="16.590"/>
      <word confidence="1.000" wordID="tegen" beginTime="16.590" endTime="16.890"/>
      <word confidence="1.000" wordID="de" beginTime="16.890" endTime="16.970"/>
      <word confidence="1.000" wordID="in" beginTime="16.970" endTime="17.100"/>
      <word confidence="1.000" wordID="donkere" beginTime="17.100" endTime="17.470"/>
      <word confidence="1.000" wordID="zul" beginTime="17.470" endTime="17.820"/>
      <word confidence="0.743" wordID="SIL" beginTime="17.820" endTime="17.830"/>
      <word confidence="0.968" wordID="je" beginTime="17.830" endTime="17.890"/>
      <word confidence="1.000" wordID="tweede" beginTime="17.890" endTime="18.170"/>
      <word confidence="1.000" wordID="duitse" beginTime="18.170" endTime="18.510"/>
      <word confidence="1.000" wordID="speelsters" beginTime="18.510" endTime="19.060"/>
      <word confidence="0.748" wordID="SIL" beginTime="19.060" endTime="19.160"/>
    </wordsequence>
  </speech>
  <speech label="SPK03-005" begintime="19.18" endtime="21.47" >
    <wordsequence>
      <word confidence="0.750" wordID="SIL" beginTime="19.180" endTime="19.470"/>
      <word confidence="0.972" wordID="die" beginTime="19.470" endTime="19.580"/>
      <word confidence="1.000" wordID="veel" beginTime="19.580" endTime="19.790"/>
      <word confidence="1.000" wordID="sneller" beginTime="19.790" endTime="20.120"/>
      <word confidence="1.000" wordID="waren" beginTime="20.120" endTime="20.540"/>
      <word confidence="0.742" wordID="SIL" beginTime="20.540" endTime="20.550"/>
      <word confidence="1.000" wordID="beter" beginTime="20.550" endTime="20.820"/>
      <word confidence="1.000" wordID="samen" beginTime="20.820" endTime="21.110"/>
      <word confidence="1.000" wordID="spelen" beginTime="21.110" endTime="21.470"/>
    </wordsequence>
  </speech>
  <speech label="SPK11-006" begintime="21.49" endtime="22.07" >
    <wordsequence>
      <word confidence="0.735" wordID="het" beginTime="21.490" endTime="21.930"/>
      <word confidence="0.739" wordID="SIL" beginTime="21.930" endTime="22.070"/>
    </wordsequence>
  </speech>
  <speech label="SPK11-007" begintime="22.30" endtime="25.34" >
    <wordsequence>
      <word confidence="0.750" wordID="SIL" beginTime="22.300" endTime="22.330"/>
      <word confidence="0.749" wordID="ja" beginTime="22.330" endTime="25.340"/>
    </wordsequence>
  </speech>
  <speech label="SPK03-008" begintime="25.36" endtime="27.55" >
    <wordsequence>
      <word confidence="0.862" wordID="het" beginTime="25.360" endTime="25.500"/>
      <word confidence="1.000" wordID="eerste" beginTime="25.500" endTime="25.780"/>
      <word confidence="1.000" wordID="succes" beginTime="25.780" endTime="26.170"/>
      <word confidence="0.656" wordID="SIL" beginTime="26.170" endTime="26.180"/>
      <word confidence="1.000" wordID="kan" beginTime="26.180" endTime="26.320"/>
      <word confidence="1.000" wordID="dan" beginTime="26.320" endTime="26.460"/>
      <word confidence="1.000" wordID="ook" beginTime="26.460" endTime="26.600"/>
      <word confidence="1.000" wordID="aan" beginTime="26.600" endTime="26.690"/>
      <word confidence="1.000" wordID="duitse" beginTime="26.690" endTime="27.000"/>
      <word confidence="1.000" wordID="kant" beginTime="27.000" endTime="27.370"/>
      <word confidence="0.840" wordID="SIL" beginTime="27.370" endTime="27.550"/>
    </wordsequence>
  </speech>
  <speech label="SPK11-009" begintime="27.57" endtime="29.07" >
    <wordsequence>
      <word confidence="0.757" wordID="ja" beginTime="27.570" endTime="28.740"/>
      <word confidence="0.691" wordID="SIL" beginTime="28.740" endTime="28.750"/>
      <word confidence="0.766" wordID="een" beginTime="28.750" endTime="29.070"/>
    </wordsequence>
  </speech>
  <speech label="SPK14-010" begintime="29.09" endtime="31.99" >
    <wordsequence>
      <word confidence="0.738" wordID="de" beginTime="29.090" endTime="29.310"/>
      <word confidence="0.676" wordID="SIL" beginTime="29.310" endTime="29.320"/>
      <word confidence="0.757" wordID="randen" beginTime="29.320" endTime="31.290"/>
      <word confidence="0.790" wordID="SIL" beginTime="31.290" endTime="31.310"/>
      <word confidence="0.765" wordID="van" beginTime="31.310" endTime="31.640"/>
      <word confidence="0.732" wordID="SIL" beginTime="31.640" endTime="31.650"/>
      <word confidence="0.784" wordID="een" beginTime="31.650" endTime="31.990"/>
    </wordsequence>
  </speech>
  <speech label="SPK03-011" begintime="32.01" endtime="34.73" >
    <wordsequence>
      <word confidence="0.698" wordID="de" beginTime="32.010" endTime="32.080"/>
      <word confidence="0.942" wordID="nederlandse" beginTime="32.080" endTime="32.490"/>
      <word confidence="1.000" wordID="doel" beginTime="32.490" endTime="32.660"/>
      <word confidence="0.960" wordID="verdedigster" beginTime="32.660" endTime="33.220"/>
      <word confidence="1.000" wordID="had" beginTime="33.220" endTime="33.420"/>
      <word confidence="1.000" wordID="nog" beginTime="33.420" endTime="33.650"/>
      <word confidence="0.808" wordID="SIL" beginTime="33.650" endTime="33.660"/>
      <word confidence="1.000" wordID="twee" beginTime="33.660" endTime="33.860"/>
      <word confidence="0.813" wordID="SIL" beginTime="33.860" endTime="33.870"/>
      <word confidence="0.960" wordID="keer" beginTime="33.870" endTime="34.060"/>
      <word confidence="1.000" wordID="moeten" beginTime="34.060" endTime="34.290"/>
      <word confidence="1.000" wordID="vissen" beginTime="34.290" endTime="34.690"/>
      <word confidence="1.000" wordID="SIL" beginTime="34.690" endTime="34.730"/>
    </wordsequence>
  </speech>
  <speech label="SPK03-012" begintime="34.75" endtime="37.84" >
    <wordsequence>
      <word confidence="0.750" wordID="SIL" beginTime="34.750" endTime="34.870"/>
      <word confidence="1.000" wordID="toen" beginTime="34.870" endTime="35.010"/>
      <word confidence="0.924" wordID="de" beginTime="35.010" endTime="35.080"/>
      <word confidence="1.000" wordID="oranjeploeg" beginTime="35.080" endTime="35.600"/>
      <word confidence="0.949" wordID="na" beginTime="35.600" endTime="35.730"/>
      <word confidence="0.739" wordID="SIL" beginTime="35.730" endTime="35.740"/>
      <word confidence="0.953" wordID="een" beginTime="35.740" endTime="35.830"/>
      <word confidence="1.000" wordID="flitsende" beginTime="35.830" endTime="36.220"/>
      <word confidence="0.991" wordID="aan" beginTime="36.220" endTime="36.420"/>
      <word confidence="0.997" wordID="van" beginTime="36.420" endTime="36.570"/>
      <word confidence="0.741" wordID="SIL" beginTime="36.570" endTime="36.580"/>
      <word confidence="1.000" wordID="de" beginTime="36.580" endTime="36.680"/>
      <word confidence="1.000" wordID="eerste" beginTime="36.680" endTime="36.900"/>
      <word confidence="1.000" wordID="tegenpunt" beginTime="36.900" endTime="37.350"/>
      <word confidence="0.979" wordID="scoorde" beginTime="37.350" endTime="37.720"/>
      <word confidence="0.749" wordID="SIL" beginTime="37.720" endTime="37.840"/>
    </wordsequence>
  </speech>
  <speech label="SPK14-013" begintime="37.86" endtime="40.17" >
    <wordsequence>
      <word confidence="0.746" wordID="ja" beginTime="37.860" endTime="39.470"/>
      <word confidence="0.707" wordID="SIL" beginTime="39.470" endTime="39.750"/>
      <word confidence="0.856" wordID="ik" beginTime="39.750" endTime="40.100"/>
      <word confidence="0.749" wordID="SIL" beginTime="40.100" endTime="40.170"/>
    </wordsequence>
  </speech>
  <speech label="SPK03-014" begintime="40.19" endtime="42.46" >
    <wordsequence>
      <word confidence="0.685" wordID="SIL" beginTime="40.190" endTime="40.250"/>
      <word confidence="0.827" wordID="in" beginTime="40.250" endTime="40.340"/>
      <word confidence="0.924" wordID="dat" beginTime="40.340" endTime="40.490"/>
      <word confidence="0.965" wordID="gekenmerkt" beginTime="40.490" endTime="40.980"/>
      <word confidence="0.907" wordID="door" beginTime="40.980" endTime="41.110"/>
      <word confidence="0.863" wordID="een" beginTime="41.110" endTime="41.180"/>
      <word confidence="0.977" wordID="beide" beginTime="41.180" endTime="41.430"/>
      <word confidence="1.000" wordID="doelpunten" beginTime="41.430" endTime="41.900"/>
      <word confidence="0.920" wordID="tegen" beginTime="41.900" endTime="42.340"/>
      <word confidence="1.000" wordID="SIL" beginTime="42.340" endTime="42.460"/>
    </wordsequence>
  </speech>
  <speech label="SPK03-015" begintime="42.49" endtime="47.75" >
    <wordsequence>
      <word confidence="0.750" wordID="SIL" beginTime="42.490" endTime="42.730"/>
      <word confidence="1.000" wordID="de" beginTime="42.730" endTime="42.810"/>
      <word confidence="0.953" wordID="meeste" beginTime="42.810" endTime="43.110"/>
      <word confidence="0.994" wordID="van" beginTime="43.110" endTime="43.220"/>
      <word confidence="0.964" wordID="die" beginTime="43.220" endTime="43.330"/>
      <word confidence="1.000" wordID="punten" beginTime="43.330" endTime="43.620"/>
      <word confidence="0.955" wordID="die" beginTime="43.620" endTime="43.740"/>
      <word confidence="0.886" wordID="de" beginTime="43.740" endTime="44.050"/>
      <word confidence="0.741" wordID="SIL" beginTime="44.050" endTime="44.060"/>
      <word confidence="1.000" wordID="nederlandse" beginTime="44.060" endTime="44.480"/>
      <word confidence="1.000" wordID="doel" beginTime="44.480" endTime="44.720"/>
      <word confidence="0.893" wordID="SIL" beginTime="44.720" endTime="44.920"/>
      <word confidence="1.000" wordID="dat" beginTime="44.920" endTime="45.080"/>
      <word confidence="0.742" wordID="SIL" beginTime="45.080" endTime="45.090"/>
      <word confidence="1.000" wordID="acht" beginTime="45.090" endTime="45.350"/>
      <word confidence="0.943" wordID="keer" beginTime="45.350" endTime="45.540"/>
      <word confidence="0.943" wordID="door" beginTime="45.540" endTime="45.750"/>
      <word confidence="0.895" wordID="brand" beginTime="45.750" endTime="46.030"/>
      <word confidence="0.984" wordID="werd" beginTime="46.030" endTime="46.310"/>
      <word confidence="0.749" wordID="SIL" beginTime="46.310" endTime="46.500"/>
      <word confidence="0.982" wordID="voordat" beginTime="46.500" endTime="46.850"/>
      <word confidence="1.000" wordID="de" beginTime="46.850" endTime="46.920"/>
      <word confidence="1.000" wordID="schafttijd" beginTime="46.920" endTime="47.390"/>
      <word confidence="1.000" wordID="aan" beginTime="47.390" endTime="47.520"/>
      <word confidence="0.999" wordID="belang" beginTime="47.520" endTime="47.750"/>
    </wordsequence>
  </speech>
  <speech label="SPK03-016" begintime="47.77" endtime="51.13" >
    <wordsequence>
      <word confidence="0.750" wordID="SIL" beginTime="47.770" endTime="48.500"/>
      <word confidence="0.946" wordID="daarna" beginTime="48.500" endTime="48.920"/>
      <word confidence="0.739" wordID="SIL" beginTime="48.920" endTime="48.930"/>
      <word confidence="0.959" wordID="kon" beginTime="48.930" endTime="49.080"/>
      <word confidence="0.975" wordID="het" beginTime="49.080" endTime="49.180"/>
      <word confidence="1.000" wordID="oranjeteam" beginTime="49.180" endTime="49.710"/>
      <word confidence="1.000" wordID="de" beginTime="49.710" endTime="49.790"/>
      <word confidence="1.000" wordID="achterstand" beginTime="49.790" endTime="50.270"/>
      <word confidence="1.000" wordID="op" beginTime="50.270" endTime="50.360"/>
      <word confidence="0.743" wordID="SIL" beginTime="50.360" endTime="50.370"/>
      <word confidence="0.982" wordID="achtenvijftig" beginTime="50.370" endTime="50.990"/>
      <word confidence="0.996" wordID="klei" beginTime="50.990" endTime="51.130"/>
    </wordsequence>
  </speech>
  <speech label="SPK14-017" begintime="51.15" endtime="54.17" >
    <wordsequence>
      <word confidence="0.788" wordID="ik" beginTime="51.150" endTime="51.490"/>
      <word confidence="0.750" wordID="SIL" beginTime="51.490" endTime="51.730"/>
      <word confidence="0.802" wordID="voel" beginTime="51.730" endTime="52.330"/>
      <word confidence="0.790" wordID="een" beginTime="52.330" endTime="52.840"/>
      <word confidence="0.833" wordID="SIL" beginTime="52.840" endTime="52.930"/>
      <word confidence="0.794" wordID="nee" beginTime="52.930" endTime="53.500"/>
      <word confidence="0.826" wordID="SIL" beginTime="53.500" endTime="53.550"/>
      <word confidence="0.776" wordID="van" beginTime="53.550" endTime="53.820"/>
      <word confidence="0.753" wordID="SIL" beginTime="53.820" endTime="53.830"/>
      <word confidence="0.774" wordID="de" beginTime="53.830" endTime="53.990"/>
      <word confidence="0.737" wordID="SIL" beginTime="53.990" endTime="54.170"/>
    </wordsequence>
  </speech>
  <speech label="SPK03-018" begintime="54.19" endtime="59.04" >
    <wordsequence>
      <word confidence="0.955" wordID="bij" beginTime="54.190" endTime="54.320"/>
      <word confidence="0.863" wordID="de" beginTime="54.320" endTime="54.430"/>
      <word confidence="1.000" wordID="duitse" beginTime="54.430" endTime="54.750"/>
      <word confidence="1.000" wordID="dames" beginTime="54.750" endTime="55.110"/>
      <word confidence="0.935" wordID="namen" beginTime="55.110" endTime="55.390"/>
      <word confidence="0.954" wordID="opnieuw" beginTime="55.390" endTime="55.740"/>
      <word confidence="0.898" wordID="het" beginTime="55.740" endTime="55.820"/>
      <word confidence="1.000" wordID="initiatief" beginTime="55.820" endTime="56.400"/>
      <word confidence="0.749" wordID="SIL" beginTime="56.400" endTime="56.780"/>
      <word confidence="1.000" wordID="het" beginTime="56.780" endTime="56.930"/>
      <word confidence="0.921" wordID="geen" beginTime="56.930" endTime="57.170"/>
      <word confidence="1.000" wordID="nieuwe" beginTime="57.170" endTime="57.390"/>
      <word confidence="1.000" wordID="doelpuntenregen" beginTime="57.390" endTime="58.090"/>
      <word confidence="1.000" wordID="tot" beginTime="58.090" endTime="58.230"/>
      <word confidence="1.000" wordID="gevolg" beginTime="58.230" endTime="58.570"/>
      <word confidence="0.936" wordID="had" beginTime="58.570" endTime="58.780"/>
      <word confidence="0.749" wordID="SIL" beginTime="58.780" endTime="59.040"/>
    </wordsequence>
  </speech>
  <speech label="SPK03-019" begintime="59.07" endtime="64.02" >
    <wordsequence>
      <word confidence="0.750" wordID="SIL" beginTime="59.070" endTime="59.360"/>
      <word confidence="1.000" wordID="het" beginTime="59.360" endTime="59.500"/>
      <word confidence="1.000" wordID="werd" beginTime="59.500" endTime="59.670"/>
      <word confidence="1.000" wordID="een" beginTime="59.670" endTime="59.760"/>
      <word confidence="1.000" wordID="stotterende" beginTime="59.760" endTime="60.220"/>
      <word confidence="1.000" wordID="zestien" beginTime="60.220" endTime="60.680"/>
      <word confidence="1.000" wordID="zeven" beginTime="60.680" endTime="61.090"/>
      <word confidence="1.000" wordID="zege" beginTime="61.090" endTime="61.410"/>
      <word confidence="1.000" wordID="voor" beginTime="61.410" endTime="61.560"/>
      <word confidence="1.000" wordID="duitsland" beginTime="61.560" endTime="62.080"/>
      <word confidence="0.749" wordID="SIL" beginTime="62.080" endTime="62.450"/>
      <word confidence="0.941" wordID="en" beginTime="62.450" endTime="62.560"/>
      <word confidence="0.912" wordID="niet" beginTime="62.560" endTime="62.730"/>
      <word confidence="1.000" wordID="geflatteerde" beginTime="62.730" endTime="63.260"/>
      <word confidence="1.000" wordID="overwinning" beginTime="63.260" endTime="63.810"/>
      <word confidence="0.749" wordID="SIL" beginTime="63.810" endTime="64.020"/>
    </wordsequence>
  </speech>
  <speech label="SPK03-020" begintime="64.05" endtime="67.82" >
    <wordsequence>
      <word confidence="0.750" wordID="SIL" beginTime="64.050" endTime="64.100"/>
      <word confidence="0.905" wordID="die" beginTime="64.100" endTime="64.230"/>
      <word confidence="0.938" wordID="leerde" beginTime="64.230" endTime="64.730"/>
      <word confidence="0.747" wordID="SIL" beginTime="64.730" endTime="64.880"/>
      <word confidence="1.000" wordID="dat" beginTime="64.880" endTime="65.050"/>
      <word confidence="1.000" wordID="nederland" beginTime="65.050" endTime="65.480"/>
      <word confidence="1.000" wordID="in" beginTime="65.480" endTime="65.590"/>
      <word confidence="1.000" wordID="internationaal" beginTime="65.590" endTime="66.180"/>
      <word confidence="1.000" wordID="verband" beginTime="66.180" endTime="66.640"/>
      <word confidence="0.723" wordID="SIL" beginTime="66.640" endTime="66.650"/>
      <word confidence="1.000" wordID="nog" beginTime="66.650" endTime="66.860"/>
      <word confidence="1.000" wordID="veel" beginTime="66.860" endTime="67.090"/>
      <word confidence="0.963" wordID="te" beginTime="67.090" endTime="67.210"/>
      <word confidence="0.741" wordID="SIL" beginTime="67.210" endTime="67.220"/>
      <word confidence="1.000" wordID="leren" beginTime="67.220" endTime="67.520"/>
      <word confidence="1.000" wordID="heeft" beginTime="67.520" endTime="67.820"/>
    </wordsequence>
  </speech>
  <speech label="SPK16-021" begintime="67.84" endtime="70.45" >
    <wordsequence>
      <word confidence="0.744" wordID="ja" beginTime="67.840" endTime="68.800"/>
      <word confidence="0.789" wordID="SIL" beginTime="68.800" endTime="68.840"/>
      <word confidence="0.770" wordID="ja" beginTime="68.840" endTime="70.450"/>
    </wordsequence>
  </speech>

  </segments>
</shout_metadata>
