<?xml version="1.0" encoding="UTF-8"?>
<!--
  ##################################################################################################
  ###                      This transcription is automatically generated by                      ###
  ###                              X-MI, Cross-Media interaction                                 ###
  ###                                    http://x-mi.nl                                          ###
  ##################################################################################################
-->
<shout_metadata>
  <model_info>
    <version>Standaard systeem 28-02-2012</version>
    <description>Academia</description>
  </model_info>
  <segments>
  <speech label="SPK01-001" begintime="0.00" endtime="4.81" >
    <wordsequence>
      <word confidence="0.750" wordID="SIL" beginTime="0.000" endTime="0.130"/>
      <word confidence="0.878" wordID="uh" beginTime="0.130" endTime="0.890"/>
      <word confidence="0.745" wordID="SIL" beginTime="0.890" endTime="0.920"/>
      <word confidence="0.816" wordID="de" beginTime="0.920" endTime="1.030"/>
      <word confidence="0.742" wordID="SIL" beginTime="1.030" endTime="1.040"/>
      <word confidence="0.870" wordID="volgende" beginTime="1.040" endTime="1.390"/>
      <word confidence="1.000" wordID="avond" beginTime="1.390" endTime="1.740"/>
      <word confidence="0.862" wordID="waren" beginTime="1.740" endTime="2.060"/>
      <word confidence="0.932" wordID="hier" beginTime="2.060" endTime="2.250"/>
      <word confidence="0.938" wordID="op" beginTime="2.250" endTime="2.350"/>
      <word confidence="0.960" wordID="schiphol" beginTime="2.350" endTime="2.810"/>
      <word confidence="0.749" wordID="SIL" beginTime="2.810" endTime="3.120"/>
      <word confidence="0.924" wordID="alle" beginTime="3.120" endTime="3.310"/>
      <word confidence="0.867" wordID="ministers" beginTime="3.310" endTime="3.740"/>
      <word confidence="0.898" wordID="waren" beginTime="3.740" endTime="4.060"/>
      <word confidence="0.893" wordID="ook" beginTime="4.060" endTime="4.370"/>
      <word confidence="0.748" wordID="SIL" beginTime="4.370" endTime="4.460"/>
      <word confidence="1.000" wordID="om" beginTime="4.460" endTime="4.620"/>
      <word confidence="0.994" wordID="als" beginTime="4.620" endTime="4.810"/>
    </wordsequence>
  </speech>
  <speech label="SPK02-002" begintime="4.83" endtime="8.10" >
    <wordsequence>
      <word confidence="0.898" wordID="het" beginTime="4.830" endTime="4.980"/>
      <word confidence="1.000" wordID="innemen" beginTime="4.980" endTime="5.290"/>
      <word confidence="0.903" wordID="van" beginTime="5.290" endTime="5.430"/>
      <word confidence="0.839" wordID="SIL" beginTime="5.430" endTime="5.470"/>
      <word confidence="0.788" wordID="de" beginTime="5.470" endTime="5.560"/>
      <word confidence="0.686" wordID="SIL" beginTime="5.560" endTime="5.570"/>
      <word confidence="0.971" wordID="toprakci" beginTime="5.570" endTime="5.990"/>
      <word confidence="1.000" wordID="andré&apos;s" beginTime="5.990" endTime="6.510"/>
      <word confidence="0.829" wordID="SIL" beginTime="6.510" endTime="6.520"/>
      <word confidence="0.882" wordID="voortreffelijk" beginTime="6.520" endTime="7.180"/>
      <word confidence="0.741" wordID="SIL" beginTime="7.180" endTime="7.190"/>
      <word confidence="0.825" wordID="waarin" beginTime="7.190" endTime="7.380"/>
      <word confidence="0.907" wordID="door" beginTime="7.380" endTime="7.530"/>
      <word confidence="0.962" wordID="een" beginTime="7.530" endTime="7.650"/>
      <word confidence="1.000" wordID="stier" beginTime="7.650" endTime="7.920"/>
      <word confidence="0.887" wordID="SIL" beginTime="7.920" endTime="8.100"/>
    </wordsequence>
  </speech>
  <speech label="SPK02-003" begintime="8.13" endtime="10.99" >
    <wordsequence>
      <word confidence="0.750" wordID="SIL" beginTime="8.130" endTime="8.390"/>
      <word confidence="0.980" wordID="maar" beginTime="8.390" endTime="8.530"/>
      <word confidence="1.000" wordID="dan" beginTime="8.530" endTime="8.710"/>
      <word confidence="1.000" wordID="tot" beginTime="8.710" endTime="8.830"/>
      <word confidence="1.000" wordID="de" beginTime="8.830" endTime="8.890"/>
      <word confidence="1.000" wordID="race" beginTime="8.890" endTime="9.090"/>
      <word confidence="0.939" wordID="had" beginTime="9.090" endTime="9.240"/>
      <word confidence="0.964" wordID="onder" beginTime="9.240" endTime="9.420"/>
      <word confidence="1.000" wordID="andere" beginTime="9.420" endTime="9.660"/>
      <word confidence="0.973" wordID="meedingen" beginTime="9.660" endTime="10.060"/>
      <word confidence="1.000" wordID="blom" beginTime="10.060" endTime="10.360"/>
      <word confidence="0.742" wordID="SIL" beginTime="10.360" endTime="10.370"/>
      <word confidence="0.958" wordID="van" beginTime="10.370" endTime="10.490"/>
      <word confidence="0.907" wordID="het" beginTime="10.490" endTime="10.560"/>
      <word confidence="0.919" wordID="ministerie" beginTime="10.560" endTime="10.990"/>
    </wordsequence>
  </speech>
  <speech label="SPK04-004" begintime="11.01" endtime="15.64" >
    <wordsequence>
      <word confidence="0.890" wordID="ook" beginTime="11.010" endTime="11.130"/>
      <word confidence="0.850" wordID="buitenlandse" beginTime="11.130" endTime="11.550"/>
      <word confidence="0.795" wordID="SIL" beginTime="11.550" endTime="11.560"/>
      <word confidence="0.888" wordID="zakken" beginTime="11.560" endTime="12.070"/>
      <word confidence="0.749" wordID="SIL" beginTime="12.070" endTime="12.190"/>
      <word confidence="0.888" wordID="en" beginTime="12.190" endTime="12.580"/>
      <word confidence="0.745" wordID="SIL" beginTime="12.580" endTime="12.620"/>
      <word confidence="1.000" wordID="de" beginTime="12.620" endTime="12.690"/>
      <word confidence="0.827" wordID="ambassadeurs" beginTime="12.690" endTime="13.290"/>
      <word confidence="0.741" wordID="SIL" beginTime="13.290" endTime="13.300"/>
      <word confidence="1.000" wordID="van" beginTime="13.300" endTime="13.440"/>
      <word confidence="0.938" wordID="belgië" beginTime="13.440" endTime="13.900"/>
      <word confidence="0.747" wordID="SIL" beginTime="13.900" endTime="13.940"/>
      <word confidence="0.925" wordID="frankrijk" beginTime="13.940" endTime="14.410"/>
      <word confidence="0.857" wordID="en" beginTime="14.410" endTime="14.570"/>
      <word confidence="0.844" wordID="canada" beginTime="14.570" endTime="14.980"/>
      <word confidence="0.741" wordID="SIL" beginTime="14.980" endTime="14.990"/>
      <word confidence="0.912" wordID="kan" beginTime="14.990" endTime="15.170"/>
      <word confidence="0.853" wordID="worden" beginTime="15.170" endTime="15.570"/>
      <word confidence="0.749" wordID="SIL" beginTime="15.570" endTime="15.640"/>
    </wordsequence>
  </speech>
  <speech label="SPK02-005" begintime="15.66" endtime="19.20" >
    <wordsequence>
      <word confidence="0.862" wordID="dat" beginTime="15.660" endTime="15.870"/>
      <word confidence="0.980" wordID="ik" beginTime="15.870" endTime="15.950"/>
      <word confidence="0.807" wordID="SIL" beginTime="15.950" endTime="15.960"/>
      <word confidence="0.898" wordID="merk" beginTime="15.960" endTime="16.220"/>
      <word confidence="0.796" wordID="SIL" beginTime="16.220" endTime="16.980"/>
      <word confidence="0.923" wordID="je" beginTime="16.980" endTime="17.090"/>
      <word confidence="0.881" wordID="dat" beginTime="17.090" endTime="17.210"/>
      <word confidence="0.943" wordID="wat" beginTime="17.210" endTime="17.330"/>
      <word confidence="0.932" wordID="er" beginTime="17.330" endTime="17.400"/>
      <word confidence="0.898" wordID="is" beginTime="17.400" endTime="17.560"/>
      <word confidence="0.992" wordID="daar" beginTime="17.560" endTime="17.720"/>
      <word confidence="0.936" wordID="te" beginTime="17.720" endTime="17.810"/>
      <word confidence="0.928" wordID="bevallen" beginTime="17.810" endTime="18.220"/>
      <word confidence="0.924" wordID="verklaring" beginTime="18.220" endTime="18.690"/>
      <word confidence="1.000" wordID="af" beginTime="18.690" endTime="18.950"/>
      <word confidence="0.749" wordID="SIL" beginTime="18.950" endTime="19.200"/>
    </wordsequence>
  </speech>
  <speech label="SPK06-006" begintime="19.22" endtime="22.21" >
    <wordsequence>
      <word confidence="0.750" wordID="SIL" beginTime="19.220" endTime="19.380"/>
      <word confidence="0.789" wordID="het" beginTime="19.380" endTime="19.620"/>
      <word confidence="0.896" wordID="is" beginTime="19.620" endTime="19.750"/>
      <word confidence="0.915" wordID="nu" beginTime="19.750" endTime="19.930"/>
      <word confidence="0.741" wordID="SIL" beginTime="19.930" endTime="19.940"/>
      <word confidence="0.874" wordID="minder" beginTime="19.940" endTime="20.230"/>
      <word confidence="0.907" wordID="dan" beginTime="20.230" endTime="20.450"/>
      <word confidence="0.867" wordID="een" beginTime="20.450" endTime="20.590"/>
      <word confidence="0.880" wordID="voor" beginTime="20.590" endTime="20.740"/>
      <word confidence="0.783" wordID="SIL" beginTime="20.740" endTime="20.750"/>
      <word confidence="0.895" wordID="langer" beginTime="20.750" endTime="21.020"/>
      <word confidence="1.000" wordID="SIL" beginTime="21.020" endTime="21.030"/>
      <word confidence="0.810" wordID="werken" beginTime="21.030" endTime="21.390"/>
      <word confidence="0.962" wordID="gaan" beginTime="21.390" endTime="21.870"/>
      <word confidence="0.750" wordID="SIL" beginTime="21.870" endTime="22.210"/>
    </wordsequence>
  </speech>
  <speech label="SPK06-007" begintime="22.23" endtime="26.78" >
    <wordsequence>
      <word confidence="0.750" wordID="SIL" beginTime="22.230" endTime="22.420"/>
      <word confidence="0.877" wordID="hoewel" beginTime="22.420" endTime="22.850"/>
      <word confidence="0.741" wordID="SIL" beginTime="22.850" endTime="22.860"/>
      <word confidence="0.862" wordID="ook" beginTime="22.860" endTime="23.180"/>
      <word confidence="1.000" wordID="hier" beginTime="23.180" endTime="23.590"/>
      <word confidence="0.887" wordID="de" beginTime="23.590" endTime="23.730"/>
      <word confidence="0.734" wordID="SIL" beginTime="23.730" endTime="23.740"/>
      <word confidence="0.831" wordID="hele" beginTime="23.740" endTime="24.270"/>
      <word confidence="0.881" wordID="belangrijke" beginTime="24.270" endTime="24.850"/>
      <word confidence="0.929" wordID="beslissingen" beginTime="24.850" endTime="25.430"/>
      <word confidence="0.843" wordID="moeten" beginTime="25.430" endTime="25.640"/>
      <word confidence="0.852" wordID="worden" beginTime="25.640" endTime="25.940"/>
      <word confidence="0.911" wordID="genomen" beginTime="25.940" endTime="26.560"/>
      <word confidence="0.960" wordID="SIL" beginTime="26.560" endTime="26.780"/>
    </wordsequence>
  </speech>
  <speech label="SPK06-008" begintime="26.80" endtime="30.33" >
    <wordsequence>
      <word confidence="0.750" wordID="SIL" beginTime="26.800" endTime="26.990"/>
      <word confidence="0.839" wordID="wat" beginTime="26.990" endTime="27.270"/>
      <word confidence="0.934" wordID="ik" beginTime="27.270" endTime="27.360"/>
      <word confidence="0.724" wordID="SIL" beginTime="27.360" endTime="27.370"/>
      <word confidence="0.911" wordID="wil" beginTime="27.370" endTime="27.540"/>
      <word confidence="0.840" wordID="proberen" beginTime="27.540" endTime="28.280"/>
      <word confidence="0.698" wordID="SIL" beginTime="28.280" endTime="28.290"/>
      <word confidence="0.825" wordID="versnellen" beginTime="28.290" endTime="29.040"/>
      <word confidence="0.873" wordID="SIL" beginTime="29.040" endTime="29.050"/>
      <word confidence="0.795" wordID="door" beginTime="29.050" endTime="29.210"/>
      <word confidence="0.877" wordID="terug" beginTime="29.210" endTime="29.480"/>
      <word confidence="0.891" wordID="te" beginTime="29.480" endTime="29.590"/>
      <word confidence="0.855" wordID="komen" beginTime="29.590" endTime="29.930"/>
      <word confidence="0.881" wordID="SIL" beginTime="29.930" endTime="30.330"/>
    </wordsequence>
  </speech>
  <speech label="SPK06-009" begintime="30.35" endtime="34.36" >
    <wordsequence>
      <word confidence="0.750" wordID="SIL" beginTime="30.350" endTime="31.760"/>
      <word confidence="0.898" wordID="het" beginTime="31.760" endTime="31.910"/>
      <word confidence="0.924" wordID="eerste" beginTime="31.910" endTime="32.290"/>
      <word confidence="0.900" wordID="doel" beginTime="32.290" endTime="32.620"/>
      <word confidence="0.969" wordID="van" beginTime="32.620" endTime="32.820"/>
      <word confidence="0.836" wordID="de" beginTime="32.820" endTime="33.000"/>
      <word confidence="0.953" wordID="man" beginTime="33.000" endTime="33.280"/>
      <word confidence="0.836" wordID="die" beginTime="33.280" endTime="33.360"/>
      <word confidence="0.850" wordID="betrokken" beginTime="33.360" endTime="33.920"/>
      <word confidence="0.741" wordID="SIL" beginTime="33.920" endTime="33.930"/>
      <word confidence="0.939" wordID="is" beginTime="33.930" endTime="34.280"/>
      <word confidence="0.748" wordID="SIL" beginTime="34.280" endTime="34.360"/>
    </wordsequence>
  </speech>
  <speech label="SPK06-010" begintime="34.38" endtime="37.68" >
    <wordsequence>
      <word confidence="0.681" wordID="SIL" beginTime="34.380" endTime="34.410"/>
      <word confidence="0.793" wordID="ook" beginTime="34.410" endTime="34.500"/>
      <word confidence="1.000" wordID="SIL" beginTime="34.500" endTime="34.530"/>
      <word confidence="0.836" wordID="bang" beginTime="34.530" endTime="34.860"/>
      <word confidence="0.899" wordID="dat" beginTime="34.860" endTime="35.060"/>
      <word confidence="0.931" wordID="laten" beginTime="35.060" endTime="35.360"/>
      <word confidence="0.869" wordID="we" beginTime="35.360" endTime="35.430"/>
      <word confidence="1.000" wordID="daar" beginTime="35.430" endTime="35.690"/>
      <word confidence="0.847" wordID="de" beginTime="35.690" endTime="35.790"/>
      <word confidence="0.925" wordID="hele" beginTime="35.790" endTime="36.110"/>
      <word confidence="0.902" wordID="toestand" beginTime="36.110" endTime="36.650"/>
      <word confidence="0.907" wordID="te" beginTime="36.650" endTime="36.730"/>
      <word confidence="0.913" wordID="bespreken" beginTime="36.730" endTime="37.590"/>
      <word confidence="0.923" wordID="SIL" beginTime="37.590" endTime="37.680"/>
    </wordsequence>
  </speech>
  <speech label="SPK06-011" begintime="37.70" endtime="40.88" >
    <wordsequence>
      <word confidence="0.750" wordID="SIL" beginTime="37.700" endTime="37.830"/>
      <word confidence="0.804" wordID="dat" beginTime="37.830" endTime="38.040"/>
      <word confidence="0.744" wordID="SIL" beginTime="38.040" endTime="38.050"/>
      <word confidence="0.856" wordID="is" beginTime="38.050" endTime="38.280"/>
      <word confidence="0.910" wordID="onder" beginTime="38.280" endTime="38.500"/>
      <word confidence="1.000" wordID="de" beginTime="38.500" endTime="38.570"/>
      <word confidence="0.925" wordID="tegenvallende" beginTime="38.570" endTime="39.200"/>
      <word confidence="0.835" wordID="gemoedelijk" beginTime="39.200" endTime="39.850"/>
      <word confidence="0.858" wordID="omstandigheden" beginTime="39.850" endTime="40.570"/>
      <word confidence="1.000" wordID="SIL" beginTime="40.570" endTime="40.880"/>
    </wordsequence>
  </speech>
  <speech label="SPK06-012" begintime="40.91" endtime="46.71" >
    <wordsequence>
      <word confidence="0.750" wordID="SIL" beginTime="40.910" endTime="41.310"/>
      <word confidence="0.896" wordID="wat" beginTime="41.310" endTime="41.510"/>
      <word confidence="0.749" wordID="SIL" beginTime="41.510" endTime="41.600"/>
      <word confidence="0.855" wordID="nu" beginTime="41.600" endTime="41.770"/>
      <word confidence="0.740" wordID="SIL" beginTime="41.770" endTime="41.780"/>
      <word confidence="0.865" wordID="enkele" beginTime="41.780" endTime="42.070"/>
      <word confidence="0.739" wordID="SIL" beginTime="42.070" endTime="42.080"/>
      <word confidence="0.915" wordID="ogenblikken" beginTime="42.080" endTime="42.780"/>
      <word confidence="0.750" wordID="SIL" beginTime="42.780" endTime="43.070"/>
      <word confidence="0.848" wordID="wimbledon-kampioen" beginTime="43.070" endTime="44.210"/>
      <word confidence="0.743" wordID="SIL" beginTime="44.210" endTime="44.220"/>
      <word confidence="0.949" wordID="is" beginTime="44.220" endTime="44.450"/>
      <word confidence="0.867" wordID="hier" beginTime="44.450" endTime="44.780"/>
      <word confidence="0.750" wordID="SIL" beginTime="44.780" endTime="45.060"/>
      <word confidence="0.947" wordID="hebben" beginTime="45.060" endTime="45.300"/>
      <word confidence="1.000" wordID="we" beginTime="45.300" endTime="45.370"/>
      <word confidence="0.850" wordID="altijd" beginTime="45.370" endTime="45.860"/>
      <word confidence="0.735" wordID="SIL" beginTime="45.860" endTime="45.870"/>
      <word confidence="0.885" wordID="gepoogd" beginTime="45.870" endTime="46.580"/>
      <word confidence="0.749" wordID="SIL" beginTime="46.580" endTime="46.710"/>
    </wordsequence>
  </speech>
  <speech label="SPK06-013" begintime="46.73" endtime="50.30" >
    <wordsequence>
      <word confidence="0.750" wordID="SIL" beginTime="46.730" endTime="46.870"/>
      <word confidence="0.830" wordID="allemaal" beginTime="46.870" endTime="47.520"/>
      <word confidence="0.837" wordID="konden" beginTime="47.520" endTime="48.070"/>
      <word confidence="0.740" wordID="SIL" beginTime="48.070" endTime="48.080"/>
      <word confidence="0.818" wordID="onderlinge" beginTime="48.080" endTime="48.740"/>
      <word confidence="0.887" wordID="verstandhouding" beginTime="48.740" endTime="49.570"/>
      <word confidence="0.973" wordID="er" beginTime="49.570" endTime="49.680"/>
      <word confidence="0.924" wordID="dan" beginTime="49.680" endTime="49.830"/>
      <word confidence="0.626" wordID="SIL" beginTime="49.830" endTime="49.840"/>
      <word confidence="1.000" wordID="juist" beginTime="49.840" endTime="50.300"/>
    </wordsequence>
  </speech>
  <speech label="SPK06-014" begintime="50.32" endtime="53.00" >
    <wordsequence>
      <word confidence="0.750" wordID="SIL" beginTime="50.320" endTime="50.330"/>
      <word confidence="0.829" wordID="begrip" beginTime="50.330" endTime="51.030"/>
      <word confidence="0.749" wordID="SIL" beginTime="51.030" endTime="51.200"/>
      <word confidence="0.864" wordID="ja" beginTime="51.200" endTime="51.400"/>
      <word confidence="0.741" wordID="SIL" beginTime="51.400" endTime="51.410"/>
      <word confidence="0.954" wordID="ook" beginTime="51.410" endTime="51.570"/>
      <word confidence="0.789" wordID="al" beginTime="51.570" endTime="51.810"/>
      <word confidence="0.899" wordID="overeenstemming" beginTime="51.810" endTime="52.840"/>
      <word confidence="0.749" wordID="SIL" beginTime="52.840" endTime="53.000"/>
    </wordsequence>
  </speech>
  <speech label="SPK06-015" begintime="53.02" endtime="57.32" >
    <wordsequence>
      <word confidence="0.750" wordID="SIL" beginTime="53.020" endTime="53.110"/>
      <word confidence="0.892" wordID="als" beginTime="53.110" endTime="53.280"/>
      <word confidence="0.989" wordID="je" beginTime="53.280" endTime="53.370"/>
      <word confidence="0.943" wordID="berlage" beginTime="53.370" endTime="53.980"/>
      <word confidence="0.741" wordID="SIL" beginTime="53.980" endTime="53.990"/>
      <word confidence="0.896" wordID="en" beginTime="53.990" endTime="54.190"/>
      <word confidence="0.953" wordID="dat" beginTime="54.190" endTime="54.390"/>
      <word confidence="0.926" wordID="als" beginTime="54.390" endTime="54.610"/>
      <word confidence="0.902" wordID="je" beginTime="54.610" endTime="54.700"/>
      <word confidence="0.995" wordID="daar" beginTime="54.700" endTime="54.890"/>
      <word confidence="0.894" wordID="te" beginTime="54.890" endTime="55.010"/>
      <word confidence="0.907" wordID="bewerken" beginTime="55.010" endTime="55.630"/>
      <word confidence="0.742" wordID="SIL" beginTime="55.630" endTime="55.650"/>
      <word confidence="0.863" wordID="onder" beginTime="55.650" endTime="55.980"/>
      <word confidence="0.903" wordID="persoonlijk" beginTime="55.980" endTime="56.530"/>
      <word confidence="0.880" wordID="contact" beginTime="56.530" endTime="57.170"/>
      <word confidence="0.749" wordID="SIL" beginTime="57.170" endTime="57.320"/>
    </wordsequence>
  </speech>
  <speech label="SPK06-016" begintime="57.34" endtime="61.88" >
    <wordsequence>
      <word confidence="0.750" wordID="SIL" beginTime="57.340" endTime="57.660"/>
      <word confidence="0.852" wordID="ik" beginTime="57.660" endTime="57.750"/>
      <word confidence="0.749" wordID="SIL" beginTime="57.750" endTime="58.060"/>
      <word confidence="0.868" wordID="bedoel" beginTime="58.060" endTime="58.380"/>
      <word confidence="0.826" wordID="dat" beginTime="58.380" endTime="58.620"/>
      <word confidence="0.860" wordID="landelijke" beginTime="58.620" endTime="59.090"/>
      <word confidence="0.749" wordID="SIL" beginTime="59.090" endTime="59.360"/>
      <word confidence="0.879" wordID="jocic" beginTime="59.360" endTime="59.780"/>
      <word confidence="0.972" wordID="echter" beginTime="59.780" endTime="60.080"/>
      <word confidence="0.899" wordID="van" beginTime="60.080" endTime="60.240"/>
      <word confidence="0.744" wordID="SIL" beginTime="60.240" endTime="60.250"/>
      <word confidence="0.846" wordID="hoge" beginTime="60.250" endTime="60.530"/>
      <word confidence="0.924" wordID="vertegenwoordiger" beginTime="60.530" endTime="61.270"/>
      <word confidence="0.888" wordID="van" beginTime="61.270" endTime="61.410"/>
      <word confidence="0.971" wordID="de" beginTime="61.410" endTime="61.510"/>
      <word confidence="0.889" wordID="komende" beginTime="61.510" endTime="61.880"/>
    </wordsequence>
  </speech>
  <speech label="SPK06-017" begintime="61.90" endtime="64.47" >
    <wordsequence>
      <word confidence="0.750" wordID="SIL" beginTime="61.900" endTime="62.220"/>
      <word confidence="0.838" wordID="wat" beginTime="62.220" endTime="62.430"/>
      <word confidence="0.954" wordID="moeilijker" beginTime="62.430" endTime="62.890"/>
      <word confidence="0.914" wordID="zijn" beginTime="62.890" endTime="63.150"/>
      <word confidence="0.922" wordID="bhattacharya" beginTime="63.150" endTime="63.770"/>
      <word confidence="0.952" wordID="te" beginTime="63.770" endTime="63.900"/>
      <word confidence="0.916" wordID="verlaten" beginTime="63.900" endTime="64.470"/>
    </wordsequence>
  </speech>
  <speech label="SPK06-018" begintime="64.49" endtime="67.38" >
    <wordsequence>
      <word confidence="0.750" wordID="SIL" beginTime="64.490" endTime="64.810"/>
      <word confidence="0.963" wordID="de" beginTime="64.810" endTime="64.920"/>
      <word confidence="0.932" wordID="bal" beginTime="64.920" endTime="65.160"/>
      <word confidence="0.931" wordID="het" beginTime="65.160" endTime="65.270"/>
      <word confidence="0.975" wordID="voor" beginTime="65.270" endTime="65.440"/>
      <word confidence="0.942" wordID="mij" beginTime="65.440" endTime="65.610"/>
      <word confidence="0.742" wordID="SIL" beginTime="65.610" endTime="65.620"/>
      <word confidence="0.930" wordID="is" beginTime="65.620" endTime="66.030"/>
      <word confidence="0.748" wordID="SIL" beginTime="66.030" endTime="66.080"/>
      <word confidence="1.000" wordID="om" beginTime="66.080" endTime="66.220"/>
      <word confidence="1.000" wordID="uit" beginTime="66.220" endTime="66.320"/>
      <word confidence="0.974" wordID="de" beginTime="66.320" endTime="66.390"/>
      <word confidence="0.996" wordID="nacht" beginTime="66.390" endTime="66.660"/>
      <word confidence="0.874" wordID="weg" beginTime="66.660" endTime="66.800"/>
      <word confidence="0.895" wordID="te" beginTime="66.800" endTime="66.890"/>
      <word confidence="0.907" wordID="gaan" beginTime="66.890" endTime="67.200"/>
      <word confidence="0.749" wordID="SIL" beginTime="67.200" endTime="67.380"/>
    </wordsequence>
  </speech>
  <speech label="SPK06-019" begintime="67.40" endtime="71.75" >
    <wordsequence>
      <word confidence="0.750" wordID="SIL" beginTime="67.400" endTime="67.620"/>
      <word confidence="0.844" wordID="de" beginTime="67.620" endTime="67.990"/>
      <word confidence="0.738" wordID="SIL" beginTime="67.990" endTime="68.000"/>
      <word confidence="0.913" wordID="belangrijkste" beginTime="68.000" endTime="68.740"/>
      <word confidence="0.961" wordID="doeleinden" beginTime="68.740" endTime="69.620"/>
      <word confidence="0.749" wordID="SIL" beginTime="69.620" endTime="69.850"/>
      <word confidence="0.865" wordID="die" beginTime="69.850" endTime="70.110"/>
      <word confidence="0.881" wordID="werkt" beginTime="70.110" endTime="70.370"/>
      <word confidence="0.888" wordID="voor" beginTime="70.370" endTime="70.540"/>
      <word confidence="0.860" wordID="ogen" beginTime="70.540" endTime="70.830"/>
      <word confidence="0.741" wordID="SIL" beginTime="70.830" endTime="70.840"/>
      <word confidence="0.884" wordID="moeten" beginTime="70.840" endTime="71.030"/>
      <word confidence="0.876" wordID="houden" beginTime="71.030" endTime="71.730"/>
      <word confidence="0.742" wordID="SIL" beginTime="71.730" endTime="71.750"/>
    </wordsequence>
  </speech>
  <speech label="SPK06-020" begintime="71.78" endtime="74.95" >
    <wordsequence>
      <word confidence="0.750" wordID="SIL" beginTime="71.780" endTime="72.170"/>
      <word confidence="0.990" wordID="we" beginTime="72.170" endTime="72.250"/>
      <word confidence="0.840" wordID="zullen" beginTime="72.250" endTime="72.580"/>
      <word confidence="0.956" wordID="we" beginTime="72.580" endTime="72.730"/>
      <word confidence="0.858" wordID="hier" beginTime="72.730" endTime="73.080"/>
      <word confidence="0.749" wordID="SIL" beginTime="73.080" endTime="73.200"/>
      <word confidence="0.944" wordID="in" beginTime="73.200" endTime="73.500"/>
      <word confidence="0.750" wordID="SIL" beginTime="73.500" endTime="74.000"/>
      <word confidence="0.861" wordID="een" beginTime="74.000" endTime="74.150"/>
      <word confidence="0.873" wordID="eerste" beginTime="74.150" endTime="74.840"/>
      <word confidence="0.748" wordID="SIL" beginTime="74.840" endTime="74.950"/>
    </wordsequence>
  </speech>
  <speech label="SPK06-021" begintime="74.97" endtime="79.24" >
    <wordsequence>
      <word confidence="0.750" wordID="SIL" beginTime="74.970" endTime="75.090"/>
      <word confidence="0.849" wordID="de" beginTime="75.090" endTime="75.210"/>
      <word confidence="0.912" wordID="vrouw" beginTime="75.210" endTime="75.420"/>
      <word confidence="0.784" wordID="de" beginTime="75.420" endTime="75.500"/>
      <word confidence="0.743" wordID="SIL" beginTime="75.500" endTime="75.510"/>
      <word confidence="0.961" wordID="weeën" beginTime="75.510" endTime="75.990"/>
      <word confidence="0.749" wordID="SIL" beginTime="75.990" endTime="76.220"/>
      <word confidence="0.931" wordID="vallen" beginTime="76.220" endTime="76.570"/>
      <word confidence="0.929" wordID="volledig" beginTime="76.570" endTime="77.090"/>
      <word confidence="0.884" wordID="hindoeïstische" beginTime="77.090" endTime="78.060"/>
      <word confidence="0.874" wordID="kinderen" beginTime="78.060" endTime="78.490"/>
      <word confidence="0.853" wordID="beginnen" beginTime="78.490" endTime="78.880"/>
      <word confidence="0.743" wordID="SIL" beginTime="78.880" endTime="78.890"/>
      <word confidence="0.902" wordID="nu" beginTime="78.890" endTime="79.140"/>
      <word confidence="0.828" wordID="SIL" beginTime="79.140" endTime="79.240"/>
    </wordsequence>
  </speech>
  <speech label="SPK06-022" begintime="79.27" endtime="84.86" >
    <wordsequence>
      <word confidence="0.750" wordID="SIL" beginTime="79.270" endTime="79.730"/>
      <word confidence="0.858" wordID="die" beginTime="79.730" endTime="79.930"/>
      <word confidence="0.740" wordID="SIL" beginTime="79.930" endTime="79.940"/>
      <word confidence="0.903" wordID="werkelijk" beginTime="79.940" endTime="80.450"/>
      <word confidence="0.749" wordID="SIL" beginTime="80.450" endTime="80.690"/>
      <word confidence="0.964" wordID="kan" beginTime="80.690" endTime="80.850"/>
      <word confidence="0.887" wordID="worden" beginTime="80.850" endTime="81.110"/>
      <word confidence="0.868" wordID="beschouwd" beginTime="81.110" endTime="81.700"/>
      <word confidence="0.742" wordID="SIL" beginTime="81.700" endTime="81.710"/>
      <word confidence="0.911" wordID="als" beginTime="81.710" endTime="81.900"/>
      <word confidence="0.861" wordID="robert" beginTime="81.900" endTime="82.260"/>
      <word confidence="0.742" wordID="SIL" beginTime="82.260" endTime="82.270"/>
      <word confidence="0.948" wordID="niet" beginTime="82.270" endTime="82.420"/>
      <word confidence="0.900" wordID="actief" beginTime="82.420" endTime="82.930"/>
      <word confidence="0.749" wordID="SIL" beginTime="82.930" endTime="83.220"/>
      <word confidence="0.887" wordID="voor" beginTime="83.220" endTime="83.430"/>
      <word confidence="0.745" wordID="SIL" beginTime="83.430" endTime="83.440"/>
      <word confidence="0.992" wordID="hele" beginTime="83.440" endTime="83.770"/>
      <word confidence="0.945" wordID="jonge" beginTime="83.770" endTime="84.070"/>
      <word confidence="0.908" wordID="is" beginTime="84.070" endTime="84.230"/>
      <word confidence="0.947" wordID="hier" beginTime="84.230" endTime="84.460"/>
      <word confidence="0.750" wordID="SIL" beginTime="84.460" endTime="84.860"/>
    </wordsequence>
  </speech>
  <speech label="SPK06-023" begintime="84.88" endtime="88.12" >
    <wordsequence>
      <word confidence="0.750" wordID="SIL" beginTime="84.880" endTime="85.770"/>
      <word confidence="0.892" wordID="ten" beginTime="85.770" endTime="85.960"/>
      <word confidence="0.869" wordID="tweede" beginTime="85.960" endTime="86.650"/>
      <word confidence="0.749" wordID="SIL" beginTime="86.650" endTime="86.840"/>
      <word confidence="0.829" wordID="de" beginTime="86.840" endTime="86.950"/>
      <word confidence="0.896" wordID="voorbereiding" beginTime="86.950" endTime="87.860"/>
      <word confidence="0.749" wordID="SIL" beginTime="87.860" endTime="88.120"/>
    </wordsequence>
  </speech>
  <speech label="SPK06-024" begintime="88.14" endtime="93.01" >
    <wordsequence>
      <word confidence="0.750" wordID="SIL" beginTime="88.140" endTime="88.220"/>
      <word confidence="0.922" wordID="voor" beginTime="88.220" endTime="88.380"/>
      <word confidence="0.892" wordID="de" beginTime="88.380" endTime="88.480"/>
      <word confidence="0.909" wordID="vorming" beginTime="88.480" endTime="89.080"/>
      <word confidence="0.759" wordID="SIL" beginTime="89.080" endTime="89.190"/>
      <word confidence="0.821" wordID="van" beginTime="89.190" endTime="89.290"/>
      <word confidence="0.749" wordID="SIL" beginTime="89.290" endTime="89.410"/>
      <word confidence="0.816" wordID="een" beginTime="89.410" endTime="89.550"/>
      <word confidence="0.746" wordID="SIL" beginTime="89.550" endTime="89.650"/>
      <word confidence="0.859" wordID="mogelijk" beginTime="89.650" endTime="90.420"/>
      <word confidence="0.749" wordID="SIL" beginTime="90.420" endTime="90.590"/>
      <word confidence="0.926" wordID="van" beginTime="90.590" endTime="90.760"/>
      <word confidence="0.898" wordID="de" beginTime="90.760" endTime="90.830"/>
      <word confidence="0.882" wordID="verenigde" beginTime="90.830" endTime="91.290"/>
      <word confidence="0.925" wordID="staten" beginTime="91.290" endTime="91.830"/>
      <word confidence="0.740" wordID="SIL" beginTime="91.830" endTime="91.840"/>
      <word confidence="0.952" wordID="van" beginTime="91.840" endTime="91.940"/>
      <word confidence="0.898" wordID="indonesië" beginTime="91.940" endTime="92.820"/>
      <word confidence="0.749" wordID="SIL" beginTime="92.820" endTime="93.010"/>
    </wordsequence>
  </speech>
  <speech label="SPK06-025" begintime="93.03" endtime="96.62" >
    <wordsequence>
      <word confidence="0.750" wordID="SIL" beginTime="93.030" endTime="93.080"/>
      <word confidence="0.888" wordID="waar" beginTime="93.080" endTime="93.440"/>
      <word confidence="0.858" wordID="wij" beginTime="93.440" endTime="93.550"/>
      <word confidence="0.912" wordID="onze" beginTime="93.550" endTime="93.830"/>
      <word confidence="0.902" wordID="soevereiniteit" beginTime="93.830" endTime="94.800"/>
      <word confidence="1.000" wordID="SIL" beginTime="94.800" endTime="94.830"/>
      <word confidence="0.935" wordID="zullen" beginTime="94.830" endTime="95.220"/>
      <word confidence="0.717" wordID="SIL" beginTime="95.220" endTime="95.230"/>
      <word confidence="0.842" wordID="kunnen" beginTime="95.230" endTime="95.500"/>
      <word confidence="0.680" wordID="SIL" beginTime="95.500" endTime="95.510"/>
      <word confidence="0.862" wordID="overdragen" beginTime="95.510" endTime="96.290"/>
      <word confidence="0.991" wordID="SIL" beginTime="96.290" endTime="96.620"/>
    </wordsequence>
  </speech>
  <speech label="SPK06-026" begintime="96.92" endtime="101.32" >
    <wordsequence>
      <word confidence="0.750" wordID="SIL" beginTime="96.920" endTime="97.390"/>
      <word confidence="0.950" wordID="voor" beginTime="97.390" endTime="97.610"/>
      <word confidence="0.746" wordID="SIL" beginTime="97.610" endTime="97.630"/>
      <word confidence="0.834" wordID="de" beginTime="97.630" endTime="97.840"/>
      <word confidence="0.735" wordID="SIL" beginTime="97.840" endTime="97.850"/>
      <word confidence="0.967" wordID="boom" beginTime="97.850" endTime="98.340"/>
      <word confidence="0.750" wordID="SIL" beginTime="98.340" endTime="98.710"/>
      <word confidence="0.852" wordID="zullen" beginTime="98.710" endTime="99.490"/>
      <word confidence="0.749" wordID="SIL" beginTime="99.490" endTime="99.690"/>
      <word confidence="0.977" wordID="binnen" beginTime="99.690" endTime="99.990"/>
      <word confidence="0.914" wordID="afzienbare" beginTime="99.990" endTime="100.560"/>
      <word confidence="0.866" wordID="tijd" beginTime="100.560" endTime="100.850"/>
      <word confidence="0.853" wordID="een" beginTime="100.850" endTime="100.980"/>
      <word confidence="0.750" wordID="SIL" beginTime="100.980" endTime="101.320"/>
    </wordsequence>
  </speech>
  <speech label="SPK06-027" begintime="101.35" endtime="105.96" >
    <wordsequence>
      <word confidence="0.750" wordID="SIL" beginTime="101.350" endTime="101.520"/>
      <word confidence="0.857" wordID="vrije" beginTime="101.520" endTime="101.930"/>
      <word confidence="0.833" wordID="verkiezingen" beginTime="101.930" endTime="102.390"/>
      <word confidence="0.939" wordID="op" beginTime="102.390" endTime="102.540"/>
      <word confidence="0.749" wordID="SIL" beginTime="102.540" endTime="102.590"/>
      <word confidence="0.801" wordID="een" beginTime="102.590" endTime="102.710"/>
      <word confidence="0.869" wordID="nogal" beginTime="102.710" endTime="103.070"/>
      <word confidence="0.953" wordID="druk" beginTime="103.070" endTime="103.250"/>
      <word confidence="0.934" wordID="in" beginTime="103.250" endTime="103.450"/>
      <word confidence="0.750" wordID="SIL" beginTime="103.450" endTime="103.710"/>
      <word confidence="0.872" wordID="de" beginTime="103.710" endTime="103.900"/>
      <word confidence="0.867" wordID="voor" beginTime="103.900" endTime="104.080"/>
      <word confidence="0.986" wordID="verschillende" beginTime="104.080" endTime="104.610"/>
      <word confidence="0.890" wordID="punten" beginTime="104.610" endTime="105.160"/>
      <word confidence="0.739" wordID="SIL" beginTime="105.160" endTime="105.170"/>
      <word confidence="1.000" wordID="beslissend" beginTime="105.170" endTime="105.690"/>
      <word confidence="0.941" wordID="zullen" beginTime="105.690" endTime="105.960"/>
    </wordsequence>
  </speech>
  <speech label="SPK13-028" begintime="105.98" endtime="109.18" >
    <wordsequence>
      <word confidence="0.886" wordID="en" beginTime="105.980" endTime="106.240"/>
      <word confidence="0.750" wordID="SIL" beginTime="106.240" endTime="106.660"/>
      <word confidence="0.839" wordID="de" beginTime="106.660" endTime="106.770"/>
      <word confidence="0.742" wordID="SIL" beginTime="106.770" endTime="106.780"/>
      <word confidence="0.951" wordID="journalisten" beginTime="106.780" endTime="107.420"/>
      <word confidence="0.739" wordID="SIL" beginTime="107.420" endTime="107.430"/>
      <word confidence="0.924" wordID="willen" beginTime="107.430" endTime="107.690"/>
      <word confidence="0.984" wordID="ook" beginTime="107.690" endTime="107.790"/>
      <word confidence="0.741" wordID="SIL" beginTime="107.790" endTime="107.800"/>
      <word confidence="0.775" wordID="een" beginTime="107.800" endTime="107.860"/>
      <word confidence="1.000" wordID="aantal" beginTime="107.860" endTime="108.110"/>
      <word confidence="0.990" wordID="vragen" beginTime="108.110" endTime="108.450"/>
      <word confidence="1.000" wordID="op" beginTime="108.450" endTime="108.560"/>
      <word confidence="0.996" wordID="dan" beginTime="108.560" endTime="108.720"/>
      <word confidence="0.970" wordID="te" beginTime="108.720" endTime="108.800"/>
      <word confidence="1.000" wordID="breed" beginTime="108.800" endTime="109.040"/>
      <word confidence="1.000" wordID="zou" beginTime="109.040" endTime="109.180"/>
    </wordsequence>
  </speech>
  <speech label="SPK14-029" begintime="109.20" endtime="109.53" >
    <wordsequence>
      <word confidence="0.750" wordID="SIL" beginTime="109.200" endTime="109.530"/>
    </wordsequence>
  </speech>
  <speech label="SPK14-030" begintime="109.55" endtime="115.21" >
    <wordsequence>
      <word confidence="0.750" wordID="SIL" beginTime="109.550" endTime="109.600"/>
      <word confidence="0.877" wordID="jans" beginTime="109.600" endTime="109.890"/>
      <word confidence="0.748" wordID="SIL" beginTime="109.890" endTime="109.930"/>
      <word confidence="0.810" wordID="kan" beginTime="109.930" endTime="110.310"/>
      <word confidence="0.787" wordID="ik" beginTime="110.310" endTime="110.850"/>
      <word confidence="0.748" wordID="SIL" beginTime="110.850" endTime="110.890"/>
      <word confidence="0.791" wordID="nog" beginTime="110.890" endTime="111.220"/>
      <word confidence="0.850" wordID="een" beginTime="111.220" endTime="111.330"/>
      <word confidence="0.822" wordID="van" beginTime="111.330" endTime="111.530"/>
      <word confidence="0.750" wordID="SIL" beginTime="111.530" endTime="111.890"/>
      <word confidence="0.823" wordID="een" beginTime="111.890" endTime="112.130"/>
      <word confidence="0.749" wordID="SIL" beginTime="112.130" endTime="112.360"/>
      <word confidence="0.783" wordID="oog" beginTime="112.360" endTime="113.310"/>
      <word confidence="0.875" wordID="want" beginTime="113.310" endTime="113.480"/>
      <word confidence="0.742" wordID="SIL" beginTime="113.480" endTime="113.490"/>
      <word confidence="0.841" wordID="ook" beginTime="113.490" endTime="113.810"/>
      <word confidence="0.868" wordID="dat" beginTime="113.810" endTime="113.980"/>
      <word confidence="0.748" wordID="SIL" beginTime="113.980" endTime="114.020"/>
      <word confidence="0.773" wordID="is" beginTime="114.020" endTime="114.240"/>
      <word confidence="0.748" wordID="SIL" beginTime="114.240" endTime="114.280"/>
      <word confidence="0.833" wordID="jammer" beginTime="114.280" endTime="114.590"/>
      <word confidence="0.748" wordID="SIL" beginTime="114.590" endTime="114.630"/>
      <word confidence="0.839" wordID="want" beginTime="114.630" endTime="114.790"/>
      <word confidence="0.780" wordID="ik" beginTime="114.790" endTime="114.930"/>
      <word confidence="1.000" wordID="zie" beginTime="114.930" endTime="115.030"/>
      <word confidence="0.871" wordID="je" beginTime="115.030" endTime="115.180"/>
      <word confidence="0.744" wordID="SIL" beginTime="115.180" endTime="115.210"/>
    </wordsequence>
  </speech>
  <speech label="SPK14-031" begintime="115.23" endtime="116.34" >
    <wordsequence>
      <word confidence="0.750" wordID="SIL" beginTime="115.230" endTime="115.360"/>
      <word confidence="0.858" wordID="hun" beginTime="115.360" endTime="115.720"/>
      <word confidence="0.859" wordID="mannen" beginTime="115.720" endTime="116.340"/>
    </wordsequence>
  </speech>
  <speech label="SPK16-032" begintime="116.36" endtime="119.82" >
    <wordsequence>
      <word confidence="0.740" wordID="ja" beginTime="116.360" endTime="118.780"/>
      <word confidence="0.866" wordID="SIL" beginTime="118.780" endTime="118.790"/>
      <word confidence="0.823" wordID="maar" beginTime="118.790" endTime="119.000"/>
      <word confidence="0.713" wordID="SIL" beginTime="119.000" endTime="119.050"/>
      <word confidence="0.794" wordID="goed" beginTime="119.050" endTime="119.820"/>
    </wordsequence>
  </speech>

  </segments>
</shout_metadata>
