<?xml version="1.0" encoding="UTF-8"?>
<!--
  ##################################################################################################
  ###                      This transcription is automatically generated by                      ###
  ###                              X-MI, Cross-Media interaction                                 ###
  ###                                    http://x-mi.nl                                          ###
  ##################################################################################################
-->
<shout_metadata>
  <model_info>
    <version>Standaard systeem 28-02-2012</version>
    <description>Academia</description>
  </model_info>
  <segments>
  <speech label="SPK01-001" begintime="0.25" endtime="4.94" >
    <wordsequence>
      <word confidence="0.822" wordID="jxl" beginTime="0.250" endTime="1.030"/>
      <word confidence="0.741" wordID="SIL" beginTime="1.030" endTime="1.040"/>
      <word confidence="0.759" wordID="ja" beginTime="1.040" endTime="4.940"/>
    </wordsequence>
  </speech>
  <speech label="SPK03-002" begintime="8.49" endtime="11.45" >
    <wordsequence>
      <word confidence="0.750" wordID="SIL" beginTime="8.490" endTime="9.110"/>
      <word confidence="0.791" wordID="nee" beginTime="9.110" endTime="11.420"/>
      <word confidence="0.748" wordID="SIL" beginTime="11.420" endTime="11.450"/>
    </wordsequence>
  </speech>
  <speech label="SPK04-003" begintime="11.47" endtime="13.97" >
    <wordsequence>
      <word confidence="0.722" wordID="SIL" beginTime="11.470" endTime="12.630"/>
      <word confidence="0.747" wordID="ja" beginTime="12.630" endTime="13.420"/>
      <word confidence="0.911" wordID="SIL" beginTime="13.420" endTime="13.430"/>
      <word confidence="0.704" wordID="er" beginTime="13.430" endTime="13.910"/>
      <word confidence="0.750" wordID="SIL" beginTime="13.910" endTime="13.970"/>
    </wordsequence>
  </speech>
  <speech label="SPK05-004" begintime="13.99" endtime="17.12" >
    <wordsequence>
      <word confidence="0.735" wordID="ja" beginTime="13.990" endTime="14.580"/>
      <word confidence="0.871" wordID="SIL" beginTime="14.580" endTime="14.590"/>
      <word confidence="0.746" wordID="ja" beginTime="14.590" endTime="15.460"/>
      <word confidence="0.730" wordID="SIL" beginTime="15.460" endTime="16.260"/>
      <word confidence="0.762" wordID="ja" beginTime="16.260" endTime="16.750"/>
      <word confidence="0.745" wordID="SIL" beginTime="16.750" endTime="17.120"/>
    </wordsequence>
  </speech>
  <speech label="SPK07-005" begintime="17.14" endtime="19.92" >
    <wordsequence>
      <word confidence="0.782" wordID="ik" beginTime="17.140" endTime="17.320"/>
      <word confidence="0.741" wordID="SIL" beginTime="17.320" endTime="17.330"/>
      <word confidence="0.768" wordID="ga" beginTime="17.330" endTime="19.820"/>
      <word confidence="0.861" wordID="SIL" beginTime="19.820" endTime="19.920"/>
    </wordsequence>
  </speech>
  <speech label="SPK07-006" begintime="19.94" endtime="22.17" >
    <wordsequence>
      <word confidence="0.742" wordID="SIL" beginTime="19.940" endTime="20.310"/>
      <word confidence="0.776" wordID="ja" beginTime="20.310" endTime="20.930"/>
      <word confidence="0.750" wordID="SIL" beginTime="20.930" endTime="21.310"/>
      <word confidence="0.774" wordID="ja" beginTime="21.310" endTime="22.170"/>
    </wordsequence>
  </speech>
  <speech label="SPK09-007" begintime="22.19" endtime="24.61" >
    <wordsequence>
      <word confidence="0.750" wordID="SIL" beginTime="22.190" endTime="22.470"/>
      <word confidence="0.754" wordID="ja" beginTime="22.470" endTime="23.180"/>
      <word confidence="0.742" wordID="SIL" beginTime="23.180" endTime="23.200"/>
      <word confidence="0.766" wordID="ja" beginTime="23.200" endTime="24.280"/>
      <word confidence="0.766" wordID="SIL" beginTime="24.280" endTime="24.610"/>
    </wordsequence>
  </speech>
  <speech label="SPK10-008" begintime="24.63" endtime="27.12" >
    <wordsequence>
      <word confidence="0.731" wordID="SIL" beginTime="24.630" endTime="24.670"/>
      <word confidence="0.729" wordID="ja" beginTime="24.670" endTime="26.300"/>
      <word confidence="0.755" wordID="SIL" beginTime="26.300" endTime="27.120"/>
    </wordsequence>
  </speech>
  <speech label="SPK02-009" begintime="27.14" endtime="31.16" >
    <wordsequence>
      <word confidence="0.750" wordID="SIL" beginTime="27.140" endTime="27.190"/>
      <word confidence="0.750" wordID="ja" beginTime="27.190" endTime="29.030"/>
      <word confidence="0.850" wordID="SIL" beginTime="29.030" endTime="29.190"/>
      <word confidence="0.809" wordID="er" beginTime="29.190" endTime="30.470"/>
      <word confidence="0.868" wordID="SIL" beginTime="30.470" endTime="30.530"/>
      <word confidence="0.775" wordID="nu" beginTime="30.530" endTime="31.130"/>
      <word confidence="0.832" wordID="SIL" beginTime="31.130" endTime="31.160"/>
    </wordsequence>
  </speech>
  <speech label="SPK13-010" begintime="31.18" endtime="34.76" >
    <wordsequence>
      <word confidence="0.750" wordID="SIL" beginTime="31.180" endTime="31.310"/>
      <word confidence="0.771" wordID="ja" beginTime="31.310" endTime="32.780"/>
      <word confidence="0.845" wordID="SIL" beginTime="32.780" endTime="32.850"/>
      <word confidence="0.755" wordID="nee" beginTime="32.850" endTime="34.720"/>
      <word confidence="0.897" wordID="SIL" beginTime="34.720" endTime="34.760"/>
    </wordsequence>
  </speech>
  <speech label="SPK13-011" begintime="34.78" endtime="37.71" >
    <wordsequence>
      <word confidence="0.726" wordID="SIL" beginTime="34.780" endTime="34.820"/>
      <word confidence="0.735" wordID="nee" beginTime="34.820" endTime="37.610"/>
      <word confidence="0.804" wordID="SIL" beginTime="37.610" endTime="37.710"/>
    </wordsequence>
  </speech>
  <speech label="SPK16-012" begintime="37.73" endtime="40.97" >
    <wordsequence>
      <word confidence="0.750" wordID="SIL" beginTime="37.730" endTime="39.950"/>
      <word confidence="0.776" wordID="ja" beginTime="39.950" endTime="40.960"/>
      <word confidence="0.746" wordID="SIL" beginTime="40.960" endTime="40.970"/>
    </wordsequence>
  </speech>
  <speech label="SPK02-013" begintime="40.99" endtime="45.06" >
    <wordsequence>
      <word confidence="0.731" wordID="SIL" beginTime="40.990" endTime="41.020"/>
      <word confidence="0.737" wordID="nee" beginTime="41.020" endTime="43.170"/>
      <word confidence="0.681" wordID="SIL" beginTime="43.170" endTime="43.190"/>
      <word confidence="0.733" wordID="nee" beginTime="43.190" endTime="45.030"/>
      <word confidence="0.881" wordID="SIL" beginTime="45.030" endTime="45.060"/>
    </wordsequence>
  </speech>
  <speech label="SPK03-014" begintime="45.08" endtime="47.42" >
    <wordsequence>
      <word confidence="0.750" wordID="SIL" beginTime="45.080" endTime="45.130"/>
      <word confidence="0.734" wordID="een" beginTime="45.130" endTime="45.740"/>
      <word confidence="0.880" wordID="SIL" beginTime="45.740" endTime="45.790"/>
      <word confidence="0.721" wordID="van" beginTime="45.790" endTime="46.910"/>
      <word confidence="0.904" wordID="SIL" beginTime="46.910" endTime="47.420"/>
    </wordsequence>
  </speech>
  <speech label="SPK03-015" begintime="47.86" endtime="48.92" >
    <wordsequence>
      <word confidence="0.750" wordID="SIL" beginTime="47.860" endTime="48.920"/>
    </wordsequence>
  </speech>
  <speech label="SPK04-016" begintime="48.94" endtime="51.47" >
    <wordsequence>
      <word confidence="0.750" wordID="SIL" beginTime="48.940" endTime="51.470"/>
    </wordsequence>
  </speech>
  <speech label="SPK05-017" begintime="51.49" endtime="54.73" >
    <wordsequence>
      <word confidence="0.750" wordID="SIL" beginTime="51.490" endTime="52.120"/>
      <word confidence="0.737" wordID="ja" beginTime="52.120" endTime="54.730"/>
    </wordsequence>
  </speech>
  <speech label="SPK06-018" begintime="54.75" endtime="56.82" >
    <wordsequence>
      <word confidence="0.750" wordID="SIL" beginTime="54.750" endTime="54.790"/>
      <word confidence="0.751" wordID="zo" beginTime="54.790" endTime="56.780"/>
      <word confidence="1.000" wordID="SIL" beginTime="56.780" endTime="56.820"/>
    </wordsequence>
  </speech>
  <speech label="SPK07-019" begintime="56.84" endtime="60.86" >
    <wordsequence>
      <word confidence="0.778" wordID="uh" beginTime="56.840" endTime="57.060"/>
      <word confidence="0.767" wordID="nee" beginTime="57.060" endTime="60.830"/>
      <word confidence="0.748" wordID="SIL" beginTime="60.830" endTime="60.860"/>
    </wordsequence>
  </speech>
  <speech label="SPK10-020" begintime="60.88" endtime="63.89" >
    <wordsequence>
      <word confidence="0.750" wordID="SIL" beginTime="60.880" endTime="61.240"/>
      <word confidence="0.757" wordID="ja" beginTime="61.240" endTime="63.690"/>
      <word confidence="0.750" wordID="SIL" beginTime="63.690" endTime="63.890"/>
    </wordsequence>
  </speech>
  <speech label="SPK11-021" begintime="63.91" endtime="66.82" >
    <wordsequence>
      <word confidence="0.750" wordID="SIL" beginTime="63.910" endTime="63.980"/>
      <word confidence="0.763" wordID="ja" beginTime="63.980" endTime="66.790"/>
      <word confidence="0.870" wordID="SIL" beginTime="66.790" endTime="66.820"/>
    </wordsequence>
  </speech>
  <speech label="SPK02-022" begintime="66.84" endtime="70.62" >
    <wordsequence>
      <word confidence="0.750" wordID="SIL" beginTime="66.840" endTime="67.200"/>
      <word confidence="0.768" wordID="uh" beginTime="67.200" endTime="68.510"/>
      <word confidence="0.750" wordID="SIL" beginTime="68.510" endTime="70.620"/>
    </wordsequence>
  </speech>
  <speech label="SPK02-023" begintime="72.20" endtime="72.71" >
    <wordsequence>
      <word confidence="0.750" wordID="SIL" beginTime="72.200" endTime="72.710"/>
    </wordsequence>
  </speech>
  <speech label="SPK14-024" begintime="72.73" endtime="76.68" >
    <wordsequence>
      <word confidence="0.750" wordID="SIL" beginTime="72.730" endTime="72.750"/>
      <word confidence="0.753" wordID="ja" beginTime="72.750" endTime="74.520"/>
      <word confidence="0.757" wordID="SIL" beginTime="74.520" endTime="74.670"/>
      <word confidence="0.744" wordID="nee" beginTime="74.670" endTime="76.640"/>
      <word confidence="0.919" wordID="SIL" beginTime="76.640" endTime="76.680"/>
    </wordsequence>
  </speech>
  <speech label="SPK16-025" begintime="76.70" endtime="80.27" >
    <wordsequence>
      <word confidence="0.750" wordID="SIL" beginTime="76.700" endTime="76.820"/>
      <word confidence="0.731" wordID="nee" beginTime="76.820" endTime="79.550"/>
      <word confidence="0.718" wordID="SIL" beginTime="79.550" endTime="79.570"/>
      <word confidence="0.869" wordID="ik" beginTime="79.570" endTime="80.270"/>
    </wordsequence>
  </speech>

  </segments>
</shout_metadata>
