<?xml version="1.0" encoding="UTF-8"?>
<!--
  ##################################################################################################
  ###                      This transcription is automatically generated by                      ###
  ###                              X-MI, Cross-Media interaction                                 ###
  ###                                    http://x-mi.nl                                          ###
  ##################################################################################################
-->
<shout_metadata>
  <model_info>
    <version>Standaard systeem 28-02-2012</version>
    <description>Academia</description>
  </model_info>
  <segments>
  <speech label="SPK16-001" begintime="0.98" endtime="6.01" >
    <wordsequence>
      <word confidence="0.678" wordID="SIL" beginTime="0.980" endTime="1.040"/>
      <word confidence="0.702" wordID="is" beginTime="1.040" endTime="1.490"/>
      <word confidence="0.804" wordID="SIL" beginTime="1.490" endTime="1.500"/>
      <word confidence="0.861" wordID="er" beginTime="1.500" endTime="1.710"/>
      <word confidence="0.872" wordID="SIL" beginTime="1.710" endTime="1.770"/>
      <word confidence="0.809" wordID="een" beginTime="1.770" endTime="1.950"/>
      <word confidence="0.772" wordID="SIL" beginTime="1.950" endTime="2.010"/>
      <word confidence="0.791" wordID="lelijk" beginTime="2.010" endTime="3.500"/>
      <word confidence="0.777" wordID="heijne" beginTime="3.500" endTime="5.530"/>
      <word confidence="0.790" wordID="SIL" beginTime="5.530" endTime="5.540"/>
      <word confidence="0.896" wordID="goed" beginTime="5.540" endTime="5.990"/>
      <word confidence="0.755" wordID="SIL" beginTime="5.990" endTime="6.010"/>
    </wordsequence>
  </speech>
  <speech label="SPK03-002" begintime="6.04" endtime="12.03" >
    <wordsequence>
      <word confidence="0.750" wordID="SIL" beginTime="6.040" endTime="6.250"/>
      <word confidence="0.982" wordID="na" beginTime="6.250" endTime="6.520"/>
      <word confidence="1.000" wordID="de" beginTime="6.520" endTime="6.610"/>
      <word confidence="0.941" wordID="capitulatie" beginTime="6.610" endTime="7.370"/>
      <word confidence="1.000" wordID="van" beginTime="7.370" endTime="7.520"/>
      <word confidence="1.000" wordID="japan" beginTime="7.520" endTime="8.010"/>
      <word confidence="0.746" wordID="SIL" beginTime="8.010" endTime="8.070"/>
      <word confidence="1.000" wordID="bleef" beginTime="8.070" endTime="8.400"/>
      <word confidence="0.736" wordID="SIL" beginTime="8.400" endTime="8.410"/>
      <word confidence="1.000" wordID="indië" beginTime="8.410" endTime="8.780"/>
      <word confidence="1.000" wordID="nog" beginTime="8.780" endTime="8.980"/>
      <word confidence="0.747" wordID="SIL" beginTime="8.980" endTime="9.060"/>
      <word confidence="1.000" wordID="enige" beginTime="9.060" endTime="9.360"/>
      <word confidence="0.903" wordID="tijd" beginTime="9.360" endTime="9.780"/>
      <word confidence="0.736" wordID="SIL" beginTime="9.780" endTime="9.790"/>
      <word confidence="1.000" wordID="onder" beginTime="9.790" endTime="10.050"/>
      <word confidence="1.000" wordID="controle" beginTime="10.050" endTime="10.550"/>
      <word confidence="1.000" wordID="van" beginTime="10.550" endTime="10.670"/>
      <word confidence="0.982" wordID="de" beginTime="10.670" endTime="10.770"/>
      <word confidence="0.740" wordID="SIL" beginTime="10.770" endTime="10.780"/>
      <word confidence="1.000" wordID="japan" beginTime="10.780" endTime="11.100"/>
      <word confidence="0.939" wordID="te" beginTime="11.100" endTime="11.230"/>
      <word confidence="0.995" wordID="liggen" beginTime="11.230" endTime="11.630"/>
      <word confidence="0.749" wordID="SIL" beginTime="11.630" endTime="12.030"/>
    </wordsequence>
  </speech>
  <speech label="SPK03-003" begintime="12.36" endtime="17.75" >
    <wordsequence>
      <word confidence="0.750" wordID="SIL" beginTime="12.360" endTime="12.830"/>
      <word confidence="1.000" wordID="wat" beginTime="12.830" endTime="13.000"/>
      <word confidence="1.000" wordID="roeiers" beginTime="13.000" endTime="13.360"/>
      <word confidence="0.739" wordID="SIL" beginTime="13.360" endTime="13.370"/>
      <word confidence="1.000" wordID="en" beginTime="13.370" endTime="13.490"/>
      <word confidence="0.935" wordID="de" beginTime="13.490" endTime="13.570"/>
      <word confidence="0.913" wordID="straten" beginTime="13.570" endTime="14.050"/>
      <word confidence="0.743" wordID="SIL" beginTime="14.050" endTime="14.060"/>
      <word confidence="1.000" wordID="van" beginTime="14.060" endTime="14.200"/>
      <word confidence="1.000" wordID="wat" beginTime="14.200" endTime="14.320"/>
      <word confidence="0.735" wordID="SIL" beginTime="14.320" endTime="14.330"/>
      <word confidence="0.969" wordID="daar" beginTime="14.330" endTime="14.540"/>
      <word confidence="1.000" wordID="via" beginTime="14.540" endTime="14.840"/>
      <word confidence="0.899" wordID="het" beginTime="14.840" endTime="14.900"/>
      <word confidence="0.749" wordID="SIL" beginTime="14.900" endTime="15.070"/>
      <word confidence="0.941" wordID="voor" beginTime="15.070" endTime="15.410"/>
      <word confidence="0.729" wordID="SIL" beginTime="15.410" endTime="15.420"/>
      <word confidence="1.000" wordID="dat" beginTime="15.420" endTime="15.670"/>
      <word confidence="0.742" wordID="SIL" beginTime="15.670" endTime="15.690"/>
      <word confidence="0.968" wordID="de" beginTime="15.690" endTime="15.810"/>
      <word confidence="1.000" wordID="geallieerden" beginTime="15.810" endTime="16.430"/>
      <word confidence="1.000" wordID="de" beginTime="16.430" endTime="16.500"/>
      <word confidence="1.000" wordID="macht" beginTime="16.500" endTime="16.770"/>
      <word confidence="1.000" wordID="overnemen" beginTime="16.770" endTime="17.420"/>
      <word confidence="0.749" wordID="SIL" beginTime="17.420" endTime="17.750"/>
    </wordsequence>
  </speech>
  <speech label="SPK03-004" begintime="17.81" endtime="18.88" >
    <wordsequence>
      <word confidence="0.750" wordID="SIL" beginTime="17.810" endTime="18.880"/>
    </wordsequence>
  </speech>
  <speech label="SPK06-005" begintime="18.90" endtime="23.37" >
    <wordsequence>
      <word confidence="0.750" wordID="SIL" beginTime="18.900" endTime="18.940"/>
      <word confidence="0.739" wordID="dan" beginTime="18.940" endTime="19.750"/>
      <word confidence="0.716" wordID="SIL" beginTime="19.750" endTime="19.940"/>
      <word confidence="0.771" wordID="moet" beginTime="19.940" endTime="20.120"/>
      <word confidence="0.649" wordID="SIL" beginTime="20.120" endTime="20.130"/>
      <word confidence="0.779" wordID="je" beginTime="20.130" endTime="20.600"/>
      <word confidence="0.764" wordID="SIL" beginTime="20.600" endTime="20.610"/>
      <word confidence="0.819" wordID="je" beginTime="20.610" endTime="20.790"/>
      <word confidence="0.784" wordID="handen" beginTime="20.790" endTime="21.580"/>
      <word confidence="0.817" wordID="SIL" beginTime="21.580" endTime="21.690"/>
      <word confidence="0.838" wordID="hebt" beginTime="21.690" endTime="22.040"/>
      <word confidence="0.790" wordID="SIL" beginTime="22.040" endTime="22.230"/>
      <word confidence="0.792" wordID="ge" beginTime="22.230" endTime="23.100"/>
      <word confidence="0.898" wordID="SIL" beginTime="23.100" endTime="23.370"/>
    </wordsequence>
  </speech>
  <speech label="SPK03-006" begintime="23.39" endtime="26.56" >
    <wordsequence>
      <word confidence="0.950" wordID="landschappen" beginTime="23.390" endTime="24.060"/>
      <word confidence="0.794" wordID="SIL" beginTime="24.060" endTime="24.070"/>
      <word confidence="1.000" wordID="van" beginTime="24.070" endTime="24.190"/>
      <word confidence="1.000" wordID="de" beginTime="24.190" endTime="24.270"/>
      <word confidence="0.955" wordID="koninklijke" beginTime="24.270" endTime="24.820"/>
      <word confidence="1.000" wordID="nederlandse" beginTime="24.820" endTime="25.490"/>
      <word confidence="0.821" wordID="SIL" beginTime="25.490" endTime="25.520"/>
      <word confidence="0.846" wordID="en" beginTime="25.520" endTime="25.690"/>
      <word confidence="0.682" wordID="SIL" beginTime="25.690" endTime="25.700"/>
      <word confidence="0.947" wordID="engelse" beginTime="25.700" endTime="25.980"/>
      <word confidence="1.000" wordID="marine" beginTime="25.980" endTime="26.390"/>
      <word confidence="0.870" wordID="SIL" beginTime="26.390" endTime="26.560"/>
    </wordsequence>
  </speech>
  <speech label="SPK03-007" begintime="26.59" endtime="32.31" >
    <wordsequence>
      <word confidence="0.750" wordID="SIL" beginTime="26.590" endTime="26.770"/>
      <word confidence="0.965" wordID="landen" beginTime="26.770" endTime="27.180"/>
      <word confidence="0.915" wordID="en" beginTime="27.180" endTime="27.340"/>
      <word confidence="0.977" wordID="dan" beginTime="27.340" endTime="27.520"/>
      <word confidence="0.904" wordID="jong" beginTime="27.520" endTime="27.790"/>
      <word confidence="0.746" wordID="SIL" beginTime="27.790" endTime="27.840"/>
      <word confidence="0.862" wordID="in" beginTime="27.840" endTime="27.940"/>
      <word confidence="0.928" wordID="japan" beginTime="27.940" endTime="28.250"/>
      <word confidence="0.748" wordID="SIL" beginTime="28.250" endTime="28.350"/>
      <word confidence="0.973" wordID="om" beginTime="28.350" endTime="28.530"/>
      <word confidence="1.000" wordID="voor" beginTime="28.530" endTime="28.680"/>
      <word confidence="0.826" wordID="de" beginTime="28.680" endTime="28.760"/>
      <word confidence="0.747" wordID="SIL" beginTime="28.760" endTime="28.780"/>
      <word confidence="0.928" wordID="nieuwe" beginTime="28.780" endTime="28.980"/>
      <word confidence="0.995" wordID="cubaantje" beginTime="28.980" endTime="29.500"/>
      <word confidence="1.000" wordID="dan" beginTime="29.500" endTime="29.690"/>
      <word confidence="0.963" wordID="vrouwen" beginTime="29.690" endTime="30.150"/>
      <word confidence="0.738" wordID="SIL" beginTime="30.150" endTime="30.160"/>
      <word confidence="0.903" wordID="en" beginTime="30.160" endTime="30.370"/>
      <word confidence="0.747" wordID="SIL" beginTime="30.370" endTime="30.420"/>
      <word confidence="0.988" wordID="kinderen" beginTime="30.420" endTime="30.890"/>
      <word confidence="0.746" wordID="SIL" beginTime="30.890" endTime="30.950"/>
      <word confidence="1.000" wordID="uit" beginTime="30.950" endTime="31.090"/>
      <word confidence="0.889" wordID="de" beginTime="31.090" endTime="31.170"/>
      <word confidence="0.968" wordID="kampen" beginTime="31.170" endTime="31.540"/>
      <word confidence="0.742" wordID="SIL" beginTime="31.540" endTime="31.550"/>
      <word confidence="0.951" wordID="zorg" beginTime="31.550" endTime="31.850"/>
      <word confidence="0.971" wordID="gedragen" beginTime="31.850" endTime="32.310"/>
    </wordsequence>
  </speech>
  <speech label="SPK10-008" begintime="32.33" endtime="36.05" >
    <wordsequence>
      <word confidence="0.782" wordID="alleen" beginTime="32.330" endTime="32.880"/>
      <word confidence="0.855" wordID="SIL" beginTime="32.880" endTime="32.970"/>
      <word confidence="0.790" wordID="ik" beginTime="32.970" endTime="33.830"/>
      <word confidence="0.750" wordID="SIL" beginTime="33.830" endTime="34.040"/>
      <word confidence="0.776" wordID="heb" beginTime="34.040" endTime="34.520"/>
      <word confidence="0.750" wordID="SIL" beginTime="34.520" endTime="34.820"/>
      <word confidence="0.806" wordID="er" beginTime="34.820" endTime="35.180"/>
      <word confidence="0.748" wordID="SIL" beginTime="35.180" endTime="35.250"/>
      <word confidence="0.838" wordID="natuurlijk" beginTime="35.250" endTime="35.700"/>
      <word confidence="0.784" wordID="SIL" beginTime="35.700" endTime="35.820"/>
      <word confidence="0.838" wordID="nog" beginTime="35.820" endTime="36.020"/>
      <word confidence="0.733" wordID="SIL" beginTime="36.020" endTime="36.050"/>
    </wordsequence>
  </speech>
  <speech label="SPK11-009" begintime="36.07" endtime="38.81" >
    <wordsequence>
      <word confidence="0.750" wordID="SIL" beginTime="36.070" endTime="36.090"/>
      <word confidence="0.791" wordID="herengracht" beginTime="36.090" endTime="37.360"/>
      <word confidence="0.756" wordID="SIL" beginTime="37.360" endTime="37.370"/>
      <word confidence="0.759" wordID="ja" beginTime="37.370" endTime="38.810"/>
    </wordsequence>
  </speech>
  <speech label="SPK12-010" begintime="38.83" endtime="41.96" >
    <wordsequence>
      <word confidence="0.765" wordID="ja" beginTime="38.830" endTime="40.130"/>
      <word confidence="0.880" wordID="SIL" beginTime="40.130" endTime="40.230"/>
      <word confidence="0.764" wordID="ja" beginTime="40.230" endTime="41.470"/>
      <word confidence="0.831" wordID="SIL" beginTime="41.470" endTime="41.960"/>
    </wordsequence>
  </speech>
  <speech label="SPK03-011" begintime="42.41" endtime="47.77" >
    <wordsequence>
      <word confidence="0.750" wordID="SIL" beginTime="42.410" endTime="42.830"/>
      <word confidence="0.881" wordID="de" beginTime="42.830" endTime="43.000"/>
      <word confidence="0.742" wordID="SIL" beginTime="43.000" endTime="43.010"/>
      <word confidence="0.934" wordID="gespannen" beginTime="43.010" endTime="43.560"/>
      <word confidence="0.739" wordID="SIL" beginTime="43.560" endTime="43.570"/>
      <word confidence="0.990" wordID="toestand" beginTime="43.570" endTime="44.060"/>
      <word confidence="1.000" wordID="en" beginTime="44.060" endTime="44.250"/>
      <word confidence="0.733" wordID="SIL" beginTime="44.250" endTime="44.260"/>
      <word confidence="0.893" wordID="de" beginTime="44.260" endTime="44.340"/>
      <word confidence="0.968" wordID="varen" beginTime="44.340" endTime="44.870"/>
      <word confidence="0.748" wordID="SIL" beginTime="44.870" endTime="44.970"/>
      <word confidence="0.944" wordID="om" beginTime="44.970" endTime="45.230"/>
      <word confidence="0.722" wordID="SIL" beginTime="45.230" endTime="45.240"/>
      <word confidence="0.968" wordID="afgebroken" beginTime="45.240" endTime="46.010"/>
      <word confidence="0.737" wordID="SIL" beginTime="46.010" endTime="46.020"/>
      <word confidence="0.990" wordID="waakzaamheid" beginTime="46.020" endTime="46.670"/>
      <word confidence="0.742" wordID="SIL" beginTime="46.670" endTime="46.680"/>
      <word confidence="0.899" wordID="en" beginTime="46.680" endTime="46.890"/>
      <word confidence="0.742" wordID="SIL" beginTime="46.890" endTime="46.900"/>
      <word confidence="1.000" wordID="controle" beginTime="46.900" endTime="47.450"/>
      <word confidence="0.749" wordID="SIL" beginTime="47.450" endTime="47.770"/>
    </wordsequence>
  </speech>
  <speech label="SPK15-012" begintime="47.79" endtime="50.95" >
    <wordsequence>
      <word confidence="0.692" wordID="SIL" beginTime="47.790" endTime="47.960"/>
      <word confidence="0.798" wordID="nee" beginTime="47.960" endTime="48.880"/>
      <word confidence="0.744" wordID="SIL" beginTime="48.880" endTime="48.900"/>
      <word confidence="0.752" wordID="nee" beginTime="48.900" endTime="49.220"/>
      <word confidence="0.908" wordID="SIL" beginTime="49.220" endTime="49.320"/>
      <word confidence="0.784" wordID="nee" beginTime="49.320" endTime="50.040"/>
      <word confidence="0.740" wordID="SIL" beginTime="50.040" endTime="50.050"/>
      <word confidence="0.754" wordID="nee" beginTime="50.050" endTime="50.940"/>
      <word confidence="0.734" wordID="SIL" beginTime="50.940" endTime="50.950"/>
    </wordsequence>
  </speech>
  <speech label="SPK15-013" begintime="50.97" endtime="55.19" >
    <wordsequence>
      <word confidence="0.750" wordID="SIL" beginTime="50.970" endTime="50.980"/>
      <word confidence="0.732" wordID="nee" beginTime="50.980" endTime="53.720"/>
      <word confidence="0.775" wordID="SIL" beginTime="53.720" endTime="53.790"/>
      <word confidence="0.772" wordID="een" beginTime="53.790" endTime="54.100"/>
      <word confidence="0.788" wordID="SIL" beginTime="54.100" endTime="54.490"/>
      <word confidence="0.805" wordID="goed" beginTime="54.490" endTime="55.190"/>
    </wordsequence>
  </speech>
  <speech label="SPK03-014" begintime="55.21" endtime="58.40" >
    <wordsequence>
      <word confidence="0.850" wordID="bijna" beginTime="55.210" endTime="55.500"/>
      <word confidence="0.983" wordID="vijf" beginTime="55.500" endTime="55.810"/>
      <word confidence="1.000" wordID="en" beginTime="55.810" endTime="55.920"/>
      <word confidence="0.928" wordID="dertig" beginTime="55.920" endTime="56.220"/>
      <word confidence="0.971" wordID="honderd" beginTime="56.220" endTime="56.560"/>
      <word confidence="0.927" wordID="SIL" beginTime="56.560" endTime="56.610"/>
      <word confidence="0.869" wordID="euro" beginTime="56.610" endTime="56.860"/>
      <word confidence="1.000" wordID="SIL" beginTime="56.860" endTime="56.910"/>
      <word confidence="1.000" wordID="is" beginTime="56.910" endTime="57.130"/>
      <word confidence="1.000" wordID="de" beginTime="57.130" endTime="57.220"/>
      <word confidence="0.905" wordID="vrouwen" beginTime="57.220" endTime="57.750"/>
      <word confidence="1.000" wordID="kinderen" beginTime="57.750" endTime="58.370"/>
      <word confidence="0.899" wordID="SIL" beginTime="58.370" endTime="58.400"/>
    </wordsequence>
  </speech>
  <speech label="SPK03-015" begintime="58.43" endtime="63.30" >
    <wordsequence>
      <word confidence="0.750" wordID="SIL" beginTime="58.430" endTime="58.610"/>
      <word confidence="0.896" wordID="zijn" beginTime="58.610" endTime="58.860"/>
      <word confidence="0.958" wordID="gedurende" beginTime="58.860" endTime="59.440"/>
      <word confidence="1.000" wordID="de" beginTime="59.440" endTime="59.550"/>
      <word confidence="0.969" wordID="bezetting" beginTime="59.550" endTime="60.140"/>
      <word confidence="0.745" wordID="SIL" beginTime="60.140" endTime="60.180"/>
      <word confidence="1.000" wordID="en" beginTime="60.180" endTime="60.300"/>
      <word confidence="0.998" wordID="het" beginTime="60.300" endTime="60.460"/>
      <word confidence="0.948" wordID="kan" beginTime="60.460" endTime="60.710"/>
      <word confidence="0.742" wordID="SIL" beginTime="60.710" endTime="60.730"/>
      <word confidence="1.000" wordID="maar" beginTime="60.730" endTime="60.920"/>
      <word confidence="0.744" wordID="SIL" beginTime="60.920" endTime="60.950"/>
      <word confidence="0.982" wordID="gastarbeider" beginTime="60.950" endTime="61.560"/>
      <word confidence="0.735" wordID="SIL" beginTime="61.560" endTime="61.570"/>
      <word confidence="1.000" wordID="daar" beginTime="61.570" endTime="61.790"/>
      <word confidence="1.000" wordID="via" beginTime="61.790" endTime="62.020"/>
      <word confidence="1.000" wordID="kan" beginTime="62.020" endTime="62.170"/>
      <word confidence="1.000" wordID="vangen" beginTime="62.170" endTime="62.430"/>
      <word confidence="0.742" wordID="SIL" beginTime="62.430" endTime="62.440"/>
      <word confidence="1.000" wordID="wonen" beginTime="62.440" endTime="62.960"/>
      <word confidence="0.749" wordID="SIL" beginTime="62.960" endTime="63.300"/>
    </wordsequence>
  </speech>
  <speech label="SPK03-016" begintime="63.67" endtime="67.82" >
    <wordsequence>
      <word confidence="0.750" wordID="SIL" beginTime="63.670" endTime="64.140"/>
      <word confidence="0.997" wordID="de" beginTime="64.140" endTime="64.240"/>
      <word confidence="0.734" wordID="SIL" beginTime="64.240" endTime="64.250"/>
      <word confidence="1.000" wordID="toestanden" beginTime="64.250" endTime="64.750"/>
      <word confidence="0.969" wordID="in" beginTime="64.750" endTime="64.860"/>
      <word confidence="0.844" wordID="het" beginTime="64.860" endTime="65.020"/>
      <word confidence="0.945" wordID="kamp" beginTime="65.020" endTime="65.340"/>
      <word confidence="0.729" wordID="SIL" beginTime="65.340" endTime="65.350"/>
      <word confidence="1.000" wordID="waren" beginTime="65.350" endTime="65.600"/>
      <word confidence="1.000" wordID="leven" beginTime="65.600" endTime="65.870"/>
      <word confidence="1.000" wordID="als" beginTime="65.870" endTime="66.070"/>
      <word confidence="0.735" wordID="SIL" beginTime="66.070" endTime="66.080"/>
      <word confidence="1.000" wordID="ouders" beginTime="66.080" endTime="66.500"/>
      <word confidence="0.734" wordID="SIL" beginTime="66.500" endTime="66.510"/>
      <word confidence="1.000" wordID="ontstaat" beginTime="66.510" endTime="66.960"/>
      <word confidence="0.956" wordID="een" beginTime="66.960" endTime="67.060"/>
      <word confidence="0.743" wordID="SIL" beginTime="67.060" endTime="67.070"/>
      <word confidence="1.000" wordID="zwaar" beginTime="67.070" endTime="67.350"/>
      <word confidence="0.750" wordID="SIL" beginTime="67.350" endTime="67.820"/>
    </wordsequence>
  </speech>
  <speech label="SPK03-017" begintime="67.84" endtime="70.85" >
    <wordsequence>
      <word confidence="0.750" wordID="SIL" beginTime="67.840" endTime="68.310"/>
      <word confidence="0.917" wordID="het" beginTime="68.310" endTime="68.450"/>
      <word confidence="1.000" wordID="wordt" beginTime="68.450" endTime="68.670"/>
      <word confidence="1.000" wordID="zoals" beginTime="68.670" endTime="69.130"/>
      <word confidence="0.746" wordID="SIL" beginTime="69.130" endTime="69.150"/>
      <word confidence="0.871" wordID="hij" beginTime="69.150" endTime="69.350"/>
      <word confidence="0.743" wordID="SIL" beginTime="69.350" endTime="69.360"/>
      <word confidence="1.000" wordID="is" beginTime="69.360" endTime="69.600"/>
      <word confidence="0.740" wordID="SIL" beginTime="69.600" endTime="69.610"/>
      <word confidence="0.903" wordID="en" beginTime="69.610" endTime="69.670"/>
      <word confidence="1.000" wordID="dat" beginTime="69.670" endTime="69.790"/>
      <word confidence="1.000" wordID="waar" beginTime="69.790" endTime="69.970"/>
      <word confidence="0.972" wordID="ik" beginTime="69.970" endTime="70.070"/>
      <word confidence="1.000" wordID="zwaar" beginTime="70.070" endTime="70.400"/>
      <word confidence="0.749" wordID="SIL" beginTime="70.400" endTime="70.850"/>
    </wordsequence>
  </speech>
  <speech label="SPK03-018" begintime="71.15" endtime="75.51" >
    <wordsequence>
      <word confidence="0.750" wordID="SIL" beginTime="71.150" endTime="71.620"/>
      <word confidence="1.000" wordID="de" beginTime="71.620" endTime="71.710"/>
      <word confidence="0.920" wordID="bevrijding" beginTime="71.710" endTime="72.320"/>
      <word confidence="0.736" wordID="SIL" beginTime="72.320" endTime="72.330"/>
      <word confidence="1.000" wordID="wordt" beginTime="72.330" endTime="72.500"/>
      <word confidence="0.891" wordID="er" beginTime="72.500" endTime="72.620"/>
      <word confidence="0.910" wordID="ook" beginTime="72.620" endTime="72.790"/>
      <word confidence="1.000" wordID="in" beginTime="72.790" endTime="72.880"/>
      <word confidence="0.992" wordID="dit" beginTime="72.880" endTime="73.110"/>
      <word confidence="0.745" wordID="SIL" beginTime="73.110" endTime="73.140"/>
      <word confidence="0.855" wordID="land" beginTime="73.140" endTime="73.410"/>
      <word confidence="0.747" wordID="SIL" beginTime="73.410" endTime="73.470"/>
      <word confidence="1.000" wordID="met" beginTime="73.470" endTime="73.650"/>
      <word confidence="0.742" wordID="SIL" beginTime="73.650" endTime="73.670"/>
      <word confidence="0.788" wordID="een" beginTime="73.670" endTime="73.730"/>
      <word confidence="0.722" wordID="SIL" beginTime="73.730" endTime="73.740"/>
      <word confidence="0.896" wordID="bord" beginTime="73.740" endTime="74.040"/>
      <word confidence="0.747" wordID="SIL" beginTime="74.040" endTime="74.080"/>
      <word confidence="1.000" wordID="enthousiasme" beginTime="74.080" endTime="74.740"/>
      <word confidence="0.961" wordID="begroet" beginTime="74.740" endTime="75.090"/>
      <word confidence="0.749" wordID="SIL" beginTime="75.090" endTime="75.510"/>
    </wordsequence>
  </speech>
  <speech label="SPK16-019" begintime="75.75" endtime="78.02" >
    <wordsequence>
      <word confidence="0.750" wordID="SIL" beginTime="75.750" endTime="76.350"/>
      <word confidence="1.000" wordID="het" beginTime="76.350" endTime="76.440"/>
      <word confidence="0.749" wordID="SIL" beginTime="76.440" endTime="76.620"/>
      <word confidence="0.767" wordID="ja" beginTime="76.620" endTime="78.020"/>
    </wordsequence>
  </speech>
  <speech label="SPK03-020" begintime="78.04" endtime="79.94" >
    <wordsequence>
      <word confidence="0.671" wordID="SIL" beginTime="78.040" endTime="78.070"/>
      <word confidence="0.858" wordID="de" beginTime="78.070" endTime="78.220"/>
      <word confidence="0.793" wordID="SIL" beginTime="78.220" endTime="78.230"/>
      <word confidence="0.939" wordID="ex-gevangenen" beginTime="78.230" endTime="78.880"/>
      <word confidence="1.000" wordID="naar" beginTime="78.880" endTime="79.030"/>
      <word confidence="0.935" wordID="de" beginTime="79.030" endTime="79.120"/>
      <word confidence="1.000" wordID="SIL" beginTime="79.120" endTime="79.140"/>
      <word confidence="0.901" wordID="beurs" beginTime="79.140" endTime="79.350"/>
      <word confidence="0.793" wordID="SIL" beginTime="79.350" endTime="79.370"/>
      <word confidence="0.949" wordID="gebracht" beginTime="79.370" endTime="79.720"/>
      <word confidence="0.899" wordID="SIL" beginTime="79.720" endTime="79.940"/>
    </wordsequence>
  </speech>
  <speech label="SPK03-021" begintime="79.96" endtime="83.41" >
    <wordsequence>
      <word confidence="0.750" wordID="SIL" beginTime="79.960" endTime="80.410"/>
      <word confidence="0.965" wordID="bert-jan" beginTime="80.410" endTime="80.870"/>
      <word confidence="0.888" wordID="voortgaande" beginTime="80.870" endTime="81.510"/>
      <word confidence="0.961" wordID="on-nederlands" beginTime="81.510" endTime="82.130"/>
      <word confidence="0.747" wordID="SIL" beginTime="82.130" endTime="82.150"/>
      <word confidence="0.980" wordID="uit" beginTime="82.150" endTime="82.370"/>
      <word confidence="0.741" wordID="SIL" beginTime="82.370" endTime="82.380"/>
      <word confidence="0.972" wordID="engelse" beginTime="82.380" endTime="82.680"/>
      <word confidence="0.993" wordID="schepen" beginTime="82.680" endTime="83.200"/>
      <word confidence="0.749" wordID="SIL" beginTime="83.200" endTime="83.410"/>
    </wordsequence>
  </speech>
  <speech label="SPK03-022" begintime="83.43" endtime="86.20" >
    <wordsequence>
      <word confidence="0.750" wordID="SIL" beginTime="83.430" endTime="83.650"/>
      <word confidence="1.000" wordID="die" beginTime="83.650" endTime="83.750"/>
      <word confidence="0.920" wordID="naam" beginTime="83.750" endTime="83.930"/>
      <word confidence="0.941" wordID="ervaren" beginTime="83.930" endTime="84.420"/>
      <word confidence="0.913" wordID="land" beginTime="84.420" endTime="84.760"/>
      <word confidence="0.748" wordID="SIL" beginTime="84.760" endTime="84.880"/>
      <word confidence="1.000" wordID="of" beginTime="84.880" endTime="85.020"/>
      <word confidence="0.976" wordID="naar" beginTime="85.020" endTime="85.180"/>
      <word confidence="0.744" wordID="SIL" beginTime="85.180" endTime="85.190"/>
      <word confidence="0.914" wordID="australië" beginTime="85.190" endTime="85.710"/>
      <word confidence="1.000" wordID="brengen" beginTime="85.710" endTime="86.090"/>
      <word confidence="0.749" wordID="SIL" beginTime="86.090" endTime="86.200"/>
    </wordsequence>
  </speech>
  <speech label="SPK12-023" begintime="86.22" endtime="90.37" >
    <wordsequence>
      <word confidence="0.748" wordID="SIL" beginTime="86.220" endTime="86.510"/>
      <word confidence="0.758" wordID="ja" beginTime="86.510" endTime="89.010"/>
      <word confidence="0.887" wordID="SIL" beginTime="89.010" endTime="89.020"/>
      <word confidence="0.780" wordID="ja" beginTime="89.020" endTime="89.490"/>
      <word confidence="0.615" wordID="SIL" beginTime="89.490" endTime="89.500"/>
      <word confidence="0.738" wordID="ja" beginTime="89.500" endTime="90.370"/>
    </wordsequence>
  </speech>
  <speech label="SPK15-024" begintime="90.39" endtime="93.42" >
    <wordsequence>
      <word confidence="0.750" wordID="SIL" beginTime="90.390" endTime="90.410"/>
      <word confidence="0.727" wordID="ja" beginTime="90.410" endTime="93.420"/>
    </wordsequence>
  </speech>
  <speech label="SPK11-025" begintime="93.44" endtime="93.92" >
    <wordsequence>
      <word confidence="0.757" wordID="een" beginTime="93.440" endTime="93.610"/>
      <word confidence="0.798" wordID="van" beginTime="93.610" endTime="93.860"/>
      <word confidence="0.758" wordID="SIL" beginTime="93.860" endTime="93.920"/>
    </wordsequence>
  </speech>
  <speech label="SPK11-026" begintime="93.94" endtime="98.76" >
    <wordsequence>
      <word confidence="0.710" wordID="SIL" beginTime="93.940" endTime="93.970"/>
      <word confidence="0.800" wordID="dan" beginTime="93.970" endTime="94.200"/>
      <word confidence="0.771" wordID="waren" beginTime="94.200" endTime="94.530"/>
      <word confidence="0.841" wordID="SIL" beginTime="94.530" endTime="94.570"/>
      <word confidence="0.733" wordID="er" beginTime="94.570" endTime="95.070"/>
      <word confidence="0.768" wordID="SIL" beginTime="95.070" endTime="95.190"/>
      <word confidence="0.729" wordID="nog" beginTime="95.190" endTime="95.320"/>
      <word confidence="0.663" wordID="SIL" beginTime="95.320" endTime="95.330"/>
      <word confidence="0.766" wordID="een" beginTime="95.330" endTime="95.780"/>
      <word confidence="0.723" wordID="SIL" beginTime="95.780" endTime="95.850"/>
      <word confidence="0.799" wordID="andere" beginTime="95.850" endTime="96.100"/>
      <word confidence="0.648" wordID="SIL" beginTime="96.100" endTime="96.110"/>
      <word confidence="0.775" wordID="mogelijkheid" beginTime="96.110" endTime="96.830"/>
      <word confidence="0.795" wordID="SIL" beginTime="96.830" endTime="96.840"/>
      <word confidence="0.764" wordID="jongeren" beginTime="96.840" endTime="97.480"/>
      <word confidence="0.788" wordID="SIL" beginTime="97.480" endTime="98.040"/>
      <word confidence="0.793" wordID="op" beginTime="98.040" endTime="98.240"/>
      <word confidence="0.797" wordID="SIL" beginTime="98.240" endTime="98.420"/>
      <word confidence="0.816" wordID="het" beginTime="98.420" endTime="98.610"/>
      <word confidence="0.780" wordID="SIL" beginTime="98.610" endTime="98.760"/>
    </wordsequence>
  </speech>
  <speech label="SPK03-027" begintime="99.08" endtime="103.05" >
    <wordsequence>
      <word confidence="0.750" wordID="SIL" beginTime="99.080" endTime="99.550"/>
      <word confidence="0.910" wordID="aan" beginTime="99.550" endTime="99.830"/>
      <word confidence="0.739" wordID="SIL" beginTime="99.830" endTime="99.840"/>
      <word confidence="0.903" wordID="boord" beginTime="99.840" endTime="100.230"/>
      <word confidence="0.747" wordID="SIL" beginTime="100.230" endTime="100.330"/>
      <word confidence="0.998" wordID="dus" beginTime="100.330" endTime="100.480"/>
      <word confidence="0.875" wordID="ook" beginTime="100.480" endTime="100.710"/>
      <word confidence="1.000" wordID="de" beginTime="100.710" endTime="100.780"/>
      <word confidence="0.986" wordID="bemanning" beginTime="100.780" endTime="101.270"/>
      <word confidence="0.745" wordID="SIL" beginTime="101.270" endTime="101.300"/>
      <word confidence="0.989" wordID="dat" beginTime="101.300" endTime="101.510"/>
      <word confidence="0.745" wordID="SIL" beginTime="101.510" endTime="101.540"/>
      <word confidence="1.000" wordID="vooral" beginTime="101.540" endTime="101.810"/>
      <word confidence="1.000" wordID="de" beginTime="101.810" endTime="101.910"/>
      <word confidence="0.899" wordID="jeugd" beginTime="101.910" endTime="102.240"/>
      <word confidence="0.744" wordID="SIL" beginTime="102.240" endTime="102.270"/>
      <word confidence="0.906" wordID="in" beginTime="102.270" endTime="102.430"/>
      <word confidence="0.888" wordID="bodegraven" beginTime="102.430" endTime="103.050"/>
    </wordsequence>
  </speech>
  <speech label="SPK14-028" begintime="103.07" endtime="104.01" >
    <wordsequence>
      <word confidence="0.750" wordID="SIL" beginTime="103.070" endTime="103.140"/>
      <word confidence="0.764" wordID="ik" beginTime="103.140" endTime="103.490"/>
      <word confidence="0.743" wordID="SIL" beginTime="103.490" endTime="103.500"/>
      <word confidence="0.806" wordID="hoop" beginTime="103.500" endTime="104.010"/>
    </wordsequence>
  </speech>
  <speech label="SPK14-029" begintime="104.30" endtime="108.35" >
    <wordsequence>
      <word confidence="0.750" wordID="SIL" beginTime="104.300" endTime="104.660"/>
      <word confidence="0.835" wordID="van" beginTime="104.660" endTime="104.960"/>
      <word confidence="0.750" wordID="SIL" beginTime="104.960" endTime="105.420"/>
      <word confidence="0.847" wordID="een" beginTime="105.420" endTime="105.620"/>
      <word confidence="0.750" wordID="SIL" beginTime="105.620" endTime="106.010"/>
      <word confidence="0.826" wordID="dreigend" beginTime="106.010" endTime="106.600"/>
      <word confidence="0.738" wordID="SIL" beginTime="106.600" endTime="106.610"/>
      <word confidence="0.863" wordID="en" beginTime="106.610" endTime="106.760"/>
      <word confidence="0.738" wordID="SIL" beginTime="106.760" endTime="106.770"/>
      <word confidence="0.801" wordID="daar" beginTime="106.770" endTime="107.150"/>
      <word confidence="0.750" wordID="SIL" beginTime="107.150" endTime="107.540"/>
      <word confidence="0.835" wordID="een" beginTime="107.540" endTime="107.770"/>
      <word confidence="0.747" wordID="SIL" beginTime="107.770" endTime="107.800"/>
      <word confidence="0.808" wordID="einde" beginTime="107.800" endTime="108.050"/>
      <word confidence="0.749" wordID="SIL" beginTime="108.050" endTime="108.210"/>
      <word confidence="0.847" wordID="te" beginTime="108.210" endTime="108.350"/>
    </wordsequence>
  </speech>
  <speech label="SPK15-030" begintime="108.49" endtime="111.34" >
    <wordsequence>
      <word confidence="0.724" wordID="SIL" beginTime="108.490" endTime="109.040"/>
      <word confidence="0.752" wordID="ja" beginTime="109.040" endTime="111.160"/>
      <word confidence="0.850" wordID="SIL" beginTime="111.160" endTime="111.180"/>
      <word confidence="0.761" wordID="het" beginTime="111.180" endTime="111.310"/>
      <word confidence="0.795" wordID="SIL" beginTime="111.310" endTime="111.340"/>
    </wordsequence>
  </speech>
  <speech label="SPK16-031" begintime="111.36" endtime="114.63" >
    <wordsequence>
      <word confidence="0.757" wordID="anderen" beginTime="111.360" endTime="111.770"/>
      <word confidence="0.746" wordID="willen" beginTime="111.770" endTime="112.600"/>
      <word confidence="0.698" wordID="SIL" beginTime="112.600" endTime="112.610"/>
      <word confidence="0.776" wordID="gewoon" beginTime="112.610" endTime="112.970"/>
      <word confidence="0.780" wordID="SIL" beginTime="112.970" endTime="113.310"/>
      <word confidence="0.745" wordID="een" beginTime="113.310" endTime="113.670"/>
      <word confidence="0.775" wordID="SIL" beginTime="113.670" endTime="114.630"/>
    </wordsequence>
  </speech>

  </segments>
</shout_metadata>
