<?xml version="1.0" encoding="UTF-8"?>
<!--
  ##################################################################################################
  ###                      This transcription is automatically generated by                      ###
  ###                              X-MI, Cross-Media interaction                                 ###
  ###                                    http://x-mi.nl                                          ###
  ##################################################################################################
-->
<shout_metadata>
  <model_info>
    <version>Standaard systeem 28-02-2012</version>
    <description>Academia</description>
  </model_info>
  <segments>
  <speech label="SPK02-001" begintime="0.09" endtime="3.19" >
    <wordsequence>
      <word confidence="0.750" wordID="SIL" beginTime="0.090" endTime="0.290"/>
      <word confidence="0.944" wordID="het" beginTime="0.290" endTime="0.510"/>
      <word confidence="0.742" wordID="SIL" beginTime="0.510" endTime="0.520"/>
      <word confidence="0.823" wordID="jarenlang" beginTime="0.520" endTime="1.490"/>
      <word confidence="0.749" wordID="SIL" beginTime="1.490" endTime="1.680"/>
      <word confidence="0.866" wordID="miljoenen" beginTime="1.680" endTime="2.210"/>
      <word confidence="0.746" wordID="SIL" beginTime="2.210" endTime="2.240"/>
      <word confidence="0.777" wordID="jaren" beginTime="2.240" endTime="3.190"/>
    </wordsequence>
  </speech>
  <speech label="SPK04-002" begintime="3.21" endtime="5.72" >
    <wordsequence>
      <word confidence="0.756" wordID="minder" beginTime="3.210" endTime="3.710"/>
      <word confidence="0.712" wordID="SIL" beginTime="3.710" endTime="3.730"/>
      <word confidence="0.747" wordID="dan" beginTime="3.730" endTime="4.080"/>
      <word confidence="0.788" wordID="SIL" beginTime="4.080" endTime="4.270"/>
      <word confidence="0.750" wordID="een" beginTime="4.270" endTime="4.430"/>
      <word confidence="0.801" wordID="SIL" beginTime="4.430" endTime="4.440"/>
      <word confidence="0.745" wordID="jaar" beginTime="4.440" endTime="5.110"/>
      <word confidence="0.801" wordID="SIL" beginTime="5.110" endTime="5.720"/>
    </wordsequence>
  </speech>
  <speech label="SPK06-003" begintime="5.74" endtime="6.48" >
    <wordsequence>
      <word confidence="0.848" wordID="waren" beginTime="5.740" endTime="6.070"/>
      <word confidence="1.000" wordID="bang" beginTime="6.070" endTime="6.480"/>
    </wordsequence>
  </speech>
  <speech label="SPK06-004" begintime="6.50" endtime="11.04" >
    <wordsequence>
      <word confidence="0.750" wordID="SIL" beginTime="6.500" endTime="6.620"/>
      <word confidence="1.000" wordID="nou" beginTime="6.620" endTime="6.770"/>
      <word confidence="0.952" wordID="da&apos;s" beginTime="6.770" endTime="6.930"/>
      <word confidence="1.000" wordID="genoemd" beginTime="6.930" endTime="7.310"/>
      <word confidence="1.000" wordID="het" beginTime="7.310" endTime="7.440"/>
      <word confidence="1.000" wordID="indisch" beginTime="7.440" endTime="7.790"/>
      <word confidence="0.737" wordID="SIL" beginTime="7.790" endTime="7.800"/>
      <word confidence="1.000" wordID="ben" beginTime="7.800" endTime="7.920"/>
      <word confidence="0.985" wordID="ik" beginTime="7.920" endTime="8.080"/>
      <word confidence="0.737" wordID="SIL" beginTime="8.080" endTime="8.090"/>
      <word confidence="1.000" wordID="vier" beginTime="8.090" endTime="8.380"/>
      <word confidence="0.749" wordID="SIL" beginTime="8.380" endTime="8.700"/>
      <word confidence="0.984" wordID="gelegen" beginTime="8.700" endTime="9.120"/>
      <word confidence="1.000" wordID="aan" beginTime="9.120" endTime="9.220"/>
      <word confidence="1.000" wordID="de" beginTime="9.220" endTime="9.280"/>
      <word confidence="0.943" wordID="bijbel" beginTime="9.280" endTime="9.590"/>
      <word confidence="1.000" wordID="van" beginTime="9.590" endTime="9.750"/>
      <word confidence="1.000" wordID="de" beginTime="9.750" endTime="9.810"/>
      <word confidence="1.000" wordID="moest" beginTime="9.810" endTime="10.070"/>
      <word confidence="1.000" wordID="ie" beginTime="10.070" endTime="10.170"/>
      <word confidence="0.970" wordID="op" beginTime="10.170" endTime="10.320"/>
      <word confidence="1.000" wordID="sumatra" beginTime="10.320" endTime="10.900"/>
      <word confidence="0.749" wordID="SIL" beginTime="10.900" endTime="11.040"/>
    </wordsequence>
  </speech>
  <speech label="SPK06-005" begintime="11.06" endtime="13.87" >
    <wordsequence>
      <word confidence="0.750" wordID="SIL" beginTime="11.060" endTime="11.220"/>
      <word confidence="1.000" wordID="dit" beginTime="11.220" endTime="11.370"/>
      <word confidence="1.000" wordID="ondanks" beginTime="11.370" endTime="11.700"/>
      <word confidence="1.000" wordID="het" beginTime="11.700" endTime="11.790"/>
      <word confidence="0.988" wordID="toneel" beginTime="11.790" endTime="12.120"/>
      <word confidence="1.000" wordID="geweest" beginTime="12.120" endTime="12.430"/>
      <word confidence="1.000" wordID="van" beginTime="12.430" endTime="12.610"/>
      <word confidence="1.000" wordID="zware" beginTime="12.610" endTime="12.910"/>
      <word confidence="0.959" wordID="gevechten" beginTime="12.910" endTime="13.550"/>
      <word confidence="0.748" wordID="SIL" beginTime="13.550" endTime="13.740"/>
      <word confidence="0.985" wordID="maar" beginTime="13.740" endTime="13.870"/>
    </wordsequence>
  </speech>
  <speech label="SPK05-006" begintime="13.89" endtime="17.47" >
    <wordsequence>
      <word confidence="0.712" wordID="SIL" beginTime="13.890" endTime="13.960"/>
      <word confidence="0.919" wordID="vooral" beginTime="13.960" endTime="14.270"/>
      <word confidence="1.000" wordID="de" beginTime="14.270" endTime="14.350"/>
      <word confidence="0.955" wordID="pas" beginTime="14.350" endTime="14.620"/>
      <word confidence="0.745" wordID="SIL" beginTime="14.620" endTime="14.630"/>
      <word confidence="0.940" wordID="uit" beginTime="14.630" endTime="14.740"/>
      <word confidence="0.968" wordID="het" beginTime="14.740" endTime="14.820"/>
      <word confidence="0.993" wordID="moest" beginTime="14.820" endTime="15.020"/>
      <word confidence="0.974" wordID="ontgelden" beginTime="15.020" endTime="15.520"/>
      <word confidence="0.750" wordID="SIL" beginTime="15.520" endTime="16.150"/>
      <word confidence="0.918" wordID="toen" beginTime="16.150" endTime="16.270"/>
      <word confidence="0.931" wordID="dus" beginTime="16.270" endTime="16.410"/>
      <word confidence="0.742" wordID="SIL" beginTime="16.410" endTime="16.420"/>
      <word confidence="0.867" wordID="wel" beginTime="16.420" endTime="16.680"/>
      <word confidence="0.737" wordID="SIL" beginTime="16.680" endTime="16.690"/>
      <word confidence="0.945" wordID="bedoeld" beginTime="16.690" endTime="17.040"/>
      <word confidence="0.973" wordID="was" beginTime="17.040" endTime="17.350"/>
      <word confidence="0.748" wordID="SIL" beginTime="17.350" endTime="17.470"/>
    </wordsequence>
  </speech>
  <speech label="SPK06-007" begintime="17.49" endtime="21.22" >
    <wordsequence>
      <word confidence="0.990" wordID="eerder" beginTime="17.490" endTime="17.720"/>
      <word confidence="0.877" wordID="dat" beginTime="17.720" endTime="17.820"/>
      <word confidence="0.970" wordID="de" beginTime="17.820" endTime="17.890"/>
      <word confidence="1.000" wordID="burgerbevolking" beginTime="17.890" endTime="18.690"/>
      <word confidence="0.964" wordID="terug" beginTime="18.690" endTime="19.080"/>
      <word confidence="0.789" wordID="SIL" beginTime="19.080" endTime="19.360"/>
      <word confidence="1.000" wordID="en" beginTime="19.360" endTime="19.480"/>
      <word confidence="0.917" wordID="er" beginTime="19.480" endTime="19.580"/>
      <word confidence="1.000" wordID="direct" beginTime="19.580" endTime="19.880"/>
      <word confidence="1.000" wordID="begonnen" beginTime="19.880" endTime="20.220"/>
      <word confidence="1.000" wordID="met" beginTime="20.220" endTime="20.340"/>
      <word confidence="1.000" wordID="het" beginTime="20.340" endTime="20.440"/>
      <word confidence="1.000" wordID="opruimingswerk" beginTime="20.440" endTime="21.220"/>
    </wordsequence>
  </speech>
  <speech label="SPK03-008" begintime="21.24" endtime="24.43" >
    <wordsequence>
      <word confidence="0.742" wordID="SIL" beginTime="21.240" endTime="21.600"/>
      <word confidence="0.763" wordID="ja" beginTime="21.600" endTime="22.560"/>
      <word confidence="0.838" wordID="SIL" beginTime="22.560" endTime="22.590"/>
      <word confidence="0.747" wordID="ja" beginTime="22.590" endTime="23.730"/>
      <word confidence="0.805" wordID="SIL" beginTime="23.730" endTime="24.430"/>
    </wordsequence>
  </speech>
  <speech label="SPK06-009" begintime="24.45" endtime="27.06" >
    <wordsequence>
      <word confidence="0.864" wordID="ook" beginTime="24.450" endTime="24.590"/>
      <word confidence="0.968" wordID="komt" beginTime="24.590" endTime="24.780"/>
      <word confidence="1.000" wordID="er" beginTime="24.780" endTime="24.860"/>
      <word confidence="1.000" wordID="soldaten" beginTime="24.860" endTime="25.360"/>
      <word confidence="1.000" wordID="helpen" beginTime="25.360" endTime="25.660"/>
      <word confidence="1.000" wordID="met" beginTime="25.660" endTime="25.800"/>
      <word confidence="1.000" wordID="het" beginTime="25.800" endTime="25.890"/>
      <word confidence="1.000" wordID="ruimen" beginTime="25.890" endTime="26.170"/>
      <word confidence="1.000" wordID="van" beginTime="26.170" endTime="26.350"/>
      <word confidence="1.000" wordID="puin" beginTime="26.350" endTime="26.920"/>
      <word confidence="0.748" wordID="SIL" beginTime="26.920" endTime="27.060"/>
    </wordsequence>
  </speech>
  <speech label="SPK06-010" begintime="28.85" endtime="34.58" >
    <wordsequence>
      <word confidence="0.750" wordID="SIL" beginTime="28.850" endTime="29.140"/>
      <word confidence="1.000" wordID="ben" beginTime="29.140" endTime="29.480"/>
      <word confidence="1.000" wordID="ik" beginTime="29.480" endTime="29.560"/>
      <word confidence="0.993" wordID="kan" beginTime="29.560" endTime="29.690"/>
      <word confidence="0.955" wordID="zelfs" beginTime="29.690" endTime="30.070"/>
      <word confidence="1.000" wordID="worden" beginTime="30.070" endTime="30.260"/>
      <word confidence="1.000" wordID="de" beginTime="30.260" endTime="30.340"/>
      <word confidence="1.000" wordID="overgebleven" beginTime="30.340" endTime="30.940"/>
      <word confidence="0.999" wordID="voor" beginTime="30.940" endTime="31.100"/>
      <word confidence="0.745" wordID="SIL" beginTime="31.100" endTime="31.120"/>
      <word confidence="1.000" wordID="zo" beginTime="31.120" endTime="31.390"/>
      <word confidence="0.748" wordID="SIL" beginTime="31.390" endTime="31.580"/>
      <word confidence="1.000" wordID="onder" beginTime="31.580" endTime="31.810"/>
      <word confidence="1.000" wordID="de" beginTime="31.810" endTime="31.910"/>
      <word confidence="1.000" wordID="tweede" beginTime="31.910" endTime="32.170"/>
      <word confidence="1.000" wordID="india" beginTime="32.170" endTime="32.460"/>
      <word confidence="1.000" wordID="zich" beginTime="32.460" endTime="32.650"/>
      <word confidence="1.000" wordID="iedere" beginTime="32.650" endTime="32.940"/>
      <word confidence="1.000" wordID="dag" beginTime="32.940" endTime="33.120"/>
      <word confidence="1.000" wordID="weer" beginTime="33.120" endTime="33.290"/>
      <word confidence="1.000" wordID="verdringen" beginTime="33.290" endTime="33.820"/>
      <word confidence="0.739" wordID="SIL" beginTime="33.820" endTime="33.830"/>
      <word confidence="1.000" wordID="verdeeld" beginTime="33.830" endTime="34.310"/>
      <word confidence="0.749" wordID="SIL" beginTime="34.310" endTime="34.580"/>
    </wordsequence>
  </speech>
  <speech label="SPK13-011" begintime="34.61" endtime="38.88" >
    <wordsequence>
      <word confidence="0.763" wordID="is" beginTime="34.610" endTime="35.110"/>
      <word confidence="0.745" wordID="SIL" beginTime="35.110" endTime="35.320"/>
      <word confidence="0.819" wordID="een" beginTime="35.320" endTime="35.630"/>
      <word confidence="0.806" wordID="SIL" beginTime="35.630" endTime="35.760"/>
      <word confidence="0.773" wordID="horen" beginTime="35.760" endTime="36.390"/>
      <word confidence="0.853" wordID="SIL" beginTime="36.390" endTime="36.410"/>
      <word confidence="0.772" wordID="ja" beginTime="36.410" endTime="36.830"/>
      <word confidence="0.804" wordID="SIL" beginTime="36.830" endTime="37.230"/>
      <word confidence="0.765" wordID="ja" beginTime="37.230" endTime="37.830"/>
      <word confidence="0.732" wordID="SIL" beginTime="37.830" endTime="37.850"/>
      <word confidence="0.745" wordID="ja" beginTime="37.850" endTime="38.660"/>
      <word confidence="0.815" wordID="SIL" beginTime="38.660" endTime="38.690"/>
      <word confidence="0.784" wordID="de" beginTime="38.690" endTime="38.860"/>
      <word confidence="0.709" wordID="SIL" beginTime="38.860" endTime="38.880"/>
    </wordsequence>
  </speech>
  <speech label="SPK14-012" begintime="38.90" endtime="42.31" >
    <wordsequence>
      <word confidence="0.723" wordID="SIL" beginTime="38.900" endTime="38.970"/>
      <word confidence="0.775" wordID="er" beginTime="38.970" endTime="39.470"/>
      <word confidence="0.659" wordID="SIL" beginTime="39.470" endTime="39.480"/>
      <word confidence="0.869" wordID="had" beginTime="39.480" endTime="39.620"/>
      <word confidence="0.749" wordID="SIL" beginTime="39.620" endTime="40.370"/>
      <word confidence="0.769" wordID="moeten" beginTime="40.370" endTime="40.940"/>
      <word confidence="0.756" wordID="SIL" beginTime="40.940" endTime="41.050"/>
      <word confidence="0.782" wordID="worden" beginTime="41.050" endTime="41.830"/>
      <word confidence="0.798" wordID="SIL" beginTime="41.830" endTime="42.310"/>
    </wordsequence>
  </speech>

  </segments>
</shout_metadata>
