<?xml version="1.0" encoding="UTF-8"?>
<!--
  ##################################################################################################
  ###                      This transcription is automatically generated by                      ###
  ###                              X-MI, Cross-Media interaction                                 ###
  ###                                    http://x-mi.nl                                          ###
  ##################################################################################################
-->
<shout_metadata>
  <model_info>
    <version>Standaard systeem 28-02-2012</version>
    <description>Academia</description>
  </model_info>
  <segments>
  <speech label="SPK01-001" begintime="1.34" endtime="4.43" >
    <wordsequence>
      <word confidence="0.907" wordID="mmm" beginTime="1.340" endTime="1.830"/>
      <word confidence="0.750" wordID="SIL" beginTime="1.830" endTime="2.410"/>
      <word confidence="0.786" wordID="er" beginTime="2.410" endTime="3.840"/>
      <word confidence="0.749" wordID="SIL" beginTime="3.840" endTime="4.060"/>
      <word confidence="0.865" wordID="helemaal" beginTime="4.060" endTime="4.430"/>
    </wordsequence>
  </speech>
  <speech label="SPK02-002" begintime="4.45" endtime="6.76" >
    <wordsequence>
      <word confidence="0.816" wordID="hoe" beginTime="4.450" endTime="4.640"/>
      <word confidence="0.939" wordID="SIL" beginTime="4.640" endTime="4.650"/>
      <word confidence="0.792" wordID="hoe" beginTime="4.650" endTime="4.940"/>
      <word confidence="0.639" wordID="SIL" beginTime="4.940" endTime="4.950"/>
      <word confidence="0.801" wordID="gaan" beginTime="4.950" endTime="5.190"/>
      <word confidence="0.969" wordID="SIL" beginTime="5.190" endTime="5.200"/>
      <word confidence="0.771" wordID="we" beginTime="5.200" endTime="5.500"/>
      <word confidence="0.853" wordID="SIL" beginTime="5.500" endTime="5.510"/>
      <word confidence="0.847" wordID="dan" beginTime="5.510" endTime="5.790"/>
      <word confidence="0.549" wordID="SIL" beginTime="5.790" endTime="5.800"/>
      <word confidence="0.746" wordID="een" beginTime="5.800" endTime="6.040"/>
      <word confidence="0.762" wordID="SIL" beginTime="6.040" endTime="6.050"/>
      <word confidence="0.965" wordID="diner" beginTime="6.050" endTime="6.650"/>
      <word confidence="0.751" wordID="SIL" beginTime="6.650" endTime="6.760"/>
    </wordsequence>
  </speech>
  <speech label="SPK04-003" begintime="6.78" endtime="9.87" >
    <wordsequence>
      <word confidence="0.944" wordID="in" beginTime="6.780" endTime="6.980"/>
      <word confidence="0.965" wordID="de" beginTime="6.980" endTime="7.040"/>
      <word confidence="0.899" wordID="omgeving" beginTime="7.040" endTime="7.550"/>
      <word confidence="0.998" wordID="van" beginTime="7.550" endTime="7.670"/>
      <word confidence="1.000" wordID="de" beginTime="7.670" endTime="7.750"/>
      <word confidence="0.963" wordID="pontiac" beginTime="7.750" endTime="8.330"/>
      <word confidence="0.748" wordID="SIL" beginTime="8.330" endTime="8.430"/>
      <word confidence="0.896" wordID="tussenpersoon" beginTime="8.430" endTime="9.020"/>
      <word confidence="0.926" wordID="zorg" beginTime="9.020" endTime="9.270"/>
      <word confidence="1.000" wordID="aan" beginTime="9.270" endTime="9.360"/>
      <word confidence="1.000" wordID="banden" beginTime="9.360" endTime="9.800"/>
      <word confidence="0.970" wordID="te" beginTime="9.800" endTime="9.870"/>
    </wordsequence>
  </speech>
  <speech label="SPK04-004" begintime="9.90" endtime="15.24" >
    <wordsequence>
      <word confidence="0.750" wordID="SIL" beginTime="9.900" endTime="10.010"/>
      <word confidence="0.962" wordID="liggen" beginTime="10.010" endTime="10.300"/>
      <word confidence="1.000" wordID="de" beginTime="10.300" endTime="10.380"/>
      <word confidence="0.984" wordID="tegen" beginTime="10.380" endTime="10.670"/>
      <word confidence="0.740" wordID="SIL" beginTime="10.670" endTime="10.680"/>
      <word confidence="0.903" wordID="de" beginTime="10.680" endTime="10.760"/>
      <word confidence="0.919" wordID="japanse" beginTime="10.760" endTime="11.180"/>
      <word confidence="0.921" wordID="met" beginTime="11.180" endTime="11.330"/>
      <word confidence="0.854" wordID="het" beginTime="11.330" endTime="11.480"/>
      <word confidence="0.973" wordID="inzoomen" beginTime="11.480" endTime="11.850"/>
      <word confidence="0.988" wordID="waardoor" beginTime="11.850" endTime="12.250"/>
      <word confidence="0.938" wordID="SIL" beginTime="12.250" endTime="12.280"/>
      <word confidence="0.939" wordID="het" beginTime="12.280" endTime="12.390"/>
      <word confidence="0.946" wordID="SIL" beginTime="12.390" endTime="12.430"/>
      <word confidence="0.898" wordID="wk" beginTime="12.430" endTime="12.790"/>
      <word confidence="0.756" wordID="SIL" beginTime="12.790" endTime="15.240"/>
    </wordsequence>
  </speech>
  <speech label="SPK04-005" begintime="15.26" endtime="22.01" >
    <wordsequence>
      <word confidence="0.750" wordID="SIL" beginTime="15.260" endTime="15.550"/>
      <word confidence="0.953" wordID="de" beginTime="15.550" endTime="15.680"/>
      <word confidence="0.922" wordID="eerste" beginTime="15.680" endTime="16.040"/>
      <word confidence="0.742" wordID="SIL" beginTime="16.040" endTime="16.050"/>
      <word confidence="0.892" wordID="stap" beginTime="16.050" endTime="16.350"/>
      <word confidence="0.749" wordID="SIL" beginTime="16.350" endTime="16.430"/>
      <word confidence="0.975" wordID="tot" beginTime="16.430" endTime="16.570"/>
      <word confidence="1.000" wordID="het" beginTime="16.570" endTime="16.660"/>
      <word confidence="1.000" wordID="weer" beginTime="16.660" endTime="16.800"/>
      <word confidence="0.748" wordID="SIL" beginTime="16.800" endTime="16.840"/>
      <word confidence="1.000" wordID="politiek" beginTime="16.840" endTime="17.260"/>
      <word confidence="0.738" wordID="SIL" beginTime="17.260" endTime="17.270"/>
      <word confidence="0.974" wordID="maakten" beginTime="17.270" endTime="17.700"/>
      <word confidence="0.746" wordID="SIL" beginTime="17.700" endTime="17.750"/>
      <word confidence="1.000" wordID="alle" beginTime="17.750" endTime="17.980"/>
      <word confidence="1.000" wordID="ondernemingen" beginTime="17.980" endTime="18.580"/>
      <word confidence="0.739" wordID="SIL" beginTime="18.580" endTime="18.590"/>
      <word confidence="0.937" wordID="die" beginTime="18.590" endTime="18.720"/>
      <word confidence="0.739" wordID="SIL" beginTime="18.720" endTime="18.730"/>
      <word confidence="0.920" wordID="in" beginTime="18.730" endTime="18.850"/>
      <word confidence="0.749" wordID="SIL" beginTime="18.850" endTime="19.000"/>
      <word confidence="0.942" wordID="hun" beginTime="19.000" endTime="19.230"/>
      <word confidence="0.749" wordID="SIL" beginTime="19.230" endTime="19.550"/>
      <word confidence="1.000" wordID="rivalen" beginTime="19.550" endTime="19.930"/>
      <word confidence="0.745" wordID="SIL" beginTime="19.930" endTime="19.970"/>
      <word confidence="0.994" wordID="ik" beginTime="19.970" endTime="20.170"/>
      <word confidence="0.743" wordID="SIL" beginTime="20.170" endTime="20.200"/>
      <word confidence="1.000" wordID="woon" beginTime="20.200" endTime="20.480"/>
      <word confidence="0.747" wordID="SIL" beginTime="20.480" endTime="20.540"/>
      <word confidence="1.000" wordID="wereld" beginTime="20.540" endTime="20.860"/>
      <word confidence="0.741" wordID="SIL" beginTime="20.860" endTime="20.870"/>
      <word confidence="0.961" wordID="is" beginTime="20.870" endTime="21.120"/>
      <word confidence="0.748" wordID="SIL" beginTime="21.120" endTime="21.160"/>
      <word confidence="0.928" wordID="waar" beginTime="21.160" endTime="21.340"/>
      <word confidence="0.738" wordID="SIL" beginTime="21.340" endTime="21.350"/>
      <word confidence="0.927" wordID="maar" beginTime="21.350" endTime="21.630"/>
      <word confidence="0.750" wordID="SIL" beginTime="21.630" endTime="22.010"/>
    </wordsequence>
  </speech>
  <speech label="SPK08-006" begintime="22.35" endtime="24.43" >
    <wordsequence>
      <word confidence="0.750" wordID="SIL" beginTime="22.350" endTime="23.340"/>
      <word confidence="0.819" wordID="al" beginTime="23.340" endTime="23.910"/>
      <word confidence="0.737" wordID="SIL" beginTime="23.910" endTime="23.920"/>
      <word confidence="0.791" wordID="die" beginTime="23.920" endTime="24.430"/>
    </wordsequence>
  </speech>
  <speech label="SPK08-007" begintime="24.45" endtime="29.02" >
    <wordsequence>
      <word confidence="0.872" wordID="om" beginTime="24.450" endTime="24.790"/>
      <word confidence="0.749" wordID="SIL" beginTime="24.790" endTime="25.080"/>
      <word confidence="0.825" wordID="een" beginTime="25.080" endTime="25.300"/>
      <word confidence="0.745" wordID="SIL" beginTime="25.300" endTime="25.330"/>
      <word confidence="0.849" wordID="heel" beginTime="25.330" endTime="25.940"/>
      <word confidence="0.749" wordID="SIL" beginTime="25.940" endTime="26.110"/>
      <word confidence="0.790" wordID="erg" beginTime="26.110" endTime="26.670"/>
      <word confidence="0.748" wordID="SIL" beginTime="26.670" endTime="26.730"/>
      <word confidence="0.834" wordID="maar" beginTime="26.730" endTime="26.960"/>
      <word confidence="0.747" wordID="SIL" beginTime="26.960" endTime="27.040"/>
      <word confidence="0.831" wordID="er" beginTime="27.040" endTime="27.550"/>
      <word confidence="0.746" wordID="SIL" beginTime="27.550" endTime="27.580"/>
      <word confidence="0.849" wordID="is" beginTime="27.580" endTime="27.740"/>
      <word confidence="0.749" wordID="SIL" beginTime="27.740" endTime="27.870"/>
      <word confidence="0.813" wordID="een" beginTime="27.870" endTime="28.110"/>
      <word confidence="0.750" wordID="SIL" beginTime="28.110" endTime="29.020"/>
    </wordsequence>
  </speech>
  <speech label="SPK04-008" begintime="29.04" endtime="32.29" >
    <wordsequence>
      <word confidence="0.794" wordID="is" beginTime="29.040" endTime="29.240"/>
      <word confidence="0.982" wordID="daar" beginTime="29.240" endTime="29.440"/>
      <word confidence="0.990" wordID="SIL" beginTime="29.440" endTime="29.450"/>
      <word confidence="0.853" wordID="geen" beginTime="29.450" endTime="29.660"/>
      <word confidence="1.000" wordID="maanden" beginTime="29.660" endTime="30.020"/>
      <word confidence="0.938" wordID="lopen" beginTime="30.020" endTime="30.330"/>
      <word confidence="1.000" wordID="de" beginTime="30.330" endTime="30.400"/>
      <word confidence="0.945" wordID="eersten" beginTime="30.400" endTime="30.760"/>
      <word confidence="1.000" wordID="die" beginTime="30.760" endTime="30.870"/>
      <word confidence="0.919" wordID="de" beginTime="30.870" endTime="30.970"/>
      <word confidence="0.895" wordID="notre" beginTime="30.970" endTime="31.250"/>
      <word confidence="0.985" wordID="dame" beginTime="31.250" endTime="31.500"/>
      <word confidence="0.879" wordID="SIL" beginTime="31.500" endTime="31.990"/>
      <word confidence="0.979" wordID="de" beginTime="31.990" endTime="32.100"/>
      <word confidence="0.746" wordID="SIL" beginTime="32.100" endTime="32.140"/>
      <word confidence="0.853" wordID="de" beginTime="32.140" endTime="32.290"/>
    </wordsequence>
  </speech>
  <speech label="SPK03-009" begintime="32.31" endtime="34.89" >
    <wordsequence>
      <word confidence="0.750" wordID="SIL" beginTime="32.310" endTime="32.420"/>
      <word confidence="0.866" wordID="op" beginTime="32.420" endTime="32.690"/>
      <word confidence="0.748" wordID="SIL" beginTime="32.690" endTime="32.780"/>
      <word confidence="0.865" wordID="een" beginTime="32.780" endTime="32.890"/>
      <word confidence="0.804" wordID="kroeg" beginTime="32.890" endTime="33.470"/>
      <word confidence="0.731" wordID="SIL" beginTime="33.470" endTime="33.480"/>
      <word confidence="0.926" wordID="die" beginTime="33.480" endTime="33.600"/>
      <word confidence="0.854" wordID="kun" beginTime="33.600" endTime="33.840"/>
      <word confidence="0.749" wordID="SIL" beginTime="33.840" endTime="34.000"/>
      <word confidence="0.849" wordID="je" beginTime="34.000" endTime="34.240"/>
      <word confidence="0.749" wordID="SIL" beginTime="34.240" endTime="34.310"/>
      <word confidence="0.832" wordID="er" beginTime="34.310" endTime="34.600"/>
      <word confidence="0.741" wordID="SIL" beginTime="34.600" endTime="34.610"/>
      <word confidence="0.930" wordID="niet" beginTime="34.610" endTime="34.770"/>
      <word confidence="0.825" wordID="in" beginTime="34.770" endTime="34.890"/>
    </wordsequence>
  </speech>
  <speech label="SPK04-010" begintime="34.91" endtime="38.32" >
    <wordsequence>
      <word confidence="0.718" wordID="SIL" beginTime="34.910" endTime="34.960"/>
      <word confidence="1.000" wordID="jong" beginTime="34.960" endTime="35.170"/>
      <word confidence="0.956" wordID="blad" beginTime="35.170" endTime="35.390"/>
      <word confidence="0.989" wordID="is" beginTime="35.390" endTime="35.510"/>
      <word confidence="0.943" wordID="gevormd" beginTime="35.510" endTime="35.930"/>
      <word confidence="0.779" wordID="SIL" beginTime="35.930" endTime="36.210"/>
      <word confidence="0.967" wordID="en" beginTime="36.210" endTime="36.350"/>
      <word confidence="1.000" wordID="al" beginTime="36.350" endTime="36.480"/>
      <word confidence="0.958" wordID="volgende" beginTime="36.480" endTime="36.830"/>
      <word confidence="0.983" wordID="waren" beginTime="36.830" endTime="37.260"/>
      <word confidence="0.740" wordID="SIL" beginTime="37.260" endTime="37.270"/>
      <word confidence="0.953" wordID="komende" beginTime="37.270" endTime="37.610"/>
      <word confidence="0.738" wordID="SIL" beginTime="37.610" endTime="37.620"/>
      <word confidence="0.939" wordID="dertig" beginTime="37.620" endTime="38.010"/>
      <word confidence="0.903" wordID="rotterdam" beginTime="38.010" endTime="38.320"/>
    </wordsequence>
  </speech>
  <speech label="SPK14-011" begintime="38.34" endtime="40.80" >
    <wordsequence>
      <word confidence="0.777" wordID="die" beginTime="38.340" endTime="38.470"/>
      <word confidence="0.642" wordID="SIL" beginTime="38.470" endTime="38.480"/>
      <word confidence="0.855" wordID="jappen" beginTime="38.480" endTime="39.130"/>
      <word confidence="0.840" wordID="SIL" beginTime="39.130" endTime="39.450"/>
      <word confidence="0.805" wordID="haar" beginTime="39.450" endTime="39.830"/>
      <word confidence="0.803" wordID="uh" beginTime="39.830" endTime="40.270"/>
      <word confidence="0.799" wordID="ja" beginTime="40.270" endTime="40.800"/>
    </wordsequence>
  </speech>
  <speech label="SPK15-012" begintime="40.82" endtime="43.61" >
    <wordsequence>
      <word confidence="0.727" wordID="SIL" beginTime="40.820" endTime="40.860"/>
      <word confidence="0.757" wordID="over" beginTime="40.860" endTime="41.240"/>
      <word confidence="0.786" wordID="SIL" beginTime="41.240" endTime="41.280"/>
      <word confidence="0.748" wordID="het" beginTime="41.280" endTime="41.380"/>
      <word confidence="0.786" wordID="SIL" beginTime="41.380" endTime="41.560"/>
      <word confidence="0.746" wordID="leven" beginTime="41.560" endTime="42.060"/>
      <word confidence="0.714" wordID="SIL" beginTime="42.060" endTime="42.130"/>
      <word confidence="0.762" wordID="van" beginTime="42.130" endTime="42.860"/>
      <word confidence="0.731" wordID="SIL" beginTime="42.860" endTime="42.870"/>
      <word confidence="0.915" wordID="hout" beginTime="42.870" endTime="43.240"/>
      <word confidence="0.781" wordID="SIL" beginTime="43.240" endTime="43.610"/>
    </wordsequence>
  </speech>
  <speech label="SPK16-013" begintime="43.63" endtime="48.53" >
    <wordsequence>
      <word confidence="0.741" wordID="SIL" beginTime="43.630" endTime="43.790"/>
      <word confidence="0.792" wordID="die" beginTime="43.790" endTime="43.940"/>
      <word confidence="1.000" wordID="SIL" beginTime="43.940" endTime="43.960"/>
      <word confidence="0.781" wordID="zullen" beginTime="43.960" endTime="44.520"/>
      <word confidence="0.763" wordID="handelen" beginTime="44.520" endTime="45.350"/>
      <word confidence="0.754" wordID="SIL" beginTime="45.350" endTime="45.390"/>
      <word confidence="0.838" wordID="en" beginTime="45.390" endTime="45.690"/>
      <word confidence="0.781" wordID="SIL" beginTime="45.690" endTime="45.920"/>
      <word confidence="0.847" wordID="dan" beginTime="45.920" endTime="46.230"/>
      <word confidence="0.824" wordID="SIL" beginTime="46.230" endTime="46.240"/>
      <word confidence="0.751" wordID="hebben" beginTime="46.240" endTime="46.830"/>
      <word confidence="0.774" wordID="we" beginTime="46.830" endTime="47.030"/>
      <word confidence="0.760" wordID="naar" beginTime="47.030" endTime="47.510"/>
      <word confidence="0.746" wordID="een" beginTime="47.510" endTime="48.020"/>
      <word confidence="0.700" wordID="SIL" beginTime="48.020" endTime="48.050"/>
      <word confidence="0.783" wordID="andere" beginTime="48.050" endTime="48.530"/>
    </wordsequence>
  </speech>
  <speech label="SPK02-014" begintime="48.55" endtime="51.89" >
    <wordsequence>
      <word confidence="0.740" wordID="SIL" beginTime="48.550" endTime="48.960"/>
      <word confidence="0.804" wordID="jongen" beginTime="48.960" endTime="49.610"/>
      <word confidence="0.712" wordID="SIL" beginTime="49.610" endTime="49.620"/>
      <word confidence="0.831" wordID="ja" beginTime="49.620" endTime="50.350"/>
      <word confidence="0.794" wordID="SIL" beginTime="50.350" endTime="50.520"/>
      <word confidence="0.838" wordID="ik" beginTime="50.520" endTime="50.810"/>
      <word confidence="0.789" wordID="SIL" beginTime="50.810" endTime="51.270"/>
      <word confidence="0.780" wordID="ik" beginTime="51.270" endTime="51.890"/>
    </wordsequence>
  </speech>
  <speech label="SPK03-015" begintime="51.91" endtime="55.07" >
    <wordsequence>
      <word confidence="0.839" wordID="dan" beginTime="51.910" endTime="52.140"/>
      <word confidence="0.881" wordID="doet" beginTime="52.140" endTime="52.260"/>
      <word confidence="1.000" wordID="SIL" beginTime="52.260" endTime="52.290"/>
      <word confidence="0.789" wordID="de" beginTime="52.290" endTime="52.470"/>
      <word confidence="0.847" wordID="SIL" beginTime="52.470" endTime="52.750"/>
      <word confidence="0.828" wordID="waardoor" beginTime="52.750" endTime="53.130"/>
      <word confidence="0.775" wordID="SIL" beginTime="53.130" endTime="53.290"/>
      <word confidence="0.866" wordID="lunneker" beginTime="53.290" endTime="53.700"/>
      <word confidence="0.861" wordID="die" beginTime="53.700" endTime="53.880"/>
      <word confidence="0.951" wordID="SIL" beginTime="53.880" endTime="54.270"/>
      <word confidence="0.953" wordID="hier" beginTime="54.270" endTime="54.480"/>
      <word confidence="0.740" wordID="SIL" beginTime="54.480" endTime="54.490"/>
      <word confidence="0.863" wordID="word" beginTime="54.490" endTime="54.670"/>
      <word confidence="0.895" wordID="je" beginTime="54.670" endTime="54.780"/>
      <word confidence="0.767" wordID="SIL" beginTime="54.780" endTime="54.790"/>
      <word confidence="0.832" wordID="wil" beginTime="54.790" endTime="55.070"/>
    </wordsequence>
  </speech>
  <speech label="SPK04-016" begintime="55.09" endtime="60.09" >
    <wordsequence>
      <word confidence="0.650" wordID="SIL" beginTime="55.090" endTime="55.120"/>
      <word confidence="0.934" wordID="we" beginTime="55.120" endTime="55.240"/>
      <word confidence="0.854" wordID="SIL" beginTime="55.240" endTime="55.320"/>
      <word confidence="0.874" wordID="gaan" beginTime="55.320" endTime="55.500"/>
      <word confidence="1.000" wordID="naar" beginTime="55.500" endTime="55.630"/>
      <word confidence="0.964" wordID="verschillende" beginTime="55.630" endTime="56.030"/>
      <word confidence="1.000" wordID="bewerkingen" beginTime="56.030" endTime="56.620"/>
      <word confidence="1.000" wordID="SIL" beginTime="56.620" endTime="56.780"/>
      <word confidence="1.000" wordID="schreden" beginTime="56.780" endTime="57.250"/>
      <word confidence="0.883" wordID="zorgt" beginTime="57.250" endTime="57.520"/>
      <word confidence="1.000" wordID="hier" beginTime="57.520" endTime="57.700"/>
      <word confidence="1.000" wordID="machines" beginTime="57.700" endTime="58.180"/>
      <word confidence="1.000" wordID="en" beginTime="58.180" endTime="58.300"/>
      <word confidence="0.911" wordID="schudt" beginTime="58.300" endTime="58.650"/>
      <word confidence="0.742" wordID="SIL" beginTime="58.650" endTime="58.660"/>
      <word confidence="1.000" wordID="even" beginTime="58.660" endTime="59.120"/>
      <word confidence="0.741" wordID="SIL" beginTime="59.120" endTime="59.140"/>
      <word confidence="0.938" wordID="zo" beginTime="59.140" endTime="59.440"/>
      <word confidence="0.740" wordID="SIL" beginTime="59.440" endTime="59.450"/>
      <word confidence="0.942" wordID="dun" beginTime="59.450" endTime="59.650"/>
      <word confidence="1.000" wordID="en" beginTime="59.650" endTime="59.750"/>
      <word confidence="1.000" wordID="qua" beginTime="59.750" endTime="59.890"/>
      <word confidence="1.000" wordID="liet" beginTime="59.890" endTime="60.090"/>
    </wordsequence>
  </speech>
  <speech label="SPK16-017" begintime="60.11" endtime="62.99" >
    <wordsequence>
      <word confidence="0.750" wordID="SIL" beginTime="60.110" endTime="60.180"/>
      <word confidence="0.771" wordID="is" beginTime="60.180" endTime="60.660"/>
      <word confidence="0.750" wordID="SIL" beginTime="60.660" endTime="61.120"/>
      <word confidence="0.779" wordID="er" beginTime="61.120" endTime="61.350"/>
      <word confidence="0.750" wordID="SIL" beginTime="61.350" endTime="61.710"/>
      <word confidence="0.815" wordID="helemaal" beginTime="61.710" endTime="62.820"/>
      <word confidence="0.749" wordID="SIL" beginTime="62.820" endTime="62.990"/>
    </wordsequence>
  </speech>
  <speech label="SPK08-018" begintime="63.01" endtime="67.90" >
    <wordsequence>
      <word confidence="0.790" wordID="erg" beginTime="63.010" endTime="63.830"/>
      <word confidence="0.792" wordID="SIL" beginTime="63.830" endTime="64.170"/>
      <word confidence="1.000" wordID="ach" beginTime="64.170" endTime="64.450"/>
      <word confidence="0.745" wordID="SIL" beginTime="64.450" endTime="64.490"/>
      <word confidence="0.838" wordID="ja" beginTime="64.490" endTime="64.750"/>
      <word confidence="0.738" wordID="SIL" beginTime="64.750" endTime="64.760"/>
      <word confidence="0.844" wordID="we" beginTime="64.760" endTime="64.860"/>
      <word confidence="0.838" wordID="willen" beginTime="64.860" endTime="65.600"/>
      <word confidence="0.745" wordID="SIL" beginTime="65.600" endTime="65.630"/>
      <word confidence="0.818" wordID="een" beginTime="65.630" endTime="65.880"/>
      <word confidence="0.742" wordID="SIL" beginTime="65.880" endTime="65.890"/>
      <word confidence="0.830" wordID="aangenaam" beginTime="65.890" endTime="66.800"/>
      <word confidence="0.735" wordID="SIL" beginTime="66.800" endTime="66.810"/>
      <word confidence="0.921" wordID="uh" beginTime="66.810" endTime="67.900"/>
    </wordsequence>
  </speech>
  <speech label="SPK08-019" begintime="67.92" endtime="69.09" >
    <wordsequence>
      <word confidence="0.750" wordID="SIL" beginTime="67.920" endTime="68.190"/>
      <word confidence="0.780" wordID="ja" beginTime="68.190" endTime="68.810"/>
      <word confidence="0.722" wordID="SIL" beginTime="68.810" endTime="68.820"/>
      <word confidence="0.830" wordID="die" beginTime="68.820" endTime="69.080"/>
      <word confidence="0.797" wordID="SIL" beginTime="69.080" endTime="69.090"/>
    </wordsequence>
  </speech>
  <speech label="SPK10-020" begintime="69.11" endtime="71.90" >
    <wordsequence>
      <word confidence="0.781" wordID="ja" beginTime="69.110" endTime="69.810"/>
      <word confidence="0.736" wordID="SIL" beginTime="69.810" endTime="69.820"/>
      <word confidence="0.806" wordID="als" beginTime="69.820" endTime="69.970"/>
      <word confidence="0.714" wordID="SIL" beginTime="69.970" endTime="69.980"/>
      <word confidence="0.798" wordID="je" beginTime="69.980" endTime="70.130"/>
      <word confidence="0.957" wordID="SIL" beginTime="70.130" endTime="70.190"/>
      <word confidence="0.805" wordID="een" beginTime="70.190" endTime="70.510"/>
      <word confidence="0.785" wordID="SIL" beginTime="70.510" endTime="70.760"/>
      <word confidence="0.755" wordID="ja" beginTime="70.760" endTime="71.900"/>
    </wordsequence>
  </speech>
  <speech label="SPK11-021" begintime="71.92" endtime="74.40" >
    <wordsequence>
      <word confidence="0.704" wordID="SIL" beginTime="71.920" endTime="71.970"/>
      <word confidence="0.810" wordID="van" beginTime="71.970" endTime="72.180"/>
      <word confidence="0.668" wordID="SIL" beginTime="72.180" endTime="72.190"/>
      <word confidence="0.780" wordID="een" beginTime="72.190" endTime="72.630"/>
      <word confidence="0.770" wordID="SIL" beginTime="72.630" endTime="73.070"/>
      <word confidence="0.815" wordID="genoegen" beginTime="73.070" endTime="73.800"/>
      <word confidence="0.727" wordID="SIL" beginTime="73.800" endTime="73.810"/>
      <word confidence="0.747" wordID="nemen" beginTime="73.810" endTime="74.400"/>
    </wordsequence>
  </speech>
  <speech label="SPK12-022" begintime="74.42" endtime="78.29" >
    <wordsequence>
      <word confidence="0.751" wordID="ja" beginTime="74.420" endTime="77.880"/>
      <word confidence="0.779" wordID="SIL" beginTime="77.880" endTime="77.940"/>
      <word confidence="0.773" wordID="dat" beginTime="77.940" endTime="78.240"/>
      <word confidence="0.745" wordID="SIL" beginTime="78.240" endTime="78.290"/>
    </wordsequence>
  </speech>
  <speech label="SPK13-023" begintime="78.31" endtime="80.97" >
    <wordsequence>
      <word confidence="0.744" wordID="ja" beginTime="78.310" endTime="78.600"/>
      <word confidence="0.692" wordID="SIL" beginTime="78.600" endTime="78.620"/>
      <word confidence="0.782" wordID="er" beginTime="78.620" endTime="78.980"/>
      <word confidence="0.699" wordID="SIL" beginTime="78.980" endTime="79.010"/>
      <word confidence="0.759" wordID="werd" beginTime="79.010" endTime="79.150"/>
      <word confidence="0.778" wordID="SIL" beginTime="79.150" endTime="79.230"/>
      <word confidence="0.769" wordID="over" beginTime="79.230" endTime="79.500"/>
      <word confidence="0.720" wordID="SIL" beginTime="79.500" endTime="79.510"/>
      <word confidence="0.821" wordID="de" beginTime="79.510" endTime="79.730"/>
      <word confidence="0.762" wordID="SIL" beginTime="79.730" endTime="79.890"/>
      <word confidence="0.795" wordID="rug" beginTime="79.890" endTime="80.200"/>
      <word confidence="0.762" wordID="SIL" beginTime="80.200" endTime="80.220"/>
      <word confidence="0.880" wordID="van" beginTime="80.220" endTime="80.900"/>
      <word confidence="0.872" wordID="SIL" beginTime="80.900" endTime="80.970"/>
    </wordsequence>
  </speech>
  <speech label="SPK04-024" begintime="80.99" endtime="84.00" >
    <wordsequence>
      <word confidence="0.750" wordID="SIL" beginTime="80.990" endTime="81.140"/>
      <word confidence="1.000" wordID="en" beginTime="81.140" endTime="81.340"/>
      <word confidence="0.938" wordID="nu" beginTime="81.340" endTime="81.550"/>
      <word confidence="0.948" wordID="is" beginTime="81.550" endTime="81.640"/>
      <word confidence="1.000" wordID="het" beginTime="81.640" endTime="81.770"/>
      <word confidence="0.946" wordID="keurige" beginTime="81.770" endTime="82.150"/>
      <word confidence="0.994" wordID="blad" beginTime="82.150" endTime="82.390"/>
      <word confidence="1.000" wordID="gered" beginTime="82.390" endTime="82.790"/>
      <word confidence="0.890" wordID="de" beginTime="82.790" endTime="82.910"/>
      <word confidence="0.733" wordID="SIL" beginTime="82.910" endTime="82.920"/>
      <word confidence="0.964" wordID="onmogelijke" beginTime="82.920" endTime="83.430"/>
      <word confidence="0.937" wordID="in" beginTime="83.430" endTime="83.610"/>
      <word confidence="0.975" wordID="de" beginTime="83.610" endTime="83.700"/>
      <word confidence="0.741" wordID="SIL" beginTime="83.700" endTime="83.710"/>
      <word confidence="0.996" wordID="wereld" beginTime="83.710" endTime="84.000"/>
    </wordsequence>
  </speech>
  <speech label="SPK03-025" begintime="84.02" endtime="88.35" >
    <wordsequence>
      <word confidence="0.750" wordID="SIL" beginTime="84.020" endTime="84.030"/>
      <word confidence="0.762" wordID="je" beginTime="84.030" endTime="84.260"/>
      <word confidence="0.756" wordID="SIL" beginTime="84.260" endTime="84.310"/>
      <word confidence="0.856" wordID="moet" beginTime="84.310" endTime="84.500"/>
      <word confidence="0.684" wordID="SIL" beginTime="84.500" endTime="84.510"/>
      <word confidence="0.919" wordID="worden" beginTime="84.510" endTime="85.300"/>
      <word confidence="0.750" wordID="SIL" beginTime="85.300" endTime="85.710"/>
      <word confidence="0.837" wordID="gaat" beginTime="85.710" endTime="86.100"/>
      <word confidence="0.750" wordID="SIL" beginTime="86.100" endTime="86.890"/>
      <word confidence="0.774" wordID="het" beginTime="86.890" endTime="87.470"/>
      <word confidence="0.750" wordID="SIL" beginTime="87.470" endTime="88.030"/>
      <word confidence="0.865" wordID="onder" beginTime="88.030" endTime="88.350"/>
    </wordsequence>
  </speech>

  </segments>
</shout_metadata>
