<?xml version="1.0" encoding="UTF-8"?>
<!--
  ##################################################################################################
  ###                      This transcription is automatically generated by                      ###
  ###                              X-MI, Cross-Media interaction                                 ###
  ###                                    http://x-mi.nl                                          ###
  ##################################################################################################
-->
<shout_metadata>
  <model_info>
    <version>Standaard systeem 28-02-2012</version>
    <description>Academia</description>
  </model_info>
  <segments>
  <speech label="SPK02-001" begintime="0.00" endtime="4.96" >
    <wordsequence>
      <word confidence="0.814" wordID="dsi" beginTime="0.000" endTime="0.110"/>
      <word confidence="0.895" wordID="SIL" beginTime="0.110" endTime="0.130"/>
      <word confidence="0.814" wordID="ja" beginTime="0.130" endTime="1.300"/>
      <word confidence="0.728" wordID="SIL" beginTime="1.300" endTime="1.310"/>
      <word confidence="0.798" wordID="ja" beginTime="1.310" endTime="4.480"/>
      <word confidence="0.747" wordID="SIL" beginTime="4.480" endTime="4.500"/>
      <word confidence="0.737" wordID="ja" beginTime="4.500" endTime="4.950"/>
      <word confidence="0.675" wordID="SIL" beginTime="4.950" endTime="4.960"/>
    </wordsequence>
  </speech>
  <speech label="SPK08-002" begintime="4.98" endtime="8.77" >
    <wordsequence>
      <word confidence="0.745" wordID="ja" beginTime="4.980" endTime="8.640"/>
      <word confidence="0.709" wordID="SIL" beginTime="8.640" endTime="8.770"/>
    </wordsequence>
  </speech>
  <speech label="SPK02-003" begintime="8.79" endtime="12.07" >
    <wordsequence>
      <word confidence="0.749" wordID="ja" beginTime="8.790" endTime="12.020"/>
      <word confidence="0.684" wordID="SIL" beginTime="12.020" endTime="12.070"/>
    </wordsequence>
  </speech>
  <speech label="SPK04-004" begintime="12.09" endtime="14.59" >
    <wordsequence>
      <word confidence="0.746" wordID="ja" beginTime="12.090" endTime="12.910"/>
      <word confidence="0.755" wordID="SIL" beginTime="12.910" endTime="13.010"/>
      <word confidence="0.750" wordID="ik" beginTime="13.010" endTime="14.440"/>
      <word confidence="0.732" wordID="SIL" beginTime="14.440" endTime="14.590"/>
    </wordsequence>
  </speech>
  <speech label="SPK02-005" begintime="14.61" endtime="17.04" >
    <wordsequence>
      <word confidence="0.733" wordID="ja" beginTime="14.610" endTime="16.680"/>
      <word confidence="0.787" wordID="SIL" beginTime="16.680" endTime="16.690"/>
      <word confidence="0.750" wordID="ik" beginTime="16.690" endTime="16.900"/>
      <word confidence="0.705" wordID="SIL" beginTime="16.900" endTime="17.040"/>
    </wordsequence>
  </speech>
  <speech label="SPK02-006" begintime="17.06" endtime="20.16" >
    <wordsequence>
      <word confidence="0.750" wordID="SIL" beginTime="17.060" endTime="17.190"/>
      <word confidence="0.745" wordID="ja" beginTime="17.190" endTime="20.130"/>
      <word confidence="0.771" wordID="SIL" beginTime="20.130" endTime="20.160"/>
    </wordsequence>
  </speech>
  <speech label="SPK08-007" begintime="20.18" endtime="23.58" >
    <wordsequence>
      <word confidence="0.713" wordID="SIL" beginTime="20.180" endTime="20.390"/>
      <word confidence="0.753" wordID="ja" beginTime="20.390" endTime="23.580"/>
    </wordsequence>
  </speech>
  <speech label="SPK02-008" begintime="23.60" endtime="26.90" >
    <wordsequence>
      <word confidence="0.746" wordID="ja" beginTime="23.600" endTime="26.880"/>
      <word confidence="0.714" wordID="SIL" beginTime="26.880" endTime="26.900"/>
    </wordsequence>
  </speech>
  <speech label="SPK03-009" begintime="26.92" endtime="29.41" >
    <wordsequence>
      <word confidence="0.752" wordID="ja" beginTime="26.920" endTime="28.980"/>
      <word confidence="0.753" wordID="SIL" beginTime="28.980" endTime="28.990"/>
      <word confidence="0.778" wordID="er" beginTime="28.990" endTime="29.410"/>
    </wordsequence>
  </speech>
  <speech label="SPK04-010" begintime="29.43" endtime="32.32" >
    <wordsequence>
      <word confidence="0.747" wordID="ja" beginTime="29.430" endTime="32.210"/>
      <word confidence="0.719" wordID="SIL" beginTime="32.210" endTime="32.320"/>
    </wordsequence>
  </speech>
  <speech label="SPK08-011" begintime="32.34" endtime="33.38" >
    <wordsequence>
      <word confidence="0.712" wordID="SIL" beginTime="32.340" endTime="32.520"/>
      <word confidence="0.752" wordID="ik" beginTime="32.520" endTime="33.380"/>
    </wordsequence>
  </speech>
  <speech label="SPK02-012" begintime="33.40" endtime="35.66" >
    <wordsequence>
      <word confidence="0.743" wordID="ja" beginTime="33.400" endTime="35.610"/>
      <word confidence="0.686" wordID="SIL" beginTime="35.610" endTime="35.660"/>
    </wordsequence>
  </speech>
  <speech label="SPK08-013" begintime="35.68" endtime="38.10" >
    <wordsequence>
      <word confidence="0.746" wordID="ja" beginTime="35.680" endTime="37.260"/>
      <word confidence="0.764" wordID="SIL" beginTime="37.260" endTime="37.420"/>
      <word confidence="0.731" wordID="ja" beginTime="37.420" endTime="38.100"/>
    </wordsequence>
  </speech>
  <speech label="SPK02-014" begintime="38.12" endtime="40.92" >
    <wordsequence>
      <word confidence="0.748" wordID="ja" beginTime="38.120" endTime="40.860"/>
      <word confidence="0.725" wordID="SIL" beginTime="40.860" endTime="40.920"/>
    </wordsequence>
  </speech>
  <speech label="SPK08-015" begintime="40.94" endtime="43.08" >
    <wordsequence>
      <word confidence="0.751" wordID="ik" beginTime="40.940" endTime="43.070"/>
      <word confidence="0.720" wordID="SIL" beginTime="43.070" endTime="43.080"/>
    </wordsequence>
  </speech>
  <speech label="SPK13-016" begintime="43.10" endtime="45.66" >
    <wordsequence>
      <word confidence="0.750" wordID="ik" beginTime="43.100" endTime="45.650"/>
      <word confidence="0.725" wordID="SIL" beginTime="45.650" endTime="45.660"/>
    </wordsequence>
  </speech>
  <speech label="SPK02-017" begintime="45.68" endtime="47.11" >
    <wordsequence>
      <word confidence="0.697" wordID="SIL" beginTime="45.680" endTime="45.720"/>
      <word confidence="0.745" wordID="ja" beginTime="45.720" endTime="47.110"/>
    </wordsequence>
  </speech>
  <speech label="SPK08-018" begintime="47.13" endtime="48.11" >
    <wordsequence>
      <word confidence="0.750" wordID="SIL" beginTime="47.130" endTime="47.140"/>
      <word confidence="0.747" wordID="ja" beginTime="47.140" endTime="48.110"/>
    </wordsequence>
  </speech>
  <speech label="SPK02-019" begintime="48.13" endtime="49.68" >
    <wordsequence>
      <word confidence="0.747" wordID="ja" beginTime="48.130" endTime="49.080"/>
      <word confidence="0.730" wordID="SIL" beginTime="49.080" endTime="49.150"/>
      <word confidence="0.757" wordID="ja" beginTime="49.150" endTime="49.680"/>
    </wordsequence>
  </speech>

  </segments>
</shout_metadata>
