<?xml version="1.0" encoding="UTF-8"?>
<!--
  ##################################################################################################
  ###                      This transcription is automatically generated by                      ###
  ###                              X-MI, Cross-Media interaction                                 ###
  ###                                    http://x-mi.nl                                          ###
  ##################################################################################################
-->
<shout_metadata>
  <model_info>
    <version>Standaard systeem 28-02-2012</version>
    <description>Academia</description>
  </model_info>
  <segments>
  <speech label="SPK02-001" begintime="0.00" endtime="3.65" >
    <wordsequence>
      <word confidence="0.750" wordID="SIL" beginTime="0.000" endTime="1.470"/>
      <word confidence="0.816" wordID="of" beginTime="1.470" endTime="1.750"/>
      <word confidence="0.749" wordID="SIL" beginTime="1.750" endTime="1.940"/>
      <word confidence="0.867" wordID="ik" beginTime="1.940" endTime="2.190"/>
      <word confidence="0.929" wordID="er" beginTime="2.190" endTime="2.310"/>
      <word confidence="0.860" wordID="in" beginTime="2.310" endTime="2.610"/>
      <word confidence="0.747" wordID="SIL" beginTime="2.610" endTime="2.660"/>
      <word confidence="1.000" wordID="de" beginTime="2.660" endTime="2.750"/>
      <word confidence="0.864" wordID="afstand" beginTime="2.750" endTime="3.190"/>
      <word confidence="0.914" wordID="om" beginTime="3.190" endTime="3.400"/>
      <word confidence="0.749" wordID="SIL" beginTime="3.400" endTime="3.560"/>
      <word confidence="0.880" wordID="het" beginTime="3.560" endTime="3.650"/>
    </wordsequence>
  </speech>
  <speech label="SPK05-002" begintime="3.67" endtime="6.27" >
    <wordsequence>
      <word confidence="0.824" wordID="in" beginTime="3.670" endTime="3.900"/>
      <word confidence="1.000" wordID="het" beginTime="3.900" endTime="4.000"/>
      <word confidence="1.000" wordID="SIL" beginTime="4.000" endTime="4.060"/>
      <word confidence="0.861" wordID="kader" beginTime="4.060" endTime="4.450"/>
      <word confidence="1.000" wordID="van" beginTime="4.450" endTime="4.570"/>
      <word confidence="1.000" wordID="de" beginTime="4.570" endTime="4.650"/>
      <word confidence="0.937" wordID="winter" beginTime="4.650" endTime="4.960"/>
      <word confidence="1.000" wordID="nog" beginTime="4.960" endTime="5.110"/>
      <word confidence="0.748" wordID="SIL" beginTime="5.110" endTime="5.210"/>
      <word confidence="1.000" wordID="walgien" beginTime="5.210" endTime="5.620"/>
      <word confidence="0.894" wordID="ontmoetingen" beginTime="5.620" endTime="6.270"/>
    </wordsequence>
  </speech>
  <speech label="SPK06-003" begintime="6.29" endtime="8.65" >
    <wordsequence>
      <word confidence="0.750" wordID="SIL" beginTime="6.290" endTime="6.480"/>
      <word confidence="0.836" wordID="ook" beginTime="6.480" endTime="6.650"/>
      <word confidence="0.749" wordID="SIL" beginTime="6.650" endTime="6.720"/>
      <word confidence="0.839" wordID="het" beginTime="6.720" endTime="6.970"/>
      <word confidence="1.000" wordID="enige" beginTime="6.970" endTime="7.260"/>
      <word confidence="0.942" wordID="woorden" beginTime="7.260" endTime="7.680"/>
      <word confidence="0.750" wordID="SIL" beginTime="7.680" endTime="8.650"/>
    </wordsequence>
  </speech>
  <speech label="SPK06-004" begintime="9.05" endtime="10.21" >
    <wordsequence>
      <word confidence="0.750" wordID="SIL" beginTime="9.050" endTime="9.490"/>
      <word confidence="0.814" wordID="dan" beginTime="9.490" endTime="9.800"/>
      <word confidence="0.748" wordID="SIL" beginTime="9.800" endTime="9.910"/>
      <word confidence="1.000" wordID="wordt" beginTime="9.910" endTime="10.060"/>
      <word confidence="0.737" wordID="SIL" beginTime="10.060" endTime="10.070"/>
      <word confidence="0.895" wordID="de" beginTime="10.070" endTime="10.210"/>
    </wordsequence>
  </speech>
  <speech label="SPK10-005" begintime="10.23" endtime="12.72" >
    <wordsequence>
      <word confidence="0.750" wordID="SIL" beginTime="10.230" endTime="10.500"/>
      <word confidence="0.909" wordID="tussen" beginTime="10.500" endTime="10.730"/>
      <word confidence="0.737" wordID="SIL" beginTime="10.730" endTime="10.740"/>
      <word confidence="1.000" wordID="de" beginTime="10.740" endTime="10.820"/>
      <word confidence="0.874" wordID="buiten" beginTime="10.820" endTime="11.100"/>
      <word confidence="0.748" wordID="SIL" beginTime="11.100" endTime="11.210"/>
      <word confidence="0.872" wordID="de" beginTime="11.210" endTime="11.350"/>
      <word confidence="0.747" wordID="SIL" beginTime="11.350" endTime="11.410"/>
      <word confidence="0.902" wordID="kerk" beginTime="11.410" endTime="11.610"/>
      <word confidence="0.749" wordID="SIL" beginTime="11.610" endTime="11.900"/>
      <word confidence="0.950" wordID="en" beginTime="11.900" endTime="12.020"/>
      <word confidence="0.925" wordID="de" beginTime="12.020" endTime="12.100"/>
      <word confidence="0.895" wordID="honderd" beginTime="12.100" endTime="12.720"/>
    </wordsequence>
  </speech>
  <speech label="SPK05-006" begintime="12.74" endtime="15.80" >
    <wordsequence>
      <word confidence="0.676" wordID="SIL" beginTime="12.740" endTime="12.790"/>
      <word confidence="0.868" wordID="liepen" beginTime="12.790" endTime="13.200"/>
      <word confidence="0.739" wordID="SIL" beginTime="13.200" endTime="13.210"/>
      <word confidence="0.973" wordID="de" beginTime="13.210" endTime="13.300"/>
      <word confidence="0.861" wordID="beginnen" beginTime="13.300" endTime="13.640"/>
      <word confidence="0.750" wordID="SIL" beginTime="13.640" endTime="14.150"/>
      <word confidence="0.846" wordID="en" beginTime="14.150" endTime="14.410"/>
      <word confidence="0.955" wordID="dat" beginTime="14.410" endTime="14.570"/>
      <word confidence="0.859" wordID="dat" beginTime="14.570" endTime="14.760"/>
      <word confidence="0.742" wordID="SIL" beginTime="14.760" endTime="14.780"/>
      <word confidence="0.910" wordID="helemaal" beginTime="14.780" endTime="15.150"/>
      <word confidence="0.739" wordID="SIL" beginTime="15.150" endTime="15.160"/>
      <word confidence="0.890" wordID="houdt" beginTime="15.160" endTime="15.550"/>
      <word confidence="0.743" wordID="SIL" beginTime="15.550" endTime="15.560"/>
      <word confidence="0.969" wordID="even" beginTime="15.560" endTime="15.800"/>
    </wordsequence>
  </speech>
  <speech label="SPK13-007" begintime="15.82" endtime="18.35" >
    <wordsequence>
      <word confidence="0.712" wordID="SIL" beginTime="15.820" endTime="15.850"/>
      <word confidence="0.778" wordID="ik" beginTime="15.850" endTime="16.760"/>
      <word confidence="0.799" wordID="SIL" beginTime="16.760" endTime="17.000"/>
      <word confidence="0.782" wordID="had" beginTime="17.000" endTime="17.250"/>
      <word confidence="0.750" wordID="SIL" beginTime="17.250" endTime="17.470"/>
      <word confidence="0.784" wordID="er" beginTime="17.470" endTime="17.930"/>
      <word confidence="0.747" wordID="SIL" beginTime="17.930" endTime="17.970"/>
      <word confidence="0.788" wordID="een" beginTime="17.970" endTime="18.280"/>
      <word confidence="0.749" wordID="SIL" beginTime="18.280" endTime="18.350"/>
    </wordsequence>
  </speech>
  <speech label="SPK15-008" begintime="18.37" endtime="20.95" >
    <wordsequence>
      <word confidence="0.741" wordID="SIL" beginTime="18.370" endTime="18.950"/>
      <word confidence="0.775" wordID="er" beginTime="18.950" endTime="19.660"/>
      <word confidence="0.754" wordID="SIL" beginTime="19.660" endTime="19.910"/>
      <word confidence="0.795" wordID="worden" beginTime="19.910" endTime="20.270"/>
      <word confidence="0.743" wordID="SIL" beginTime="20.270" endTime="20.460"/>
      <word confidence="0.740" wordID="er" beginTime="20.460" endTime="20.920"/>
      <word confidence="0.855" wordID="SIL" beginTime="20.920" endTime="20.950"/>
    </wordsequence>
  </speech>
  <speech label="SPK07-009" begintime="20.97" endtime="23.45" >
    <wordsequence>
      <word confidence="0.741" wordID="ja" beginTime="20.970" endTime="21.810"/>
      <word confidence="0.711" wordID="SIL" beginTime="21.810" endTime="21.820"/>
      <word confidence="0.787" wordID="er" beginTime="21.820" endTime="22.330"/>
      <word confidence="0.721" wordID="SIL" beginTime="22.330" endTime="22.540"/>
      <word confidence="0.764" wordID="wordt" beginTime="22.540" endTime="23.130"/>
      <word confidence="0.734" wordID="SIL" beginTime="23.130" endTime="23.160"/>
      <word confidence="0.823" wordID="hard" beginTime="23.160" endTime="23.400"/>
      <word confidence="0.750" wordID="SIL" beginTime="23.400" endTime="23.450"/>
    </wordsequence>
  </speech>
  <speech label="SPK14-010" begintime="23.47" endtime="26.86" >
    <wordsequence>
      <word confidence="0.735" wordID="SIL" beginTime="23.470" endTime="23.670"/>
      <word confidence="0.758" wordID="ja" beginTime="23.670" endTime="26.860"/>
    </wordsequence>
  </speech>
  <speech label="SPK07-011" begintime="26.88" endtime="29.39" >
    <wordsequence>
      <word confidence="0.761" wordID="ja" beginTime="26.880" endTime="29.390"/>
    </wordsequence>
  </speech>
  <speech label="SPK01-012" begintime="29.41" endtime="31.91" >
    <wordsequence>
      <word confidence="0.691" wordID="SIL" beginTime="29.410" endTime="29.450"/>
      <word confidence="0.760" wordID="ja" beginTime="29.450" endTime="30.160"/>
      <word confidence="0.790" wordID="SIL" beginTime="30.160" endTime="30.240"/>
      <word confidence="0.770" wordID="ja" beginTime="30.240" endTime="30.910"/>
      <word confidence="0.756" wordID="SIL" beginTime="30.910" endTime="31.020"/>
      <word confidence="0.798" wordID="nee" beginTime="31.020" endTime="31.870"/>
      <word confidence="0.722" wordID="SIL" beginTime="31.870" endTime="31.910"/>
    </wordsequence>
  </speech>
  <speech label="SPK15-013" begintime="31.93" endtime="36.05" >
    <wordsequence>
      <word confidence="0.774" wordID="ja" beginTime="31.930" endTime="32.440"/>
      <word confidence="0.745" wordID="SIL" beginTime="32.440" endTime="32.460"/>
      <word confidence="0.747" wordID="ja" beginTime="32.460" endTime="33.230"/>
      <word confidence="0.846" wordID="SIL" beginTime="33.230" endTime="33.480"/>
      <word confidence="0.764" wordID="ja" beginTime="33.480" endTime="33.840"/>
      <word confidence="0.641" wordID="SIL" beginTime="33.840" endTime="33.850"/>
      <word confidence="0.763" wordID="ja" beginTime="33.850" endTime="35.490"/>
      <word confidence="0.763" wordID="SIL" beginTime="35.490" endTime="35.520"/>
      <word confidence="0.860" wordID="nou" beginTime="35.520" endTime="35.890"/>
      <word confidence="0.695" wordID="SIL" beginTime="35.890" endTime="36.050"/>
    </wordsequence>
  </speech>
  <speech label="SPK16-014" begintime="36.07" endtime="39.31" >
    <wordsequence>
      <word confidence="0.723" wordID="SIL" beginTime="36.070" endTime="36.570"/>
      <word confidence="0.764" wordID="we" beginTime="36.570" endTime="36.810"/>
      <word confidence="0.753" wordID="SIL" beginTime="36.810" endTime="36.920"/>
      <word confidence="0.790" wordID="gaan" beginTime="36.920" endTime="37.070"/>
      <word confidence="0.738" wordID="er" beginTime="37.070" endTime="37.490"/>
      <word confidence="0.822" wordID="SIL" beginTime="37.490" endTime="38.510"/>
      <word confidence="0.870" wordID="ook" beginTime="38.510" endTime="38.710"/>
      <word confidence="0.852" wordID="wat" beginTime="38.710" endTime="38.840"/>
      <word confidence="0.838" wordID="er" beginTime="38.840" endTime="39.060"/>
      <word confidence="0.931" wordID="in" beginTime="39.060" endTime="39.210"/>
      <word confidence="0.898" wordID="de" beginTime="39.210" endTime="39.310"/>
    </wordsequence>
  </speech>

  </segments>
</shout_metadata>
