<?xml version="1.0" encoding="UTF-8"?>
<!--
  ##################################################################################################
  ###                      This transcription is automatically generated by                      ###
  ###                              X-MI, Cross-Media interaction                                 ###
  ###                                    http://x-mi.nl                                          ###
  ##################################################################################################
-->
<shout_metadata>
  <model_info>
    <version>Standaard systeem 28-02-2012</version>
    <description>Academia</description>
  </model_info>
  <segments>
  <speech label="SPK01-001" begintime="1.70" endtime="6.18" >
    <wordsequence>
      <word confidence="0.750" wordID="SIL" beginTime="1.700" endTime="2.200"/>
      <word confidence="0.961" wordID="wel" beginTime="2.200" endTime="2.400"/>
      <word confidence="1.000" wordID="van" beginTime="2.400" endTime="2.570"/>
      <word confidence="1.000" wordID="moderne" beginTime="2.570" endTime="2.980"/>
      <word confidence="1.000" wordID="wolkenkrabbers" beginTime="2.980" endTime="3.650"/>
      <word confidence="0.735" wordID="SIL" beginTime="3.650" endTime="3.660"/>
      <word confidence="1.000" wordID="beheerste" beginTime="3.660" endTime="4.040"/>
      <word confidence="1.000" wordID="met" beginTime="4.040" endTime="4.250"/>
      <word confidence="0.739" wordID="SIL" beginTime="4.250" endTime="4.260"/>
      <word confidence="1.000" wordID="dat" beginTime="4.260" endTime="4.490"/>
      <word confidence="0.734" wordID="SIL" beginTime="4.490" endTime="4.500"/>
      <word confidence="1.000" wordID="beeld" beginTime="4.500" endTime="4.720"/>
      <word confidence="1.000" wordID="in" beginTime="4.720" endTime="4.790"/>
      <word confidence="1.000" wordID="het" beginTime="4.790" endTime="4.920"/>
      <word confidence="1.000" wordID="centrum" beginTime="4.920" endTime="5.260"/>
      <word confidence="1.000" wordID="van" beginTime="5.260" endTime="5.390"/>
      <word confidence="0.981" wordID="jakarta" beginTime="5.390" endTime="6.030"/>
      <word confidence="0.748" wordID="SIL" beginTime="6.030" endTime="6.180"/>
    </wordsequence>
  </speech>
  <speech label="SPK01-002" begintime="6.21" endtime="10.56" >
    <wordsequence>
      <word confidence="0.750" wordID="SIL" beginTime="6.210" endTime="6.390"/>
      <word confidence="1.000" wordID="hoofdstad" beginTime="6.390" endTime="6.940"/>
      <word confidence="1.000" wordID="van" beginTime="6.940" endTime="7.070"/>
      <word confidence="1.000" wordID="de" beginTime="7.070" endTime="7.140"/>
      <word confidence="1.000" wordID="republiek" beginTime="7.140" endTime="7.500"/>
      <word confidence="1.000" wordID="indonesië" beginTime="7.500" endTime="8.130"/>
      <word confidence="0.748" wordID="SIL" beginTime="8.130" endTime="8.320"/>
      <word confidence="1.000" wordID="die" beginTime="8.320" endTime="8.410"/>
      <word confidence="1.000" wordID="vijfentwintig" beginTime="8.410" endTime="8.990"/>
      <word confidence="0.975" wordID="jaar" beginTime="8.990" endTime="9.120"/>
      <word confidence="1.000" wordID="geleden" beginTime="9.120" endTime="9.490"/>
      <word confidence="1.000" wordID="onafhankelijk" beginTime="9.490" endTime="10.040"/>
      <word confidence="1.000" wordID="werd" beginTime="10.040" endTime="10.250"/>
      <word confidence="0.749" wordID="SIL" beginTime="10.250" endTime="10.560"/>
    </wordsequence>
  </speech>
  <speech label="SPK01-003" begintime="10.59" endtime="13.94" >
    <wordsequence>
      <word confidence="0.750" wordID="SIL" beginTime="10.590" endTime="11.010"/>
      <word confidence="1.000" wordID="de" beginTime="11.010" endTime="11.100"/>
      <word confidence="0.982" wordID="hele" beginTime="11.100" endTime="11.390"/>
      <word confidence="1.000" wordID="dag" beginTime="11.390" endTime="11.600"/>
      <word confidence="1.000" wordID="door" beginTime="11.600" endTime="11.920"/>
      <word confidence="0.737" wordID="SIL" beginTime="11.920" endTime="11.930"/>
      <word confidence="1.000" wordID="naast" beginTime="11.930" endTime="12.270"/>
      <word confidence="1.000" wordID="het" beginTime="12.270" endTime="12.400"/>
      <word confidence="1.000" wordID="verkeer" beginTime="12.400" endTime="12.890"/>
      <word confidence="1.000" wordID="over" beginTime="12.890" endTime="13.090"/>
      <word confidence="0.994" wordID="de" beginTime="13.090" endTime="13.160"/>
      <word confidence="1.000" wordID="grote" beginTime="13.160" endTime="13.540"/>
      <word confidence="1.000" wordID="auto" beginTime="13.540" endTime="13.790"/>
      <word confidence="1.000" wordID="weer" beginTime="13.790" endTime="13.940"/>
    </wordsequence>
  </speech>
  <speech label="SPK03-004" begintime="13.96" endtime="16.50" >
    <wordsequence>
      <word confidence="0.804" wordID="ik" beginTime="13.960" endTime="14.290"/>
      <word confidence="0.746" wordID="SIL" beginTime="14.290" endTime="14.300"/>
      <word confidence="0.821" wordID="toch" beginTime="14.300" endTime="14.510"/>
      <word confidence="0.750" wordID="SIL" beginTime="14.510" endTime="15.230"/>
      <word confidence="0.805" wordID="een" beginTime="15.230" endTime="15.570"/>
      <word confidence="0.749" wordID="SIL" beginTime="15.570" endTime="15.810"/>
      <word confidence="0.804" wordID="verhaal" beginTime="15.810" endTime="16.470"/>
      <word confidence="0.748" wordID="SIL" beginTime="16.470" endTime="16.500"/>
    </wordsequence>
  </speech>
  <speech label="SPK01-005" begintime="16.52" endtime="21.00" >
    <wordsequence>
      <word confidence="0.713" wordID="SIL" beginTime="16.520" endTime="16.550"/>
      <word confidence="0.819" wordID="de" beginTime="16.550" endTime="16.620"/>
      <word confidence="0.954" wordID="oude" beginTime="16.620" endTime="16.890"/>
      <word confidence="0.745" wordID="SIL" beginTime="16.890" endTime="16.900"/>
      <word confidence="1.000" wordID="binnenstad" beginTime="16.900" endTime="17.490"/>
      <word confidence="1.000" wordID="kan" beginTime="17.490" endTime="17.690"/>
      <word confidence="1.000" wordID="ondanks" beginTime="17.690" endTime="18.070"/>
      <word confidence="1.000" wordID="verbreding" beginTime="18.070" endTime="18.670"/>
      <word confidence="1.000" wordID="van" beginTime="18.670" endTime="18.820"/>
      <word confidence="1.000" wordID="vrede" beginTime="18.820" endTime="19.080"/>
      <word confidence="1.000" wordID="straten" beginTime="19.080" endTime="19.550"/>
      <word confidence="1.000" wordID="die" beginTime="19.550" endTime="19.660"/>
      <word confidence="1.000" wordID="verkeersstroom" beginTime="19.660" endTime="20.310"/>
      <word confidence="1.000" wordID="niet" beginTime="20.310" endTime="20.460"/>
      <word confidence="1.000" wordID="meer" beginTime="20.460" endTime="20.630"/>
      <word confidence="1.000" wordID="aan" beginTime="20.630" endTime="20.830"/>
      <word confidence="0.748" wordID="SIL" beginTime="20.830" endTime="21.000"/>
    </wordsequence>
  </speech>
  <speech label="SPK01-006" begintime="21.03" endtime="22.80" >
    <wordsequence>
      <word confidence="0.750" wordID="SIL" beginTime="21.030" endTime="21.290"/>
      <word confidence="1.000" wordID="de" beginTime="21.290" endTime="21.380"/>
      <word confidence="0.980" wordID="bij" beginTime="21.380" endTime="21.530"/>
      <word confidence="0.933" wordID="het" beginTime="21.530" endTime="21.670"/>
      <word confidence="1.000" wordID="ja" beginTime="21.670" endTime="21.850"/>
      <word confidence="1.000" wordID="ze" beginTime="21.850" endTime="21.970"/>
      <word confidence="0.746" wordID="SIL" beginTime="21.970" endTime="22.030"/>
      <word confidence="1.000" wordID="zijn" beginTime="22.030" endTime="22.210"/>
      <word confidence="1.000" wordID="er" beginTime="22.210" endTime="22.300"/>
      <word confidence="1.000" wordID="al" beginTime="22.300" endTime="22.370"/>
      <word confidence="1.000" wordID="uit" beginTime="22.370" endTime="22.520"/>
      <word confidence="1.000" wordID="van" beginTime="22.520" endTime="22.650"/>
      <word confidence="0.744" wordID="SIL" beginTime="22.650" endTime="22.690"/>
      <word confidence="0.851" wordID="de" beginTime="22.690" endTime="22.800"/>
    </wordsequence>
  </speech>
  <speech label="SPK03-007" begintime="22.82" endtime="23.83" >
    <wordsequence>
      <word confidence="0.760" wordID="maar" beginTime="22.820" endTime="23.830"/>
    </wordsequence>
  </speech>
  <speech label="SPK01-008" begintime="23.85" endtime="25.86" >
    <wordsequence>
      <word confidence="0.876" wordID="in" beginTime="23.850" endTime="23.960"/>
      <word confidence="1.000" wordID="fietstaxi&apos;s" beginTime="23.960" endTime="24.600"/>
      <word confidence="1.000" wordID="worden" beginTime="24.600" endTime="24.800"/>
      <word confidence="1.000" wordID="nog" beginTime="24.800" endTime="24.930"/>
      <word confidence="1.000" wordID="altijd" beginTime="24.930" endTime="25.180"/>
      <word confidence="1.000" wordID="veel" beginTime="25.180" endTime="25.370"/>
      <word confidence="0.923" wordID="gebruikt" beginTime="25.370" endTime="25.830"/>
      <word confidence="1.000" wordID="SIL" beginTime="25.830" endTime="25.860"/>
    </wordsequence>
  </speech>
  <speech label="SPK01-009" begintime="25.88" endtime="30.08" >
    <wordsequence>
      <word confidence="0.750" wordID="SIL" beginTime="25.880" endTime="26.000"/>
      <word confidence="1.000" wordID="in" beginTime="26.000" endTime="26.130"/>
      <word confidence="1.000" wordID="deze" beginTime="26.130" endTime="26.330"/>
      <word confidence="1.000" wordID="intens" beginTime="26.330" endTime="26.890"/>
      <word confidence="0.743" wordID="SIL" beginTime="26.890" endTime="26.900"/>
      <word confidence="1.000" wordID="leven" beginTime="26.900" endTime="27.190"/>
      <word confidence="1.000" wordID="de" beginTime="27.190" endTime="27.260"/>
      <word confidence="1.000" wordID="metropool" beginTime="27.260" endTime="27.830"/>
      <word confidence="1.000" wordID="met" beginTime="27.830" endTime="27.970"/>
      <word confidence="1.000" wordID="zo&apos;n" beginTime="27.970" endTime="28.150"/>
      <word confidence="1.000" wordID="vier" beginTime="28.150" endTime="28.480"/>
      <word confidence="0.952" wordID="en" beginTime="28.480" endTime="28.590"/>
      <word confidence="1.000" wordID="een" beginTime="28.590" endTime="28.670"/>
      <word confidence="1.000" wordID="half" beginTime="28.670" endTime="28.950"/>
      <word confidence="0.853" wordID="SIL" beginTime="28.950" endTime="28.960"/>
      <word confidence="0.962" wordID="miljoen" beginTime="28.960" endTime="29.330"/>
      <word confidence="1.000" wordID="inwoners" beginTime="29.330" endTime="29.840"/>
      <word confidence="1.000" wordID="SIL" beginTime="29.840" endTime="30.080"/>
    </wordsequence>
  </speech>
  <speech label="SPK01-010" begintime="30.10" endtime="32.64" >
    <wordsequence>
      <word confidence="0.750" wordID="SIL" beginTime="30.100" endTime="30.360"/>
      <word confidence="1.000" wordID="die" beginTime="30.360" endTime="30.480"/>
      <word confidence="0.932" wordID="hun" beginTime="30.480" endTime="30.600"/>
      <word confidence="1.000" wordID="dagelijkse" beginTime="30.600" endTime="31.060"/>
      <word confidence="1.000" wordID="inkopen" beginTime="31.060" endTime="31.590"/>
      <word confidence="1.000" wordID="voornamelijk" beginTime="31.590" endTime="32.120"/>
      <word confidence="1.000" wordID="doen" beginTime="32.120" endTime="32.350"/>
      <word confidence="0.749" wordID="SIL" beginTime="32.350" endTime="32.540"/>
      <word confidence="0.972" wordID="al" beginTime="32.540" endTime="32.640"/>
    </wordsequence>
  </speech>
  <speech label="SPK15-011" begintime="32.66" endtime="35.84" >
    <wordsequence>
      <word confidence="0.866" wordID="de" beginTime="32.660" endTime="32.790"/>
      <word confidence="1.000" wordID="klassers" beginTime="32.790" endTime="33.330"/>
      <word confidence="0.766" wordID="SIL" beginTime="33.330" endTime="34.140"/>
      <word confidence="0.895" wordID="er" beginTime="34.140" endTime="34.530"/>
      <word confidence="0.750" wordID="SIL" beginTime="34.530" endTime="35.440"/>
      <word confidence="0.890" wordID="er" beginTime="35.440" endTime="35.840"/>
    </wordsequence>
  </speech>
  <speech label="SPK07-012" begintime="35.86" endtime="38.08" >
    <wordsequence>
      <word confidence="0.768" wordID="en" beginTime="35.860" endTime="36.360"/>
      <word confidence="0.704" wordID="SIL" beginTime="36.360" endTime="36.380"/>
      <word confidence="0.804" wordID="hoe" beginTime="36.380" endTime="36.720"/>
      <word confidence="0.853" wordID="SIL" beginTime="36.720" endTime="36.750"/>
      <word confidence="0.828" wordID="kunnen" beginTime="36.750" endTime="37.160"/>
      <word confidence="0.736" wordID="SIL" beginTime="37.160" endTime="37.180"/>
      <word confidence="0.800" wordID="we" beginTime="37.180" endTime="37.650"/>
      <word confidence="0.749" wordID="SIL" beginTime="37.650" endTime="37.660"/>
      <word confidence="0.871" wordID="doen" beginTime="37.660" endTime="37.980"/>
      <word confidence="0.859" wordID="het" beginTime="37.980" endTime="38.080"/>
    </wordsequence>
  </speech>
  <speech label="SPK08-013" begintime="38.10" endtime="40.53" >
    <wordsequence>
      <word confidence="0.750" wordID="SIL" beginTime="38.100" endTime="38.120"/>
      <word confidence="0.807" wordID="door" beginTime="38.120" endTime="38.470"/>
      <word confidence="0.788" wordID="SIL" beginTime="38.470" endTime="38.480"/>
      <word confidence="0.905" wordID="een" beginTime="38.480" endTime="38.640"/>
      <word confidence="0.877" wordID="uh" beginTime="38.640" endTime="38.770"/>
      <word confidence="0.756" wordID="SIL" beginTime="38.770" endTime="38.880"/>
      <word confidence="0.784" wordID="ja" beginTime="38.880" endTime="39.710"/>
      <word confidence="0.750" wordID="SIL" beginTime="39.710" endTime="39.980"/>
      <word confidence="0.775" wordID="ik" beginTime="39.980" endTime="40.420"/>
      <word confidence="0.749" wordID="SIL" beginTime="40.420" endTime="40.530"/>
    </wordsequence>
  </speech>
  <speech label="SPK01-014" begintime="40.55" endtime="44.08" >
    <wordsequence>
      <word confidence="0.750" wordID="SIL" beginTime="40.550" endTime="40.560"/>
      <word confidence="0.837" wordID="wordt" beginTime="40.560" endTime="40.790"/>
      <word confidence="0.954" wordID="net" beginTime="40.790" endTime="40.940"/>
      <word confidence="1.000" wordID="als" beginTime="40.940" endTime="41.070"/>
      <word confidence="1.000" wordID="amsterdam" beginTime="41.070" endTime="41.570"/>
      <word confidence="1.000" wordID="doorsneden" beginTime="41.570" endTime="42.200"/>
      <word confidence="0.995" wordID="door" beginTime="42.200" endTime="42.350"/>
      <word confidence="1.000" wordID="tal" beginTime="42.350" endTime="42.600"/>
      <word confidence="1.000" wordID="van" beginTime="42.600" endTime="42.750"/>
      <word confidence="1.000" wordID="kanalen" beginTime="42.750" endTime="43.250"/>
      <word confidence="0.890" wordID="en" beginTime="43.250" endTime="43.340"/>
      <word confidence="1.000" wordID="riviertjes" beginTime="43.340" endTime="44.030"/>
      <word confidence="1.000" wordID="SIL" beginTime="44.030" endTime="44.080"/>
    </wordsequence>
  </speech>
  <speech label="SPK01-015" begintime="44.11" endtime="46.73" >
    <wordsequence>
      <word confidence="0.750" wordID="SIL" beginTime="44.110" endTime="44.430"/>
      <word confidence="1.000" wordID="die" beginTime="44.430" endTime="44.520"/>
      <word confidence="1.000" wordID="vooral" beginTime="44.520" endTime="44.860"/>
      <word confidence="1.000" wordID="dienen" beginTime="44.860" endTime="45.140"/>
      <word confidence="1.000" wordID="om" beginTime="45.140" endTime="45.260"/>
      <word confidence="1.000" wordID="het" beginTime="45.260" endTime="45.350"/>
      <word confidence="1.000" wordID="regenwater" beginTime="45.350" endTime="45.990"/>
      <word confidence="1.000" wordID="af" beginTime="45.990" endTime="46.120"/>
      <word confidence="1.000" wordID="te" beginTime="46.120" endTime="46.220"/>
      <word confidence="1.000" wordID="voeren" beginTime="46.220" endTime="46.560"/>
      <word confidence="0.749" wordID="SIL" beginTime="46.560" endTime="46.730"/>
    </wordsequence>
  </speech>
  <speech label="SPK01-016" begintime="46.75" endtime="49.14" >
    <wordsequence>
      <word confidence="0.750" wordID="SIL" beginTime="46.750" endTime="46.930"/>
      <word confidence="1.000" wordID="maar" beginTime="46.930" endTime="47.210"/>
      <word confidence="1.000" wordID="die" beginTime="47.210" endTime="47.370"/>
      <word confidence="1.000" wordID="net" beginTime="47.370" endTime="47.570"/>
      <word confidence="1.000" wordID="als" beginTime="47.570" endTime="47.700"/>
      <word confidence="1.000" wordID="bij" beginTime="47.700" endTime="47.810"/>
      <word confidence="1.000" wordID="ons" beginTime="47.810" endTime="48.110"/>
      <word confidence="0.749" wordID="SIL" beginTime="48.110" endTime="48.190"/>
      <word confidence="0.974" wordID="vaak" beginTime="48.190" endTime="48.430"/>
      <word confidence="1.000" wordID="gebruikt" beginTime="48.430" endTime="48.770"/>
      <word confidence="1.000" wordID="worden" beginTime="48.770" endTime="49.060"/>
      <word confidence="0.747" wordID="SIL" beginTime="49.060" endTime="49.140"/>
    </wordsequence>
  </speech>
  <speech label="SPK01-017" begintime="49.16" endtime="52.07" >
    <wordsequence>
      <word confidence="0.750" wordID="SIL" beginTime="49.160" endTime="49.290"/>
      <word confidence="1.000" wordID="voor" beginTime="49.290" endTime="49.440"/>
      <word confidence="1.000" wordID="het" beginTime="49.440" endTime="49.510"/>
      <word confidence="1.000" wordID="storten" beginTime="49.510" endTime="49.890"/>
      <word confidence="1.000" wordID="van" beginTime="49.890" endTime="50.040"/>
      <word confidence="1.000" wordID="enorme" beginTime="50.040" endTime="50.440"/>
      <word confidence="1.000" wordID="hoeveelheden" beginTime="50.440" endTime="51.050"/>
      <word confidence="0.868" wordID="huisvrouw" beginTime="51.050" endTime="52.050"/>
      <word confidence="0.742" wordID="SIL" beginTime="52.050" endTime="52.070"/>
    </wordsequence>
  </speech>
  <speech label="SPK11-018" begintime="52.18" endtime="55.68" >
    <wordsequence>
      <word confidence="0.750" wordID="SIL" beginTime="52.180" endTime="52.680"/>
      <word confidence="0.808" wordID="ja" beginTime="52.680" endTime="53.490"/>
      <word confidence="0.750" wordID="SIL" beginTime="53.490" endTime="54.500"/>
      <word confidence="0.836" wordID="dit" beginTime="54.500" endTime="54.650"/>
      <word confidence="0.874" wordID="is" beginTime="54.650" endTime="54.760"/>
      <word confidence="0.740" wordID="SIL" beginTime="54.760" endTime="54.770"/>
      <word confidence="0.933" wordID="voor" beginTime="54.770" endTime="54.930"/>
      <word confidence="0.846" wordID="ondernemer" beginTime="54.930" endTime="55.550"/>
      <word confidence="0.971" wordID="roel" beginTime="55.550" endTime="55.680"/>
    </wordsequence>
  </speech>
  <speech label="SPK01-019" begintime="55.70" endtime="59.17" >
    <wordsequence>
      <word confidence="1.000" wordID="gewenste" beginTime="55.700" endTime="56.070"/>
      <word confidence="1.000" wordID="situatie" beginTime="56.070" endTime="56.650"/>
      <word confidence="0.840" wordID="SIL" beginTime="56.650" endTime="57.000"/>
      <word confidence="1.000" wordID="omdat" beginTime="57.000" endTime="57.290"/>
      <word confidence="1.000" wordID="die" beginTime="57.290" endTime="57.400"/>
      <word confidence="1.000" wordID="riviertjes" beginTime="57.400" endTime="58.170"/>
      <word confidence="0.749" wordID="SIL" beginTime="58.170" endTime="58.380"/>
      <word confidence="1.000" wordID="becali" beginTime="58.380" endTime="58.860"/>
      <word confidence="1.000" wordID="is" beginTime="58.860" endTime="59.060"/>
      <word confidence="0.746" wordID="SIL" beginTime="59.060" endTime="59.170"/>
    </wordsequence>
  </speech>
  <speech label="SPK01-020" begintime="59.19" endtime="63.04" >
    <wordsequence>
      <word confidence="0.750" wordID="SIL" beginTime="59.190" endTime="59.340"/>
      <word confidence="1.000" wordID="door" beginTime="59.340" endTime="59.480"/>
      <word confidence="1.000" wordID="een" beginTime="59.480" endTime="59.550"/>
      <word confidence="1.000" wordID="deel" beginTime="59.550" endTime="59.770"/>
      <word confidence="1.000" wordID="van" beginTime="59.770" endTime="59.870"/>
      <word confidence="1.000" wordID="de" beginTime="59.870" endTime="59.930"/>
      <word confidence="1.000" wordID="bevolking" beginTime="59.930" endTime="60.330"/>
      <word confidence="1.000" wordID="gebruikt" beginTime="60.330" endTime="60.720"/>
      <word confidence="1.000" wordID="worden" beginTime="60.720" endTime="60.980"/>
      <word confidence="0.924" wordID="SIL" beginTime="60.980" endTime="61.230"/>
      <word confidence="1.000" wordID="als" beginTime="61.230" endTime="61.380"/>
      <word confidence="1.000" wordID="wasplaats" beginTime="61.380" endTime="62.040"/>
      <word confidence="0.748" wordID="SIL" beginTime="62.040" endTime="62.220"/>
      <word confidence="0.980" wordID="en" beginTime="62.220" endTime="62.480"/>
      <word confidence="0.746" wordID="SIL" beginTime="62.480" endTime="62.520"/>
      <word confidence="1.000" wordID="als" beginTime="62.520" endTime="62.770"/>
      <word confidence="0.744" wordID="SIL" beginTime="62.770" endTime="62.800"/>
      <word confidence="0.975" wordID="worden" beginTime="62.800" endTime="63.040"/>
    </wordsequence>
  </speech>
  <speech label="SPK13-021" begintime="63.06" endtime="67.08" >
    <wordsequence>
      <word confidence="0.738" wordID="ik" beginTime="63.060" endTime="63.300"/>
      <word confidence="0.825" wordID="SIL" beginTime="63.300" endTime="63.570"/>
      <word confidence="0.864" wordID="moet" beginTime="63.570" endTime="64.010"/>
      <word confidence="0.745" wordID="SIL" beginTime="64.010" endTime="64.030"/>
      <word confidence="0.856" wordID="nog" beginTime="64.030" endTime="64.270"/>
      <word confidence="0.745" wordID="SIL" beginTime="64.270" endTime="64.300"/>
      <word confidence="0.834" wordID="een" beginTime="64.300" endTime="64.520"/>
      <word confidence="0.742" wordID="SIL" beginTime="64.520" endTime="64.540"/>
      <word confidence="0.828" wordID="rol" beginTime="64.540" endTime="65.400"/>
      <word confidence="0.737" wordID="SIL" beginTime="65.400" endTime="65.410"/>
      <word confidence="0.854" wordID="in" beginTime="65.410" endTime="65.660"/>
      <word confidence="0.750" wordID="SIL" beginTime="65.660" endTime="65.930"/>
      <word confidence="0.861" wordID="de" beginTime="65.930" endTime="66.040"/>
      <word confidence="0.742" wordID="SIL" beginTime="66.040" endTime="66.050"/>
      <word confidence="0.771" wordID="weg" beginTime="66.050" endTime="67.080"/>
    </wordsequence>
  </speech>
  <speech label="SPK01-022" begintime="67.10" endtime="71.13" >
    <wordsequence>
      <word confidence="0.756" wordID="de" beginTime="67.100" endTime="67.170"/>
      <word confidence="0.880" wordID="sanering" beginTime="67.170" endTime="67.670"/>
      <word confidence="1.000" wordID="van" beginTime="67.670" endTime="67.780"/>
      <word confidence="1.000" wordID="de" beginTime="67.780" endTime="67.850"/>
      <word confidence="1.000" wordID="waterhuishouding" beginTime="67.850" endTime="68.630"/>
      <word confidence="1.000" wordID="van" beginTime="68.630" endTime="68.760"/>
      <word confidence="1.000" wordID="jakarta" beginTime="68.760" endTime="69.290"/>
      <word confidence="1.000" wordID="heeft" beginTime="69.290" endTime="69.460"/>
      <word confidence="1.000" wordID="dan" beginTime="69.460" endTime="69.600"/>
      <word confidence="1.000" wordID="ook" beginTime="69.600" endTime="69.750"/>
      <word confidence="1.000" wordID="over" beginTime="69.750" endTime="69.950"/>
      <word confidence="1.000" wordID="prioriteit" beginTime="69.950" endTime="70.520"/>
      <word confidence="0.986" wordID="gekregen" beginTime="70.520" endTime="70.920"/>
      <word confidence="1.000" wordID="SIL" beginTime="70.920" endTime="71.130"/>
    </wordsequence>
  </speech>
  <speech label="SPK01-023" begintime="71.16" endtime="75.82" >
    <wordsequence>
      <word confidence="0.750" wordID="SIL" beginTime="71.160" endTime="71.470"/>
      <word confidence="1.000" wordID="zo" beginTime="71.470" endTime="71.660"/>
      <word confidence="1.000" wordID="worden" beginTime="71.660" endTime="71.950"/>
      <word confidence="0.748" wordID="SIL" beginTime="71.950" endTime="71.990"/>
      <word confidence="1.000" wordID="onder" beginTime="71.990" endTime="72.210"/>
      <word confidence="1.000" wordID="andere" beginTime="72.210" endTime="72.450"/>
      <word confidence="1.000" wordID="kom" beginTime="72.450" endTime="72.690"/>
      <word confidence="1.000" wordID="stationsgebouw" beginTime="72.690" endTime="73.430"/>
      <word confidence="0.749" wordID="SIL" beginTime="73.430" endTime="73.750"/>
      <word confidence="1.000" wordID="waarbij" beginTime="73.750" endTime="73.990"/>
      <word confidence="1.000" wordID="nederlandse" beginTime="73.990" endTime="74.450"/>
      <word confidence="1.000" wordID="ingenieurs" beginTime="74.450" endTime="74.900"/>
      <word confidence="1.000" wordID="adviseren" beginTime="74.900" endTime="75.490"/>
      <word confidence="0.749" wordID="SIL" beginTime="75.490" endTime="75.820"/>
    </wordsequence>
  </speech>
  <speech label="SPK01-024" begintime="75.84" endtime="80.29" >
    <wordsequence>
      <word confidence="0.750" wordID="SIL" beginTime="75.840" endTime="76.280"/>
      <word confidence="1.000" wordID="het" beginTime="76.280" endTime="76.410"/>
      <word confidence="1.000" wordID="is" beginTime="76.410" endTime="76.510"/>
      <word confidence="0.976" wordID="een" beginTime="76.510" endTime="76.600"/>
      <word confidence="1.000" wordID="onderdeel" beginTime="76.600" endTime="76.990"/>
      <word confidence="1.000" wordID="van" beginTime="76.990" endTime="77.100"/>
      <word confidence="0.995" wordID="het" beginTime="77.100" endTime="77.180"/>
      <word confidence="1.000" wordID="programma" beginTime="77.180" endTime="77.570"/>
      <word confidence="1.000" wordID="van" beginTime="77.570" endTime="77.720"/>
      <word confidence="1.000" wordID="technische" beginTime="77.720" endTime="78.170"/>
      <word confidence="1.000" wordID="hulpverlening" beginTime="78.170" endTime="78.760"/>
      <word confidence="1.000" wordID="waaraan" beginTime="78.760" endTime="79.010"/>
      <word confidence="1.000" wordID="ook" beginTime="79.010" endTime="79.110"/>
      <word confidence="0.732" wordID="SIL" beginTime="79.110" endTime="79.120"/>
      <word confidence="1.000" wordID="nederland" beginTime="79.120" endTime="79.520"/>
      <word confidence="0.966" wordID="in" beginTime="79.520" endTime="79.680"/>
      <word confidence="0.730" wordID="SIL" beginTime="79.680" endTime="79.690"/>
      <word confidence="0.858" wordID="de" beginTime="79.690" endTime="79.810"/>
      <word confidence="0.749" wordID="SIL" beginTime="79.810" endTime="80.290"/>
    </wordsequence>
  </speech>
  <speech label="SPK01-025" begintime="80.38" endtime="83.82" >
    <wordsequence>
      <word confidence="0.750" wordID="SIL" beginTime="80.380" endTime="81.060"/>
      <word confidence="1.000" wordID="het" beginTime="81.060" endTime="81.170"/>
      <word confidence="1.000" wordID="omvat" beginTime="81.170" endTime="81.490"/>
      <word confidence="0.727" wordID="SIL" beginTime="81.490" endTime="81.500"/>
      <word confidence="1.000" wordID="tevens" beginTime="81.500" endTime="81.880"/>
      <word confidence="1.000" wordID="het" beginTime="81.880" endTime="82.020"/>
      <word confidence="0.740" wordID="SIL" beginTime="82.020" endTime="82.030"/>
      <word confidence="0.965" wordID="uitbaggeren" beginTime="82.030" endTime="82.790"/>
      <word confidence="1.000" wordID="van" beginTime="82.790" endTime="82.950"/>
      <word confidence="1.000" wordID="de" beginTime="82.950" endTime="83.030"/>
      <word confidence="1.000" wordID="kanalen" beginTime="83.030" endTime="83.520"/>
      <word confidence="0.749" wordID="SIL" beginTime="83.520" endTime="83.820"/>
    </wordsequence>
  </speech>
  <speech label="SPK01-026" begintime="83.85" endtime="88.96" >
    <wordsequence>
      <word confidence="0.750" wordID="SIL" beginTime="83.850" endTime="84.170"/>
      <word confidence="1.000" wordID="wat" beginTime="84.170" endTime="84.310"/>
      <word confidence="1.000" wordID="mede" beginTime="84.310" endTime="84.560"/>
      <word confidence="1.000" wordID="bedoeld" beginTime="84.560" endTime="84.910"/>
      <word confidence="1.000" wordID="is" beginTime="84.910" endTime="85.120"/>
      <word confidence="0.749" wordID="SIL" beginTime="85.120" endTime="85.400"/>
      <word confidence="1.000" wordID="om" beginTime="85.400" endTime="85.530"/>
      <word confidence="1.000" wordID="de" beginTime="85.530" endTime="85.590"/>
      <word confidence="1.000" wordID="overstromingen" beginTime="85.590" endTime="86.430"/>
      <word confidence="0.748" wordID="SIL" beginTime="86.430" endTime="86.560"/>
      <word confidence="1.000" wordID="die" beginTime="86.560" endTime="86.650"/>
      <word confidence="1.000" wordID="deze" beginTime="86.650" endTime="86.950"/>
      <word confidence="0.922" wordID="lijn" beginTime="86.950" endTime="87.130"/>
      <word confidence="0.740" wordID="SIL" beginTime="87.130" endTime="87.140"/>
      <word confidence="1.000" wordID="regenval" beginTime="87.140" endTime="87.850"/>
      <word confidence="1.000" wordID="telkens" beginTime="87.850" endTime="88.350"/>
      <word confidence="1.000" wordID="optreden" beginTime="88.350" endTime="88.890"/>
      <word confidence="0.747" wordID="SIL" beginTime="88.890" endTime="88.960"/>
    </wordsequence>
  </speech>
  <speech label="SPK01-027" begintime="88.99" endtime="91.07" >
    <wordsequence>
      <word confidence="0.750" wordID="SIL" beginTime="88.990" endTime="89.130"/>
      <word confidence="1.000" wordID="in" beginTime="89.130" endTime="89.230"/>
      <word confidence="1.000" wordID="de" beginTime="89.230" endTime="89.320"/>
      <word confidence="1.000" wordID="toekomst" beginTime="89.320" endTime="89.780"/>
      <word confidence="0.747" wordID="SIL" beginTime="89.780" endTime="89.870"/>
      <word confidence="1.000" wordID="zoveel" beginTime="89.870" endTime="90.230"/>
      <word confidence="1.000" wordID="mogelijk" beginTime="90.230" endTime="90.560"/>
      <word confidence="1.000" wordID="te" beginTime="90.560" endTime="90.650"/>
      <word confidence="1.000" wordID="voorkomen" beginTime="90.650" endTime="91.070"/>
    </wordsequence>
  </speech>
  <speech label="SPK03-028" begintime="91.09" endtime="94.64" >
    <wordsequence>
      <word confidence="0.750" wordID="SIL" beginTime="91.090" endTime="91.760"/>
      <word confidence="0.774" wordID="ja" beginTime="91.760" endTime="93.150"/>
      <word confidence="0.742" wordID="SIL" beginTime="93.150" endTime="93.160"/>
      <word confidence="0.831" wordID="we" beginTime="93.160" endTime="93.470"/>
      <word confidence="0.749" wordID="SIL" beginTime="93.470" endTime="93.670"/>
      <word confidence="0.799" wordID="hebben" beginTime="93.670" endTime="93.920"/>
      <word confidence="0.749" wordID="SIL" beginTime="93.920" endTime="94.030"/>
      <word confidence="0.789" wordID="er" beginTime="94.030" endTime="94.390"/>
      <word confidence="0.721" wordID="SIL" beginTime="94.390" endTime="94.400"/>
      <word confidence="0.886" wordID="nog" beginTime="94.400" endTime="94.640"/>
    </wordsequence>
  </speech>
  <speech label="SPK01-029" begintime="94.66" endtime="99.56" >
    <wordsequence>
      <word confidence="0.824" wordID="in" beginTime="94.660" endTime="94.740"/>
      <word confidence="0.803" wordID="het" beginTime="94.740" endTime="94.840"/>
      <word confidence="0.946" wordID="oude" beginTime="94.840" endTime="95.080"/>
      <word confidence="1.000" wordID="stadsdeel" beginTime="95.080" endTime="95.560"/>
      <word confidence="1.000" wordID="van" beginTime="95.560" endTime="95.680"/>
      <word confidence="1.000" wordID="jakarta" beginTime="95.680" endTime="96.270"/>
      <word confidence="0.863" wordID="SIL" beginTime="96.270" endTime="96.500"/>
      <word confidence="1.000" wordID="worden" beginTime="96.500" endTime="96.670"/>
      <word confidence="1.000" wordID="nog" beginTime="96.670" endTime="96.840"/>
      <word confidence="0.740" wordID="SIL" beginTime="96.840" endTime="96.850"/>
      <word confidence="1.000" wordID="andere" beginTime="96.850" endTime="97.170"/>
      <word confidence="1.000" wordID="restauratiewerkzaamheden" beginTime="97.170" endTime="98.270"/>
      <word confidence="1.000" wordID="verricht" beginTime="98.270" endTime="98.690"/>
      <word confidence="0.750" wordID="SIL" beginTime="98.690" endTime="99.450"/>
      <word confidence="0.922" wordID="is" beginTime="99.450" endTime="99.560"/>
    </wordsequence>
  </speech>
  <speech label="SPK04-030" begintime="99.58" endtime="101.97" >
    <wordsequence>
      <word confidence="0.898" wordID="moeders" beginTime="99.580" endTime="99.900"/>
      <word confidence="0.915" wordID="onder" beginTime="99.900" endTime="100.140"/>
      <word confidence="0.738" wordID="SIL" beginTime="100.140" endTime="100.150"/>
      <word confidence="0.921" wordID="ons" beginTime="100.150" endTime="100.340"/>
      <word confidence="0.630" wordID="SIL" beginTime="100.340" endTime="100.350"/>
      <word confidence="0.969" wordID="is" beginTime="100.350" endTime="100.540"/>
      <word confidence="0.979" wordID="japan" beginTime="100.540" endTime="100.820"/>
      <word confidence="0.884" wordID="nu" beginTime="100.820" endTime="101.060"/>
      <word confidence="0.634" wordID="SIL" beginTime="101.060" endTime="101.070"/>
      <word confidence="0.827" wordID="als" beginTime="101.070" endTime="101.280"/>
      <word confidence="0.806" wordID="SIL" beginTime="101.280" endTime="101.320"/>
      <word confidence="1.000" wordID="de" beginTime="101.320" endTime="101.520"/>
      <word confidence="0.750" wordID="SIL" beginTime="101.520" endTime="101.970"/>
    </wordsequence>
  </speech>
  <speech label="SPK01-031" begintime="101.99" endtime="106.95" >
    <wordsequence>
      <word confidence="1.000" wordID="deze" beginTime="101.990" endTime="102.290"/>
      <word confidence="0.980" wordID="in" beginTime="102.290" endTime="102.440"/>
      <word confidence="1.000" wordID="de" beginTime="102.440" endTime="102.510"/>
      <word confidence="1.000" wordID="achttiende" beginTime="102.510" endTime="102.980"/>
      <word confidence="1.000" wordID="eeuw" beginTime="102.980" endTime="103.240"/>
      <word confidence="1.000" wordID="door" beginTime="103.240" endTime="103.400"/>
      <word confidence="1.000" wordID="de" beginTime="103.400" endTime="103.460"/>
      <word confidence="1.000" wordID="nederlanders" beginTime="103.460" endTime="103.970"/>
      <word confidence="1.000" wordID="gebouwde" beginTime="103.970" endTime="104.350"/>
      <word confidence="1.000" wordID="ophaalbrug" beginTime="104.350" endTime="104.940"/>
      <word confidence="0.945" wordID="SIL" beginTime="104.940" endTime="104.960"/>
      <word confidence="1.000" wordID="over" beginTime="104.960" endTime="105.200"/>
      <word confidence="1.000" wordID="de" beginTime="105.200" endTime="105.330"/>
      <word confidence="0.892" wordID="SIL" beginTime="105.330" endTime="105.340"/>
      <word confidence="1.000" wordID="citibank" beginTime="105.340" endTime="105.900"/>
      <word confidence="1.000" wordID="SIL" beginTime="105.900" endTime="106.160"/>
      <word confidence="1.000" wordID="veel" beginTime="106.160" endTime="106.350"/>
      <word confidence="1.000" wordID="eerherstel" beginTime="106.350" endTime="106.950"/>
    </wordsequence>
  </speech>
  <speech label="SPK13-032" begintime="106.97" endtime="110.60" >
    <wordsequence>
      <word confidence="0.750" wordID="SIL" beginTime="106.970" endTime="108.420"/>
      <word confidence="0.747" wordID="de" beginTime="108.420" endTime="108.540"/>
      <word confidence="0.749" wordID="SIL" beginTime="108.540" endTime="108.670"/>
      <word confidence="0.835" wordID="overheid" beginTime="108.670" endTime="109.120"/>
      <word confidence="0.750" wordID="SIL" beginTime="109.120" endTime="109.380"/>
      <word confidence="0.768" wordID="is" beginTime="109.380" endTime="110.200"/>
      <word confidence="0.750" wordID="SIL" beginTime="110.200" endTime="110.600"/>
    </wordsequence>
  </speech>
  <speech label="SPK07-033" begintime="110.62" endtime="113.02" >
    <wordsequence>
      <word confidence="0.707" wordID="SIL" beginTime="110.620" endTime="110.840"/>
      <word confidence="0.774" wordID="nee" beginTime="110.840" endTime="111.190"/>
      <word confidence="0.801" wordID="SIL" beginTime="111.190" endTime="111.790"/>
      <word confidence="0.779" wordID="nee" beginTime="111.790" endTime="111.920"/>
      <word confidence="0.761" wordID="SIL" beginTime="111.920" endTime="111.980"/>
      <word confidence="0.779" wordID="nee" beginTime="111.980" endTime="112.450"/>
      <word confidence="0.749" wordID="SIL" beginTime="112.450" endTime="112.560"/>
      <word confidence="0.775" wordID="nee" beginTime="112.560" endTime="113.020"/>
    </wordsequence>
  </speech>
  <speech label="SPK07-034" begintime="113.04" endtime="115.79" >
    <wordsequence>
      <word confidence="0.758" wordID="nee" beginTime="113.040" endTime="113.420"/>
      <word confidence="0.791" wordID="SIL" beginTime="113.420" endTime="113.440"/>
      <word confidence="0.808" wordID="nee" beginTime="113.440" endTime="114.200"/>
      <word confidence="0.782" wordID="SIL" beginTime="114.200" endTime="114.510"/>
      <word confidence="0.766" wordID="nee" beginTime="114.510" endTime="114.950"/>
      <word confidence="0.750" wordID="SIL" beginTime="114.950" endTime="115.320"/>
      <word confidence="0.793" wordID="nee" beginTime="115.320" endTime="115.670"/>
      <word confidence="0.776" wordID="SIL" beginTime="115.670" endTime="115.790"/>
    </wordsequence>
  </speech>
  <speech label="SPK01-035" begintime="115.81" endtime="121.12" >
    <wordsequence>
      <word confidence="0.787" wordID="om" beginTime="115.810" endTime="115.990"/>
      <word confidence="0.855" wordID="SIL" beginTime="115.990" endTime="116.000"/>
      <word confidence="1.000" wordID="verschillende" beginTime="116.000" endTime="116.430"/>
      <word confidence="1.000" wordID="pakhuis" beginTime="116.430" endTime="116.860"/>
      <word confidence="1.000" wordID="complexen" beginTime="116.860" endTime="117.410"/>
      <word confidence="1.000" wordID="die" beginTime="117.410" endTime="117.510"/>
      <word confidence="1.000" wordID="nog" beginTime="117.510" endTime="117.660"/>
      <word confidence="0.832" wordID="SIL" beginTime="117.660" endTime="117.670"/>
      <word confidence="0.965" wordID="dateren" beginTime="117.670" endTime="118.100"/>
      <word confidence="1.000" wordID="uit" beginTime="118.100" endTime="118.200"/>
      <word confidence="1.000" wordID="de" beginTime="118.200" endTime="118.270"/>
      <word confidence="1.000" wordID="tijd" beginTime="118.270" endTime="118.470"/>
      <word confidence="1.000" wordID="van" beginTime="118.470" endTime="118.600"/>
      <word confidence="1.000" wordID="de" beginTime="118.600" endTime="118.670"/>
      <word confidence="1.000" wordID="verenigde" beginTime="118.670" endTime="119.100"/>
      <word confidence="1.000" wordID="oost-indische" beginTime="119.100" endTime="119.580"/>
      <word confidence="1.000" wordID="compagnie" beginTime="119.580" endTime="119.980"/>
      <word confidence="1.000" wordID="worden" beginTime="119.980" endTime="120.220"/>
      <word confidence="1.000" wordID="weer" beginTime="120.220" endTime="120.380"/>
      <word confidence="1.000" wordID="opgeknapt" beginTime="120.380" endTime="120.820"/>
      <word confidence="1.000" wordID="SIL" beginTime="120.820" endTime="121.120"/>
    </wordsequence>
  </speech>
  <speech label="SPK01-036" begintime="121.15" endtime="124.73" >
    <wordsequence>
      <word confidence="0.750" wordID="SIL" beginTime="121.150" endTime="121.530"/>
      <word confidence="1.000" wordID="rondom" beginTime="121.530" endTime="121.880"/>
      <word confidence="1.000" wordID="deze" beginTime="121.880" endTime="122.150"/>
      <word confidence="1.000" wordID="gebouwen" beginTime="122.150" endTime="122.580"/>
      <word confidence="1.000" wordID="die" beginTime="122.580" endTime="122.700"/>
      <word confidence="1.000" wordID="in" beginTime="122.700" endTime="122.830"/>
      <word confidence="1.000" wordID="zeventien" beginTime="122.830" endTime="123.380"/>
      <word confidence="0.740" wordID="SIL" beginTime="123.380" endTime="123.390"/>
      <word confidence="1.000" wordID="achttien" beginTime="123.390" endTime="123.820"/>
      <word confidence="1.000" wordID="werden" beginTime="123.820" endTime="124.050"/>
      <word confidence="1.000" wordID="opgetrokken" beginTime="124.050" endTime="124.680"/>
      <word confidence="0.739" wordID="SIL" beginTime="124.680" endTime="124.730"/>
    </wordsequence>
  </speech>
  <speech label="SPK01-037" begintime="124.75" endtime="127.48" >
    <wordsequence>
      <word confidence="0.750" wordID="SIL" beginTime="124.750" endTime="124.920"/>
      <word confidence="1.000" wordID="bevindt" beginTime="124.920" endTime="125.210"/>
      <word confidence="1.000" wordID="zich" beginTime="125.210" endTime="125.360"/>
      <word confidence="1.000" wordID="nu" beginTime="125.360" endTime="125.580"/>
      <word confidence="0.749" wordID="SIL" beginTime="125.580" endTime="125.690"/>
      <word confidence="1.000" wordID="de" beginTime="125.690" endTime="125.790"/>
      <word confidence="1.000" wordID="drukke" beginTime="125.790" endTime="126.060"/>
      <word confidence="1.000" wordID="pasta" beginTime="126.060" endTime="126.350"/>
      <word confidence="0.913" wordID="niet" beginTime="126.350" endTime="126.580"/>
      <word confidence="1.000" wordID="kan" beginTime="126.580" endTime="126.920"/>
      <word confidence="0.743" wordID="SIL" beginTime="126.920" endTime="127.040"/>
      <word confidence="1.000" wordID="de" beginTime="127.040" endTime="127.130"/>
      <word confidence="1.000" wordID="visma" beginTime="127.130" endTime="127.480"/>
    </wordsequence>
  </speech>
  <speech label="SPK07-038" begintime="127.50" endtime="129.40" >
    <wordsequence>
      <word confidence="0.709" wordID="SIL" beginTime="127.500" endTime="127.760"/>
      <word confidence="0.770" wordID="ook" beginTime="127.760" endTime="128.000"/>
      <word confidence="0.704" wordID="SIL" beginTime="128.000" endTime="128.010"/>
      <word confidence="0.770" wordID="al" beginTime="128.010" endTime="128.140"/>
      <word confidence="0.891" wordID="SIL" beginTime="128.140" endTime="128.190"/>
      <word confidence="0.772" wordID="jaren" beginTime="128.190" endTime="129.280"/>
      <word confidence="0.713" wordID="SIL" beginTime="129.280" endTime="129.300"/>
      <word confidence="0.781" wordID="een" beginTime="129.300" endTime="129.400"/>
    </wordsequence>
  </speech>
  <speech label="SPK01-039" begintime="129.42" endtime="131.99" >
    <wordsequence>
      <word confidence="0.998" wordID="bijzondere" beginTime="129.420" endTime="129.800"/>
      <word confidence="1.000" wordID="plaatsneemt" beginTime="129.800" endTime="130.300"/>
      <word confidence="1.000" wordID="in" beginTime="130.300" endTime="130.370"/>
      <word confidence="0.970" wordID="de" beginTime="130.370" endTime="130.440"/>
      <word confidence="1.000" wordID="stad" beginTime="130.440" endTime="130.650"/>
      <word confidence="1.000" wordID="het" beginTime="130.650" endTime="130.750"/>
      <word confidence="1.000" wordID="voormalig" beginTime="130.750" endTime="131.180"/>
      <word confidence="1.000" wordID="stadhuis" beginTime="131.180" endTime="131.690"/>
      <word confidence="1.000" wordID="in" beginTime="131.690" endTime="131.940"/>
      <word confidence="0.982" wordID="SIL" beginTime="131.940" endTime="131.990"/>
    </wordsequence>
  </speech>
  <speech label="SPK01-040" begintime="132.01" endtime="135.48" >
    <wordsequence>
      <word confidence="0.750" wordID="SIL" beginTime="132.010" endTime="132.190"/>
      <word confidence="1.000" wordID="dat" beginTime="132.190" endTime="132.360"/>
      <word confidence="1.000" wordID="er" beginTime="132.360" endTime="132.540"/>
      <word confidence="1.000" wordID="is" beginTime="132.540" endTime="132.720"/>
      <word confidence="0.986" wordID="op" beginTime="132.720" endTime="132.810"/>
      <word confidence="1.000" wordID="de" beginTime="132.810" endTime="132.880"/>
      <word confidence="0.978" wordID="plek" beginTime="132.880" endTime="133.120"/>
      <word confidence="0.746" wordID="SIL" beginTime="133.120" endTime="133.150"/>
      <word confidence="1.000" wordID="waar" beginTime="133.150" endTime="133.290"/>
      <word confidence="1.000" wordID="jan" beginTime="133.290" endTime="133.440"/>
      <word confidence="1.000" wordID="pieterszoon" beginTime="133.440" endTime="133.850"/>
      <word confidence="1.000" wordID="koen" beginTime="133.850" endTime="134.060"/>
      <word confidence="0.995" wordID="en" beginTime="134.060" endTime="134.140"/>
      <word confidence="1.000" wordID="zestienhonderd" beginTime="134.140" endTime="134.680"/>
      <word confidence="0.736" wordID="SIL" beginTime="134.680" endTime="134.690"/>
      <word confidence="1.000" wordID="twintig" beginTime="134.690" endTime="135.060"/>
      <word confidence="0.748" wordID="SIL" beginTime="135.060" endTime="135.130"/>
      <word confidence="1.000" wordID="eerste" beginTime="135.130" endTime="135.480"/>
    </wordsequence>
  </speech>
  <speech label="SPK15-041" begintime="135.50" endtime="137.86" >
    <wordsequence>
      <word confidence="0.685" wordID="SIL" beginTime="135.500" endTime="135.550"/>
      <word confidence="0.985" wordID="houten" beginTime="135.550" endTime="135.820"/>
      <word confidence="1.000" wordID="stadhuis" beginTime="135.820" endTime="136.270"/>
      <word confidence="0.946" wordID="boden" beginTime="136.270" endTime="136.630"/>
      <word confidence="0.750" wordID="SIL" beginTime="136.630" endTime="137.680"/>
      <word confidence="0.910" wordID="niet" beginTime="137.680" endTime="137.860"/>
    </wordsequence>
  </speech>
  <speech label="SPK01-042" begintime="137.88" endtime="141.08" >
    <wordsequence>
      <word confidence="0.915" wordID="is" beginTime="137.880" endTime="137.970"/>
      <word confidence="1.000" wordID="het" beginTime="137.970" endTime="138.080"/>
      <word confidence="1.000" wordID="geheel" beginTime="138.080" endTime="138.370"/>
      <word confidence="1.000" wordID="in" beginTime="138.370" endTime="138.480"/>
      <word confidence="1.000" wordID="achttiende-eeuwse" beginTime="138.480" endTime="139.110"/>
      <word confidence="1.000" wordID="stijl" beginTime="139.110" endTime="139.370"/>
      <word confidence="1.000" wordID="hersteld" beginTime="139.370" endTime="139.790"/>
      <word confidence="1.000" wordID="en" beginTime="139.790" endTime="139.890"/>
      <word confidence="1.000" wordID="ingericht" beginTime="139.890" endTime="140.350"/>
      <word confidence="1.000" wordID="als" beginTime="140.350" endTime="140.470"/>
      <word confidence="1.000" wordID="museum" beginTime="140.470" endTime="140.940"/>
      <word confidence="0.970" wordID="SIL" beginTime="140.940" endTime="141.080"/>
    </wordsequence>
  </speech>
  <speech label="SPK13-043" begintime="141.11" endtime="144.36" >
    <wordsequence>
      <word confidence="0.763" wordID="dan" beginTime="141.110" endTime="142.550"/>
      <word confidence="0.642" wordID="SIL" beginTime="142.550" endTime="142.560"/>
      <word confidence="0.777" wordID="dan" beginTime="142.560" endTime="143.050"/>
      <word confidence="0.754" wordID="SIL" beginTime="143.050" endTime="143.060"/>
      <word confidence="0.780" wordID="dat" beginTime="143.060" endTime="143.260"/>
      <word confidence="0.808" wordID="er" beginTime="143.260" endTime="143.750"/>
      <word confidence="0.805" wordID="SIL" beginTime="143.750" endTime="143.820"/>
      <word confidence="0.824" wordID="een" beginTime="143.820" endTime="144.130"/>
      <word confidence="0.756" wordID="SIL" beginTime="144.130" endTime="144.360"/>
    </wordsequence>
  </speech>
  <speech label="SPK01-044" begintime="144.38" endtime="148.30" >
    <wordsequence>
      <word confidence="0.971" wordID="opvallend" beginTime="144.380" endTime="144.820"/>
      <word confidence="1.000" wordID="is" beginTime="144.820" endTime="144.970"/>
      <word confidence="1.000" wordID="dat" beginTime="144.970" endTime="145.140"/>
      <word confidence="1.000" wordID="ze" beginTime="145.140" endTime="145.230"/>
      <word confidence="0.707" wordID="SIL" beginTime="145.230" endTime="145.240"/>
      <word confidence="1.000" wordID="in" beginTime="145.240" endTime="145.350"/>
      <word confidence="1.000" wordID="het" beginTime="145.350" endTime="145.420"/>
      <word confidence="1.000" wordID="interieur" beginTime="145.420" endTime="146.070"/>
      <word confidence="0.727" wordID="SIL" beginTime="146.070" endTime="146.080"/>
      <word confidence="0.815" wordID="een" beginTime="146.080" endTime="146.200"/>
      <word confidence="0.841" wordID="SIL" beginTime="146.200" endTime="146.260"/>
      <word confidence="0.911" wordID="portret" beginTime="146.260" endTime="146.660"/>
      <word confidence="0.710" wordID="SIL" beginTime="146.660" endTime="146.690"/>
      <word confidence="1.000" wordID="bewind" beginTime="146.690" endTime="147.020"/>
      <word confidence="1.000" wordID="van" beginTime="147.020" endTime="147.160"/>
      <word confidence="1.000" wordID="jan" beginTime="147.160" endTime="147.330"/>
      <word confidence="0.715" wordID="SIL" beginTime="147.330" endTime="147.340"/>
      <word confidence="0.991" wordID="pieterszoon" beginTime="147.340" endTime="148.010"/>
      <word confidence="0.954" wordID="SIL" beginTime="148.010" endTime="148.300"/>
    </wordsequence>
  </speech>
  <speech label="SPK01-045" begintime="148.33" endtime="149.85" >
    <wordsequence>
      <word confidence="0.750" wordID="SIL" beginTime="148.330" endTime="148.480"/>
      <word confidence="0.931" wordID="in" beginTime="148.480" endTime="148.820"/>
      <word confidence="0.972" wordID="het" beginTime="148.820" endTime="148.940"/>
      <word confidence="0.875" wordID="SIL" beginTime="148.940" endTime="148.950"/>
      <word confidence="1.000" wordID="bataviaasch" beginTime="148.950" endTime="149.720"/>
      <word confidence="0.969" wordID="die" beginTime="149.720" endTime="149.850"/>
    </wordsequence>
  </speech>
  <speech label="SPK15-046" begintime="149.87" endtime="153.21" >
    <wordsequence>
      <word confidence="0.703" wordID="SIL" beginTime="149.870" endTime="149.980"/>
      <word confidence="0.925" wordID="de" beginTime="149.980" endTime="150.140"/>
      <word confidence="0.742" wordID="SIL" beginTime="150.140" endTime="150.150"/>
      <word confidence="0.998" wordID="op" beginTime="150.150" endTime="150.290"/>
      <word confidence="0.953" wordID="de" beginTime="150.290" endTime="150.360"/>
      <word confidence="0.882" wordID="kraan" beginTime="150.360" endTime="150.780"/>
      <word confidence="0.969" wordID="open" beginTime="150.780" endTime="151.040"/>
      <word confidence="1.000" wordID="van" beginTime="151.040" endTime="151.180"/>
      <word confidence="0.911" wordID="janka" beginTime="151.180" endTime="151.440"/>
      <word confidence="0.890" wordID="draagt" beginTime="151.440" endTime="151.770"/>
      <word confidence="0.750" wordID="SIL" beginTime="151.770" endTime="152.270"/>
      <word confidence="0.936" wordID="nu" beginTime="152.270" endTime="152.530"/>
      <word confidence="0.847" wordID="een" beginTime="152.530" endTime="152.620"/>
      <word confidence="0.877" wordID="jakarta&apos;s" beginTime="152.620" endTime="153.210"/>
    </wordsequence>
  </speech>
  <speech label="SPK01-047" begintime="153.23" endtime="156.23" >
    <wordsequence>
      <word confidence="0.752" wordID="uh" beginTime="153.230" endTime="153.280"/>
      <word confidence="1.000" wordID="weten" beginTime="153.280" endTime="153.600"/>
      <word confidence="0.812" wordID="SIL" beginTime="153.600" endTime="153.840"/>
      <word confidence="0.901" wordID="en" beginTime="153.840" endTime="154.060"/>
      <word confidence="1.000" wordID="een" beginTime="154.060" endTime="154.160"/>
      <word confidence="1.000" wordID="van" beginTime="154.160" endTime="154.270"/>
      <word confidence="1.000" wordID="de" beginTime="154.270" endTime="154.350"/>
      <word confidence="1.000" wordID="snelst" beginTime="154.350" endTime="154.810"/>
      <word confidence="0.738" wordID="SIL" beginTime="154.810" endTime="154.820"/>
      <word confidence="1.000" wordID="groeiende" beginTime="154.820" endTime="155.220"/>
      <word confidence="1.000" wordID="steden" beginTime="155.220" endTime="155.670"/>
      <word confidence="1.000" wordID="van" beginTime="155.670" endTime="155.800"/>
      <word confidence="1.000" wordID="de" beginTime="155.800" endTime="155.880"/>
      <word confidence="1.000" wordID="wereld" beginTime="155.880" endTime="156.230"/>
    </wordsequence>
  </speech>
  <speech label="SPK16-048" begintime="156.25" endtime="159.94" >
    <wordsequence>
      <word confidence="0.750" wordID="SIL" beginTime="156.250" endTime="156.380"/>
      <word confidence="0.765" wordID="een" beginTime="156.380" endTime="156.600"/>
      <word confidence="0.750" wordID="SIL" beginTime="156.600" endTime="157.600"/>
      <word confidence="0.865" wordID="eigen" beginTime="157.600" endTime="158.050"/>
      <word confidence="0.739" wordID="SIL" beginTime="158.050" endTime="158.060"/>
      <word confidence="0.840" wordID="rol" beginTime="158.060" endTime="158.720"/>
      <word confidence="0.748" wordID="SIL" beginTime="158.720" endTime="158.800"/>
      <word confidence="0.802" wordID="van" beginTime="158.800" endTime="159.920"/>
      <word confidence="0.744" wordID="SIL" beginTime="159.920" endTime="159.940"/>
    </wordsequence>
  </speech>

  </segments>
</shout_metadata>
